,Unnamed: 0,accident_id,accident_year,outcome,num_parties,party1_type,party2_type,accident_nature,road_situation,built_up_area,speed_limit_kmh,street_lighting,road_surface,road_condition,light_condition,weather_condition,street_name,municipality,shape,geometry,longitude,latitude,cluster,future_hotspot_spatial,outcome_encoded,future_hotspot_pred
166,9508,20220124105,2022,Uitsluitend materiele schade,2,fiets,personenauto,Flank,"Kruispunt, 4 takken",Binnen,30.0,Brandend,Overig asfalt,Droog,Daglicht,Droog,Ceintuurbaan,amsterdam,POINT (121889.26199999824 485321.49130000174),POINT (4.901192908937568 52.35479525138284),4.901192908937568,52.35479525138284,1,1,2,1
167,9700,20230058162,2023,Uitsluitend materiele schade,3,personenauto,fiets,Onbekend,Rechte weg,Binnen,50.0,Brandend,Overig asfalt,Droog,Duisternis,Droog,Albert Cuypstraat,amsterdam,POINT (120970.4459999986 485304.4849999994),POINT (4.887708401449662 52.3545862706803),4.887708401449662,52.3545862706803,1,1,2,1
168,9736,20230039712,2023,Uitsluitend materiele schade,2,personenauto,bromfiets,Frontaal,Rechte weg,Binnen,50.0,Brandend,Overig asfalt,Droog,Duisternis,Droog,Ruys de Beerenbrouckstr,amsterdam,POINT (115068.13699999824 488441.2989999987),POINT (4.800703979925869 52.38238013116111),4.800703979925869,52.38238013116111,1,1,2,1
169,9771,20230059223,2023,Letsel,2,bromfiets,fiets,Flank,"Kruispunt, 4 takken",Binnen,50.0,Brandend,Overig asfalt,Droog,Duisternis,Droog,Ookmeerweg,amsterdam,POINT (114555.96299999952 486412.78599999845),POINT (4.793425908042242 52.364112046775745),4.793425908042242,52.36411204677575,1,1,1,1
170,9793,20230059274,2023,Letsel,2,fiets,bromfiets,Frontaal,Rechte weg,Binnen,50.0,Brandend,ZOAB,Nat,Duisternis,Regen,Hoofddorpweg,amsterdam,POINT (118478.05700000003 484930.6770000011),POINT (4.851166439424367 52.351066730428),4.851166439424367,52.351066730428,1,1,1,1
171,9848,20230059791,2023,Letsel,2,bromfiets,fiets,Flank,"Kruispunt, 4 takken",Binnen,50.0,Niet brandend,Overig asfalt,Nat,Daglicht,Droog,0348 BRUG,amsterdam,POINT (118537.54309999943 484925.9448999986),POINT (4.8520400017156735 52.35102815235107),4.8520400017156735,52.35102815235107,1,1,1,1
172,9873,20230059407,2023,Uitsluitend materiele schade,2,personenauto,fiets,Flank,"Kruispunt, 4 takken",Binnen,50.0,Niet brandend,Beton,Droog,Daglicht,Droog,Kastrupstraat,amsterdam,POINT (117463.56940000132 489366.85539999977),POINT (4.835781905038983 52.39086730905018),4.835781905038983,52.39086730905018,1,1,2,1
173,9912,20230050490,2023,Letsel,5,unknown,fiets,Eenzijdig,Rechte weg,Binnen,30.0,Niet aanwezig,Klinkers,Droog,Daglicht,Droog,Fizeaustraat,amsterdam,POINT (123655.02899999917 484182.14400000125),POINT (4.927216775586677 52.34465909061215),4.927216775586677,52.34465909061215,1,1,1,1
174,10002,20220210895,2022,Uitsluitend materiele schade,2,personenauto,fiets,Flank,Rechte weg,Binnen,30.0,Niet brandend,ZOAB,Droog,Daglicht,Droog,Haarlemmer Houttuinen,amsterdam,POINT (121305.33300000057 488210.1970000006),POINT (4.8923325732140635 52.38072141391106),4.892332573214064,52.38072141391106,1,1,2,1
175,10032,20220210918,2022,Uitsluitend materiele schade,2,personenauto,fiets,Flank,Rechte weg,Binnen,50.0,Niet brandend,Overig asfalt,Droog,Daglicht,Droog,Van Leijenberghlaan,amsterdam,POINT (120381.66099999845 482708.0879999995),POINT (4.879333377986669 52.331214813353334),4.879333377986669,52.33121481335333,1,1,2,1
176,10181,20220211102,2022,Uitsluitend materiele schade,2,bestelauto,snorfiets,Flank,"Kruispunt, 4 takken",Binnen,Unknown,Niet brandend,Overig asfalt,Droog,Daglicht,Droog,Jan Tooropstraat,amsterdam,POINT (117486.56469999999 486582.66039999947),POINT (4.836430549478159 52.365846723702504),4.836430549478159,52.3658467237025,1,1,2,1
177,10227,20220211106,2022,Uitsluitend materiele schade,2,personenauto,fiets,Voetganger,Rechte weg,Binnen,30.0,Brandend,Klinkers,Droog,Duisternis,Droog,Quellijnstraat,amsterdam,POINT (121234.11030000076 485540.5223999992),POINT (4.891554712743185 52.35672388142869),4.891554712743185,52.35672388142869,1,1,2,1
178,10347,20220211245,2022,Uitsluitend materiele schade,2,personenauto,bromfiets,Flank,"Kruispunt, 4 takken",Binnen,50.0,Brandend,ZOAB,Droog,Schemer,Droog,Haarlemmerweg,amsterdam,POINT (118261 488707),POINT (4.847568104882881 52.38499100898997),4.847568104882881,52.38499100898997,1,1,2,1
179,10417,20220211321,2022,Letsel,2,fiets,voetganger,Voetganger,Rechte weg,Binnen,30.0,Niet brandend,Overig asfalt,Droog,Daglicht,Droog,Bijlmerdreef,amsterdam,POINT (126692.04800000042 481669.5610000007),POINT (4.97199502129399 52.32224221243965),4.97199502129399,52.32224221243965,0,1,1,1
180,10930,20230111319,2023,Uitsluitend materiele schade,2,bromfiets,fiets,Flank,Rechte weg,Binnen,30.0,Niet brandend,ZOAB,Nat,Daglicht,Droog,De Boelelaan,amsterdam,POINT (119310.51700000092 483143.79199999943),POINT (4.863573532374827 52.3350621399253),4.863573532374827,52.3350621399253,1,1,2,1
181,10990,20230020865,2023,Uitsluitend materiele schade,2,fiets,personenauto,Kop/staart,Rechte weg,Binnen,30.0,Niet brandend,Overig asfalt,Nat,Daglicht,Regen,Sarphatistraat,amsterdam,POINT (122734.6400000006 486159.79300000146),POINT (4.913520845112585 52.362379647600854),4.913520845112585,52.36237964760085,1,1,2,1
182,11009,20230066982,2023,Letsel,3,personenauto,fiets,Onbekend,"Kruispunt, 4 takken",Binnen,30.0,Niet brandend,Overig asfalt,Droog,Daglicht,Droog,Glitterstraat,amsterdam,POINT (127161.15450000018 481707.1325000003),POINT (4.978872405237129 52.322603830124514),4.978872405237129,52.322603830124514,0,1,1,1
183,11015,20230067811,2023,Letsel,1,fiets,unknown,Eenzijdig,Rechte weg,Binnen,50.0,Niet brandend,Overig asfalt,Droog,Daglicht,Droog,Sarphatistraat,amsterdam,POINT (121915.08999999985 485883.07499999925),POINT (4.901516772908468 52.35984394421563),4.901516772908468,52.35984394421563,1,1,1,1
184,11021,20230020355,2023,Uitsluitend materiele schade,2,snorfiets,personenauto,Kop/staart,Rechte weg,Binnen,30.0,Brandend,Overig asfalt,Droog,Duisternis,Droog,Herengracht,amsterdam,POINT (120951.85099999979 486697.061999999),POINT (4.887294484052803 52.36710063449368),4.887294484052803,52.36710063449368,1,1,2,1
185,11060,20230067877,2023,Uitsluitend materiele schade,1,bromfiets,unknown,Onbekend,"Kruispunt, 3 takken",Binnen,Unknown,Niet brandend,Overig asfalt,Droog,Daglicht,Droog,Keienbergweg,amsterdam,POINT (124081.28500000015 480173.9829999991),POINT (4.93383971845003 52.3086602242363),4.93383971845003,52.3086602242363,0,1,2,1
186,11141,20230024489,2023,Letsel,1,fiets,unknown,Eenzijdig,Rechte weg,Binnen,Unknown,Brandend,Klinkers,Nat,Duisternis,Regen,Nassaukade,amsterdam,POINT (120259.34699999914 486653.3379999995),POINT (4.877131737955176 52.366664307714544),4.877131737955176,52.366664307714544,1,1,1,1
187,11151,20230067729,2023,Letsel,1,bromfiets,unknown,Eenzijdig,"Kruispunt, 4 takken",Buiten,100.0,Niet brandend,Overig asfalt,Droog,Daglicht,Droog,Westpoortweg,amsterdam,POINT (111712.66660000011 491228.44480000064),POINT (4.751063816337206 52.407174074552785),4.751063816337206,52.40717407455279,-1,0,1,0
188,11211,20230078795,2023,Uitsluitend materiele schade,2,personenauto,fiets,Frontaal,Rotonde,Binnen,50.0,Niet brandend,ZOAB,Droog,Daglicht,Droog,Mosplein,amsterdam,POINT (122617.63219999894 489342.6658000015),POINT (4.911496410151092 52.39097820672522),4.911496410151092,52.39097820672522,1,1,2,1
189,11215,20230078996,2023,Uitsluitend materiele schade,1,fiets,unknown,Onbekend,Bocht,Binnen,Unknown,Niet brandend,ZOAB,Nat,Daglicht,Regen,IJsbaanpad,amsterdam,POINT (118352.30600000173 483896.1790000014),POINT (4.8494334987227505 52.341761026001855),4.849433498722751,52.341761026001855,1,1,2,1
190,11228,20210022675,2021,Uitsluitend materiele schade,1,bromfiets,unknown,Onbekend,Unknown,Unknown,Unknown,Unknown,Unknown,Unknown,Schemer,Unknown,Zuiderzeeweg,amsterdam,POINT (126400.34600000083 487948.88500000164),POINT (4.96718289992932 52.378661959382114),4.96718289992932,52.378661959382114,-1,0,2,0
191,11238,20230036454,2023,Letsel,2,personenauto,bromfiets,Flank,"Kruispunt, 4 takken",Binnen,50.0,Niet brandend,Overig asfalt,Nat,Daglicht,Droog,Burgemeester Röellstraat,amsterdam,POINT (115849.38329999894 487763.05270000175),POINT (4.812257032732152 52.37634088048676),4.812257032732152,52.37634088048676,1,1,1,1
192,11272,20230078278,2023,Letsel,2,fiets,snorfiets,Frontaal,Rechte weg,Binnen,Unknown,Brandend,Overig asfalt,Nat,Duisternis,Regen,Ouderkerkerdijk,amsterdam,POINT (122374.49599999934 482244.23600000143),POINT (4.9086133210481195 52.32716786326125),4.90861332104812,52.32716786326125,-1,0,1,0
193,11350,20230024141,2023,Uitsluitend materiele schade,2,snorfiets,personenauto,Kop/staart,"Kruispunt, 4 takken",Binnen,50.0,Niet brandend,ZOAB,Droog,Daglicht,Droog,Sarphatistraat,amsterdam,POINT (123531.55700000003 486663.9637000002),POINT (4.925172724719879 52.36695703160187),4.925172724719879,52.36695703160187,1,1,2,1
194,11408,20230023602,2023,Uitsluitend materiele schade,2,personenauto,fiets,Flank,Rotonde,Binnen,50.0,Niet brandend,Overig asfalt,Droog,Daglicht,Droog,FIETSPAD,amsterdam,POINT (114131.47789999843 486276.7542999983),POINT (4.787210697473086 52.362858084551355),4.787210697473086,52.36285808455136,1,1,2,1
195,11417,20230020273,2023,Uitsluitend materiele schade,1,bromfiets,unknown,Onbekend,Rechte weg,Binnen,30.0,Brandend,Klinkers,Droog,Duisternis,Droog,Recht Boomssloot,amsterdam,POINT (121998.43200000003 487320.3720000014),POINT (4.902599116388099 52.37276639521919),4.902599116388099,52.37276639521919,1,1,2,1
196,11424,20230077106,2023,Uitsluitend materiele schade,2,fiets,personenauto,Flank,"Kruispunt, 4 takken",Binnen,50.0,Niet brandend,Beton,Droog,Daglicht,Droog,Jozef Israëlskade,amsterdam,POINT (122091.53299999982 484705.5069999993),POINT (4.904222060738135 52.34927134312208),4.904222060738135,52.34927134312208,1,1,2,1
197,11449,20230097455,2023,Letsel,3,fiets,personenauto,Flank,"Kruispunt, 4 takken",Binnen,30.0,Niet brandend,Overig asfalt,Nat,Daglicht,Droog,Beukenweg,amsterdam,POINT (122997 485674),POINT (4.917418617593776 52.358029008579194),4.917418617593776,52.3580290085792,1,1,1,1
198,11471,20230087520,2023,Uitsluitend materiele schade,2,fiets,personenauto,Flank,"Kruispunt, 4 takken",Binnen,30.0,Niet brandend,Klinkers,Droog,Daglicht,Droog,Jacob van Lennepstraat,amsterdam,POINT (119968 486601),POINT (4.872859712971377 52.36617542559926),4.872859712971377,52.36617542559926,1,1,2,1
199,11555,20230097584,2023,Uitsluitend materiele schade,1,snorfiets,unknown,Flank,Rechte weg,Binnen,Unknown,Brandend,Klinkers,Nat,Duisternis,Regen,De Boelelaan,amsterdam,POINT (119056.23800000176 483147.8049999997),POINT (4.859842512286878 52.3350816390849),4.859842512286878,52.3350816390849,1,1,2,1
200,11641,20230097736,2023,Uitsluitend materiele schade,2,trekker,bromfiets,Flank,"Kruispunt, 4 takken",Binnen,50.0,Niet brandend,Overig asfalt,Droog,Daglicht,Droog,Radarweg,amsterdam,POINT (117472.49799999967 489371.06799999997),POINT (4.835912592467789 52.39090577907301),4.835912592467789,52.39090577907301,1,1,2,1
201,11824,20210078622,2021,Uitsluitend materiele schade,2,personenauto,fiets,Flank,"Kruispunt, 4 takken",Binnen,30.0,Niet brandend,Klinkers,Nat,Daglicht,Droog,Steengroevenpad,amsterdam,POINT (127109 478201),POINT (4.97839737535185 52.291089843813424),4.97839737535185,52.291089843813424,-1,0,2,0
202,11857,20210089774,2021,Letsel,4,personenauto,fiets,Onbekend,Rechte weg,Binnen,50.0,Brandend,Overig asfalt,Droog,Duisternis,Droog,1e C Huygensstr,amsterdam,POINT (120121.46299999952 486223.42599999905),POINT (4.87515195666482 52.36279182700701),4.87515195666482,52.36279182700701,1,1,1,1
203,11860,20210075855,2021,Uitsluitend materiele schade,2,personenauto,snorfiets,Flank,Rechte weg,Binnen,50.0,Niet brandend,Beton,Nat,Daglicht,Droog,Zuideinde,amsterdam,POINT (121219.51399999857 492866.84699999914),POINT (4.890603476291692 52.422566547857876),4.890603476291692,52.42256654785788,-1,0,2,0
204,11869,20210074695,2021,Uitsluitend materiele schade,2,personenauto,fiets,Flank,"Kruispunt, 3 takken",Binnen,50.0,Niet aanwezig,Beton,Nat,Daglicht,Droog,Daniël Goedkoopstraat,amsterdam,POINT (123350.73889999837 483053.6209000014),POINT (4.9228575407353565 52.33449918348598),4.9228575407353565,52.33449918348598,1,1,2,1
205,11928,20210080062,2021,Uitsluitend materiele schade,2,personenauto,e-bike,Flank,"Kruispunt, 4 takken",Binnen,30.0,Unknown,Klinkers,Nat,Daglicht,Droog,Purmerweg,amsterdam,POINT (124717.93169999868 489402.5304999985),POINT (4.942344201620681 52.39163612648808),4.942344201620681,52.39163612648808,1,1,2,1
206,11958,20210086505,2021,Uitsluitend materiele schade,2,bromfiets,fiets,Flank,Rechte weg,Binnen,50.0,Niet brandend,Klinkers,Droog,Daglicht,Droog,Haarlemmerweg,amsterdam,POINT (120122.60700000077 488847.90300000086),POINT (4.874896381827263 52.38637877580104),4.874896381827263,52.38637877580104,1,1,2,1
207,11974,20210088057,2021,Uitsluitend materiele schade,2,personenauto,fiets,Flank,Rechte weg,Binnen,50.0,Niet brandend,Overig asfalt,Nat,Daglicht,Regen,Jan van Galenstraat,amsterdam,POINT (117473.51880000159 487358.06529999897),POINT (4.8361524552690485 52.3728145753725),4.8361524552690485,52.3728145753725,1,1,2,1
208,12024,20210022679,2021,Uitsluitend materiele schade,1,snorfiets,unknown,Onbekend,Unknown,Unknown,30.0,Unknown,Unknown,Unknown,Daglicht,Unknown,Rozenburglaan,amsterdam,POINT (124439.93699999899 483588.9699999988),POINT (4.938788803963352 52.3393722062548),4.938788803963352,52.3393722062548,1,1,2,1
209,12033,20210027226,2021,Uitsluitend materiele schade,2,personenauto,fiets,Flank,Rotonde,Binnen,50.0,Niet brandend,Overig asfalt,Droog,Daglicht,Droog,Henk Sneevlietweg,amsterdam,POINT (118146.63010000065 484441.7399000004),POINT (4.846355792315578 52.34665038674303),4.846355792315578,52.34665038674303,1,1,2,1
210,12098,20210028250,2021,Uitsluitend materiele schade,2,snorfiets,personenauto,Kop/staart,"Kruispunt, 4 takken",Binnen,50.0,Niet brandend,Overig asfalt,Droog,Daglicht,Droog,Orteliusstraat,amsterdam,POINT (118366.25930000097 487023.53449999914),POINT (4.849297666204842 52.36986834894942),4.849297666204842,52.36986834894942,1,1,2,1
211,12101,20210002017,2021,Uitsluitend materiele schade,2,bromfiets,bromfiets,Onbekend,Unknown,Unknown,30.0,Unknown,Unknown,Unknown,Daglicht,Unknown,Mosveld,amsterdam,POINT (122769.06799999997 489317.20800000057),POINT (4.913723424010378 52.39075832412029),4.913723424010378,52.39075832412029,1,1,2,1
212,12110,20210013971,2021,Uitsluitend materiele schade,2,fiets,personenauto,Frontaal,Rechte weg,Binnen,30.0,Niet brandend,Overig asfalt,Nat,Daglicht,Unknown,Burg Rendorpstraat,amsterdam,POINT (116894.35399999842 487630.4459999986),POINT (4.827617300250827 52.37522263336243),4.827617300250827,52.37522263336243,1,1,2,1
213,12182,20210023736,2021,Uitsluitend materiele schade,2,personenauto,fiets,Flank,"Kruispunt, 4 takken",Binnen,50.0,Niet brandend,Overig asfalt,Droog,Daglicht,Droog,C. van Eesterenlaan,amsterdam,POINT (124448.66330000013 487123.6431999989),POINT (4.938595849787301 52.37114010867602),4.938595849787301,52.37114010867602,1,1,2,1
214,12460,20210059940,2021,Uitsluitend materiele schade,1,fiets,unknown,Voetganger,Rechte weg,Binnen,30.0,Niet brandend,Klinkers,Droog,Daglicht,Droog,Muntplein,amsterdam,POINT (121338.50699999928 486695.2719999999),POINT (4.892971512130449 52.3671083808841),4.892971512130449,52.3671083808841,1,1,2,1
215,12632,20210055889,2021,Uitsluitend materiele schade,1,snorfiets,unknown,Voetganger,"Kruispunt, 4 takken",Binnen,30.0,Brandend,Overig asfalt,Droog,Duisternis,Droog,Domselaerstraat,amsterdam,POINT (123867 485950),POINT (4.930163775627723 52.36055950888281),4.930163775627723,52.36055950888281,1,1,2,1
216,12732,20210057561,2021,Letsel,2,personenauto,snorfiets,Flank,"Kruispunt, 4 takken",Binnen,50.0,Brandend,Overig asfalt,Droog,Duisternis,Droog,Burgemeester Röellstraat,amsterdam,POINT (116869 487529),POINT (4.827256500713457 52.374309156738995),4.827256500713457,52.374309156739,1,1,1,1
217,12864,20210038321,2021,Uitsluitend materiele schade,2,bestelauto,e-bike,Flank,Rotonde,Binnen,50.0,Niet brandend,Overig asfalt,Droog,Daglicht,Droog,Softwareweg,amsterdam,POINT (120932.03819999844 491415.0658),POINT (4.886524984514889 52.40950131001134),4.886524984514889,52.40950131001134,1,1,2,1
218,12881,20210063761,2021,Letsel,2,bestelauto,fiets,Flank,Rechte weg,Binnen,50.0,Brandend,Overig asfalt,Droog,Duisternis,Droog,Mauritskade,amsterdam,POINT (122942.40700000152 486099.33300000057),POINT (4.916576709083108 52.36184843770956),4.916576709083108,52.36184843770956,1,1,1,1
219,12887,20210065557,2021,Uitsluitend materiele schade,2,bestelauto,fiets,Kop/staart,Rechte weg,Binnen,30.0,Niet brandend,Klinkers,Nat,Daglicht,Regen,Jan Theuniszhof,amsterdam,POINT (116969.07299999893 486106.6649999991),POINT (4.828886895755434 52.36153325329451),4.828886895755434,52.36153325329451,1,1,2,1
220,12906,20210050063,2021,Uitsluitend materiele schade,2,bromfiets,fiets,Flank,Rechte weg,Binnen,30.0,Unknown,Overig asfalt,Droog,Daglicht,Droog,Zuiderzeeweg,amsterdam,POINT (125133 486470),POINT (4.94870226765052 52.365303227411815),4.94870226765052,52.365303227411815,1,1,2,1
221,12944,20210069181,2021,Uitsluitend materiele schade,2,personenauto,snorfiets,Flank,Rechte weg,Binnen,30.0,Brandend,Klinkers,Nat,Duisternis,Unknown,Reimerswaalstraat,amsterdam,POINT (114645.66800000146 486118.41600000113),POINT (4.79477816981237 52.36147308574112),4.79477816981237,52.36147308574112,1,1,2,1
222,13235,20210091217,2021,Uitsluitend materiele schade,2,bestelauto,fiets,Flank,"Kruispunt, 4 takken",Binnen,30.0,Niet brandend,ZOAB,Droog,Daglicht,Droog,Hoekenespad,amsterdam,POINT (115349.46150000021 485511.0595000014),POINT (4.805181372107016 52.35606589873092),4.805181372107016,52.35606589873092,1,1,2,1
223,13564,20220081402,2022,Letsel,2,fiets,personenauto,Onbekend,"Kruispunt, 3 takken",Binnen,50.0,Brandend,Overig asfalt,Droog,Duisternis,Droog,Haarlemmerweg,amsterdam,POINT (119741.21020000055 488731.59259999916),POINT (4.869306538411736 52.38530910038971),4.869306538411736,52.38530910038971,1,1,1,1
224,13615,20220080900,2022,Uitsluitend materiele schade,2,bestelauto,fiets,Onbekend,Rotonde,Binnen,50.0,Niet brandend,Overig asfalt,Droog,Daglicht,Droog,Ookmeerweg,amsterdam,POINT (114154.7771999985 486254.25189999864),POINT (4.787555471479813 52.36265758451719),4.787555471479813,52.36265758451719,1,1,2,1
225,13644,20220055299,2022,Uitsluitend materiele schade,2,snorfiets,e-bike,Frontaal,"Kruispunt, 4 takken",Binnen,15.0,Niet brandend,Overig asfalt,Droog,Daglicht,Droog,Johan Huizingalaan,amsterdam,POINT (116842.41869999841 486376.92540000007),POINT (4.826996950286332 52.36395336254233),4.826996950286332,52.36395336254233,1,1,2,1
226,13645,20220055309,2022,Uitsluitend materiele schade,2,bestelauto,fiets,Onbekend,Unknown,Unknown,Unknown,Unknown,Unknown,Unknown,Duisternis,Unknown,Sarphatistraat,amsterdam,POINT (123528.70399999991 486658.75400000066),POINT (4.925131324855314 52.366910046813075),4.925131324855314,52.36691004681308,1,1,2,1
227,13746,20220054224,2022,Uitsluitend materiele schade,2,personenauto,bromfiets,Flank,"Kruispunt, 3 takken",Binnen,50.0,Niet brandend,Overig asfalt,Nat,Daglicht,Unknown,Niasstraat,amsterdam,POINT (124507.25789999962 486442.64719999954),POINT (4.939517979128762 52.36502301716175),4.939517979128762,52.36502301716175,1,1,2,1
228,13751,20220081167,2022,Uitsluitend materiele schade,1,snorfiets,unknown,Onbekend,Unknown,Unknown,50.0,Unknown,Unknown,Unknown,Daglicht,Unknown,Louis Bouwmeesterstraat,amsterdam,POINT (116442.85300000012 485511.07840000093),POINT (4.821230299325375 52.35614389370124),4.821230299325375,52.35614389370124,1,1,2,1
229,13821,20220055681,2022,Uitsluitend materiele schade,2,personenauto,fiets,Flank,"Kruispunt, 4 takken",Binnen,50.0,Niet brandend,Overig asfalt,Droog,Daglicht,Droog,Ceintuurbaan,amsterdam,POINT (121064.92700000107 485082.4221000001),POINT (4.889117569716555 52.352596363739295),4.889117569716555,52.352596363739295,1,1,2,1
230,13909,20220102304,2022,Uitsluitend materiele schade,2,e-bike,personenauto,Flank,Rotonde,Binnen,50.0,Niet brandend,Overig asfalt,Droog,Daglicht,Droog,OOSTOEVER NOORDZIJDE,amsterdam,POINT (117108.2137000002 487083.82840000093),POINT (4.830819345915313 52.370324861832586),4.830819345915313,52.370324861832586,1,1,2,1
231,13912,20220102904,2022,Uitsluitend materiele schade,2,personenauto,bromfiets,Flank,Rotonde,Binnen,50.0,Niet brandend,Overig asfalt,Droog,Daglicht,Droog,Havenstraat,amsterdam,POINT (118779.58469999954 484743.34490000084),POINT (4.855611986189837 52.349403081652866),4.855611986189837,52.34940308165287,1,1,2,1
232,13937,20220102949,2022,Letsel,2,personenauto,fiets,Flank,Rechte weg,Binnen,50.0,Niet brandend,ZOAB,Droog,Daglicht,Droog,AMSTERDAM-SLOTERDIJK 2,amsterdam,POINT (118000.01799999923 489681.16800000146),POINT (4.843627531390741 52.39372852570487),4.843627531390741,52.39372852570487,1,1,1,1
233,13938,20220102956,2022,Uitsluitend materiele schade,1,bromfiets,unknown,Voetganger,Rechte weg,Binnen,50.0,Niet brandend,Klinkers,Droog,Daglicht,Droog,Gerrit van der Veenstr,amsterdam,POINT (120247.18409999833 484689.2028999999),POINT (4.877156099492266 52.34901126689217),4.877156099492266,52.34901126689217,1,1,2,1
234,14346,20230006080,2023,Uitsluitend materiele schade,2,personenauto,fiets,Flank,"Kruispunt, 4 takken",Binnen,30.0,Niet brandend,Overig asfalt,Droog,Daglicht,Droog,Voorburgstraat,amsterdam,POINT (117680.57470000163 484654.7564000003),POINT (4.8394927857626096 52.34853337227339),4.8394927857626096,52.34853337227339,1,1,2,1
235,14414,20230004106,2023,Letsel,2,personenauto,bromfiets,Flank,"Kruispunt, 4 takken",Binnen,50.0,Brandend,Overig asfalt,Droog,Duisternis,Droog,Akoleienstraat,amsterdam,POINT (120351 487339),POINT (4.878406689109745 52.37283233374779),4.878406689109745,52.37283233374779,1,1,1,1
236,14415,20230004480,2023,Uitsluitend materiele schade,2,personenauto,bromfiets,Flank,"Kruispunt, 4 takken",Binnen,50.0,Niet brandend,Overig asfalt,Droog,Daglicht,Droog,Hygiëaplein,amsterdam,POINT (119260.60709999874 484419.28119999915),POINT (4.862705885476968 52.346522119557164),4.862705885476968,52.34652211955717,1,1,2,1
237,14606,20230066209,2023,Uitsluitend materiele schade,2,personenauto,fiets,Onbekend,Unknown,Unknown,Unknown,Unknown,Unknown,Unknown,Daglicht,Unknown,Huntum,amsterdam,POINT (125950.57699999958 480177.7490000017),POINT (4.961248269696635 52.308795943561385),4.961248269696635,52.308795943561385,0,1,2,1
238,14783,20210051702,2021,Letsel,2,bromfiets,personenauto,Flank,"Kruispunt, 4 takken",Binnen,30.0,Brandend,Overig asfalt,Nat,Schemer,Regen,Arendonksingel,amsterdam,POINT (115950.01049999893 484508.76579999924),POINT (4.814112621006213 52.34710106456464),4.814112621006213,52.34710106456464,1,1,1,1
239,14843,20210041170,2021,Letsel,2,snorfiets,fiets,Flank,Rechte weg,Binnen,30.0,Niet brandend,Beton,Droog,Daglicht,Droog,Seineweg,amsterdam,POINT (116293.56799999997 488935.3570000008),POINT (4.818644735555753 52.386908090803686),4.818644735555753,52.386908090803686,1,1,1,1
240,14931,20210065616,2021,Letsel,2,personenauto,fiets,Flank,Rechte weg,Binnen,50.0,Niet brandend,ZOAB,Droog,Schemer,Unknown,Surinameplein,amsterdam,POINT (118594.34600000083 485706.438000001),POINT (4.852789208145034 52.358046427081824),4.852789208145034,52.358046427081824,1,1,1,1
241,14967,20210032221,2021,Letsel,2,bromfiets,fiets,Flank,"Kruispunt, 3 takken",Binnen,50.0,Niet brandend,Overig asfalt,Nat,Schemer,Unknown,Middenweg,amsterdam,POINT (123997.51550000161 485089.59120000154),POINT (4.932159015183171 52.352834085336674),4.932159015183171,52.352834085336674,1,1,1,1
242,14987,20210057936,2021,Letsel,2,fiets,fiets,Los voorwerp,"Kruispunt, 4 takken",Binnen,50.0,Brandend,Overig asfalt,Droog,Duisternis,Droog,Overtoom,amsterdam,POINT (119098 485799),POINT (4.860172390873991 52.358911453265314),4.860172390873991,52.358911453265314,1,1,1,1
243,15041,20220175868,2022,Uitsluitend materiele schade,3,bromfiets,fiets,Onbekend,"Kruispunt, 4 takken",Binnen,Unknown,Brandend,Unknown,Droog,Schemer,Droog,IJburglaan,amsterdam,POINT (126717.84109999985 486882.866799999),POINT (4.971935293496908 52.36909770641528),4.971935293496908,52.36909770641528,1,1,2,1
244,15042,20220176660,2022,Uitsluitend materiele schade,2,fiets,fiets,Flank,Rechte weg,Binnen,30.0,Niet brandend,Klinkers,Droog,Daglicht,Droog,Johannes Verhulststraat,amsterdam,POINT (120225.62700000033 485433.01999999955),POINT (4.876762852866174 52.35569481769866),4.876762852866174,52.35569481769866,1,1,2,1
245,15043,20220176698,2022,Uitsluitend materiele schade,2,personenauto,fiets,Kop/staart,Rechte weg,Binnen,50.0,Brandend,Overig asfalt,Droog,Duisternis,Droog,Vijzelgracht,amsterdam,POINT (121212.40100000054 486060.62999999896),POINT (4.891183805565125 52.36139691687524),4.891183805565125,52.36139691687524,1,1,2,1
246,15044,20220177946,2022,Uitsluitend materiele schade,2,bestelauto,fiets,Flank,"Kruispunt, 4 takken",Binnen,50.0,Niet brandend,Overig asfalt,Droog,Daglicht,Droog,Meer en Vaart,amsterdam,POINT (115368.31899999827 486306.4006000012),POINT (4.805364441107293 52.36321515664004),4.805364441107293,52.36321515664004,1,1,2,1
247,15084,20220123211,2022,Uitsluitend materiele schade,3,personenauto,fiets,Onbekend,"Kruispunt, 4 takken",Binnen,30.0,Niet brandend,ZOAB,Nat,Daglicht,Regen,Vaartstraat,amsterdam,POINT (118620.34389999881 484797.251699999),POINT (4.853269143075248 52.349877038114734),4.853269143075248,52.349877038114734,1,1,2,1
248,15094,20220142072,2022,Uitsluitend materiele schade,2,personenauto,fiets,Flank,"Kruispunt, 3 takken",Binnen,50.0,Niet brandend,ZOAB,Droog,Daglicht,Droog,Jan van Galenstraat,amsterdam,POINT (119213.36080000177 487593.89400000125),POINT (4.86167473150104 52.37505016982471),4.86167473150104,52.37505016982471,1,1,2,1
249,15230,20220142350,2022,Uitsluitend materiele schade,1,fiets,unknown,Voetganger,Rechte weg,Binnen,30.0,Brandend,Klinkers,Droog,Duisternis,Droog,Kleine-Gartmanplantsoen,amsterdam,POINT (120693.02299999818 486206.3720000014),POINT (4.883544464086816 52.36267455252085),4.883544464086816,52.36267455252085,1,1,2,1