,Unnamed: 0,accident_id,accident_year,outcome,num_parties,party1_type,party2_type,accident_nature,road_situation,built_up_area,speed_limit_kmh,street_lighting,road_surface,road_condition,light_condition,weather_condition,street_name,municipality,shape,geometry,longitude,latitude,cluster,future_hotspot_spatial,outcome_encoded,future_hotspot_pred
250,15231,20220142364,2022,Letsel,2,e-bike,overig vast object,Vast voorwerp,Rechte weg,Binnen,50.0,Niet brandend,Overig asfalt,Droog,Daglicht,Droog,Marnixstraat,amsterdam,POINT (120316.61699999869 486883.66000000015),POINT (4.877948799779006 52.36873789625751),4.877948799779006,52.36873789625751,1,1,1,1
251,15232,20220142368,2022,Uitsluitend materiele schade,2,e-bike,personenauto,Kop/staart,Rotonde,Binnen,50.0,Niet brandend,Overig asfalt,Droog,Daglicht,Droog,Johan Jongkindstraat,amsterdam,POINT (117551.54520000145 485855.1576000005),POINT (4.837465571062538 52.3593129124571),4.837465571062538,52.3593129124571,1,1,2,1
252,15261,20220142371,2022,Letsel,2,bestelauto,fiets,Flank,"Kruispunt, 3 takken",Binnen,50.0,Niet brandend,Overig asfalt,Droog,Daglicht,Droog,Naritaweg,amsterdam,POINT (117230.98440000042 489043.73580000177),POINT (4.83240165066572 52.3879474155069),4.83240165066572,52.3879474155069,1,1,1,1
253,15288,20220142480,2022,Letsel,2,personenauto,e-bike,Flank,Rotonde,Binnen,50.0,Niet brandend,Beton,Droog,Daglicht,Droog,Meeuwenlaan,amsterdam,POINT (123472.61360000074 488974.9765000008),POINT (4.924090497486093 52.3877234526519),4.924090497486093,52.3877234526519,1,1,1,1
254,15381,20220123974,2022,Uitsluitend materiele schade,2,fiets,fiets,Flank,Bocht,Binnen,50.0,Niet brandend,ZOAB,Droog,Schemer,Droog,Weteringschans,amsterdam,POINT (121056.30999999866 485918.3920000009),POINT (4.888906742926325 52.36010895715839),4.888906742926325,52.36010895715839,1,1,2,1
255,15421,20220141452,2022,Letsel,1,fiets,unknown,Eenzijdig,Rechte weg,Binnen,50.0,Niet brandend,Beton,Droog,Daglicht,Droog,Kruislaan,amsterdam,POINT (124568.01700000092 484549.6420000009),POINT (4.940581250491872 52.34801324878258),4.940581250491872,52.34801324878258,1,1,1,1
256,15456,20220141584,2022,Uitsluitend materiele schade,2,bromfiets,fiets,Flank,"Kruispunt, 3 takken",Binnen,50.0,Niet brandend,ZOAB,Droog,Daglicht,Droog,Marnixstraat,amsterdam,POINT (120560.30350000039 488358.12260000035),POINT (4.881375604723824 52.382004629629414),4.881375604723824,52.38200462962941,1,1,2,1
257,15516,20220141802,2022,Uitsluitend materiele schade,2,bromfiets,fiets,Kop/staart,Rechte weg,Binnen,30.0,Niet brandend,Overig asfalt,Droog,Daglicht,Droog,Coentunnelcircuit,amsterdam,POINT (120062.05799999833 492802.49500000104),POINT (4.873595269133528 52.42191567860642),4.873595269133528,52.42191567860642,-1,0,2,0
258,15517,20220141814,2022,Letsel,2,fiets,fiets,Flank,Rechte weg,Binnen,50.0,Brandend,Overig asfalt,Droog,Duisternis,Droog,Ridderspoorweg,amsterdam,POINT (122222.6400000006 490055.2490000017),POINT (4.905624467309939 52.39735893426688),4.905624467309939,52.39735893426688,1,1,1,1
259,15702,20230059617,2023,Uitsluitend materiele schade,2,bromfiets,personenauto,Flank,Rechte weg,Binnen,50.0,Niet brandend,Overig asfalt,Nat,Daglicht,Unknown,De Ruijterkade,amsterdam,POINT (121488.5549999997 488398.7010000013),POINT (4.895004646066382 52.3824267658551),4.895004646066382,52.3824267658551,1,1,2,1
260,15703,20230059622,2023,Uitsluitend materiele schade,2,personenauto,bromfiets,Kop/staart,Rotonde,Binnen,50.0,Niet brandend,Overig asfalt,Droog,Daglicht,Droog,Hoofddorpplein,amsterdam,POINT (118414.31500000134 484990.2659999989),POINT (4.850224448945632 52.35159803304186),4.850224448945632,52.35159803304186,1,1,2,1
261,15796,20230059395,2023,Letsel,2,motor,fiets,Flank,Bocht,Binnen,50.0,Niet brandend,Overig asfalt,Droog,Daglicht,Droog,Bestevâerstraat,amsterdam,POINT (118783.4065000005 488275.23050000146),POINT (4.8552876396163285 52.381145312880875),4.8552876396163285,52.38114531288088,1,1,1,1
262,15894,20230040166,2023,Letsel,2,bromfiets,fiets,Flank,"Kruispunt, 4 takken",Binnen,30.0,Niet brandend,Overig asfalt,Droog,Daglicht,Droog,Schinkelhavenstraat,amsterdam,POINT (118620.97690000013 485343.9605999999),POINT (4.853219320102957 52.354790507218134),4.853219320102957,52.35479050721813,1,1,1,1
263,15947,20220210914,2022,Letsel,2,snorfiets,fiets,Frontaal,Rotonde,Binnen,Unknown,Niet brandend,Overig asfalt,Droog,Daglicht,Droog,Oostoever,amsterdam,POINT (117099.53539999947 487087.6383999996),POINT (4.830691494056684 52.37035850428278),4.830691494056684,52.37035850428278,1,1,1,1
264,15948,20220211581,2022,Uitsluitend materiele schade,2,personenauto,e-bike,Flank,"Kruispunt, 4 takken",Binnen,50.0,Niet brandend,ZOAB,Nat,Daglicht,Regen,Comeniusstraat,amsterdam,POINT (116863.87550000101 485848.09479999915),POINT (4.827371923280991 52.359202128374974),4.827371923280991,52.359202128374974,1,1,2,1
265,16162,20220124214,2022,Dodelijk,2,personenauto,fiets,Flank,"Kruispunt, 4 takken",Binnen,50.0,Niet brandend,Overig asfalt,Droog,Daglicht,Droog,Van 't Hofflaan,amsterdam,POINT (124390 484666),POINT (4.937958147664448 52.34904911590984),4.937958147664448,52.34904911590984,1,1,0,1
266,16167,20220211849,2022,Uitsluitend materiele schade,2,snorfiets,bestelauto,Flank,Rechte weg,Binnen,30.0,Niet brandend,Klinkers,Droog,Daglicht,Droog,Slatuinenweg,amsterdam,POINT (119324.17199999839 487067.1400000006),POINT (4.863357850411965 52.37032330694941),4.863357850411965,52.37032330694941,1,1,2,1
267,16251,20220211979,2022,Uitsluitend materiele schade,2,personenauto,bromfiets,Kop/staart,Rechte weg,Binnen,50.0,Brandend,Overig asfalt,Nat,Schemer,Regen,Stadionweg,amsterdam,POINT (119873.79100000113 484441.38699999824),POINT (4.871702090135879 52.3467603268666),4.871702090135879,52.3467603268666,1,1,2,1
268,16252,20220211987,2022,Uitsluitend materiele schade,2,bestelauto,bromfiets,Flank,Rechte weg,Binnen,Unknown,Niet brandend,Overig asfalt,Nat,Daglicht,Droog,President Allendelaan,amsterdam,POINT (115419.61430000141 486662.8273999989),POINT (4.806075521235346 52.366422134747715),4.806075521235346,52.36642213474772,1,1,2,1
269,16362,20220210733,2022,Uitsluitend materiele schade,2,personenauto,snorfiets,Frontaal,Bocht,Binnen,30.0,Niet brandend,Klinkers,Droog,Daglicht,Droog,Pleimuiden,amsterdam,POINT (114138.37299999967 489337.79100000113),POINT (4.786939681720437 52.39036860788961),4.786939681720437,52.39036860788961,-1,0,2,0
270,16363,20220211417,2022,Uitsluitend materiele schade,2,snorfiets,fiets,Kop/staart,"Kruispunt, 4 takken",Binnen,50.0,Brandend,Overig asfalt,Nat,Duisternis,Regen,Frederiksplein,amsterdam,POINT (121715.82510000095 485835.8729000017),POINT (4.89859633087528 52.359407686831),4.89859633087528,52.359407686831,1,1,2,1
271,16385,20220210755,2022,Letsel,2,e-bike,fiets,Onbekend,Rechte weg,Binnen,50.0,Niet brandend,Unknown,Droog,Schemer,Droog,IJburglaan,amsterdam,POINT (128808.95800000057 484894.1790000014),POINT (5.002793480941209 52.35132823004357),5.002793480941209,52.35132823004357,-1,0,1,0
272,16842,20230024339,2023,Uitsluitend materiele schade,2,bromfiets,fiets,Flank,Rechte weg,Binnen,Unknown,Niet brandend,Unknown,Nat,Daglicht,Droog,Johan Broedeletstraat,amsterdam,POINT (117380.97300000116 487403.85599999875),POINT (4.834788415694034 52.373219774289275),4.834788415694034,52.37321977428928,1,1,2,1
273,16846,20230036720,2023,Uitsluitend materiele schade,3,personenauto,fiets,Los voorwerp,"Kruispunt, 4 takken",Binnen,50.0,Niet brandend,Beton,Droog,Daglicht,Droog,Sleutelbloemstraat,amsterdam,POINT (122655.2463000007 489261.53559999913),POINT (4.912056770450928 52.39025128495609),4.912056770450928,52.39025128495609,1,1,2,1
274,16849,20230066932,2023,Uitsluitend materiele schade,2,snorfiets,personenauto,Flank,"Kruispunt, 3 takken",Binnen,50.0,Brandend,Overig asfalt,Droog,Schemer,Droog,Ookmeerweg,amsterdam,POINT (114555.85649999976 486420.2336000018),POINT (4.793423448713588 52.364178971898866),4.793423448713588,52.36417897189887,1,1,2,1
275,16850,20230067839,2023,Uitsluitend materiele schade,1,fiets,unknown,Voetganger,Rechte weg,Binnen,30.0,Brandend,Klinkers,Nat,Schemer,Droog,Oudezijds Achterburgwal,amsterdam,POINT (121796.66200000048 487473.52699999884),POINT (4.899621235563939 52.37413068193467),4.899621235563939,52.37413068193467,1,1,2,1
276,16878,20230023188,2023,Letsel,3,personenauto,fiets,Onbekend,Rechte weg,Binnen,50.0,Niet brandend,Overig asfalt,Droog,Daglicht,Droog,Willem de Zwijgerlaan,amsterdam,POINT (119328.09099999815 487176.1420000009),POINT (4.8634038250093 52.371303190922696),4.8634038250093,52.371303190922696,1,1,1,1
277,16881,20230024408,2023,Letsel,2,personenauto,fiets,Flank,"Kruispunt, 3 takken",Binnen,50.0,Niet brandend,Overig asfalt,Droog,Daglicht,Droog,Linnaeusstraat,amsterdam,POINT (123393.5122999996 486227.68389999866),POINT (4.923186973167519 52.36302811152566),4.923186973167519,52.36302811152566,1,1,1,1
278,16891,20230067934,2023,Uitsluitend materiele schade,3,snorfiets,personenauto,Onbekend,"Kruispunt, 4 takken",Binnen,50.0,Niet brandend,Overig asfalt,Nat,Daglicht,Droog,Radarweg,amsterdam,POINT (117472.49799999967 489371.06799999997),POINT (4.835912592467789 52.39090577907301),4.835912592467789,52.39090577907301,1,1,2,1
279,16916,20230077364,2023,Uitsluitend materiele schade,2,bestelauto,bromfiets,Kop/staart,Rechte weg,Binnen,50.0,Niet brandend,Overig asfalt,Droog,Daglicht,Droog,Amsteldijk,amsterdam,POINT (122510.07800000161 484615.9450000003),POINT (4.910373291433176 52.34849132328714),4.910373291433176,52.34849132328714,1,1,2,1
280,16962,20230020555,2023,Uitsluitend materiele schade,2,bromfiets,personenauto,Kop/staart,Rechte weg,Binnen,50.0,Brandend,Overig asfalt,Droog,Duisternis,Droog,Wolbrantskerkweg,amsterdam,POINT (114839.4059999995 485548.18299999833),POINT (4.797690307436285 52.3563624862106),4.797690307436285,52.3563624862106,1,1,2,1
281,17062,20230020144,2023,Uitsluitend materiele schade,2,bromfiets,personenauto,Onbekend,"Kruispunt, 4 takken",Binnen,50.0,Niet brandend,ZOAB,Nat,Daglicht,Regen,Sarphatistraat,amsterdam,POINT (123093.75979999825 486291.4578999989),POINT (4.918780372709457 52.36358394068061),4.918780372709457,52.36358394068061,1,1,2,1
282,17071,20230036562,2023,Uitsluitend materiele schade,2,bromfiets,personenauto,Flank,"Kruispunt, 4 takken",Binnen,50.0,Brandend,Overig asfalt,Nat,Schemer,Regen,Lodewijk van Deysselstr,amsterdam,POINT (116343.72459999844 487842.0549999997),POINT (4.819507261176482 52.377085916058356),4.819507261176482,52.37708591605836,1,1,2,1
283,17143,20210058392,2021,Uitsluitend materiele schade,2,personenauto,bromfiets,Onbekend,Unknown,Unknown,Unknown,Unknown,Unknown,Unknown,Schemer,Unknown,Tasmanstraat,amsterdam,POINT (120562.10200000182 489379.86499999836),POINT (4.881297253481339 52.391187399251336),4.881297253481339,52.391187399251336,1,1,2,1
284,17171,20230077809,2023,Uitsluitend materiele schade,1,bromfiets,unknown,Eenzijdig,Rechte weg,Binnen,50.0,Niet brandend,Overig asfalt,Droog,Daglicht,Droog,Stadionweg,amsterdam,POINT (118990.52699999884 484318.9770000018),POINT (4.858753180815245 52.34560302488486),4.858753180815245,52.34560302488486,1,1,2,1
285,17174,20230078308,2023,Uitsluitend materiele schade,2,personenauto,fiets,Flank,Rechte weg,Binnen,30.0,Niet brandend,Klinkers,Nat,Daglicht,Regen,Dam,amsterdam,POINT (121308.39900000021 487323.8429999985),POINT (4.892466469484683 52.372755688002684),4.892466469484683,52.37275568800269,1,1,2,1
286,17208,20230088129,2023,Uitsluitend materiele schade,2,bromfiets,personenauto,Flank,"Kruispunt, 4 takken",Binnen,50.0,Niet brandend,ZOAB,Nat,Daglicht,Regen,Wibautstraat,amsterdam,POINT (122515.60610000044 485627.6667999998),POINT (4.910356739230143 52.357584343231785),4.910356739230143,52.357584343231785,1,1,2,1
287,17303,20230097594,2023,Letsel,2,bromfiets,fiets,Flank,"Kruispunt, 4 takken",Binnen,50.0,Brandend,Unknown,Nat,Duisternis,Regen,Van Woustraat,amsterdam,POINT (121923.39440000057 485263.5421999991),POINT (4.901699596797216 52.3542764993919),4.901699596797216,52.3542764993919,1,1,1,1
288,17399,20230102769,2023,Uitsluitend materiele schade,2,personenauto,bromfiets,Flank,Rechte weg,Binnen,50.0,Niet brandend,Overig asfalt,Nat,Daglicht,Droog,Stadhouderskade,amsterdam,POINT (120518.30299999937 486144.54100000113),POINT (4.880985840147014 52.36210791891622),4.880985840147014,52.36210791891622,1,1,2,1
289,17510,20230086839,2023,Uitsluitend materiele schade,2,snorfiets,personenauto,Flank,Rechte weg,Binnen,50.0,Niet brandend,Overig asfalt,Droog,Daglicht,Droog,Burg De Vlugtlaan,amsterdam,POINT (116363.48699999973 488325.0469999984),POINT (4.819741930797337 52.38142804907752),4.819741930797337,52.38142804907752,1,1,2,1
290,17572,20210080790,2021,Uitsluitend materiele schade,2,bromfiets,personenauto,Kop/staart,"Kruispunt, 3 takken",Binnen,50.0,Niet brandend,Overig asfalt,Droog,Daglicht,Droog,Brachthuijzerstraat,amsterdam,POINT (119524.4450000003 485263.80640000105),POINT (4.866488684078141 52.354129217148966),4.866488684078141,52.354129217148966,1,1,2,1
291,17616,20210089616,2021,Uitsluitend materiele schade,2,personenauto,snorfiets,Flank,"Kruispunt, 4 takken",Binnen,50.0,Niet brandend,Overig asfalt,Nat,Daglicht,Droog,Gerrit van der Veenstr,amsterdam,POINT (120247.18409999833 484689.2028999999),POINT (4.877156099492266 52.34901126689217),4.877156099492266,52.34901126689217,1,1,2,1
292,17648,20210087376,2021,Uitsluitend materiele schade,2,personenauto,bromfiets,Flank,"Kruispunt, 3 takken",Binnen,50.0,Niet brandend,Overig asfalt,Droog,Daglicht,Droog,Ranonkelkade,amsterdam,POINT (122350.56060000136 488807.0042000003),POINT (4.907625245609629 52.38614824512377),4.907625245609629,52.38614824512377,1,1,2,1
293,17694,20210079461,2021,Letsel,3,bromfiets,unknown,Eenzijdig,"Kruispunt, 4 takken",Binnen,Unknown,Niet brandend,ZOAB,Droog,Daglicht,Droog,Wibautstraat,amsterdam,POINT (122466.95300000161 485745.75),POINT (4.909631149519659 52.358642717625436),4.909631149519659,52.35864271762544,1,1,1,1
294,17713,20210087209,2021,Uitsluitend materiele schade,2,bromfiets,fiets,Flank,"Kruispunt, 4 takken",Binnen,30.0,Niet brandend,Klinkers,Droog,Daglicht,Droog,Singel,amsterdam,POINT (120990.21730000153 487042.9807999991),POINT (4.887822778817154 52.370211885015216),4.887822778817154,52.370211885015216,1,1,2,1
295,17714,20210087251,2021,Uitsluitend materiele schade,3,personenauto,fiets,Onbekend,Rechte weg,Binnen,50.0,Brandend,ZOAB,Droog,Duisternis,Droog,Stadhouderskade,amsterdam,POINT (120556.88199999928 486111.79399999976),POINT (4.881555543033918 52.361816032247795),4.881555543033918,52.3618160322478,1,1,2,1
296,17778,20210002546,2021,Uitsluitend materiele schade,1,bromfiets,unknown,Geparkeerd voertuig,Rechte weg,Binnen,30.0,Niet brandend,Klinkers,Nat,Schemer,Droog,Da Costakade,amsterdam,POINT (119886.10300000012 487049.2100000009),POINT (4.871610521322438 52.37019838242927),4.871610521322438,52.37019838242927,1,1,2,1
297,17868,20210011952,2021,Uitsluitend materiele schade,3,snorfiets,fiets,Onbekend,Rechte weg,Binnen,50.0,Niet brandend,Unknown,Droog,Daglicht,Droog,Amstellandlaan,amsterdam,POINT (130816.55600000173 480311.5229999982),POINT (5.032587776578119 52.310233634096505),5.032587776578119,52.310233634096505,-1,0,2,0
298,17916,20210028746,2021,Uitsluitend materiele schade,3,personenauto,fiets,Onbekend,"Kruispunt, 3 takken",Binnen,50.0,Niet brandend,Beton,Droog,Duisternis,Droog,Gedempt Hamerkanaal,amsterdam,POINT (123669.90249999985 488821.8850999996),POINT (4.927002715596958 52.38635887023014),4.927002715596958,52.38635887023014,1,1,2,1
299,17958,20210025799,2021,Uitsluitend materiele schade,1,fiets,unknown,Voetganger,Rechte weg,Binnen,50.0,Niet brandend,Beton,Droog,Daglicht,Droog,Scheldestraat,amsterdam,POINT (121181.58799999952 484292.6169999987),POINT (4.890909187409846 52.345505316319674),4.890909187409846,52.34550531631968,1,1,2,1
300,18074,20210016192,2021,Uitsluitend materiele schade,2,personenauto,fiets,Flank,"Kruispunt, 4 takken",Binnen,50.0,Niet brandend,Unknown,Droog,Daglicht,Droog,Henriëtte Ronnerstraat,amsterdam,POINT (121863.14189999923 484872.8429000005),POINT (4.900853708523982 52.35076152298398),4.900853708523982,52.35076152298398,1,1,2,1
301,18132,20210011077,2021,Uitsluitend materiele schade,2,personenauto,fiets,Flank,"Kruispunt, 4 takken",Binnen,50.0,Niet brandend,Overig asfalt,Droog,Daglicht,Droog,Haarlemmerweg,amsterdam,POINT (116290.81799999997 488675.3680000007),POINT (4.818634306992901 52.38457132921094),4.818634306992901,52.38457132921094,1,1,2,1
302,18202,20210073103,2021,Letsel,2,bestelauto,fiets,Flank,"Kruispunt, 4 takken",Binnen,50.0,Brandend,Overig asfalt,Nat,Duisternis,Unknown,Keizersgracht,amsterdam,POINT (120781.35440000147 487458.20490000024),POINT (4.884713787526638 52.37393064718771),4.884713787526638,52.37393064718771,1,1,1,1
303,18207,20210073523,2021,Uitsluitend materiele schade,1,snorfiets,unknown,Flank,Rechte weg,Binnen,50.0,Niet brandend,Overig asfalt,Droog,Daglicht,Droog,Eerste Van Swindenstraat,amsterdam,POINT (123569 486147),POINT (4.9257707825305665 52.36231304686468),4.925770782530567,52.36231304686468,1,1,2,1
304,18262,20210055403,2021,Uitsluitend materiele schade,2,scootmobiel,fiets,Frontaal,Bocht,Binnen,30.0,Niet brandend,Overig asfalt,Droog,Daglicht,Droog,Rode Kruisstraat,amsterdam,POINT (123772.24300000072 489808.5879999995),POINT (4.928414169970968 52.39523249190057),4.928414169970968,52.39523249190057,1,1,2,1
305,18288,20210061510,2021,Letsel,2,fiets,personenauto,Flank,Rechte weg,Binnen,30.0,Niet brandend,Beton,Droog,Daglicht,Unknown,Ceintuurbaan,amsterdam,POINT (121816.35000000149 485295.4239999987),POINT (4.900125288558312 52.354556577138965),4.900125288558312,52.354556577138965,1,1,1,1
306,18352,20210070103,2021,Uitsluitend materiele schade,2,bromfiets,fiets,Flank,Rechte weg,Binnen,50.0,Niet brandend,Overig asfalt,Droog,Daglicht,Droog,Weesperzijde,amsterdam,POINT (122428.58399999887 485235.1649999991),POINT (4.909117362955078 52.354051644196744),4.909117362955078,52.35405164419674,1,1,2,1
307,18460,20210062137,2021,Uitsluitend materiele schade,2,personenauto,bromfiets,Flank,"Kruispunt, 3 takken",Binnen,50.0,Niet brandend,Overig asfalt,Droog,Daglicht,Droog,Wibautstraat,amsterdam,POINT (122588 485411),POINT (4.9114402707655 52.35564136079306),4.9114402707655,52.35564136079306,1,1,2,1
308,18565,20210035746,2021,Letsel,2,personenauto,fiets,Frontaal,"Kruispunt, 4 takken",Binnen,30.0,Brandend,Klinkers,Droog,Daglicht,Droog,Coöperatiehof,amsterdam,POINT (121801.30050000176 484859.0509000011),POINT (4.89994745285528 52.35063383684223),4.89994745285528,52.35063383684223,1,1,1,1
309,18616,20210065540,2021,Uitsluitend materiele schade,2,bromfiets,bestelauto,Flank,"Kruispunt, 3 takken",Binnen,50.0,Niet brandend,Unknown,Droog,Daglicht,Unknown,Slotermeerlaan,amsterdam,POINT (116411.85909999907 488108.7628000006),POINT (4.820477190929959 52.3794876639015),4.820477190929959,52.3794876639015,1,1,2,1
310,18647,20210065591,2021,Uitsluitend materiele schade,2,bromfiets,personenauto,Onbekend,"Kruispunt, 4 takken",Binnen,50.0,Niet aanwezig,Overig asfalt,Droog,Daglicht,Unknown,Baden Powellweg,amsterdam,POINT (114378.51399999857 485559.0320000015),POINT (4.790923951914702 52.35642610267488),4.790923951914702,52.35642610267488,1,1,2,1
311,18664,20210040892,2021,Letsel,2,scootmobiel,fiets,Flank,"Kruispunt, 4 takken",Binnen,15.0,Niet brandend,Overig asfalt,Nat,Daglicht,Regen,Weteringlaan,amsterdam,POINT (121185.9849999994 485686.30999999866),POINT (4.890833651413056 52.358031160813745),4.890833651413056,52.35803116081375,1,1,1,1
312,18710,20219057270,2021,Uitsluitend materiele schade,2,personenauto,fiets,Flank,Rotonde,Binnen,50.0,Brandend,Overig asfalt,Nat,Duisternis,Regen,Osdorper Ban,amsterdam,POINT (113597.24700000137 485962.55799999833),POINT (4.779406720701969 52.359994338887006),4.779406720701969,52.359994338887006,1,1,2,1
313,19131,20210093642,2021,Uitsluitend materiele schade,2,snorfiets,fiets,Flank,Rechte weg,Binnen,50.0,Niet brandend,Overig asfalt,Droog,Daglicht,Droog,Stadionkade,amsterdam,POINT (119567.77899999917 484186.56700000167),POINT (4.867238148390725 52.34445053539557),4.867238148390725,52.34445053539557,1,1,2,1
314,19140,20219037048,2021,Uitsluitend materiele schade,2,bromfiets,voetganger,Voetganger,Rechte weg,Binnen,30.0,Niet brandend,Overig asfalt,Droog,Daglicht,Droog,Utrechtsestraat,amsterdam,POINT (121713.37700000033 486264.24599999934),POINT (4.8985179950373645 52.36325746358491),4.8985179950373645,52.36325746358491,1,1,2,1
315,19276,20220016451,2022,Uitsluitend materiele schade,2,fiets,snorfiets,Flank,"Kruispunt, 4 takken",Binnen,50.0,Brandend,Overig asfalt,Droog,Schemer,Droog,Stadhouderskade,amsterdam,POINT (122059.73809999973 485742.48750000075),POINT (4.903653907461564 52.35858913084679),4.903653907461564,52.35858913084679,1,1,2,1
316,19296,20220080672,2022,Uitsluitend materiele schade,2,personenauto,fiets,Kop/staart,Rechte weg,Binnen,30.0,Niet aanwezig,Overig asfalt,Droog,Daglicht,Droog,Eerste Van Swindenstraat,amsterdam,POINT (123789.17199999839 486220.59699999914),POINT (4.928996162622641 52.362987042313456),4.928996162622641,52.362987042313456,1,1,2,1
317,19298,20220081437,2022,Uitsluitend materiele schade,2,personenauto,bromfiets,Flank,Rechte weg,Binnen,50.0,Niet brandend,Overig asfalt,Droog,Daglicht,Droog,Coentunnelcircuit,amsterdam,POINT (120105 492160),POINT (4.874293384803293 52.41614419231742),4.874293384803293,52.41614419231742,-1,0,2,0
318,19435,20220081028,2022,Letsel,3,personenauto,fiets,Onbekend,Rechte weg,Binnen,50.0,Niet brandend,Beton,Droog,Daglicht,Droog,Admiraal De Ruijterweg,amsterdam,POINT (119204.39600000158 487156.8819999993),POINT (4.8615896320530565 52.37112204743675),4.8615896320530565,52.37112204743675,1,1,1,1
319,19525,20220081236,2022,Uitsluitend materiele schade,2,snorfiets,bestelauto,Flank,"Kruispunt, 4 takken",Binnen,50.0,Niet brandend,Klinkers,Droog,Daglicht,Droog,Apollolaan,amsterdam,POINT (119923.52299999818 484807.3784000017),POINT (4.872393766616762 52.35005278217499),4.872393766616762,52.35005278217499,1,1,2,1
320,19549,20220054444,2022,Uitsluitend materiele schade,2,personenauto,bromfiets,Flank,Rotonde,Binnen,50.0,Niet brandend,Overig asfalt,Droog,Daglicht,Droog,Meeuwenlaan,amsterdam,POINT (123452.71449999884 488946.76300000027),POINT (4.923800853800712 52.387468746282565),4.923800853800712,52.387468746282565,1,1,2,1
321,19646,20220054748,2022,Uitsluitend materiele schade,2,fiets,personenauto,Flank,Rotonde,Binnen,50.0,Niet brandend,ZOAB,Droog,Daglicht,Droog,Plesmanlaan,amsterdam,POINT (114849.30319999903 484592.34650000185),POINT (4.797949646739081 52.347772902900175),4.797949646739081,52.347772902900175,1,1,2,1
322,19656,20220102305,2022,Uitsluitend materiele schade,2,personenauto,fiets,Kop/staart,Rechte weg,Binnen,50.0,Brandend,Overig asfalt,Droog,Duisternis,Droog,Spuistraat,amsterdam,POINT (121140.53700000048 487445.1330000013),POINT (4.889989401701095 52.37383543142805),4.889989401701095,52.37383543142805,1,1,2,1
323,19683,20220102482,2022,Uitsluitend materiele schade,2,vrachtauto,fiets,Flank,"Kruispunt, 3 takken",Binnen,50.0,Niet brandend,Overig asfalt,Droog,Daglicht,Droog,Javaplein,amsterdam,POINT (124505.48389999941 486304.4781000018),POINT (4.939504464614072 52.36378114397026),4.939504464614072,52.36378114397026,1,1,2,1
324,19764,20220016253,2022,Uitsluitend materiele schade,2,personenauto,e-bike,Frontaal,"Kruispunt, 3 takken",Binnen,Unknown,Niet brandend,Overig asfalt,Droog,Daglicht,Droog,Maassluisstraat,amsterdam,POINT (117478.3638000004 484788.1871000007),POINT (4.8365103289942954 52.34971877958209),4.836510328994296,52.34971877958209,1,1,2,1
325,19970,20230067897,2023,Uitsluitend materiele schade,1,bromfiets,unknown,Onbekend,Unknown,Unknown,Unknown,Unknown,Unknown,Unknown,Daglicht,Unknown,Westerdoksdijk,amsterdam,POINT (121360.51900000125 488482.08300000057),POINT (4.893115833107203 52.38316831206226),4.893115833107203,52.38316831206226,1,1,2,1
326,20065,20230004615,2023,Uitsluitend materiele schade,2,motor,bromfiets,Frontaal,"Kruispunt, 4 takken",Binnen,50.0,Brandend,ZOAB,Droog,Duisternis,Droog,De Clercqstraat,amsterdam,POINT (120053.28599999845 487229.0769999996),POINT (4.874046552655166 52.37182556032683),4.874046552655166,52.37182556032683,1,1,2,1
327,20068,20230006093,2023,Uitsluitend materiele schade,1,bromfiets,unknown,Flank,Rechte weg,Binnen,50.0,Niet brandend,Overig asfalt,Droog,Daglicht,Droog,Zeilstraat,amsterdam,POINT (118609.95399999991 484905.51399999857),POINT (4.853104951241184 52.350849334358955),4.853104951241184,52.35084933435896,1,1,2,1
328,20091,20230004628,2023,Uitsluitend materiele schade,2,snorfiets,personenauto,Flank,"Kruispunt, 4 takken",Binnen,50.0,Niet brandend,Overig asfalt,Droog,Daglicht,Droog,Stadhouderskade,amsterdam,POINT (121768.77769999951 485673.9448999986),POINT (4.899389640381129 52.35795559326494),4.899389640381129,52.35795559326494,1,1,2,1
329,20584,20210065527,2021,Letsel,2,snorfiets,personenauto,Flank,"Kruispunt, 3 takken",Binnen,Unknown,Niet brandend,Overig asfalt,Nat,Daglicht,Regen,Blauwhoedenveem,amsterdam,POINT (122936.74199999869 487791.8420000002),POINT (4.916332116306301 52.377059230259896),4.916332116306301,52.377059230259896,1,1,1,1
330,20694,20220177317,2022,Uitsluitend materiele schade,2,personenauto,fiets,Frontaal,Rechte weg,Binnen,30.0,Brandend,Klinkers,Droog,Duisternis,Droog,Koningsplein,amsterdam,POINT (121108.64400000125 486699.66800000146),POINT (4.889596241327353 52.36713375300398),4.889596241327353,52.36713375300398,1,1,2,1
331,20696,20220177687,2022,Uitsluitend materiele schade,2,snorfiets,personenauto,Flank,Rechte weg,Binnen,30.0,Niet brandend,Klinkers,Nat,Daglicht,Droog,Azaleastraat,amsterdam,POINT (122945.88500000164 489857.9140000008),POINT (4.916269207720128 52.395628154128175),4.916269207720128,52.395628154128175,1,1,2,1