,Unnamed: 0,accident_id,accident_year,outcome,num_parties,party1_type,party2_type,accident_nature,road_situation,built_up_area,speed_limit_kmh,street_lighting,road_surface,road_condition,light_condition,weather_condition,street_name,municipality,shape,geometry,longitude,latitude,cluster,future_hotspot_spatial,outcome_encoded,future_hotspot_pred
332,20698,20220178315,2022,Letsel,2,snorfiets,personenauto,Geparkeerd voertuig,Bocht,Binnen,30.0,Brandend,Overig asfalt,Nat,Duisternis,Droog,Wognumerstraat,amsterdam,POINT (124830.80700000003 489245.4149999991),POINT (4.944016469682566 52.390230296731396),4.944016469682566,52.3902302967314,1,1,1,1
333,20733,20220177392,2022,Uitsluitend materiele schade,1,bromfiets,unknown,Flank,"Kruispunt, 4 takken",Binnen,30.0,Niet brandend,Overig asfalt,Droog,Daglicht,Droog,Abcouderpad,amsterdam,POINT (125028.52299999818 481298.81599999964),POINT (4.947628776467688 52.31882202428906),4.947628776467688,52.31882202428906,0,1,2,1
334,20734,20220177397,2022,Uitsluitend materiele schade,2,personenauto,bromfiets,Flank,Rechte weg,Binnen,50.0,Niet brandend,Overig asfalt,Droog,Daglicht,Droog,Stadhouderskade,amsterdam,POINT (120491.23930000141 486171.28649999946),POINT (4.880585794069666 52.36234658910481),4.880585794069666,52.36234658910481,1,1,2,1
335,20735,20220177434,2022,Uitsluitend materiele schade,2,snorfiets,fiets,Frontaal,Rechte weg,Binnen,50.0,Brandend,Overig asfalt,Nat,Duisternis,Unknown,Rhijnspoorplein,amsterdam,POINT (122351.58799999952 486022.8269999996),POINT (4.9079107942552795 52.361126056282416),4.90791079425528,52.361126056282416,1,1,2,1
336,20736,20220177703,2022,Letsel,2,bromfiets,bromfiets,Flank,"Kruispunt, 4 takken",Binnen,30.0,Niet brandend,ZOAB,Droog,Daglicht,Droog,FIETSPAD,amsterdam,POINT (126916.06289999932 481047.6994000003),POINT (4.975332509970953 52.31666473507313),4.975332509970953,52.31666473507313,0,1,1,1
337,20737,20220178023,2022,Letsel,2,bromfiets,fiets,Flank,"Kruispunt, 4 takken",Binnen,30.0,Brandend,Overig asfalt,Nat,Duisternis,Regen,0348 BRUG,amsterdam,POINT (118537.54309999943 484925.9448999986),POINT (4.8520400017156735 52.35102815235107),4.8520400017156735,52.35102815235107,1,1,1,1
338,20785,20220142141,2022,Uitsluitend materiele schade,2,personenauto,fiets,Flank,"Kruispunt, 4 takken",Binnen,50.0,Brandend,ZOAB,Droog,Duisternis,Droog,FIETSPAD,amsterdam,POINT (124116.21810000017 487286.4541000016),POINT (4.933699491276372 52.372584750142266),4.933699491276372,52.372584750142266,1,1,2,1
339,20795,20220178181,2022,Letsel,3,bromfiets,personenauto,Flank,Bocht,Binnen,50.0,Brandend,Klinkers,Droog,Schemer,Droog,Gedempt Hamerkanaal,amsterdam,POINT (123325.58799999952 488574.0159999989),POINT (4.921968680226205 52.38411143709697),4.921968680226205,52.38411143709697,1,1,1,1
340,20812,20220123412,2022,Uitsluitend materiele schade,3,fiets,personenauto,Los voorwerp,Rechte weg,Binnen,50.0,Brandend,ZOAB,Droog,Duisternis,Droog,Jan Evertsenstraat,amsterdam,POINT (118808.51799999923 487145.9699999988),POINT (4.855778060934928 52.37099803137127),4.855778060934928,52.37099803137127,1,1,2,1
341,20818,20220142201,2022,Uitsluitend materiele schade,2,personenauto,fiets,Flank,"Kruispunt, 3 takken",Binnen,50.0,Niet brandend,Overig asfalt,Droog,Daglicht,Droog,Admiraal De Ruijterweg,amsterdam,POINT (119078.47899999842 487208.30629999936),POINT (4.859735274103939 52.37157598869152),4.859735274103939,52.37157598869152,1,1,2,1
342,20819,20220142217,2022,Letsel,2,personenauto,fiets,Flank,"Kruispunt, 4 takken",Binnen,30.0,Niet brandend,Overig asfalt,Droog,Daglicht,Droog,Nassauplein,amsterdam,POINT (120572.84090000018 488788.60240000114),POINT (4.881515619470109 52.3858742487939),4.881515619470109,52.3858742487939,1,1,1,1
343,20840,20220123462,2022,Uitsluitend materiele schade,2,motor,fiets,Flank,"Kruispunt, 4 takken",Binnen,50.0,Niet brandend,Overig asfalt,Droog,Daglicht,Droog,Falckstraat,amsterdam,POINT (121676.91959999874 485982.4492000006),POINT (4.898010699777522 52.36072265627207),4.898010699777522,52.36072265627207,1,1,2,1
344,20881,20220142370,2022,Letsel,2,fiets,voetganger,Voetganger,"Kruispunt, 4 takken",Binnen,50.0,Niet brandend,Klinkers,Droog,Daglicht,Droog,Keizersgracht,amsterdam,POINT (121104.62449999899 486400.7102999985),POINT (4.889567365712535 52.36444668253628),4.889567365712535,52.36444668253628,1,1,1,1
345,20909,20220142397,2022,Uitsluitend materiele schade,2,bromfiets,personenauto,Flank,Rechte weg,Binnen,50.0,Niet brandend,Overig asfalt,Droog,Daglicht,Droog,Cruquiusweg,amsterdam,POINT (124352.74300000072 486836.51399999857),POINT (4.9372135975042735 52.36855423576078),4.9372135975042735,52.36855423576078,1,1,2,1
346,20947,20220155243,2022,Uitsluitend materiele schade,2,personenauto,bromfiets,Flank,Rotonde,Binnen,50.0,Niet brandend,Overig asfalt,Droog,Daglicht,Droog,Banne Buikslootlaan,amsterdam,POINT (122880.62840000167 491348.92550000176),POINT (4.915167793797763 52.40902444676526),4.915167793797763,52.40902444676526,1,1,2,1
347,21006,20220155420,2022,Uitsluitend materiele schade,2,personenauto,fiets,Frontaal,Rechte weg,Binnen,30.0,Brandend,Klinkers,Droog,Duisternis,Droog,Amstel,amsterdam,POINT (121618.23299999908 486686.3999999985),POINT (4.89707930804539 52.367045718204764),4.89707930804539,52.36704571820477,1,1,2,1
348,21022,20220124016,2022,Uitsluitend materiele schade,2,personenauto,fiets,Onbekend,Rotonde,Binnen,50.0,Niet brandend,Overig asfalt,Droog,Daglicht,Droog,Louis Bouwmeesterstraat,amsterdam,POINT (116458.0524000004 485498.2930999994),POINT (4.821454863279112 52.3560300557057),4.821454863279112,52.3560300557057,1,1,2,1
349,21023,20220124025,2022,Letsel,2,snorfiets,e-bike,Flank,"Kruispunt, 4 takken",Binnen,30.0,Niet brandend,Overig asfalt,Droog,Daglicht,Droog,Strandvlietpad,amsterdam,POINT (124598.08619999886 481040.4433000013),POINT (4.941339279325993 52.31647629176105),4.941339279325993,52.31647629176105,0,1,1,1
350,21142,20220141726,2022,Uitsluitend materiele schade,2,personenauto,fiets,Flank,Rechte weg,Binnen,50.0,Niet brandend,Klinkers,Droog,Daglicht,Droog,Westerpark,amsterdam,POINT (120455.68400000036 488861.86100000143),POINT (4.87978727176876 52.3865252819946),4.87978727176876,52.3865252819946,1,1,2,1
351,21181,20220141809,2022,Letsel,2,snorfiets,voetganger,Voetganger,Rechte weg,Binnen,Unknown,Niet brandend,Overig asfalt,Droog,Daglicht,Droog,Abcouderpad,amsterdam,POINT (125148.54100000113 481045.25400000066),POINT (4.9494114210320985 52.316549675880644),4.9494114210320985,52.31654967588064,0,1,1,1
352,21221,20220141841,2022,Uitsluitend materiele schade,2,personenauto,fiets,Flank,"Kruispunt, 4 takken",Binnen,50.0,Niet brandend,Unknown,Droog,Daglicht,Unknown,Bijlmerdreef,amsterdam,POINT (126624.59019999951 481586.14090000093),POINT (4.971012627399237 52.321489001319186),4.971012627399237,52.32148900131919,0,1,2,1
353,21237,20230050069,2023,Letsel,2,personenauto,e-bike,Flank,Rotonde,Binnen,50.0,Niet brandend,Overig asfalt,Droog,Daglicht,Droog,FIETSPAD,amsterdam,POINT (115194.92130000144 489336.4899000004),POINT (4.802459936577688 52.390434560102065),4.802459936577688,52.39043456010207,1,1,1,1
354,21248,20230059887,2023,Letsel,2,personenauto,fiets,Flank,"Kruispunt, 4 takken",Binnen,Unknown,Brandend,Overig asfalt,Droog,Duisternis,Droog,Wibautstraat,amsterdam,POINT (122409.76099999994 485909.1420000009),POINT (4.908775788043706 52.36010778599409),4.908775788043706,52.36010778599409,1,1,1,1
355,21292,20230058744,2023,Uitsluitend materiele schade,3,scootmobiel,fiets,Geparkeerd voertuig,Bocht,Binnen,30.0,Niet brandend,Klinkers,Droog,Daglicht,Droog,Assendelftstraat,amsterdam,POINT (120421.8200000003 489141.78400000185),POINT (4.8792610455319005 52.389038887203846),4.8792610455319005,52.389038887203846,1,1,2,1
356,21321,20230060011,2023,Letsel,2,bromfiets,personenauto,Flank,"Kruispunt, 4 takken",Binnen,50.0,Brandend,ZOAB,Nat,Duisternis,Droog,Piet Heinkade,amsterdam,POINT (123303.19110000134 487710.5667000003),POINT (4.921721182291018 52.37635005986095),4.921721182291018,52.37635005986095,1,1,1,1
357,21323,20230060014,2023,Letsel,2,motor,fiets,Kop/staart,Rechte weg,Binnen,30.0,Niet brandend,Overig asfalt,Droog,Daglicht,Droog,Vijzelgracht,amsterdam,POINT (121204.33199999854 486024.0520000011),POINT (4.8910690282396505 52.36106768270064),4.8910690282396505,52.36106768270064,1,1,1,1
358,21355,20230060030,2023,Letsel,2,bromfiets,bromfiets,Flank,"Kruispunt, 3 takken",Binnen,Unknown,Brandend,ZOAB,Droog,Schemer,Droog,Spaarndammerdijk,amsterdam,POINT (120357.30620000139 489432.06060000136),POINT (4.878283445808887 52.39164360521498),4.878283445808887,52.39164360521498,1,1,1,1
359,21356,20230060045,2023,Letsel,1,fiets,unknown,Eenzijdig,"Kruispunt, 4 takken",Binnen,50.0,Brandend,Klinkers,Droog,Duisternis,Droog,KINKERBRUG 0266,amsterdam,POINT (119116.25710000098 486427.7906999998),POINT (4.8603732945253935 52.36456376026658),4.8603732945253935,52.36456376026658,1,1,1,1
360,21455,20230059392,2023,Uitsluitend materiele schade,2,personenauto,bromfiets,Flank,"Kruispunt, 4 takken",Binnen,30.0,Niet brandend,Klinkers,Droog,Daglicht,Droog,Eva Besnyöstraat,amsterdam,POINT (129419.11499999836 484511.4248000011),POINT (5.011777774830903 52.34791698821829),5.011777774830903,52.34791698821829,-1,0,2,0
361,21468,20230048764,2023,Uitsluitend materiele schade,2,personenauto,fiets,Flank,"Kruispunt, 4 takken",Binnen,50.0,Niet brandend,Overig asfalt,Droog,Daglicht,Droog,Johan Huizingalaan,amsterdam,POINT (116857 484338),POINT (4.827442196089055 52.34563005065082),4.827442196089055,52.34563005065082,1,1,2,1
362,21470,20230050467,2023,Uitsluitend materiele schade,2,bromfiets,fiets,Flank,"Kruispunt, 4 takken",Binnen,50.0,Niet brandend,Klinkers,Droog,Daglicht,Droog,Halvemaansteeg,amsterdam,POINT (121534.47899999842 486600.7980000004),POINT (4.895858160836321 52.36627129007089),4.895858160836321,52.36627129007089,1,1,2,1
363,21500,20230048814,2023,Letsel,2,bromfiets,overig vast object,Vast voorwerp,Rechte weg,Binnen,50.0,Niet brandend,Overig asfalt,Droog,Daglicht,Droog,Hobbemakade,amsterdam,POINT (120882.92500000075 485273.34600000083),POINT (4.8864269471671244 52.35430098694261),4.8864269471671244,52.35430098694261,1,1,1,1
364,21613,20220211580,2022,Uitsluitend materiele schade,2,bromfiets,fiets,Onbekend,Unknown,Unknown,Unknown,Unknown,Unknown,Unknown,Duisternis,Unknown,1e C Huygensstr,amsterdam,POINT (120133.75899999961 486228.48900000006),POINT (4.875331942567186 52.362838110272676),4.875331942567186,52.36283811027268,1,1,2,1
365,21614,20220211592,2022,Uitsluitend materiele schade,2,bromfiets,personenauto,Flank,"Kruispunt, 4 takken",Binnen,50.0,Niet brandend,Overig asfalt,Droog,Daglicht,Droog,Pretoriusstraat,amsterdam,POINT (123685.02189999819 485485.0197999999),POINT (4.927535661379873 52.35637022425164),4.927535661379873,52.35637022425164,1,1,2,1
366,21728,20220211716,2022,Uitsluitend materiele schade,1,fiets,unknown,Onbekend,Rechte weg,Binnen,Unknown,Brandend,Overig asfalt,Nat,Duisternis,Regen,Stationsplein,amsterdam,POINT (131653.73539999872 480406.2998000011),POINT (5.044857064093469 52.31112160398598),5.044857064093469,52.31112160398598,-1,0,2,0
367,21729,20220212397,2022,Uitsluitend materiele schade,2,personenauto,fiets,Flank,"Kruispunt, 3 takken",Binnen,30.0,Niet brandend,Overig asfalt,Nat,Schemer,Droog,Arlandaweg,amsterdam,POINT (117437.97540000081 488814.4395999983),POINT (4.835467725873546 52.385900889472026),4.835467725873546,52.385900889472026,1,1,2,1
368,21765,20220211752,2022,Uitsluitend materiele schade,2,personenauto,fiets,Flank,"Kruispunt, 4 takken",Binnen,50.0,Brandend,Overig asfalt,Droog,Duisternis,Droog,Beukenplein,amsterdam,POINT (123027.68019999936 485600.55420000106),POINT (4.917875951841725 52.357370712191106),4.917875951841725,52.35737071219111,1,1,2,1
369,21797,20220210378,2022,Letsel,2,personenauto,fiets,Flank,"Kruispunt, 4 takken",Binnen,50.0,Brandend,Overig asfalt,Nat,Duisternis,Regen,Meer en Vaart,amsterdam,POINT (115710.97839999944 485311.34329999983),POINT (4.810511078278774 52.35429697724649),4.810511078278774,52.35429697724649,1,1,1,1
370,21799,20220211109,2022,Letsel,2,personenauto,fiets,Flank,"Kruispunt, 3 takken",Binnen,50.0,Niet brandend,Overig asfalt,Droog,Daglicht,Droog,Dollardpad,amsterdam,POINT (124614.04050000012 490184.5223999992),POINT (4.940747250630038 52.39865838013339),4.940747250630038,52.39865838013339,1,1,1,1
371,21840,20220210416,2022,Letsel,2,personenauto,fiets,Frontaal,Rechte weg,Binnen,30.0,Niet brandend,Klinkers,Droog,Daglicht,Droog,Maasstraat,amsterdam,POINT (121464.67000000179 484268.23999999836),POINT (4.895065779376477 52.34530357852337),4.895065779376477,52.34530357852337,1,1,1,1
372,21841,20220211187,2022,Uitsluitend materiele schade,2,motor,fiets,Flank,"Kruispunt, 3 takken",Binnen,50.0,Niet brandend,ZOAB,Nat,Daglicht,Droog,'s-Gravesandeplein,amsterdam,POINT (122940.02199999988 485830.4840000011),POINT (4.916567324904368 52.35943206167372),4.916567324904368,52.35943206167372,1,1,2,1
373,22050,20220212135,2022,Uitsluitend materiele schade,3,bestelauto,fiets,Onbekend,Rechte weg,Binnen,30.0,Niet brandend,Overig asfalt,Unknown,Daglicht,Unknown,Westerstraat,amsterdam,POINT (120743.78700000048 487964.4140000008),POINT (4.884110538950713 52.3784777450551),4.884110538950713,52.3784777450551,1,1,2,1
374,22084,20220211504,2022,Letsel,2,bromfiets,fiets,Onbekend,Rechte weg,Binnen,50.0,Brandend,Unknown,Nat,Duisternis,Regen,Piet Heinkade,amsterdam,POINT (123183.61100000143 487736.6030000001),POINT (4.919962680799655 52.37657714037732),4.919962680799655,52.37657714037732,1,1,1,1
375,22401,20230111142,2023,Uitsluitend materiele schade,2,bromfiets,personenauto,Flank,"Kruispunt, 4 takken",Binnen,50.0,Brandend,Overig asfalt,Nat,Duisternis,Droog,'s-Gravesandeplein,amsterdam,POINT (122844.68939999864 485763.2030000016),POINT (4.915174330457603 52.358821812758784),4.915174330457603,52.358821812758784,1,1,2,1
376,22453,20230024242,2023,Uitsluitend materiele schade,2,personenauto,fiets,Flank,"Kruispunt, 4 takken",Binnen,30.0,Niet brandend,Overig asfalt,Nat,Daglicht,Regen,Burg Van de Pollstraat,amsterdam,POINT (117244.31370000169 487580.8478000015),POINT (4.832761850635853 52.374801058886376),4.832761850635853,52.374801058886376,1,1,2,1
377,22465,20230066847,2023,Uitsluitend materiele schade,2,bromfiets,bromfiets,Flank,"Kruispunt, 4 takken",Binnen,50.0,Niet aanwezig,Overig asfalt,Droog,Daglicht,Droog,Rombout Hogerbeetsstraat,amsterdam,POINT (119898.433699999 487573.30270000175),POINT (4.871736837259852 52.37490933186118),4.871736837259852,52.37490933186118,1,1,2,1
378,22469,20230067103,2023,Uitsluitend materiele schade,2,bestelauto,fiets,Flank,Rechte weg,Binnen,50.0,Niet brandend,ZOAB,Nat,Daglicht,Droog,Wibautstraat,amsterdam,POINT (123053.9840000011 484669.5549999997),POINT (4.918350456488574 52.34900502357105),4.918350456488574,52.34900502357105,1,1,2,1
379,22472,20230067782,2023,Uitsluitend materiele schade,1,fiets,unknown,Onbekend,"Kruispunt, 4 takken",Binnen,50.0,Niet brandend,Klinkers,Nat,Daglicht,Droog,Javastraat,amsterdam,POINT (123958.52950000018 486268.7708999999),POINT (4.9314779882375 52.36342959441278),4.9314779882375,52.36342959441278,1,1,2,1
380,22489,20230024310,2023,Uitsluitend materiele schade,2,bromfiets,personenauto,Flank,Rotonde,Binnen,50.0,Niet brandend,ZOAB,Droog,Daglicht,Droog,Burgemeester Röellstraat,amsterdam,POINT (116272 487690),POINT (4.818471504801881 52.37571431347062),4.818471504801881,52.37571431347062,1,1,2,1
381,22636,20230036832,2023,Uitsluitend materiele schade,2,snorfiets,bestelauto,Flank,"Kruispunt, 4 takken",Binnen,50.0,Niet brandend,Overig asfalt,Nat,Daglicht,Droog,Burg De Vlugtlaan,amsterdam,POINT (116838.40210000053 488211.5533000007),POINT (4.82672967679947 52.380441277188844),4.82672967679947,52.38044127718885,1,1,2,1
382,22640,20230067967,2023,Uitsluitend materiele schade,2,snorfiets,fiets,Flank,"Kruispunt, 4 takken",Binnen,50.0,Niet brandend,Unknown,Nat,Daglicht,Droog,Schubertstraat,amsterdam,POINT (120296.60799999908 484459.1004000008),POINT (4.877905167829179 52.34694638587078),4.877905167829179,52.34694638587078,1,1,2,1
383,22722,20230020537,2023,Uitsluitend materiele schade,2,bromfiets,personenauto,Onbekend,"Kruispunt, 3 takken",Binnen,50.0,Brandend,ZOAB,Droog,Schemer,Droog,Koos Vorrinkweg,amsterdam,POINT (114974.34690000117 485133.3445000015),POINT (4.799720351004015 52.35264409278544),4.799720351004015,52.35264409278544,1,1,2,1
384,22808,20230078527,2023,Letsel,2,bestelauto,fiets,Eenzijdig,"Kruispunt, 3 takken",Binnen,50.0,Unknown,Unknown,Droog,Daglicht,Droog,C. van Eesterenlaan,amsterdam,POINT (124437.25230000168 486837.9776000008),POINT (4.9384542697809275 52.36857209882662),4.938454269780928,52.36857209882662,1,1,1,1
385,22940,20230078160,2023,Uitsluitend materiele schade,2,bromfiets,bromfiets,Flank,"Kruispunt, 4 takken",Binnen,30.0,Niet brandend,Klinkers,Droog,Daglicht,Droog,Piet Mondriaanstraat,amsterdam,POINT (117759.14189999923 486585.3691999987),POINT (4.840432063365826 52.36588961809934),4.840432063365826,52.36588961809934,1,1,2,1
386,23064,20230086465,2023,Letsel,2,personenauto,fiets,Onbekend,"Kruispunt, 4 takken",Binnen,50.0,Niet brandend,Overig asfalt,Droog,Schemer,Droog,Haarlemmerweg,amsterdam,POINT (117356.95019999892 488679.431499999),POINT (4.834292756512104 52.384681994243785),4.834292756512104,52.384681994243785,1,1,1,1
387,23102,20230102677,2023,Uitsluitend materiele schade,2,personenauto,fiets,Flank,"Kruispunt, 3 takken",Binnen,50.0,Brandend,Klinkers,Nat,Duisternis,Regen,Kastanjelaan,amsterdam,POINT (130999.20450000092 480311.3392999992),POINT (5.035266025298023 52.31023998070264),5.035266025298023,52.31023998070264,-1,0,2,0
388,23269,20230097387,2023,Uitsluitend materiele schade,2,bestelauto,fiets,Flank,"Kruispunt, 4 takken",Binnen,50.0,Niet brandend,Overig asfalt,Droog,Daglicht,Droog,Bilderdijkstraat,amsterdam,POINT (119925.01399999857 486726.9578999989),POINT (4.872215470413642 52.3673047008607),4.872215470413642,52.3673047008607,1,1,2,1
389,23290,20210087341,2021,Uitsluitend materiele schade,2,personenauto,fiets,Flank,"Kruispunt, 4 takken",Binnen,Unknown,Niet brandend,ZOAB,Droog,Daglicht,Droog,Albert Cuypstraat,amsterdam,POINT (121151.86890000105 485346.85269999877),POINT (4.890367021408049 52.35497824944599),4.890367021408049,52.35497824944599,1,1,2,1
390,23305,20210084457,2021,Uitsluitend materiele schade,2,personenauto,fiets,Flank,Rotonde,Binnen,50.0,Brandend,Overig asfalt,Droog,Duisternis,Droog,Gooiseweg,amsterdam,POINT (126343.34800000116 480563.0329999998),POINT (4.9669746350790005 52.312279272168354),4.9669746350790005,52.312279272168354,0,1,2,1
391,23306,20210084461,2021,Uitsluitend materiele schade,2,personenauto,fiets,Flank,"Kruispunt, 4 takken",Binnen,50.0,Brandend,Beton,Nat,Schemer,Regen,Linnaeusstraat,amsterdam,POINT (123532.69700000063 485895.2987000011),POINT (4.925261391050785 52.360048841786565),4.925261391050785,52.360048841786565,1,1,2,1
392,23343,20210083084,2021,Uitsluitend materiele schade,2,personenauto,fiets,Flank,Rotonde,Binnen,50.0,Niet brandend,Overig asfalt,Nat,Daglicht,Droog,Gooiseweg,amsterdam,POINT (125954.51099999994 481260.9670000002),POINT (4.961212634606833 52.318531536348566),4.961212634606833,52.318531536348566,0,1,2,1
393,23366,20210075830,2021,Uitsluitend materiele schade,2,bromfiets,fiets,Flank,"Kruispunt, 4 takken",Binnen,50.0,Brandend,Overig asfalt,Droog,Duisternis,Droog,Wijttenbachstraat,amsterdam,POINT (123888.11129999906 486035.0342000015),POINT (4.930465819285362 52.36132493717997),4.930465819285362,52.36132493717997,1,1,2,1
394,23378,20210087362,2021,Uitsluitend materiele schade,2,bromfiets,fiets,Flank,"Kruispunt, 4 takken",Binnen,50.0,Brandend,Beton,Nat,Duisternis,Regen,Willem de Zwijgerlaan,amsterdam,POINT (119323.05900000036 487127.9290000014),POINT (4.863335056278083 52.37086956125721),4.863335056278083,52.37086956125721,1,1,2,1
395,23380,20210087386,2021,Letsel,2,motor,fiets,Frontaal,Rechte weg,Binnen,30.0,Niet brandend,Overig asfalt,Droog,Daglicht,Droog,Vreeswijkpad,amsterdam,POINT (127392.45899999887 478982.7719999999),POINT (4.982488067590598 52.298130323147355),4.982488067590598,52.29813032314736,-1,0,1,0
396,23428,20210079466,2021,Uitsluitend materiele schade,2,personenauto,bromfiets,Flank,Rechte weg,Binnen,30.0,Brandend,Klinkers,Nat,Duisternis,Regen,Anton de Komplein,amsterdam,POINT (125725.29699999839 481063.20899999887),POINT (4.9578681652858485 52.316742043280186),4.9578681652858485,52.316742043280186,0,1,2,1
397,23448,20210087211,2021,Letsel,1,fiets,unknown,Eenzijdig,Rechte weg,Binnen,50.0,Niet brandend,Klinkers,Droog,Daglicht,Droog,Prinsengracht,amsterdam,POINT (120613.01700000092 486836.68200000003),POINT (4.8823054784090925 52.36833432991914),4.8823054784090925,52.36833432991914,1,1,1,1
398,23449,20210087293,2021,Uitsluitend materiele schade,2,bromfiets,personenauto,Onbekend,Rechte weg,Binnen,50.0,Unknown,Unknown,Droog,Schemer,Droog,Marnixstraat,amsterdam,POINT (120156.70300000161 487265.5370000005),POINT (4.875561290763485 52.372159807784456),4.875561290763485,52.372159807784456,1,1,2,1
399,23500,20210019547,2021,Uitsluitend materiele schade,2,fiets,fiets,Onbekend,Rechte weg,Buiten,50.0,Niet aanwezig,Overig asfalt,Droog,Daglicht,Droog,Durgerdammergouw,amsterdam,POINT (128792.91000000015 488575.08199999854),POINT (5.0022710348813675 52.384409236904325),5.002271034881368,52.384409236904325,-1,0,2,0
400,23538,20210013253,2021,Letsel,2,snorfiets,personenauto,Onbekend,"Kruispunt, 4 takken",Binnen,50.0,Brandend,Overig asfalt,Nat,Duisternis,Droog,Tussen Meer,amsterdam,POINT (114989.5390000008 485756.1196000017),POINT (4.7998692512885155 52.35824220996628),4.799869251288516,52.35824220996628,1,1,1,1
401,23565,20210028242,2021,Uitsluitend materiele schade,1,snorfiets,unknown,Voetganger,Rechte weg,Binnen,50.0,Niet brandend,Overig asfalt,Droog,Daglicht,Droog,Amstelveenseweg,amsterdam,POINT (118803.17399999872 485188.9620000012),POINT (4.855910243727339 52.35340952485037),4.855910243727339,52.35340952485037,1,1,2,1
402,23656,20210021728,2021,Uitsluitend materiele schade,3,scootmobiel,bromfiets,Kop/staart,Rechte weg,Binnen,50.0,Niet brandend,Overig asfalt,Droog,Daglicht,Droog,Nassaukade,amsterdam,POINT (120201.82999999821 486842.8370000012),POINT (4.876267674084931 52.368363747450786),4.876267674084931,52.36836374745079,1,1,2,1
403,23705,20210002928,2021,Uitsluitend materiele schade,1,bromfiets,unknown,Eenzijdig,Rechte weg,Binnen,50.0,Niet brandend,Klinkers,Sneeuw/ijzel,Daglicht,Regen,Heinzestraat,amsterdam,POINT (120211.3599999994 485093.77699999884),POINT (4.8765885202981245 52.35264503382408),4.8765885202981245,52.35264503382408,1,1,2,1
404,23719,20210018632,2021,Letsel,2,personenauto,bromfiets,Flank,"Kruispunt, 4 takken",Binnen,50.0,Niet brandend,ZOAB,Nat,Daglicht,Droog,Burg Van de Pollstraat,amsterdam,POINT (117244.31370000169 487580.8478000015),POINT (4.832761850635853 52.374801058886376),4.832761850635853,52.374801058886376,1,1,1,1
405,23730,20210033830,2021,Letsel,2,e-bike,e-bike,Frontaal,Rechte weg,Binnen,Unknown,Niet brandend,Overig asfalt,Droog,Daglicht,Droog,Klaprozenweg,amsterdam,POINT (122124.98299999908 490329.5993000008),POINT (4.9041628243968605 52.39981874863832),4.9041628243968605,52.39981874863832,1,1,1,1
406,23846,20210015625,2021,Uitsluitend materiele schade,2,bromfiets,personenauto,Kop/staart,"Kruispunt, 4 takken",Binnen,50.0,Niet aanwezig,Klinkers,Droog,Daglicht,Droog,Lekstraat,amsterdam,POINT (121897.4224999994 484106.80530000106),POINT (4.9014321747339675 52.34387894430356),4.901432174733968,52.34387894430356,1,1,2,1
407,23860,20210031661,2021,Letsel,2,bromfiets,personenauto,Flank,"Kruispunt, 4 takken",Binnen,30.0,Brandend,Overig asfalt,Nat,Duisternis,Regen,Akbarstraat,amsterdam,POINT (117856.7809999995 488119.4461000003),POINT (4.841696005975023 52.37968333392889),4.841696005975023,52.37968333392889,1,1,1,1
408,23966,20210059435,2021,Uitsluitend materiele schade,2,bestelauto,fiets,Flank,"Kruispunt, 3 takken",Binnen,50.0,Niet aanwezig,Overig asfalt,Droog,Daglicht,Droog,J.H. Hisgenpad,amsterdam,POINT (123659.15729999915 490375.15150000155),POINT (4.926699897250873 52.4003179104847),4.926699897250873,52.4003179104847,1,1,2,1
409,23967,20210059436,2021,Uitsluitend materiele schade,2,personenauto,fiets,Frontaal,"Kruispunt, 3 takken",Binnen,50.0,Brandend,Overig asfalt,Droog,Duisternis,Droog,Akoleienstraat,amsterdam,POINT (120351 487339),POINT (4.878406689109745 52.37283233374779),4.878406689109745,52.37283233374779,1,1,2,1
410,24019,20210050859,2021,Uitsluitend materiele schade,2,personenauto,fiets,Flank,Rechte weg,Binnen,30.0,Niet brandend,Klinkers,Droog,Daglicht,Droog,Achtergracht,amsterdam,POINT (131245.9699999988 480042.30900000036),POINT (5.038903379740536 52.30783276860048),5.038903379740536,52.30783276860048,-1,0,2,0
411,24052,20210055042,2021,Letsel,1,bromfiets,unknown,Eenzijdig,Rechte weg,Binnen,50.0,Brandend,Overig asfalt,Nat,Duisternis,Unknown,Postjesweg,amsterdam,POINT (117735.20100000128 486385.8110000007),POINT (4.84010269447167 52.36409451611622),4.84010269447167,52.36409451611622,1,1,1,1
412,24084,20210058388,2021,Uitsluitend materiele schade,2,personenauto,fiets,Onbekend,"Kruispunt, 3 takken",Binnen,30.0,Brandend,Klinkers,Droog,Duisternis,Droog,Dr Jan van Breemenstraat,amsterdam,POINT (118003.36160000041 487172.02120000124),POINT (4.843952991541236 52.37117850651434),4.843952991541236,52.37117850651434,1,1,2,1
413,24129,20210071671,2021,Uitsluitend materiele schade,2,bromfiets,bestelauto,Flank,Rotonde,Binnen,50.0,Niet brandend,Overig asfalt,Droog,Daglicht,Droog,Cornelis Lelylaan,amsterdam,POINT (116880.95109999925 485654.25019999966),POINT (4.827644548055057 52.357461185536884),4.827644548055057,52.35746118553688,1,1,2,1
414,24161,20210057941,2021,Letsel,2,fiets,fiets,Frontaal,Rechte weg,Binnen,30.0,Niet brandend,Overig asfalt,Droog,Daglicht,Droog,De Ruijterkade,amsterdam,POINT (122378.30900000036 487910.06700000167),POINT (4.9081199173825745 52.37808886019767),4.908119917382575,52.37808886019767,1,1,1,1