,Unnamed: 0,accident_id,accident_year,outcome,num_parties,party1_type,party2_type,accident_nature,road_situation,built_up_area,speed_limit_kmh,street_lighting,road_surface,road_condition,light_condition,weather_condition,street_name,municipality,shape,geometry,longitude,latitude,cluster,future_hotspot_spatial,outcome_encoded,future_hotspot_pred
415,24216,20210045639,2021,Uitsluitend materiele schade,2,snorfiets,fiets,Onbekend,Rechte weg,Binnen,30.0,Brandend,Overig asfalt,Nat,Schemer,Droog,Derde Kostverlorenkade,amsterdam,POINT (118804.39200000092 485776.1240000017),POINT (4.8558649417434525 52.35868659362908),4.8558649417434525,52.35868659362908,1,1,2,1
416,24239,20210072644,2021,Letsel,2,personenauto,bromfiets,Frontaal,"Kruispunt, 4 takken",Binnen,Unknown,Niet brandend,Overig asfalt,Droog,Daglicht,Droog,Haarlemmerweg,amsterdam,POINT (119009.07360000163 488697.01110000163),POINT (4.858556708729029 52.384950793898206),4.858556708729029,52.384950793898206,1,1,1,1
417,24282,20210048139,2021,Uitsluitend materiele schade,2,personenauto,snorfiets,Flank,Rotonde,Binnen,50.0,Niet brandend,Overig asfalt,Droog,Daglicht,Droog,OOSTOEVER NOORDZIJDE,amsterdam,POINT (117123.34789999947 487144.7884999998),POINT (4.831034690020746 52.37087376784198),4.831034690020746,52.37087376784198,1,1,2,1
418,24349,20210042652,2021,Uitsluitend materiele schade,2,bromfiets,personenauto,Onbekend,Unknown,Unknown,30.0,Unknown,Unknown,Unknown,Daglicht,Unknown,Oudezijds Voorburgwal,amsterdam,POINT (121662.71200000122 487410.1620000005),POINT (4.897660565828533 52.37355308625958),4.897660565828533,52.37355308625958,1,1,2,1
419,24370,20210065560,2021,Uitsluitend materiele schade,2,personenauto,fiets,Flank,Rechte weg,Binnen,50.0,Niet brandend,ZOAB,Nat,Daglicht,Regen,Amsteldijk,amsterdam,POINT (122154.5 485449),POINT (4.905073585894549 52.35595713500371),4.905073585894549,52.35595713500371,1,1,2,1
420,24440,20210071182,2021,Letsel,1,bromfiets,unknown,Eenzijdig,Rechte weg,Binnen,50.0,Brandend,Overig asfalt,Nat,Schemer,Regen,Rijnstraat,amsterdam,POINT (122178.87299999967 484312.66600000113),POINT (4.905542176560324 52.34574596704298),4.905542176560324,52.34574596704298,1,1,1,1
421,24575,20219087339,2021,Uitsluitend materiele schade,1,fiets,unknown,Flank,"Kruispunt, 3 takken",Binnen,Unknown,Unknown,Overig asfalt,Nat,Daglicht,Droog,Plesmanlaan,amsterdam,POINT (115267.53599999845 484763.2349999994),POINT (4.804067178637002 52.349339116210025),4.804067178637002,52.349339116210025,1,1,2,1
422,24916,20219028757,2021,Uitsluitend materiele schade,2,snorfiets,fiets,Kop/staart,"Kruispunt, 4 takken",Binnen,Unknown,Niet brandend,Klinkers,Droog,Daglicht,Droog,Kinkerstraat,amsterdam,POINT (120204.75600000098 486839.66800000146),POINT (4.876310962492559 52.3683354521464),4.876310962492559,52.3683354521464,1,1,2,1
423,24995,20210090367,2021,Uitsluitend materiele schade,2,snorfiets,bromfiets,Flank,"Kruispunt, 4 takken",Binnen,50.0,Niet aanwezig,Overig asfalt,Droog,Schemer,Droog,Haarlemmerweg,amsterdam,POINT (116290.81799999997 488675.3680000007),POINT (4.818634306992901 52.38457132921094),4.818634306992901,52.38457132921094,1,1,2,1
424,25017,20220080463,2022,Uitsluitend materiele schade,2,fiets,fiets,Frontaal,Rechte weg,Binnen,50.0,Brandend,Klinkers,Droog,Duisternis,Droog,Herengracht,amsterdam,POINT (121165.09499999881 486546.0469999984),POINT (4.8904405099231605 52.36575659560682),4.8904405099231605,52.36575659560682,1,1,2,1
425,25053,20220081404,2022,Letsel,2,e-bike,boom,Vast voorwerp,Rechte weg,Binnen,15.0,Brandend,Overig asfalt,Droog,Duisternis,Droog,Molukkenstraat,amsterdam,POINT (124541.13599999994 485971.9050000012),POINT (4.940057990722529 52.36079416817566),4.940057990722529,52.36079416817566,1,1,1,1
426,25153,20220080945,2022,Uitsluitend materiele schade,2,bromfiets,fiets,Flank,Rechte weg,Buiten,50.0,Niet brandend,Overig asfalt,Droog,Daglicht,Droog,Radarweg,amsterdam,POINT (117464.44200000167 489913.3720000014),POINT (4.8357336221240885 52.395779015220235),4.8357336221240885,52.39577901522024,1,1,2,1
427,25242,20220036043,2022,Uitsluitend materiele schade,2,bestelauto,fiets,Frontaal,"Kruispunt, 4 takken",Binnen,30.0,Brandend,Klinkers,Nat,Duisternis,Unknown,Rijswijkstraat,amsterdam,POINT (117773.33929999918 484825.75349999964),POINT (4.840835251320664 52.350076462023225),4.840835251320664,52.350076462023225,1,1,2,1
428,25341,20220054499,2022,Letsel,3,e-bike,fiets,Onbekend,Rechte weg,Binnen,30.0,Niet brandend,Klinkers,Droog,Daglicht,Droog,Amstel,amsterdam,POINT (121454.97500000149 486686.86199999973),POINT (4.894682324769206 52.3670399234467),4.894682324769206,52.3670399234467,1,1,1,1
429,25344,20220055718,2022,Uitsluitend materiele schade,1,bromfiets,unknown,Flank,"Kruispunt, 4 takken",Binnen,50.0,Brandend,Klinkers,Droog,Schemer,Unknown,Surinameplein,amsterdam,POINT (118352.61499999836 485718.2190000005),POINT (4.849239595326521 52.358136233650725),4.849239595326521,52.358136233650725,1,1,2,1
430,25373,20220054664,2022,Uitsluitend materiele schade,2,fiets,personenauto,Flank,"Kruispunt, 3 takken",Binnen,50.0,Niet brandend,Overig asfalt,Droog,Daglicht,Droog,L. van Sonsbeeckstraat,amsterdam,POINT (114957.32339999825 485857.3449999988),POINT (4.799384313513605 52.35914959593918),4.799384313513605,52.35914959593918,1,1,2,1
431,25427,20220102347,2022,Letsel,2,fiets,voetganger,Voetganger,Rechte weg,Binnen,Unknown,Niet brandend,Overig asfalt,Droog,Daglicht,Droog,Jodenbreestraat,amsterdam,POINT (121934.8350000009 486943.24500000104),POINT (4.901702367901421 52.369373214864645),4.901702367901421,52.369373214864645,1,1,1,1
432,25433,20220015381,2022,Uitsluitend materiele schade,2,personenauto,fiets,Flank,Bocht,Binnen,50.0,Niet brandend,Overig asfalt,Droog,Daglicht,Droog,Pontanusstraat,amsterdam,POINT (123895.82899999991 486118.2879999988),POINT (4.930571415683507 52.36207360530826),4.930571415683507,52.36207360530826,1,1,2,1
433,25477,20220054963,2022,Letsel,2,fiets,voetganger,Voetganger,Rechte weg,Binnen,30.0,Brandend,Overig asfalt,Droog,Duisternis,Droog,2e Hugo de Grootstraat,amsterdam,POINT (119832.35099999979 487591.7899999991),POINT (4.870764514073827 52.37507125370353),4.870764514073827,52.37507125370353,1,1,1,1
434,25564,20230066522,2023,Uitsluitend materiele schade,1,fiets,unknown,Onbekend,Unknown,Unknown,Unknown,Unknown,Unknown,Unknown,Daglicht,Unknown,Willemsstraat,amsterdam,POINT (120781.45100000128 488272.53599999845),POINT (4.884632278429857 52.381249268832995),4.884632278429857,52.381249268833,1,1,2,1
435,25951,20230078525,2023,Dodelijk,2,fiets,bus,Onbekend,"Kruispunt, 4 takken",Binnen,50.0,Niet brandend,Overig asfalt,Droog,Daglicht,Droog,Prins Hendrikkade,amsterdam,POINT (122551.39339999855 487216.3929999992),POINT (4.910728738772377 52.37186485611704),4.910728738772377,52.37186485611704,1,1,0,1
436,25977,20230088310,2023,Dodelijk,2,bromfiets,voetganger,Voetganger,Rechte weg,Binnen,50.0,Niet brandend,Overig asfalt,Droog,Daglicht,Droog,Rustenburgerstraat,amsterdam,POINT (121216.34769999981 484949.9483000003),POINT (4.891353289119221 52.351415109399326),4.891353289119221,52.351415109399326,1,1,0,1
437,26224,20210039190,2021,Letsel,2,e-bike,fiets,Flank,Rechte weg,Binnen,50.0,Niet aanwezig,Overig asfalt,Droog,Daglicht,Droog,Churchill-laan,amsterdam,POINT (121036.32699999958 484508.4930000007),POINT (4.888755732347428 52.34743650804363),4.888755732347428,52.34743650804363,1,1,1,1
438,26273,20230004327,2023,Letsel,2,fiets,fiets,Flank,Rechte weg,Binnen,50.0,Niet brandend,Overig asfalt,Droog,Daglicht,Droog,Rozenstraat,amsterdam,POINT (120572.5850000009 487349.98999999836),POINT (4.881659270620872 52.37294504065738),4.881659270620872,52.37294504065738,1,1,1,1
439,26282,20210090377,2021,Letsel,3,personenauto,fiets,Geparkeerd voertuig,Rechte weg,Binnen,50.0,Brandend,Overig asfalt,Droog,Duisternis,Droog,Haarlemmerweg,amsterdam,POINT (120343.68299999833 488750.05700000003),POINT (4.878153701703012 52.38551341165871),4.878153701703012,52.38551341165871,1,1,1,1
440,26339,20210065106,2021,Letsel,1,fiets,unknown,Eenzijdig,"Kruispunt, 4 takken",Binnen,30.0,Niet brandend,Overig asfalt,Droog,Daglicht,Droog,Frederiksplein,amsterdam,POINT (121774.99830000103 486013.9188000001),POINT (4.899447367725417 52.36101142438511),4.899447367725417,52.36101142438511,1,1,1,1
441,26398,20210056651,2021,Letsel,2,e-bike,e-bike,Frontaal,"Kruispunt, 4 takken",Binnen,50.0,Brandend,Overig asfalt,Droog,Duisternis,Unknown,Blauwhoedenveem,amsterdam,POINT (122936.74199999869 487791.8420000002),POINT (4.916332116306301 52.377059230259896),4.916332116306301,52.377059230259896,1,1,1,1
442,26435,20210045948,2021,Letsel,2,snorfiets,personenauto,Flank,Rechte weg,Binnen,50.0,Niet brandend,Overig asfalt,Droog,Daglicht,Droog,Distelweg,amsterdam,POINT (122437.03000000119 489345.43400000036),POINT (4.908843122488999 52.39099240010511),4.908843122488999,52.39099240010511,1,1,1,1
443,26453,20210092811,2021,Letsel,2,bestelauto,bromfiets,Flank,"Kruispunt, 3 takken",Buiten,70.0,Niet brandend,Overig asfalt,Droog,Daglicht,Droog,Verlengde Stellingweg,amsterdam,POINT (120260.1975999996 493288.8797999993),POINT (4.87645752436929 52.426299493373115),4.87645752436929,52.42629949337312,-1,0,1,0
444,26493,20220177062,2022,Letsel,2,motor,fiets,Flank,Rechte weg,Binnen,50.0,Brandend,Unknown,Droog,Duisternis,Droog,Spaklerweg,amsterdam,POINT (123051.16699999943 484039.131000001),POINT (4.9183689563742785 52.34333900861394),4.918368956374279,52.34333900861394,1,1,1,1
445,26531,20220178111,2022,Uitsluitend materiele schade,2,personenauto,fiets,Geparkeerd voertuig,Rechte weg,Binnen,50.0,Niet brandend,ZOAB,Nat,Daglicht,Droog,Ceintuurbaan,amsterdam,POINT (121317.03299999982 485132.77899999917),POINT (4.892812716135894 52.35306444999656),4.892812716135894,52.35306444999656,1,1,2,1
446,26564,20220177841,2022,Uitsluitend materiele schade,2,bestelauto,bromfiets,Kop/staart,"Kruispunt, 4 takken",Binnen,50.0,Brandend,Overig asfalt,Nat,Duisternis,Regen,Hobbemakade,amsterdam,POINT (120852.6363000013 485035.10990000144),POINT (4.886006559589672 52.352158001654814),4.886006559589672,52.352158001654814,1,1,2,1
447,26574,20220123386,2022,Letsel,2,bromfiets,personenauto,Flank,"Kruispunt, 4 takken",Binnen,30.0,Niet aanwezig,Klinkers,Nat,Daglicht,Droog,Marco Polostraat,amsterdam,POINT (118863.65190000087 486579.0208999999),POINT (4.856648542712502 52.36590634481794),4.856648542712502,52.36590634481794,1,1,1,1
448,26604,20220177897,2022,Uitsluitend materiele schade,3,bromfiets,personenauto,Onbekend,"Kruispunt, 3 takken",Binnen,50.0,Niet brandend,Beton,Nat,Daglicht,Regen,Hogewerf,amsterdam,POINT (120401.00459999964 483012.9351999983),POINT (4.8795858326842625 52.333955798875046),4.879585832684263,52.333955798875046,1,1,2,1
449,26605,20220177923,2022,Uitsluitend materiele schade,2,bromfiets,personenauto,Flank,Rechte weg,Binnen,50.0,Niet brandend,Overig asfalt,Nat,Daglicht,Regen,Jan Evertsenstraat,amsterdam,POINT (118610.4459999986 487085.38500000164),POINT (4.852876303340045 52.370440449511406),4.852876303340045,52.370440449511406,1,1,2,1
450,26861,20220155504,2022,Uitsluitend materiele schade,2,snorfiets,fiets,Frontaal,Bocht,Binnen,30.0,Niet brandend,Overig asfalt,Droog,Daglicht,Droog,Overschiestraat,amsterdam,POINT (117644.62000000104 484184.6860000007),POINT (4.839017301511994 52.344306276992434),4.839017301511994,52.344306276992434,1,1,2,1
451,26884,20220124057,2022,Letsel,2,motor,fiets,Flank,Rechte weg,Binnen,50.0,Niet brandend,Overig asfalt,Droog,Daglicht,Droog,Linnaeusstraat,amsterdam,POINT (123649.32800000161 485609.1009999998),POINT (4.927000167250927 52.357483350519466),4.927000167250927,52.357483350519466,1,1,1,1
452,26924,20220141515,2022,Letsel,2,motor,fiets,Flank,"Kruispunt, 4 takken",Binnen,50.0,Niet brandend,ZOAB,Droog,Daglicht,Droog,Wibautstraat,amsterdam,POINT (122541.01099999994 485490.41800000146),POINT (4.910742896172171 52.35635234335688),4.910742896172171,52.35635234335688,1,1,1,1
453,27012,20220124237,2022,Uitsluitend materiele schade,2,personenauto,e-bike,Flank,"Kruispunt, 4 takken",Binnen,50.0,Niet brandend,Overig asfalt,Nat,Daglicht,Regen,Molukkenstraat,amsterdam,POINT (124498.82339999825 486389.1565999985),POINT (4.9393990017219735 52.36454180991482),4.9393990017219735,52.36454180991482,1,1,2,1
454,27023,20220141874,2022,Uitsluitend materiele schade,2,personenauto,fiets,Flank,Rechte weg,Buiten,Unknown,Niet brandend,Overig asfalt,Droog,Daglicht,Droog,Holterbergweg,amsterdam,POINT (124525.43600000069 480120.9679999985),POINT (4.940356950711218 52.3082085350318),4.940356950711218,52.3082085350318,0,1,2,1
455,27080,20230058742,2023,Uitsluitend materiele schade,2,fiets,bromfiets,Flank,Rechte weg,Binnen,50.0,Niet brandend,Overig asfalt,Droog,Daglicht,Droog,IJburglaan,amsterdam,POINT (127454.81199999899 486083.0320000015),POINT (4.98282154986992 52.36194673107993),4.98282154986992,52.36194673107993,-1,0,2,0
456,27123,20230060032,2023,Uitsluitend materiele schade,3,overig wegmeubilair,fiets,Flank,Rechte weg,Binnen,50.0,Niet brandend,Unknown,Nat,Daglicht,Regen,Amstelveenseweg,amsterdam,POINT (118888.80600000173 482102.4470000006),POINT (4.857498144099965 52.32567569266292),4.857498144099965,52.32567569266292,1,1,2,1
457,27195,20230050360,2023,Uitsluitend materiele schade,1,bromfiets,unknown,Onbekend,Bocht,Binnen,50.0,Niet brandend,Overig asfalt,Nat,Daglicht,Regen,Amstelveenseweg,amsterdam,POINT (118758.21909999847 485674.4382000007),POINT (4.855198123772539 52.3577696713262),4.855198123772539,52.3577696713262,1,1,2,1
458,27219,20230059764,2023,Uitsluitend materiele schade,2,personenauto,fiets,Flank,Rotonde,Binnen,50.0,Niet brandend,ZOAB,Droog,Daglicht,Droog,Jan Tooropstraat,amsterdam,POINT (117541.6548999995 486995.7435999997),POINT (4.837193323345367 52.36956295951539),4.837193323345367,52.36956295951539,1,1,2,1
459,27220,20230059770,2023,Letsel,3,bestelauto,fiets,Eenzijdig,Rechte weg,Binnen,30.0,Niet brandend,Overig asfalt,Droog,Daglicht,Droog,Bronckhorststraat,amsterdam,POINT (120478.06100000069 485106.54399999976),POINT (4.880501608824894 52.352776596167196),4.880501608824894,52.3527765961672,1,1,1,1
460,27335,20230050568,2023,Uitsluitend materiele schade,2,bromfiets,personenauto,Flank,"Kruispunt, 3 takken",Binnen,50.0,Niet brandend,Overig asfalt,Nat,Daglicht,Regen,De Cuserstraat,amsterdam,POINT (118997.24029999971 481869.4373999983),POINT (4.859113572424516 52.32358866679159),4.859113572424516,52.32358866679159,1,1,2,1
461,27347,20230040672,2023,Uitsluitend materiele schade,2,bromfiets,personenauto,Flank,"Kruispunt, 4 takken",Binnen,50.0,Niet brandend,Overig asfalt,Droog,Daglicht,Droog,Radarweg,amsterdam,POINT (117451.67749999836 489691.0789999999),POINT (4.835570957901807 52.39378035401911),4.835570957901807,52.39378035401911,1,1,2,1
462,27431,20220210919,2022,Uitsluitend materiele schade,2,personenauto,fiets,Flank,"Kruispunt, 4 takken",Binnen,Unknown,Niet brandend,Overig asfalt,Droog,Daglicht,Unknown,Marnixstraat,amsterdam,POINT (120329.2864000015 486892.3123999983),POINT (4.8781339249591325 52.36881645776949),4.8781339249591325,52.36881645776949,1,1,2,1
463,27471,20220210947,2022,Uitsluitend materiele schade,2,personenauto,fiets,Flank,"Kruispunt, 4 takken",Binnen,50.0,Niet brandend,ZOAB,Droog,Daglicht,Droog,Stadionweg,amsterdam,POINT (119002.46449999884 484288.4321000017),POINT (4.858931627338862 52.34532929072533),4.858931627338862,52.34532929072533,1,1,2,1
464,27472,20220210982,2022,Letsel,2,fiets,scootmobiel,Frontaal,"Kruispunt, 4 takken",Binnen,50.0,Niet brandend,Beton,Nat,Daglicht,Regen,Middenweg,amsterdam,POINT (124394.77479999885 484670.3696999997),POINT (4.938027825308381 52.34908865401004),4.938027825308381,52.34908865401004,1,1,1,1
465,27543,20220211035,2022,Uitsluitend materiele schade,2,personenauto,fiets,Flank,"Kruispunt, 4 takken",Binnen,50.0,Brandend,Overig asfalt,Nat,Duisternis,Droog,0137 BRUG,amsterdam,POINT (120881 485308),POINT (4.886395178155366 52.35461231387614),4.886395178155366,52.35461231387614,1,1,2,1
466,27576,20220210178,2022,Letsel,2,snorfiets,bestelauto,Flank,"Kruispunt, 3 takken",Binnen,50.0,Niet brandend,Overig asfalt,Droog,Daglicht,Droog,Wagenaarstraat,amsterdam,POINT (123887.95039999858 486321.05959999934),POINT (4.930436995520372 52.363895538108515),4.930436995520372,52.36389553810852,1,1,1,1
467,27722,20220211914,2022,Letsel,2,personenauto,e-bike,Onbekend,"Kruispunt, 4 takken",Binnen,50.0,Brandend,Overig asfalt,Nat,Duisternis,Droog,President Kennedylaan,amsterdam,POINT (121787.54809999838 483707.3715999983),POINT (4.899859258667751 52.340282463728066),4.899859258667751,52.34028246372807,1,1,1,1
468,27757,20220211970,2022,Uitsluitend materiele schade,2,snorfiets,personenauto,Flank,"Kruispunt, 4 takken",Binnen,50.0,Brandend,Overig asfalt,Droog,Schemer,Droog,Kamperfoelieweg,amsterdam,POINT (122839.01190000027 489895.3326999992),POINT (4.914695507393506 52.39595819335602),4.914695507393506,52.39595819335602,1,1,2,1
469,27791,20220211343,2022,Uitsluitend materiele schade,2,personenauto,bromfiets,Onbekend,Rechte weg,Binnen,50.0,Brandend,Overig asfalt,Nat,Duisternis,Regen,Cissy van Marxveldtstr,amsterdam,POINT (115784.95199999958 488186.1620000005),POINT (4.811261488595838 52.38013884330938),4.811261488595838,52.38013884330938,1,1,2,1
470,27827,20220208745,2022,Uitsluitend materiele schade,2,personenauto,bromfiets,Flank,Rechte weg,Binnen,50.0,Brandend,Overig asfalt,Droog,Duisternis,Droog,Zuideinde,amsterdam,POINT (121219.51399999857 492866.84699999914),POINT (4.890603476291692 52.422566547857876),4.890603476291692,52.42256654785788,-1,0,2,0
471,27828,20220210680,2022,Uitsluitend materiele schade,2,personenauto,fiets,Onbekend,Unknown,Unknown,50.0,Unknown,Unknown,Unknown,Daglicht,Unknown,Jan Tooropstraat,amsterdam,POINT (117554.82800000161 487050.2190000005),POINT (4.837380670658486 52.37005344090444),4.837380670658486,52.37005344090444,1,1,2,1
472,27861,20220211434,2022,Letsel,1,e-bike,unknown,Eenzijdig,Bocht,Binnen,30.0,Niet brandend,Overig asfalt,Droog,Daglicht,Droog,Rode Kruisstraat,amsterdam,POINT (124138.96999999881 489650.96400000155),POINT (4.933816355637585 52.39383662378539),4.933816355637585,52.39383662378539,1,1,1,1
473,27862,20220211437,2022,Uitsluitend materiele schade,2,bromfiets,fiets,Flank,"Kruispunt, 4 takken",Binnen,50.0,Niet brandend,Overig asfalt,Nat,Daglicht,Droog,Pieter Calandlaan,amsterdam,POINT (116541.75899999961 485513.8236999996),POINT (4.822681742571415 52.356175498923484),4.822681742571415,52.35617549892349,1,1,2,1
474,27863,20220212078,2022,Uitsluitend materiele schade,2,personenauto,fiets,Onbekend,"Kruispunt, 3 takken",Binnen,Unknown,Brandend,Unknown,Nat,Duisternis,Droog,Stadhouderskade,amsterdam,POINT (120914.51999999955 485922.936999999),POINT (4.886824863656835 52.36014102499891),4.886824863656835,52.36014102499891,1,1,2,1
475,28302,20230111838,2023,Uitsluitend materiele schade,2,personenauto,bromfiets,Kop/staart,"Kruispunt, 3 takken",Binnen,30.0,Brandend,Overig asfalt,Droog,Duisternis,Droog,Cornelis Lelylaan,amsterdam,POINT (117475.43200000003 485677.04729999974),POINT (4.836368159283677 52.357706996614056),4.836368159283677,52.357706996614056,1,1,2,1
476,28313,20230111323,2023,Letsel,3,overig wegmeubilair,fiets,Eenzijdig,"Kruispunt, 4 takken",Binnen,30.0,Brandend,ZOAB,Nat,Duisternis,Droog,Jozef Israëlskade,amsterdam,POINT (121483.39699999988 484593.3434000015),POINT (4.895308216744837 52.348226535804116),4.895308216744837,52.34822653580412,1,1,1,1
477,28314,20230111926,2023,Uitsluitend materiele schade,2,bromfiets,personenauto,Onbekend,Rechte weg,Binnen,30.0,Niet brandend,Unknown,Nat,Daglicht,Droog,Nassaukade,amsterdam,POINT (120259.34699999914 486653.3379999995),POINT (4.877131737955176 52.366664307714544),4.877131737955176,52.366664307714544,1,1,2,1
478,28385,20230020309,2023,Letsel,2,motor,fiets,Flank,"Kruispunt, 4 takken",Binnen,50.0,Niet brandend,Overig asfalt,Nat,Daglicht,Droog,Postjesweg,amsterdam,POINT (118984.82059999928 486457.4556000009),POINT (4.858440496710243 52.36482176401941),4.858440496710243,52.36482176401941,1,1,1,1
479,28407,20230023739,2023,Uitsluitend materiele schade,2,bromfiets,personenauto,Flank,"Kruispunt, 4 takken",Binnen,50.0,Niet brandend,Overig asfalt,Droog,Daglicht,Droog,Turbinestraat,amsterdam,POINT (118636.87000000104 489452.2745000012),POINT (4.853008095353933 52.391713979776824),4.853008095353933,52.39171397977682,1,1,2,1
480,28456,20230024420,2023,Letsel,2,fiets,scootmobiel,Onbekend,"Kruispunt, 4 takken",Binnen,30.0,Niet brandend,ZOAB,Droog,Daglicht,Droog,Ferdinand Bolstraat,amsterdam,POINT (121224.65199999884 484864.1429999992),POINT (4.8914837819115125 52.35064445949769),4.8914837819115125,52.35064445949769,1,1,1,1
481,28495,20230077263,2023,Uitsluitend materiele schade,2,fiets,fiets,Flank,"Kruispunt, 4 takken",Binnen,Unknown,Niet brandend,Overig asfalt,Droog,Daglicht,Droog,Christoffel Plantijnpad,amsterdam,POINT (116489.63259999827 484425.32349999994),POINT (4.822041207758902 52.34638922852248),4.822041207758902,52.34638922852248,1,1,2,1
482,28524,20230078609,2023,Uitsluitend materiele schade,2,bromfiets,bus,Flank,"Kruispunt, 3 takken",Binnen,50.0,Niet brandend,Overig asfalt,Droog,Daglicht,Droog,Rhôneweg,amsterdam,POINT (116332.75890000165 489315.41369999945),POINT (4.819176622928677 52.39032648886928),4.819176622928677,52.39032648886928,1,1,2,1
483,28572,20230022765,2023,Letsel,2,bromfiets,fiets,Flank,Rechte weg,Binnen,50.0,Niet brandend,Overig asfalt,Droog,Daglicht,Droog,Asterweg,amsterdam,POINT (122154.99599999934 489160.2749999985),POINT (4.904718196363629 52.38931152066029),4.904718196363629,52.38931152066029,1,1,1,1
484,28588,20230074662,2023,Letsel,2,bromfiets,fiets,Flank,"Kruispunt, 4 takken",Binnen,30.0,Niet brandend,Klinkers,Droog,Daglicht,Droog,0292 BRUG,amsterdam,POINT (121998.51669999957 487230.08139999956),POINT (4.902609225326773 52.371954931426764),4.902609225326773,52.37195493142677,1,1,1,1
485,28590,20230078800,2023,Letsel,2,fiets,fiets,Flank,Bocht,Binnen,Unknown,Niet brandend,Overig asfalt,Droog,Daglicht,Droog,Westerdokskade,amsterdam,POINT (121185.42799999937 488398.4750000015),POINT (4.890552647385483 52.38240614745445),4.890552647385483,52.38240614745445,1,1,1,1
486,28598,20230020597,2023,Letsel,3,personenauto,fiets,Onbekend,"Kruispunt, 3 takken",Binnen,50.0,Niet brandend,Overig asfalt,Nat,Daglicht,Droog,Loowaard,amsterdam,POINT (120392 482627),POINT (4.879493382718304 52.33048669793647),4.879493382718304,52.33048669793647,1,1,1,1
487,28683,20230020676,2023,Uitsluitend materiele schade,2,fiets,personenauto,Flank,Rechte weg,Binnen,50.0,Niet brandend,ZOAB,Droog,Daglicht,Droog,Sarphatistraat,amsterdam,POINT (121915.08999999985 485883.07499999925),POINT (4.901516772908468 52.35984394421563),4.901516772908468,52.35984394421563,1,1,2,1
488,28961,20230086554,2023,Letsel,2,personenauto,bromfiets,Flank,"Kruispunt, 4 takken",Binnen,50.0,Niet brandend,Overig asfalt,Nat,Daglicht,Regen,Olympiaweg,amsterdam,POINT (119206.79800000042 484587.3887999989),POINT (4.861898355299339 52.34802945120175),4.861898355299339,52.34802945120175,1,1,1,1
489,29023,20230087220,2023,Uitsluitend materiele schade,1,bromfiets,unknown,Onbekend,Rechte weg,Binnen,50.0,Brandend,ZOAB,Droog,Duisternis,Droog,Lutkemeerweg,amsterdam,POINT (113128.2890000008 486373.1490000002),POINT (4.772471611467818 52.36364884022717),4.772471611467818,52.36364884022717,1,1,2,1
490,29024,20230087831,2023,Letsel,2,bromfiets,fiets,Frontaal,Rechte weg,Buiten,30.0,Brandend,Overig asfalt,Droog,Duisternis,Droog,Oostzanerdijk,amsterdam,POINT (120400.75050000101 492721.98099999875),POINT (4.87858237745212 52.42121355958802),4.87858237745212,52.42121355958802,-1,0,1,0
491,29083,20230087343,2023,Letsel,1,fiets,unknown,Eenzijdig,Rechte weg,Binnen,50.0,Niet brandend,Overig asfalt,Droog,Daglicht,Droog,Zuiderzeeweg,amsterdam,POINT (125787.62000000104 486535.75400000066),POINT (4.958307309378299 52.36592938744575),4.958307309378299,52.36592938744575,1,1,1,1
492,29084,20230087950,2023,Uitsluitend materiele schade,2,fiets,personenauto,Flank,Rotonde,Binnen,50.0,Brandend,Overig asfalt,Nat,Duisternis,Droog,Burgemeester Röellstraat,amsterdam,POINT (116353.815200001 487667.91000000015),POINT (4.8196754705497415 52.37552155087834),4.8196754705497415,52.37552155087834,1,1,2,1
493,29111,20230097334,2023,Uitsluitend materiele schade,1,bromfiets,unknown,Voetganger,Rechte weg,Binnen,30.0,Niet aanwezig,Overig asfalt,Nat,Daglicht,Regen,Slotermeerlaan,amsterdam,POINT (116362.0159999989 487797.0300000012),POINT (4.819781049102534 52.37668255504472),4.819781049102534,52.37668255504472,1,1,2,1
494,29131,20230087459,2023,Letsel,1,fiets,unknown,Eenzijdig,Rechte weg,Binnen,30.0,Niet brandend,Overig asfalt,Droog,Daglicht,Droog,Loenermark,amsterdam,POINT (123938.86199999973 490247.29399999976),POINT (4.930821425709911 52.39918472377961),4.930821425709911,52.39918472377961,1,1,1,1
495,29132,20230088072,2023,Uitsluitend materiele schade,1,bromfiets,unknown,Flank,Rechte weg,Binnen,50.0,Brandend,Overig asfalt,Droog,Duisternis,Droog,Stadhouderskade,amsterdam,POINT (120568.58150000125 486101.1112000011),POINT (4.8817283871144115 52.36172075619951),4.881728387114412,52.36172075619951,1,1,2,1
496,29140,20230097984,2023,Uitsluitend materiele schade,2,fiets,bromfiets,Flank,Rechte weg,Binnen,15.0,Niet brandend,Klinkers,Nat,Daglicht,Harde windstoten/Regen,Stationsplein,amsterdam,POINT (131633.76700000092 480422.23000000045),POINT (5.044563150922939 52.31126392966444),5.044563150922939,52.31126392966444,-1,0,2,0
497,29212,20210083089,2021,Uitsluitend materiele schade,2,personenauto,bromfiets,Flank,Rechte weg,Binnen,50.0,Niet brandend,Overig asfalt,Droog,Daglicht,Droog,H.J.E. Wenckebachweg,amsterdam,POINT (123536.71499999985 483608.20800000057),POINT (4.9255342120053625 52.33949414886975),4.9255342120053625,52.33949414886975,1,1,2,1