,Unnamed: 0,accident_id,accident_year,outcome,num_parties,party1_type,party2_type,accident_nature,road_situation,built_up_area,speed_limit_kmh,street_lighting,road_surface,road_condition,light_condition,weather_condition,street_name,municipality,shape,geometry,longitude,latitude,cluster,future_hotspot_spatial,outcome_encoded,future_hotspot_pred
498,29252,20210081705,2021,Uitsluitend materiele schade,2,personenauto,bromfiets,Flank,"Kruispunt, 3 takken",Binnen,50.0,Brandend,ZOAB,Nat,Duisternis,Droog,Mauritskade,amsterdam,POINT (123369.21810000017 486304.37849999964),POINT (4.922823105291603 52.363715993548915),4.922823105291603,52.36371599354892,1,1,2,1
499,29294,20210087228,2021,Uitsluitend materiele schade,2,bromfiets,personenauto,Kop/staart,Rechte weg,Buiten,50.0,Niet brandend,Overig asfalt,Droog,Daglicht,Droog,Bilderdijkstraat,amsterdam,POINT (119812.01300000027 487130.80959999934),POINT (4.870514123435744 52.37092699775324),4.870514123435744,52.37092699775324,1,1,2,1
500,29304,20210085829,2021,Uitsluitend materiele schade,2,bromfiets,fiets,Flank,Rechte weg,Binnen,Unknown,Niet brandend,Overig asfalt,Droog,Daglicht,Droog,IJburglaan,amsterdam,POINT (126664.51399999857 486827.0700000003),POINT (4.971157010286846 52.36859349092747),4.971157010286846,52.36859349092747,1,1,2,1
501,29311,20210084835,2021,Letsel,2,unknown,fiets,Eenzijdig,"Kruispunt, 4 takken",Binnen,50.0,Niet brandend,Beton,Droog,Daglicht,Droog,Van Boshuizenstraat,amsterdam,POINT (120676.07699999958 482003.3817999996),POINT (4.883724268522848 52.32489982371762),4.883724268522848,52.32489982371762,1,1,1,1
502,29318,20210087391,2021,Uitsluitend materiele schade,1,bromfiets,unknown,Onbekend,Rechte weg,Binnen,50.0,Brandend,Overig asfalt,Droog,Duisternis,Droog,Jan Evertsenstraat,amsterdam,POINT (118926.35000000149 487180.7030000016),POINT (4.8575044765774305 52.37131793855779),4.857504476577431,52.37131793855779,1,1,2,1
503,29425,20210013970,2021,Uitsluitend materiele schade,2,personenauto,fiets,Flank,"Kruispunt, 4 takken",Binnen,50.0,Niet brandend,Overig asfalt,Droog,Daglicht,Droog,Insulindeweg,amsterdam,POINT (124797 486121),POINT (4.943800661702887 52.36214826606816),4.943800661702887,52.36214826606816,1,1,2,1
504,29426,20210013973,2021,Uitsluitend materiele schade,2,bromfiets,personenauto,Flank,"Kruispunt, 4 takken",Binnen,50.0,Niet brandend,Overig asfalt,Droog,Daglicht,Droog,Radarweg,amsterdam,POINT (117504.69970000163 489689.12590000033),POINT (4.836350106208101 52.39376642639403),4.836350106208101,52.39376642639403,1,1,2,1
505,29467,20210033250,2021,Uitsluitend materiele schade,2,personenauto,fiets,Flank,"Kruispunt, 4 takken",Binnen,50.0,Niet brandend,Overig asfalt,Droog,Daglicht,Droog,Ceintuurbaan,amsterdam,POINT (121064.92700000107 485082.4221000001),POINT (4.889117569716555 52.352596363739295),4.889117569716555,52.352596363739295,1,1,2,1
506,29468,20210033253,2021,Letsel,2,bromfiets,personenauto,Kop/staart,Rechte weg,Binnen,50.0,Niet brandend,Overig asfalt,Droog,Daglicht,Droog,Plesmanlaan,amsterdam,POINT (115916.96299999952 484964.74500000104),POINT (4.8135746845423615 52.35119670928171),4.8135746845423615,52.35119670928171,1,1,1,1
507,29520,20210017903,2021,Letsel,2,fiets,fiets,Kop/staart,Rechte weg,Buiten,60.0,Niet brandend,Overig asfalt,Droog,Daglicht,Droog,Middenweg,amsterdam,POINT (125077.0940000005 483973.31500000134),POINT (4.948103540696577 52.342861523656744),4.948103540696577,52.34286152365674,1,1,1,1
508,29556,20210026721,2021,Uitsluitend materiele schade,2,personenauto,fiets,Flank,"Kruispunt, 3 takken",Binnen,50.0,Brandend,ZOAB,Droog,Schemer,Droog,Kruislaan,amsterdam,POINT (124148.54509999976 484146.4140999988),POINT (4.934462180543775 52.34436589677764),4.934462180543775,52.34436589677764,1,1,2,1
509,29557,20210027982,2021,Uitsluitend materiele schade,2,snorfiets,personenauto,Flank,"Kruispunt, 4 takken",Binnen,30.0,Niet brandend,Beton,Droog,Daglicht,Droog,Akbarstraat,amsterdam,POINT (117856.7809999995 488119.4461000003),POINT (4.841696005975023 52.37968333392889),4.841696005975023,52.37968333392889,1,1,2,1
510,29769,20210074227,2021,Uitsluitend materiele schade,1,fiets,unknown,Onbekend,Unknown,Unknown,Unknown,Unknown,Unknown,Unknown,Daglicht,Unknown,Plantage Middenlaan,amsterdam,POINT (122454.44530000165 486700.2925999984),POINT (4.909355165481826 52.367220762650206),4.909355165481826,52.367220762650206,1,1,2,1
511,29795,20210061060,2021,Uitsluitend materiele schade,2,personenauto,fiets,Flank,Rechte weg,Binnen,Unknown,Brandend,ZOAB,Droog,Duisternis,Droog,Sarphatistraat,amsterdam,POINT (122520.29300000146 486075.3299999982),POINT (4.91038230706839 52.36160791879016),4.91038230706839,52.36160791879016,1,1,2,1
512,29828,20210061856,2021,Uitsluitend materiele schade,2,snorfiets,personenauto,Flank,Rechte weg,Binnen,50.0,Niet aanwezig,Overig asfalt,Droog,Daglicht,Droog,Churchill-laan,amsterdam,POINT (121137.76000000164 484500.54100000113),POINT (4.890245102325915 52.34737130029922),4.890245102325915,52.34737130029922,1,1,2,1
513,29830,20210065462,2021,Uitsluitend materiele schade,2,personenauto,fiets,Flank,Rotonde,Binnen,50.0,Niet brandend,Overig asfalt,Droog,Daglicht,Unknown,Hoofddorpplein,amsterdam,POINT (118414.31500000134 484990.2659999989),POINT (4.850224448945632 52.35159803304186),4.850224448945632,52.35159803304186,1,1,2,1
514,29831,20210065667,2021,Letsel,2,fiets,bromfiets,Kop/staart,"Kruispunt, 4 takken",Binnen,50.0,Niet brandend,Overig asfalt,Droog,Daglicht,Droog,Westeinde,amsterdam,POINT (121762 485657),POINT (4.899291825636309 52.3578028939327),4.899291825636309,52.3578028939327,1,1,1,1
515,29834,20210035973,2021,Uitsluitend materiele schade,2,bromfiets,personenauto,Kop/staart,Rechte weg,Binnen,50.0,Brandend,Overig asfalt,Nat,Duisternis,Regen,Jan Evertsenstraat,amsterdam,POINT (117164.10500000045 487098.125),POINT (4.831638380911268 52.37045720219543),4.831638380911268,52.37045720219543,1,1,2,1
516,29835,20210035987,2021,Uitsluitend materiele schade,2,personenauto,bromfiets,Flank,Rechte weg,Binnen,50.0,Niet brandend,Overig asfalt,Droog,Daglicht,Droog,Stadhouderskade,amsterdam,POINT (120556.88199999928 486111.79399999976),POINT (4.881555543033918 52.361816032247795),4.881555543033918,52.3618160322478,1,1,2,1
517,29908,20210038598,2021,Uitsluitend materiele schade,2,snorfiets,fiets,Frontaal,Rechte weg,Binnen,50.0,Niet aanwezig,Klinkers,Droog,Daglicht,Droog,Scheepsbouwkade,amsterdam,POINT (121670.4290000014 490438.8999999985),POINT (4.897473316601186 52.400773638774844),4.897473316601186,52.40077363877485,1,1,2,1
518,29957,20210050912,2021,Uitsluitend materiele schade,2,bromfiets,bromfiets,Kop/staart,Rechte weg,Binnen,Unknown,Brandend,Overig asfalt,Droog,Duisternis,Droog,Lutmastraat,amsterdam,POINT (122029.76170000061 484972.3718000017),POINT (4.903289355523306 52.351666045735264),4.903289355523306,52.351666045735264,1,1,2,1
519,30011,20210057962,2021,Letsel,3,e-bike,fiets,Onbekend,Rechte weg,Binnen,30.0,Niet brandend,Overig asfalt,Nat,Daglicht,Regen,Loenermark,amsterdam,POINT (123955.96200000122 490190.64499999955),POINT (4.931077908610937 52.398676570880355),4.931077908610937,52.39867657088036,1,1,1,1
520,30080,20210072158,2021,Uitsluitend materiele schade,2,personenauto,snorfiets,Flank,"Kruispunt, 3 takken",Binnen,50.0,Niet brandend,Overig asfalt,Droog,Daglicht,Droog,Pieter Calandlaan,amsterdam,POINT (115713 485305),POINT (4.810541491127341 52.35424011313903),4.810541491127341,52.35424011313903,1,1,2,1
521,30124,20210050547,2021,Uitsluitend materiele schade,2,snorfiets,fiets,Frontaal,"Kruispunt, 3 takken",Binnen,50.0,Niet brandend,Overig asfalt,Nat,Daglicht,Unknown,Valeriusplein,amsterdam,POINT (119414 485008),POINT (4.864894677002915 52.35182306731872),4.864894677002915,52.35182306731872,1,1,2,1
522,30146,20210042642,2021,Uitsluitend materiele schade,1,bromfiets,unknown,Onbekend,Rechte weg,Binnen,50.0,Brandend,Overig asfalt,Droog,Duisternis,Droog,Prins Hendrikkade,amsterdam,POINT (122461.80799999833 487250.76300000027),POINT (4.90940998270715 52.37216844927016),4.90940998270715,52.37216844927016,1,1,2,1
523,30185,20210063755,2021,Uitsluitend materiele schade,2,bromfiets,fiets,Flank,Rechte weg,Binnen,Unknown,Niet brandend,Klinkers,Nat,Daglicht,Regen,Haarlemmerweg,amsterdam,POINT (119158.07200000063 488722.6719999984),POINT (4.860742423731373 52.38519116320545),4.860742423731373,52.38519116320545,1,1,2,1
524,30209,20210076903,2021,Letsel,2,bus,snorfiets,Flank,"Kruispunt, 3 takken",Binnen,50.0,Niet brandend,Overig asfalt,Droog,Schemer,Droog,Jan Tooropstraat,amsterdam,POINT (117560.83480000123 487073.0034000017),POINT (4.837466329482015 52.37025861911288),4.837466329482015,52.37025861911288,1,1,1,1
525,30211,20210076904,2021,Letsel,2,personenauto,fiets,Kop/staart,"Kruispunt, 4 takken",Binnen,50.0,Niet brandend,Overig asfalt,Sneeuw/ijzel,Daglicht,Droog,Nassaukade,amsterdam,POINT (120394.00340000167 488218.9061000012),POINT (4.878947525186063 52.380742997164816),4.878947525186063,52.380742997164816,1,1,1,1
526,30255,20210051305,2021,Letsel,3,fiets,fiets,Onbekend,Rechte weg,Binnen,30.0,Niet brandend,Overig asfalt,Droog,Daglicht,Droog,Weteringschans,amsterdam,POINT (121384.2190000005 485847.78500000015),POINT (4.893727372319144 52.359494553321696),4.893727372319144,52.359494553321696,1,1,1,1
527,30481,20210076899,2021,Uitsluitend materiele schade,4,snorfiets,personenauto,Kop/staart,Rechte weg,Binnen,50.0,Niet aanwezig,Overig asfalt,Droog,Daglicht,Droog,Amstelveenseweg,amsterdam,POINT (118888.8471999988 482349.7846999988),POINT (4.8574722371151084 52.32789860158531),4.8574722371151084,52.32789860158531,1,1,2,1
528,30821,20210076684,2021,Uitsluitend materiele schade,2,personenauto,bromfiets,Flank,Rechte weg,Binnen,50.0,Niet brandend,Overig asfalt,Nat,Daglicht,Unknown,Hugo de Vrieslaan,amsterdam,POINT (123846.4450000003 484516.05700000003),POINT (4.9299948124033035 52.347670976440455),4.929994812403304,52.347670976440455,1,1,2,1
529,30836,20220080500,2022,Uitsluitend materiele schade,2,personenauto,fiets,Flank,Rechte weg,Binnen,30.0,Brandend,Klinkers,Droog,Schemer,Droog,Laurierstraat,amsterdam,POINT (120523 487268),POINT (4.880939583513579 52.37220506284338),4.880939583513579,52.37220506284338,1,1,2,1
530,30909,20220016655,2022,Uitsluitend materiele schade,2,personenauto,bromfiets,Onbekend,"Kruispunt, 4 takken",Binnen,30.0,Brandend,Klinkers,Droog,Duisternis,Unknown,Brouwersgracht,amsterdam,POINT (121060.14979999885 488189.0923999995),POINT (4.888733842843301 52.38051663872209),4.888733842843301,52.38051663872209,1,1,2,1
531,30934,20220080899,2022,Uitsluitend materiele schade,2,personenauto,fiets,Flank,Rotonde,Binnen,50.0,Niet brandend,Klinkers,Droog,Daglicht,Droog,FIETSPAD,amsterdam,POINT (116263.27070000023 488546.88589999825),POINT (4.818244521606658 52.38341469397679),4.818244521606658,52.38341469397679,1,1,2,1
532,30958,20220055326,2022,Uitsluitend materiele schade,2,snorfiets,personenauto,Flank,"Kruispunt, 4 takken",Binnen,30.0,Niet brandend,Klinkers,Droog,Daglicht,Droog,Ogentrooststraat,amsterdam,POINT (122997.29580000043 490168.3099000007),POINT (4.9169949130528074 52.398420766907435),4.916994913052808,52.39842076690744,1,1,2,1
533,31163,20220102098,2022,Uitsluitend materiele schade,2,bromfiets,personenauto,Onbekend,Rechte weg,Binnen,50.0,Niet brandend,Klinkers,Droog,Daglicht,Droog,Admiralengracht,amsterdam,POINT (118854.72300000116 487060.69299999997),POINT (4.856465665156466 52.37023466853756),4.856465665156466,52.37023466853756,1,1,2,1
534,31180,20220055216,2022,Letsel,2,motor,fiets,Flank,"Kruispunt, 4 takken",Binnen,50.0,Brandend,Overig asfalt,Droog,Duisternis,Droog,Lutmastraat,amsterdam,POINT (122020.80029999837 484970.310800001),POINT (4.903158032652614 52.351646985049044),4.903158032652614,52.35164698504904,1,1,1,1
535,31197,20220102791,2022,Letsel,2,fiets,voetganger,Voetganger,Bocht,Binnen,30.0,Niet aanwezig,Klinkers,Droog,Daglicht,Droog,'s-Gravelandseweg,amsterdam,POINT (134245.6700000018 478587.09899999946),POINT (5.082976265613849 52.29487525771233),5.082976265613849,52.29487525771233,-1,0,1,0
536,31211,20220055845,2022,Uitsluitend materiele schade,2,bromfiets,personenauto,Flank,"Kruispunt, 4 takken",Binnen,50.0,Brandend,ZOAB,Nat,Daglicht,Regen,Middenweg,amsterdam,POINT (124202.16070000082 484858.3493999988),POINT (4.9351838119704 52.350767337380084),4.9351838119704,52.35076733738008,1,1,2,1
537,31227,20220102337,2022,Uitsluitend materiele schade,2,personenauto,e-bike,Onbekend,Rechte weg,Binnen,50.0,Niet aanwezig,Beton,Droog,Duisternis,Droog,Stadhouderskade,amsterdam,POINT (121090.69700000063 485726.936999999),POINT (4.8894308322638915 52.35839041515717),4.889430832263892,52.35839041515717,1,1,2,1
538,31230,20220102902,2022,Uitsluitend materiele schade,2,personenauto,bromfiets,Flank,"Kruispunt, 3 takken",Binnen,30.0,Niet brandend,Overig asfalt,Nat,Daglicht,Droog,Gelrestraat,amsterdam,POINT (121362.59270000085 483747.2642999999),POINT (4.893619884247038 52.34061515184988),4.893619884247038,52.34061515184988,1,1,2,1
539,31270,20220015543,2022,Uitsluitend materiele schade,2,personenauto,e-bike,Flank,"Kruispunt, 4 takken",Binnen,50.0,Niet brandend,Overig asfalt,Droog,Daglicht,Droog,Dr. H. Colijnstraat,amsterdam,POINT (115465.48220000044 487972.89449999854),POINT (4.806594830589395 52.37819925807896),4.806594830589395,52.37819925807896,1,1,2,1
540,31589,20230004167,2023,Uitsluitend materiele schade,2,personenauto,fiets,Flank,"Kruispunt, 4 takken",Binnen,30.0,Brandend,Klinkers,Nat,Duisternis,Regen,Korte Prinsengracht,amsterdam,POINT (121113.73020000011 488283.90740000084),POINT (4.889511179878944 52.38137207660279),4.889511179878944,52.38137207660279,1,1,2,1
541,31620,20230004365,2023,Uitsluitend materiele schade,2,personenauto,fiets,Onbekend,Rechte weg,Binnen,30.0,Brandend,Klinkers,Droog,Duisternis,Droog,Singel,amsterdam,POINT (121208.65799999982 487651.9629999995),POINT (4.890968903372714 52.375698467731546),4.890968903372714,52.375698467731546,1,1,2,1
542,31679,20230004663,2023,Uitsluitend materiele schade,1,bromfiets,unknown,Onbekend,Rechte weg,Binnen,30.0,Niet brandend,Klinkers,Droog,Daglicht,Droog,Oudezijds Achterburgwal,amsterdam,POINT (121589.77899999917 487167.74599999934),POINT (4.896613710378546 52.37136998954701),4.896613710378546,52.37136998954701,1,1,2,1
543,31718,20230003918,2023,Uitsluitend materiele schade,2,fiets,personenauto,Flank,"Kruispunt, 4 takken",Binnen,50.0,Niet brandend,Overig asfalt,Nat,Daglicht,Droog,Ruyschstraat,amsterdam,POINT (122496.7659999989 485619.4990000017),POINT (4.9100809785506305 52.357509822159905),4.910080978550631,52.35750982215991,1,1,2,1
544,31719,20230003921,2023,Uitsluitend materiele schade,2,bestelauto,fiets,Flank,Rechte weg,Binnen,30.0,Niet brandend,ZOAB,Droog,Daglicht,Droog,Sarphatistraat,amsterdam,POINT (122737.97700000182 486149.29399999976),POINT (4.913570840777726 52.3622854856006),4.913570840777726,52.3622854856006,1,1,2,1
545,31883,20230074658,2023,Uitsluitend materiele schade,1,snorfiets,unknown,Onbekend,Unknown,Unknown,50.0,Unknown,Unknown,Unknown,Daglicht,Unknown,De Ruijterkade,amsterdam,POINT (122256.60399999842 487904.95800000057),POINT (4.906333107383801 52.378035699686556),4.906333107383801,52.37803569968656,1,1,2,1
546,32006,20210037030,2021,Letsel,2,fiets,vrachtauto,Flank,"Kruispunt, 3 takken",Binnen,50.0,Niet brandend,Overig asfalt,Droog,Schemer,Droog,Europaboulevard,amsterdam,POINT (121099.19370000064 483091.3574000001),POINT (4.889821029607593 52.334704104252054),4.889821029607593,52.33470410425205,1,1,1,1
547,32251,20210032061,2021,Letsel,2,personenauto,e-bike,Flank,Rechte weg,Binnen,50.0,Niet brandend,Overig asfalt,Droog,Daglicht,Droog,Nassaukade,amsterdam,POINT (120201.82999999821 486842.8370000012),POINT (4.876267674084931 52.368363747450786),4.876267674084931,52.36836374745079,1,1,1,1
548,32310,20220176626,2022,Uitsluitend materiele schade,2,personenauto,fiets,Flank,"Kruispunt, 4 takken",Binnen,50.0,Niet brandend,Overig asfalt,Droog,Daglicht,Droog,Amsteldijk,amsterdam,POINT (122579.79830000177 484471.2318999991),POINT (4.911410432306046 52.34719485280371),4.911410432306046,52.34719485280371,1,1,2,1
549,32311,20220176699,2022,Letsel,2,fiets,fiets,Onbekend,Unknown,Binnen,50.0,Niet brandend,Overig asfalt,Droog,Daglicht,Droog,Prins Hendrikkade,amsterdam,POINT (122195.30900000036 487468.7250000015),POINT (4.905475540701325 52.374111484869886),4.905475540701325,52.374111484869886,1,1,1,1
550,32312,20220177636,2022,Uitsluitend materiele schade,2,personenauto,bromfiets,Frontaal,"Kruispunt, 4 takken",Binnen,50.0,Brandend,ZOAB,Droog,Schemer,Droog,Middenweg,amsterdam,POINT (124193.84560000151 484866.47300000116),POINT (4.93506103103388 52.35083988112621),4.93506103103388,52.35083988112621,1,1,2,1
551,32313,20220178002,2022,Letsel,3,motor,fiets,Flank,"Kruispunt, 3 takken",Binnen,50.0,Niet brandend,Overig asfalt,Nat,Daglicht,Droog,Wibautstraat,amsterdam,POINT (122949.15399999917 484752.94099999964),POINT (4.9168040330451195 52.34974833934168),4.91680403304512,52.34974833934168,1,1,1,1
552,32342,20220177092,2022,Uitsluitend materiele schade,2,personenauto,bromfiets,Flank,Rechte weg,Binnen,50.0,Niet brandend,ZOAB,Droog,Daglicht,Droog,Europaplein,amsterdam,POINT (121263.5700000003 483979.8020000011),POINT (4.892143606121128 52.34269897976155),4.892143606121128,52.34269897976155,1,1,2,1
553,32366,20220142069,2022,Uitsluitend materiele schade,2,personenauto,fiets,Flank,Rechte weg,Binnen,30.0,Niet brandend,Overig asfalt,Droog,Daglicht,Droog,Spuistraat,amsterdam,POINT (121185.6799999997 487542.34800000116),POINT (4.890642506475638 52.37471191208126),4.890642506475638,52.37471191208126,1,1,2,1
554,32376,20220177795,2022,Letsel,2,fiets,fiets,Flank,"Kruispunt, 3 takken",Binnen,Unknown,Niet brandend,Overig asfalt,Droog,Daglicht,Droog,Vikingpad,amsterdam,POINT (122393.06819999963 491013.37779999897),POINT (4.908035301407057 52.40598003419621),4.908035301407057,52.40598003419621,1,1,1,1
555,32377,20220178099,2022,Uitsluitend materiele schade,2,personenauto,fiets,Onbekend,"Kruispunt, 3 takken",Binnen,Unknown,Niet brandend,ZOAB,Droog,Daglicht,Droog,Plesmanlaan,amsterdam,POINT (116644.3077000007 484970.7670999989),POINT (4.824248883156758 52.351302085683294),4.824248883156758,52.351302085683294,1,1,2,1
556,32398,20220142096,2022,Letsel,2,snorfiets,fiets,Frontaal,Rechte weg,Binnen,30.0,Brandend,Overig asfalt,Droog,Duisternis,Droog,Christoffel Plantijnpad,amsterdam,POINT (116500.24700000137 486190.71400000155),POINT (4.821994938494648 52.36225596135406),4.821994938494648,52.36225596135406,1,1,1,1
557,32407,20220177885,2022,Uitsluitend materiele schade,2,snorfiets,fiets,Frontaal,Rechte weg,Binnen,30.0,Brandend,Overig asfalt,Nat,Duisternis,Regen,Pieter Calandlaan,amsterdam,POINT (116744.15300000086 485513.89400000125),POINT (4.825652507364651 52.356190261505056),4.825652507364651,52.356190261505056,1,1,2,1
558,32442,20220123423,2022,Uitsluitend materiele schade,2,fiets,fiets,Onbekend,Rechte weg,Binnen,50.0,Niet brandend,Beton,Droog,Daglicht,Droog,Heemstedestraat,amsterdam,POINT (117626.58700000122 484994.54100000113),POINT (4.838662741006317 52.35158343864347),4.838662741006317,52.35158343864347,1,1,2,1
559,32459,20220178288,2022,Uitsluitend materiele schade,2,snorfiets,personenauto,Flank,"Kruispunt, 3 takken",Binnen,30.0,Brandend,Overig asfalt,Nat,Duisternis,Regen,Piet Heinkade,amsterdam,POINT (122939.57490000129 487801.5482000001),POINT (4.916372792101943 52.377146628285864),4.916372792101943,52.37714662828586,1,1,2,1
560,32469,20220123551,2022,Uitsluitend materiele schade,2,snorfiets,personenauto,Flank,"Kruispunt, 4 takken",Binnen,30.0,Niet brandend,ZOAB,Droog,Daglicht,Unknown,Haarlemmer Houttuinen,amsterdam,POINT (121263.15549999848 488275.80160000175),POINT (4.891706548766061 52.381308430254805),4.891706548766061,52.381308430254805,1,1,2,1
561,32476,20220142362,2022,Uitsluitend materiele schade,2,bromfiets,bromfiets,Flank,"Kruispunt, 4 takken",Binnen,30.0,Niet brandend,Overig asfalt,Droog,Daglicht,Droog,Ella Fitzgeraldstraat,amsterdam,POINT (116524.46319999918 484085.47309999913),POINT (4.822591193771389 52.343337344977954),4.822591193771389,52.343337344977954,1,1,2,1
562,32492,20220123693,2022,Letsel,2,snorfiets,fiets,Flank,"Kruispunt, 3 takken",Binnen,50.0,Niet brandend,ZOAB,Droog,Daglicht,Droog,Hoekenes,amsterdam,POINT (114920.2399000004 485972.26790000126),POINT (4.798826265596282 52.36017972675047),4.798826265596282,52.36017972675047,1,1,1,1
563,32600,20220142618,2022,Letsel,2,fiets,fiets,Kop/staart,Rechte weg,Buiten,30.0,Brandend,Overig asfalt,Droog,Duisternis,Droog,Theemsweg,amsterdam,POINT (115760.75299999863 489206.4629999995),POINT (4.810786903918186 52.38930673369077),4.810786903918186,52.38930673369077,1,1,1,1
564,32854,20230050674,2023,Uitsluitend materiele schade,2,fiets,fiets,Onbekend,Rechte weg,Binnen,50.0,Niet brandend,ZOAB,Droog,Daglicht,Droog,Pieter Calandlaan,amsterdam,POINT (114944.2509999983 485058.54300000146),POINT (4.79928754074287 52.35196964235521),4.79928754074287,52.35196964235521,1,1,2,1
565,32893,20230059980,2023,Uitsluitend materiele schade,1,bromfiets,unknown,Voetganger,Rechte weg,Binnen,Unknown,Niet brandend,Overig asfalt,Droog,Daglicht,Droog,Slotermeerlaan,amsterdam,POINT (116362.0159999989 487797.0300000012),POINT (4.819781049102534 52.37668255504472),4.819781049102534,52.37668255504472,1,1,2,1
566,32907,20230049609,2023,Uitsluitend materiele schade,2,personenauto,fiets,Flank,Rechte weg,Binnen,30.0,Brandend,Overig asfalt,Droog,Duisternis,Droog,Marnixstraat,amsterdam,POINT (120529.14299999923 486397.2989999987),POINT (4.881119063696781 52.36438020993506),4.881119063696781,52.36438020993506,1,1,2,1
567,32933,20230060046,2023,Uitsluitend materiele schade,1,fiets,unknown,Voetganger,Rechte weg,Binnen,30.0,Niet brandend,Klinkers,Nat,Daglicht,Droog,Amstel,amsterdam,POINT (121454.97500000149 486686.86199999973),POINT (4.894682324769206 52.3670399234467),4.894682324769206,52.3670399234467,1,1,2,1
568,32944,20230050813,2023,Letsel,2,bestelauto,fiets,Flank,"Kruispunt, 3 takken",Binnen,30.0,Niet aanwezig,Overig asfalt,Nat,Daglicht,Droog,Pieter Calandlaan,amsterdam,POINT (114100.61169999838 484793.11129999906),POINT (4.786937966709028 52.34952200334019),4.786937966709028,52.34952200334019,1,1,1,1
569,32953,20230040381,2023,Letsel,2,fiets,bromfiets,Flank,"Kruispunt, 3 takken",Binnen,50.0,Niet brandend,ZOAB,Droog,Daglicht,Droog,Ouderkerkerdijk,amsterdam,POINT (122030.97709999979 482494.1085000001),POINT (4.903549882736496 52.329393073739325),4.903549882736496,52.329393073739325,1,1,1,1
570,32998,20230039853,2023,Uitsluitend materiele schade,2,motor,fiets,Onbekend,Rechte weg,Binnen,50.0,Niet brandend,Overig asfalt,Droog,Daglicht,Droog,Mauritskade,amsterdam,POINT (122594.81300000101 485953.12999999896),POINT (4.911488044563223 52.36051406787703),4.911488044563223,52.36051406787703,1,1,2,1
571,32999,20230039875,2023,Uitsluitend materiele schade,2,personenauto,fiets,Flank,"Kruispunt, 3 takken",Binnen,50.0,Brandend,ZOAB,Droog,Schemer,Droog,Vlothavenweg,amsterdam,POINT (118874.52650000155 490960.33199999854),POINT (4.85633695804353 52.40528289122353),4.85633695804353,52.40528289122353,-1,0,2,0
572,33035,20230059778,2023,Letsel,3,personenauto,e-bike,Flank,"Rechte weg, gescheiden rijbanen",Buiten,70.0,Niet brandend,Overig asfalt,Droog,Daglicht,Droog,Haarlemmerweg,amsterdam,POINT (116925.78840000182 488686.6559999995),POINT (4.827959200492279 52.384717185900534),4.827959200492279,52.38471718590053,1,1,1,1
573,33056,20230066071,2023,Uitsluitend materiele schade,2,bromfiets,personenauto,Onbekend,"Kruispunt, 4 takken",Binnen,30.0,Niet brandend,Overig asfalt,Nat,Daglicht,Droog,Kanaalstraat,amsterdam,POINT (119376.79410000145 486182.4365000017),POINT (4.864224235562163 52.362375653907435),4.864224235562163,52.36237565390744,1,1,2,1
574,33076,20230066469,2023,Uitsluitend materiele schade,2,personenauto,fiets,Flank,"Kruispunt, 4 takken",Binnen,50.0,Niet brandend,Klinkers,Droog,Daglicht,Droog,Bellamyplein,amsterdam,POINT (119650.22100000083 486819.0089999996),POINT (4.868171298481123 52.368114371229254),4.868171298481123,52.36811437122925,1,1,2,1
575,33079,20230040568,2023,Uitsluitend materiele schade,1,bromfiets,unknown,Onbekend,"Kruispunt, 4 takken",Binnen,50.0,Niet brandend,Overig asfalt,Droog,Daglicht,Droog,Rooseveltlaan,amsterdam,POINT (121576.16459999979 483989.82449999824),POINT (4.896729575607289 52.34280815398313),4.896729575607289,52.34280815398313,1,1,2,1
576,33135,20230039570,2023,Letsel,2,bromfiets,bromfiets,Flank,"Kruispunt, 4 takken",Binnen,30.0,Niet brandend,ZOAB,Droog,Daglicht,Droog,Tweede Bloemdwarsstraat,amsterdam,POINT (120434.06100000069 487442.88760000095),POINT (4.879615654499696 52.37377123481103),4.879615654499696,52.37377123481103,1,1,1,1
577,33204,20220211577,2022,Letsel,2,bromfiets,fiets,Flank,Rechte weg,Binnen,50.0,Brandend,ZOAB,Droog,Duisternis,Droog,Piet Heinkade,amsterdam,POINT (122814.61699999869 487814.3839999996),POINT (4.914536521344987 52.37725467710844),4.914536521344987,52.37725467710844,1,1,1,1
578,33438,20220211218,2022,Uitsluitend materiele schade,2,fiets,fiets,Flank,"Kruispunt, 4 takken",Binnen,Unknown,Brandend,Overig asfalt,Nat,Duisternis,Regen,Overtoom,amsterdam,POINT (120368.99819999933 486313.9556000009),POINT (4.878776563710008 52.36362110492843),4.878776563710008,52.36362110492843,1,1,2,1
579,33464,20220210538,2022,Uitsluitend materiele schade,2,fiets,personenauto,Kop/staart,Rechte weg,Binnen,30.0,Brandend,Overig asfalt,Droog,Duisternis,Droog,Sarphatistraat,amsterdam,POINT (123175.69000000134 486349.7529999986),POINT (4.919977656100965 52.36411261116759),4.919977656100965,52.36411261116759,1,1,2,1
580,33492,20220211284,2022,Uitsluitend materiele schade,1,bromfiets,unknown,Voetganger,Rechte weg,Binnen,50.0,Niet brandend,Overig asfalt,Droog,Daglicht,Droog,Jan van Galenstraat,amsterdam,POINT (117499.19900000095 487383.9450000003),POINT (4.836526647888305 52.37304891641212),4.836526647888305,52.37304891641212,1,1,2,1