,Unnamed: 0,accident_id,accident_year,outcome,num_parties,party1_type,party2_type,accident_nature,road_situation,built_up_area,speed_limit_kmh,street_lighting,road_surface,road_condition,light_condition,weather_condition,street_name,municipality,shape,geometry,longitude,latitude,cluster,future_hotspot_spatial,outcome_encoded,future_hotspot_pred
581,33494,20220211314,2022,Letsel,2,bromfiets,personenauto,Flank,Rechte weg,Binnen,30.0,Niet brandend,Overig asfalt,Droog,Daglicht,Droog,Hogeweg,amsterdam,POINT (124169.97899999842 485451.54199999943),POINT (4.934657138814398 52.35609677396525),4.934657138814398,52.35609677396525,1,1,1,1
582,33530,20220212025,2022,Letsel,2,bestelauto,fiets,Frontaal,"Kruispunt, 3 takken",Binnen,30.0,Niet brandend,Overig asfalt,Nat,Daglicht,Regen,Reinwardtstraat,amsterdam,POINT (123894.1512000002 486090.76359999925),POINT (4.930549330889455 52.361826138885164),4.930549330889455,52.36182613888517,1,1,1,1
583,34002,20230111191,2023,Uitsluitend materiele schade,2,fiets,overig vast object,Vast voorwerp,Rechte weg,Binnen,30.0,Brandend,Overig asfalt,Nat,Duisternis,Regen,Rozengracht,amsterdam,POINT (120465.5 487384.5),POINT (4.8800833073852115 52.3732484675128),4.880083307385212,52.3732484675128,1,1,2,1
584,34009,20230111805,2023,Letsel,3,bestelauto,fiets,Eenzijdig,"Kruispunt, 4 takken",Binnen,Unknown,Niet brandend,Overig asfalt,Nat,Daglicht,Regen,Arlandaweg,amsterdam,POINT (117908.03510000184 488823.59420000017),POINT (4.842370971216978 52.386015128574435),4.842370971216978,52.38601512857444,1,1,1,1
585,34155,20230020931,2023,Uitsluitend materiele schade,3,personenauto,fiets,Flank,Rotonde,Binnen,50.0,Niet brandend,Overig asfalt,Droog,Daglicht,Droog,Louis Davidsstraat,amsterdam,POINT (115749.59340000153 484933.36030000076),POINT (4.811121947351509 52.35090271724426),4.811121947351509,52.35090271724426,1,1,2,1
586,34188,20230067645,2023,Uitsluitend materiele schade,2,personenauto,bromfiets,Onbekend,Rotonde,Binnen,30.0,Niet brandend,Overig asfalt,Nat,Daglicht,Droog,Baden Powellweg,amsterdam,POINT (114172.81579999998 486280.7868999988),POINT (4.787817060554894 52.362897400459936),4.787817060554894,52.362897400459936,1,1,2,1
587,34206,20230020457,2023,Uitsluitend materiele schade,3,snorfiets,snorfiets,Onbekend,"Kruispunt, 3 takken",Binnen,30.0,Niet brandend,Overig asfalt,Droog,Daglicht,Droog,J.S. Ruppertstraat,amsterdam,POINT (114791.85579999909 485011.11349999905),POINT (4.797056547717964 52.351532252269074),4.797056547717964,52.351532252269074,1,1,2,1
588,34208,20230024450,2023,Uitsluitend materiele schade,2,personenauto,fiets,Flank,Bocht,Binnen,30.0,Niet brandend,Overig asfalt,Droog,Daglicht,Droog,Oostelijke Handelskade,amsterdam,POINT (124437.18200000003 487417.81799999997),POINT (4.9384005173667855 52.37378331848032),4.9384005173667855,52.37378331848032,1,1,2,1
589,34237,20230020479,2023,Uitsluitend materiele schade,3,fiets,fiets,Onbekend,Rechte weg,Binnen,Unknown,Brandend,Overig asfalt,Droog,Duisternis,Droog,Jachthavenweg,amsterdam,POINT (118733.70499999821 482904.6169999987),POINT (4.855136737835277 52.33287484820847),4.855136737835277,52.33287484820847,1,1,2,1
590,34278,20230024516,2023,Uitsluitend materiele schade,2,bromfiets,personenauto,Flank,Rechte weg,Binnen,30.0,Niet brandend,Klinkers,Droog,Daglicht,Droog,Torresstraat,amsterdam,POINT (118508.08700000122 487235.24599999934),POINT (4.851357102413637 52.37178049498732),4.851357102413637,52.37178049498732,1,1,2,1
591,34315,20230074663,2023,Letsel,2,trein/tram,fiets,Flank,"Kruispunt, 4 takken",Binnen,50.0,Niet brandend,Overig asfalt,Droog,Daglicht,Droog,Hobbemakade,amsterdam,POINT (120860.21770000085 485037.7597000003),POINT (4.88611756258688 52.35218228735945),4.88611756258688,52.35218228735945,1,1,1,1
592,34408,20230078023,2023,Letsel,2,vrachtauto,bromfiets,Kop/staart,"Kruispunt, 4 takken",Binnen,50.0,Niet brandend,ZOAB,Droog,Daglicht,Droog,Houtmankade,amsterdam,POINT (120811.4497999996 489318.49819999933),POINT (4.884966389733234 52.39065146960079),4.884966389733234,52.39065146960079,1,1,1,1
593,34415,20230020693,2023,Uitsluitend materiele schade,2,bestelauto,e-bike,Onbekend,Rotonde,Binnen,50.0,Niet brandend,Overig asfalt,Droog,Daglicht,Droog,Volendammerweg,amsterdam,POINT (125714.5522999987 489448.02739999816),POINT (4.956980734259642 52.392099102946545),4.956980734259642,52.39209910294655,1,1,2,1
594,34418,20230024724,2023,Uitsluitend materiele schade,2,fiets,fiets,Flank,Rechte weg,Binnen,15.0,Niet aanwezig,ZOAB,Droog,Daglicht,Droog,Marnixstraat,amsterdam,POINT (120529.14299999923 486397.2989999987),POINT (4.881119063696781 52.36438020993506),4.881119063696781,52.36438020993506,1,1,2,1
595,34464,20230020750,2023,Letsel,2,snorfiets,fiets,Flank,Rechte weg,Binnen,30.0,Niet brandend,Beton,Droog,Daglicht,Droog,De Ruijterkade,amsterdam,POINT (121488.5549999997 488398.7010000013),POINT (4.895004646066382 52.3824267658551),4.895004646066382,52.3824267658551,1,1,1,1
596,34465,20230020756,2023,Letsel,2,bromfiets,personenauto,Flank,Rechte weg,Binnen,50.0,Niet brandend,Overig asfalt,Nat,Daglicht,Droog,Wibautstraat,amsterdam,POINT (122440.73099999875 485822.5320000015),POINT (4.909238800412834 52.35933122959858),4.909238800412834,52.35933122959858,1,1,1,1
597,34520,20230020823,2023,Letsel,2,personenauto,e-bike,Flank,Rotonde,Binnen,50.0,Niet brandend,ZOAB,Nat,Daglicht,Droog,De Borcht,amsterdam,POINT (121126.69240000099 482059.58949999884),POINT (4.890328222211771 52.32543292517683),4.890328222211771,52.32543292517683,1,1,1,1
598,34540,20230088144,2023,Letsel,2,bromfiets,voetganger,Voetganger,"Kruispunt, 4 takken",Binnen,50.0,Niet brandend,Overig asfalt,Droog,Daglicht,Droog,Kerkstraat,amsterdam,POINT (121271.43510000035 486232.1684000008),POINT (4.892033222790585 52.362942213353975),4.892033222790585,52.362942213353975,1,1,1,1
599,34591,20230087007,2023,Uitsluitend materiele schade,2,personenauto,fiets,Flank,"Kruispunt, 3 takken",Binnen,30.0,Niet brandend,Klinkers,Nat,Daglicht,Droog,Joris Ivensstraat,amsterdam,POINT (127926.84970000014 485821.0221000016),POINT (4.989772324076786 52.35961540669219),4.989772324076786,52.35961540669219,1,1,2,0
600,34593,20230088203,2023,Uitsluitend materiele schade,2,personenauto,fiets,Flank,"Kruispunt, 4 takken",Binnen,30.0,Niet brandend,Overig asfalt,Droog,Daglicht,Droog,Beukenweg,amsterdam,POINT (123133.7751000002 485371.88379999995),POINT (4.919454952530148 52.355321735524925),4.919454952530148,52.355321735524925,1,1,2,1
601,34648,20230087663,2023,Uitsluitend materiele schade,2,personenauto,bromfiets,Flank,"Kruispunt, 4 takken",Binnen,50.0,Brandend,ZOAB,Droog,Duisternis,Droog,Mauritskade,amsterdam,POINT (122405.33480000123 485935.57609999925),POINT (4.908708251261734 52.36034509538456),4.908708251261734,52.36034509538456,1,1,2,1
602,34768,20230097817,2023,Letsel,2,personenauto,bromfiets,Flank,"Kruispunt, 4 takken",Binnen,50.0,Brandend,Overig asfalt,Nat,Daglicht,Droog,Hagedoornplein,amsterdam,POINT (122755.0876000002 488970.8825000003),POINT (4.91355130829117 52.38764497781065),4.91355130829117,52.38764497781065,1,1,1,1
603,34938,20210075204,2021,Letsel,2,personenauto,bromfiets,Flank,"Kruispunt, 4 takken",Binnen,50.0,Niet aanwezig,Overig asfalt,Nat,Duisternis,Droog,Spaarndammerdijk,amsterdam,POINT (119195.3898999989 489522.27910000086),POINT (4.861205290109658 52.39237984767924),4.861205290109658,52.39237984767924,1,1,1,1
604,34961,20210087360,2021,Uitsluitend materiele schade,2,bestelauto,fiets,Flank,"Kruispunt, 4 takken",Binnen,30.0,Niet brandend,Klinkers,Droog,Daglicht,Droog,Tussen Meer,amsterdam,POINT (114251.07030000165 485519.4288999997),POINT (4.789058108791467 52.35606074374265),4.789058108791467,52.35606074374265,1,1,2,1
605,34965,20210074694,2021,Uitsluitend materiele schade,1,fiets,unknown,Onbekend,Unknown,Unknown,30.0,Unknown,Unknown,Unknown,Daglicht,Unknown,Weesperzijde,amsterdam,POINT (122428.58399999887 485235.1649999991),POINT (4.909117362955078 52.354051644196744),4.909117362955078,52.35405164419674,1,1,2,1
606,35016,20210087305,2021,Uitsluitend materiele schade,3,bromfiets,bromfiets,Onbekend,"Kruispunt, 4 takken",Binnen,50.0,Niet brandend,Overig asfalt,Nat,Daglicht,Unknown,Willem de Zwijgerlaan,amsterdam,POINT (119316.14039999992 487595.97729999945),POINT (4.863183776150307 52.37507558190167),4.863183776150307,52.37507558190167,1,1,2,1
607,35017,20210087310,2021,Uitsluitend materiele schade,2,motor,fiets,Kop/staart,"Kruispunt, 4 takken",Binnen,50.0,Brandend,Unknown,Droog,Duisternis,Droog,Bestevâerstraat,amsterdam,POINT (119072.53489999846 487561.1832000017),POINT (4.859610273068408 52.3747469934787),4.859610273068408,52.3747469934787,1,1,2,1
608,35065,20210089315,2021,Uitsluitend materiele schade,2,personenauto,fiets,Flank,"Kruispunt, 4 takken",Binnen,50.0,Niet brandend,Overig asfalt,Droog,Daglicht,Droog,Coenhavenweg,amsterdam,POINT (118902.44550000131 491009.4519999996),POINT (4.856741929140689 52.40572617967393),4.856741929140689,52.40572617967393,-1,0,2,0
609,35113,20210010559,2021,Uitsluitend materiele schade,2,bromfiets,bromfiets,Flank,Bocht,Binnen,30.0,Niet brandend,Overig asfalt,Nat,Daglicht,Regen,Adriaan Loosjesstraat,amsterdam,POINT (121502.4849999994 492475.16800000146),POINT (4.894802369303709 52.41906380829178),4.894802369303709,52.41906380829178,1,1,2,1
610,35162,20210020277,2021,Uitsluitend materiele schade,2,bromfiets,fiets,Flank,Rechte weg,Binnen,50.0,Brandend,Overig asfalt,Droog,Schemer,Droog,Zuiderzeeweg,amsterdam,POINT (125116.98600000143 486464.82499999925),POINT (4.94846761944537 52.36525584682647),4.94846761944537,52.36525584682647,1,1,2,1
611,35256,20210025343,2021,Uitsluitend materiele schade,2,personenauto,bromfiets,Flank,"Kruispunt, 4 takken",Binnen,50.0,Niet brandend,Overig asfalt,Droog,Daglicht,Droog,Zuideinde,amsterdam,POINT (121336 492661),POINT (4.89233652514385 52.420723723571555),4.89233652514385,52.42072372357156,-1,0,2,0
612,35280,20210017919,2021,Uitsluitend materiele schade,1,bromfiets,unknown,Onbekend,"Kruispunt, 4 takken",Unknown,Unknown,Unknown,Unknown,Unknown,Daglicht,Unknown,Paulus Potterstraat,amsterdam,POINT (120344.5709999986 485696.9699999988),POINT (4.878481532552233 52.35807453200524),4.878481532552233,52.35807453200524,1,1,2,1
613,35529,20210073101,2021,Uitsluitend materiele schade,3,fiets,fiets,Onbekend,Rechte weg,Binnen,50.0,Niet brandend,Overig asfalt,Droog,Daglicht,Droog,Amsteldijk,amsterdam,POINT (122154.5 485449),POINT (4.905073585894549 52.35595713500371),4.905073585894549,52.35595713500371,1,1,2,1
614,35554,20210059939,2021,Uitsluitend materiele schade,2,snorfiets,fiets,Frontaal,Rechte weg,Binnen,50.0,Niet brandend,Klinkers,Nat,Daglicht,Sneeuw/Hagel,Dr. H. Colijnstraat,amsterdam,POINT (115462.83639999852 488102.27600000054),POINT (4.8065407508469296 52.37936184190246),4.8065407508469296,52.37936184190246,1,1,2,1
615,35618,20210060261,2021,Uitsluitend materiele schade,2,personenauto,e-bike,Flank,"Kruispunt, 4 takken",Binnen,50.0,Niet brandend,Overig asfalt,Nat,Daglicht,Unknown,KINKERBRUG 0266,amsterdam,POINT (119116.25710000098 486427.7906999998),POINT (4.8603732945253935 52.36456376026658),4.8603732945253935,52.36456376026658,1,1,2,1
616,35724,20210038604,2021,Uitsluitend materiele schade,2,bromfiets,overig vast object,Vast voorwerp,"Kruispunt, 3 takken",Binnen,50.0,Brandend,Overig asfalt,Droog,Schemer,Droog,Meteorenweg,amsterdam,POINT (120301.90300000086 492226.3260000013),POINT (4.877180629583237 52.41675276956373),4.877180629583237,52.41675276956373,-1,0,2,0
617,35737,20210056972,2021,Uitsluitend materiele schade,2,personenauto,fiets,Frontaal,Rechte weg,Binnen,30.0,Niet brandend,Klinkers,Droog,Schemer,Droog,Tugelaweg,amsterdam,POINT (123241.11499999836 485427.55900000036),POINT (4.921025238257541 52.35582832322368),4.921025238257541,52.35582832322368,1,1,2,1
618,35781,20210084838,2021,Letsel,1,bromfiets,unknown,Eenzijdig,Unknown,Buiten,60.0,Niet aanwezig,Overig asfalt,Droog,Duisternis,Droog,Buikslotermeerdijk,amsterdam,POINT (125130.77600000054 491192.313000001),POINT (4.948249667234113 52.40774405850592),4.948249667234113,52.40774405850592,-1,0,1,0
619,35885,20210043795,2021,Uitsluitend materiele schade,2,fiets,fiets,Flank,"Kruispunt, 4 takken",Binnen,Unknown,Niet brandend,Overig asfalt,Droog,Daglicht,Droog,Prins Hendrikkade,amsterdam,POINT (122014.77499999851 487690.50400000066),POINT (4.902802766260774 52.37609386385047),4.902802766260774,52.37609386385047,1,1,2,1
620,35886,20210076685,2021,Letsel,2,snorfiets,bestelauto,Onbekend,Rechte weg,Binnen,50.0,Niet aanwezig,Overig asfalt,Unknown,Schemer,Droog,Nieuwezijds Voorburgwal,amsterdam,POINT (121288.65100000054 487610.46400000155),POINT (4.892147744094002 52.375330421362335),4.892147744094002,52.375330421362335,1,1,1,1
621,35939,20210048766,2021,Uitsluitend materiele schade,2,bromfiets,fiets,Flank,"Kruispunt, 3 takken",Binnen,50.0,Niet brandend,Overig asfalt,Droog,Daglicht,Droog,Marnixplein,amsterdam,POINT (120373.49579999968 487894.5238999985),POINT (4.878679772716584 52.37782639603906),4.878679772716584,52.37782639603906,1,1,2,1
622,35999,20210087280,2021,Letsel,2,snorfiets,fiets,Flank,"Kruispunt, 4 takken",Binnen,50.0,Niet brandend,ZOAB,Droog,Daglicht,Droog,Buiksloterweg,amsterdam,POINT (122264.9888000004 488634.7441000007),POINT (4.906385134222556 52.38459499869127),4.906385134222556,52.38459499869127,1,1,1,1
623,36004,20210043319,2021,Uitsluitend materiele schade,2,snorfiets,fiets,Flank,Rechte weg,Binnen,30.0,Niet aanwezig,Overig asfalt,Droog,Daglicht,Droog,Stadhouderskade,amsterdam,POINT (121122.63100000098 485704.55099999905),POINT (4.889901846885156 52.35819119532198),4.889901846885156,52.35819119532198,1,1,2,1
624,36053,20210069176,2021,Uitsluitend materiele schade,3,bromfiets,fiets,Onbekend,Rechte weg,Binnen,Unknown,Brandend,Overig asfalt,Nat,Duisternis,Regen,Cornelis Lelylaan,amsterdam,POINT (115625.1649999991 485544.14400000125),POINT (4.809224301751561 52.35638306559547),4.809224301751561,52.35638306559547,1,1,2,1
625,36057,20210087671,2021,Letsel,3,fiets,overig vast object,Vast voorwerp,Rechte weg,Binnen,50.0,Brandend,Overig asfalt,Droog,Duisternis,Droog,Van Heenvlietlaan,amsterdam,POINT (120598.3759999983 482590.1719999984),POINT (4.882524635070335 52.330168663230104),4.882524635070335,52.3301686632301,1,1,1,1
626,36064,20210071178,2021,Letsel,2,bromfiets,voetganger,Voetganger,Rechte weg,Binnen,30.0,Niet brandend,Klinkers,Droog,Daglicht,Droog,Amstel,amsterdam,POINT (121743.42500000075 486673.2569999993),POINT (4.898918665028053 52.36693519276456),4.898918665028053,52.36693519276456,1,1,1,1
627,36065,20210071179,2021,Letsel,2,motor,bromfiets,Flank,Rechte weg,Binnen,15.0,Niet brandend,Beton,Droog,Daglicht,Droog,Rokin,amsterdam,POINT (121306.4450000003 487021.91899999976),POINT (4.89246804227348 52.37004208878155),4.89246804227348,52.37004208878155,1,1,1,1
628,36245,20210092244,2021,Uitsluitend materiele schade,2,bromfiets,personenauto,Kop/staart,Rechte weg,Binnen,50.0,Niet brandend,Overig asfalt,Droog,Daglicht,Droog,Pieter Calandlaan,amsterdam,POINT (115346.25400000066 485174.1950000003),POINT (4.805173999904252 52.35303819234921),4.805173999904252,52.35303819234921,1,1,2,1
629,36622,20210093214,2021,Uitsluitend materiele schade,2,bromfiets,personenauto,Flank,"Kruispunt, 4 takken",Binnen,50.0,Niet brandend,Overig asfalt,Nat,Daglicht,Unknown,Kleine Houtstraat,amsterdam,POINT (120810.81799999997 488685.3920000009),POINT (4.885021560100082 52.38496154387928),4.885021560100082,52.38496154387928,1,1,2,1
630,36677,20220080681,2022,Uitsluitend materiele schade,2,personenauto,bromfiets,Kop/staart,Rechte weg,Binnen,50.0,Niet brandend,ZOAB,Droog,Daglicht,Droog,Prins Hendrikkade,amsterdam,POINT (122267.08199999854 487382.77800000086),POINT (4.906537844519559 52.373343336113784),4.906537844519559,52.37334333611378,1,1,2,1
631,36684,20220103358,2022,Letsel,2,bromfiets,voetganger,Voetganger,"Kruispunt, 4 takken",Binnen,50.0,Niet brandend,Overig asfalt,Droog,Daglicht,Droog,Molukkenstraat,amsterdam,POINT (124514.23200000077 486348.2470000014),POINT (4.939628926496702 52.36417499621828),4.939628926496702,52.36417499621828,1,1,1,1
632,36722,20220016678,2022,Uitsluitend materiele schade,1,bromfiets,unknown,Eenzijdig,Rechte weg,Binnen,30.0,Brandend,Overig asfalt,Droog,Duisternis,Droog,Prins Hendrikkade,amsterdam,POINT (122217.43299999833 487447.66600000113),POINT (4.9058024693212365 52.37392354251287),4.9058024693212365,52.37392354251287,1,1,2,1
633,36801,20220055404,2022,Uitsluitend materiele schade,1,fiets,unknown,Voetganger,Rechte weg,Binnen,30.0,Niet brandend,Overig asfalt,Droog,Daglicht,Droog,Haarlemmerplein,amsterdam,POINT (120746.47800000012 488610.6319999993),POINT (4.884084170077515 52.384285645407275),4.884084170077515,52.38428564540728,1,1,2,1
634,36850,20220081132,2022,Uitsluitend materiele schade,2,personenauto,e-bike,Flank,"Kruispunt, 4 takken",Binnen,Unknown,Niet brandend,Overig asfalt,Droog,Daglicht,Droog,Barentszplein,amsterdam,POINT (121232.38360000029 489178.9699999988),POINT (4.891163815192853 52.389423552746145),4.891163815192853,52.38942355274615,1,1,2,1
635,36886,20220081205,2022,Uitsluitend materiele schade,2,personenauto,snorfiets,Flank,"Kruispunt, 4 takken",Binnen,50.0,Niet brandend,Overig asfalt,Droog,Daglicht,Droog,Van der Boechorststraat,amsterdam,POINT (119186.0821999982 482343.71440000087),POINT (4.861832989618 52.32786348629177),4.861832989618,52.32786348629177,1,1,2,1
636,36952,20220081335,2022,Letsel,2,snorfiets,fiets,Flank,Rotonde,Binnen,50.0,Niet brandend,ZOAB,Droog,Daglicht,Droog,Louis Bouwmeesterstraat,amsterdam,POINT (116458.0524000004 485498.2930999994),POINT (4.821454863279112 52.3560300557057),4.821454863279112,52.3560300557057,1,1,1,1
637,36981,20220054500,2022,Uitsluitend materiele schade,2,bromfiets,bromfiets,Onbekend,"Kruispunt, 4 takken",Binnen,50.0,Unknown,Unknown,Droog,Daglicht,Droog,Molukkenstraat,amsterdam,POINT (124590.84230000153 485785.1141999997),POINT (4.94080456267877 52.35911816498534),4.94080456267877,52.35911816498534,1,1,2,1
638,37046,20220103083,2022,Uitsluitend materiele schade,1,fiets,unknown,Onbekend,Unknown,Unknown,50.0,Unknown,Unknown,Unknown,Daglicht,Unknown,Stadhouderskade,amsterdam,POINT (121845.47599999979 485686.08399999887),POINT (4.9005142904111265 52.35806932532612),4.900514290411127,52.35806932532612,1,1,2,1
639,37101,20220102457,2022,Uitsluitend materiele schade,2,personenauto,fiets,Flank,Rotonde,Binnen,50.0,Niet brandend,Overig asfalt,Droog,Daglicht,Droog,Cornelis Krusemanstraat,amsterdam,POINT (118941.3759999983 484790.34540000185),POINT (4.857981397277775 52.349836129546695),4.857981397277775,52.349836129546695,1,1,2,1
640,37126,20220103261,2022,Uitsluitend materiele schade,3,personenauto,e-bike,Los voorwerp,Rechte weg,Binnen,50.0,Niet brandend,Beton,Droog,Daglicht,Droog,Elzenhagensingel,amsterdam,POINT (124073.97700000182 490931.06599999964),POINT (4.932743607207626 52.405337604580836),4.932743607207626,52.40533760458084,1,1,2,1
641,37518,20230004061,2023,Uitsluitend materiele schade,3,personenauto,snorfiets,Onbekend,"Kruispunt, 4 takken",Binnen,50.0,Niet brandend,Beton,Nat,Daglicht,Droog,Wijttenbachstraat,amsterdam,POINT (123888.11129999906 486035.0342000015),POINT (4.930465819285362 52.36132493717997),4.930465819285362,52.36132493717997,1,1,2,1
642,37519,20230004648,2023,Letsel,2,personenauto,fiets,Onbekend,Rechte weg,Binnen,30.0,Niet brandend,Klinkers,Droog,Daglicht,Droog,Eerste Marnixdwarsstraat,amsterdam,POINT (120597.94200000167 488516.0089999996),POINT (4.881912225930253 52.383425955663604),4.881912225930253,52.3834259556636,1,1,1,1
643,37557,20230004101,2023,Uitsluitend materiele schade,2,personenauto,fiets,Flank,"Kruispunt, 4 takken",Binnen,50.0,Niet brandend,Overig asfalt,Droog,Daglicht,Droog,Govert Flinckstraat,amsterdam,POINT (121793.74920000136 485535.1928999983),POINT (4.899769891763816 52.35671009371424),4.899769891763816,52.35671009371424,1,1,2,1
644,37584,20230004505,2023,Uitsluitend materiele schade,2,bromfiets,bromfiets,Voetganger,"Kruispunt, 4 takken",Binnen,30.0,Niet brandend,Klinkers,Droog,Duisternis,Droog,Egelantiersstraat,amsterdam,POINT (120610.31390000135 487759.05469999835),POINT (4.882171415762683 52.37662378169049),4.882171415762683,52.37662378169049,1,1,2,1
645,37630,20230020150,2023,Uitsluitend materiele schade,1,bromfiets,unknown,Onbekend,Unknown,Unknown,Unknown,Unknown,Unknown,Unknown,Daglicht,Unknown,Van Alphenstraat,amsterdam,POINT (119655.5549999997 486946.7049999982),POINT (4.868236187592661 52.36926235298669),4.868236187592661,52.36926235298669,1,1,2,1
646,37664,20230020408,2023,Letsel,2,fiets,bestelauto,Eenzijdig,Unknown,Unknown,30.0,Unknown,Unknown,Unknown,Daglicht,Unknown,Van Reigersbergenstraat,amsterdam,POINT (119875.16849999875 487582.1629000008),POINT (4.871394274352922 52.37498747306687),4.871394274352922,52.37498747306687,1,1,1,1
647,38205,20220177436,2022,Uitsluitend materiele schade,2,bestelauto,fiets,Frontaal,"Kruispunt, 3 takken",Binnen,30.0,Niet brandend,Klinkers,Droog,Daglicht,Unknown,Hemonystraat,amsterdam,POINT (121943.44330000132 485662.567400001),POINT (4.901954657496992 52.35786387744737),4.901954657496992,52.35786387744737,1,1,2,1
648,38235,20220177238,2022,Uitsluitend materiele schade,1,fiets,unknown,Eenzijdig,Rechte weg,Binnen,30.0,Brandend,Overig asfalt,Nat,Duisternis,Unknown,Marnixstraat,amsterdam,POINT (120316.61699999869 486883.66000000015),POINT (4.877948799779006 52.36873789625751),4.877948799779006,52.36873789625751,1,1,2,1
649,38316,20220142232,2022,Uitsluitend materiele schade,2,personenauto,bromfiets,Geparkeerd voertuig,Rechte weg,Binnen,30.0,Niet brandend,Klinkers,Nat,Daglicht,Regen,Louis Bouwmeesterstraat,amsterdam,POINT (116513.01999999955 485325.62999999896),POINT (4.82228143815836 52.35448214461555),4.82228143815836,52.35448214461555,1,1,2,1
650,38348,20220123600,2022,Uitsluitend materiele schade,2,bromfiets,fiets,Flank,Rechte weg,Binnen,50.0,Niet brandend,Overig asfalt,Droog,Daglicht,Droog,Vrijheidslaan,amsterdam,POINT (122362.98699999973 484442.1196000017),POINT (4.908231473023119 52.34692037705785),4.908231473023119,52.34692037705785,1,1,2,1
651,38459,20220123916,2022,Letsel,2,bromfiets,overig vast object,Vast voorwerp,Rechte weg,Binnen,50.0,Brandend,Overig asfalt,Droog,Duisternis,Droog,Dolingadreef,amsterdam,POINT (124551.71499999985 482041.8209999986),POINT (4.940568763633573 52.325473542148394),4.940568763633573,52.3254735421484,0,1,1,1
652,38486,20220124028,2022,Uitsluitend materiele schade,2,personenauto,bromfiets,Onbekend,Rotonde,Binnen,50.0,Brandend,Overig asfalt,Droog,Duisternis,Droog,Wibautstraat,amsterdam,POINT (123037.77039999887 484612.33769999817),POINT (4.918117940482802 52.34848984824561),4.918117940482802,52.34848984824561,1,1,2,1
653,38616,20220141806,2022,Uitsluitend materiele schade,2,fiets,personenauto,Frontaal,Rechte weg,Binnen,30.0,Niet brandend,ZOAB,Droog,Daglicht,Droog,Haarlemmer Houttuinen,amsterdam,POINT (121305.33300000057 488210.1970000006),POINT (4.8923325732140635 52.38072141391106),4.892332573214064,52.38072141391106,1,1,2,1
654,38618,20220150376,2022,Uitsluitend materiele schade,2,personenauto,bromfiets,Onbekend,Unknown,Unknown,50.0,Unknown,Unknown,Unknown,Daglicht,Unknown,Overtoom,amsterdam,POINT (120130.33999999985 486227.08100000024),POINT (4.875281896046461 52.36282523913927),4.875281896046461,52.36282523913927,1,1,2,1
655,38621,20220155714,2022,Letsel,1,fiets,unknown,Eenzijdig,Unknown,Unknown,30.0,Unknown,Unknown,Unknown,Daglicht,Unknown,Spaarndammerstraat,amsterdam,POINT (120547.91299999878 488941.51000000164),POINT (4.881133790789254 52.38724690398588),4.881133790789254,52.38724690398588,1,1,1,1
656,38717,20230049004,2023,Uitsluitend materiele schade,2,personenauto,bromfiets,Flank,Rechte weg,Binnen,50.0,Niet brandend,Overig asfalt,Droog,Daglicht,Droog,IJdoornlaan,amsterdam,POINT (122870.49500000104 491358.78599999845),POINT (4.915017930561628 52.40911247210104),4.915017930561628,52.40911247210104,1,1,2,1
657,38815,20230039817,2023,Uitsluitend materiele schade,2,motor,fiets,Flank,Rechte weg,Binnen,50.0,Niet brandend,Overig asfalt,Droog,Daglicht,Droog,Marnixstraat,amsterdam,POINT (120286.07999999821 487679.1550000012),POINT (4.877418282525892 52.37588529859349),4.877418282525892,52.37588529859349,1,1,2,1
658,38843,20230048665,2023,Uitsluitend materiele schade,2,personenauto,fiets,Frontaal,Rechte weg,Binnen,30.0,Niet brandend,Overig asfalt,Droog,Daglicht,Droog,Eerste Helmersstraat,amsterdam,POINT (120154.03700000048 486315.45600000024),POINT (4.875620621096931 52.363620994566965),4.875620621096931,52.363620994566965,1,1,2,1
659,38857,20230039919,2023,Letsel,3,bromfiets,fiets,Onbekend,Rechte weg,Binnen,50.0,Niet brandend,ZOAB,Droog,Daglicht,Droog,De passage,amsterdam,POINT (124415.26799999923 480974.2259999998),POINT (4.938664211818704 52.31587103299015),4.938664211818704,52.31587103299015,0,1,1,1
660,38882,20230049293,2023,Uitsluitend materiele schade,2,bromfiets,personenauto,Onbekend,Bocht,Binnen,50.0,Niet brandend,Beton,Droog,Daglicht,Droog,Strawinskylaan,amsterdam,POINT (119647.24300000072 483770.2569999993),POINT (4.868447953978331 52.340714142611915),4.868447953978331,52.34071414261192,1,1,2,1
661,38884,20230050414,2023,Letsel,2,personenauto,fiets,Onbekend,"Kruispunt, 3 takken",Binnen,30.0,Niet brandend,Klinkers,Droog,Daglicht,Droog,Kattenburgerplein,amsterdam,POINT (122851.33199999854 487124.32979999855),POINT (4.91514170058188 52.37105509565361),4.91514170058188,52.37105509565361,1,1,1,1
662,38898,20230040530,2023,Uitsluitend materiele schade,2,snorfiets,bestelauto,Onbekend,"Kruispunt, 3 takken",Binnen,50.0,Niet brandend,Overig asfalt,Droog,Daglicht,Droog,'s-Gravesandeplein,amsterdam,POINT (122940.02199999988 485830.4840000011),POINT (4.916567324904368 52.35943206167372),4.916567324904368,52.35943206167372,1,1,2,1
663,38905,20230050466,2023,Letsel,2,bromfiets,unknown,Eenzijdig,Rechte weg,Binnen,50.0,Niet brandend,Klinkers,Droog,Daglicht,Droog,Damrak,amsterdam,POINT (121364.07999999821 487385.09699999914),POINT (4.89327794717244 52.373309608885506),4.89327794717244,52.37330960888551,1,1,1,1