,Unnamed: 0,accident_id,accident_year,outcome,num_parties,party1_type,party2_type,accident_nature,road_situation,built_up_area,speed_limit_kmh,street_lighting,road_surface,road_condition,light_condition,weather_condition,street_name,municipality,shape,geometry,longitude,latitude,cluster,future_hotspot_spatial,outcome_encoded,future_hotspot_pred
664,38937,20230050553,2023,Letsel,2,bromfiets,fiets,Flank,"Kruispunt, 4 takken",Binnen,50.0,Brandend,Klinkers,Droog,Duisternis,Droog,Geldersekade,amsterdam,POINT (121929.85990000144 487464.3319000006),POINT (4.901578052209045 52.374056080656516),4.901578052209045,52.37405608065652,1,1,1,1
665,38976,20230040147,2023,Letsel,2,motor,e-bike,Flank,"Kruispunt, 4 takken",Binnen,50.0,Niet brandend,Overig asfalt,Droog,Daglicht,Droog,Westermarkt,amsterdam,POINT (120782 487475.53500000015),POINT (4.88472150316092 52.374086437866566),4.88472150316092,52.374086437866566,1,1,1,1
666,39013,20220210892,2022,Letsel,2,snorfiets,personenauto,Flank,"Kruispunt, 4 takken",Binnen,Unknown,Niet brandend,Overig asfalt,Nat,Daglicht,Droog,Koos Vorrinkweg,amsterdam,POINT (114996.14600000158 485075.0700000003),POINT (4.800047224167302 52.35212195488326),4.800047224167302,52.35212195488326,1,1,1,1
667,39014,20220211525,2022,Letsel,1,e-bike,unknown,Eenzijdig,"Kruispunt, 4 takken",Binnen,30.0,Niet aanwezig,Klinkers,Nat,Schemer,Droog,Quellijnstraat,amsterdam,POINT (121171.84380000085 485549.0238999985),POINT (4.890639880619272 52.35679645668271),4.890639880619272,52.35679645668271,1,1,1,1
668,39052,20220210945,2022,Uitsluitend materiele schade,2,personenauto,fiets,Flank,"Kruispunt, 4 takken",Binnen,50.0,Niet brandend,Overig asfalt,Nat,Daglicht,Droog,Van Baerlestraat,amsterdam,POINT (120359 485701),POINT (4.87869291933363 52.358111660850895),4.87869291933363,52.358111660850895,1,1,2,1
669,39089,20220211634,2022,Uitsluitend materiele schade,2,personenauto,fiets,Flank,"Kruispunt, 3 takken",Binnen,50.0,Niet brandend,Overig asfalt,Droog,Duisternis,Droog,Amsteldijk,amsterdam,POINT (122081.89689999819 485666.81500000134),POINT (4.90398658475481 52.35791036538376),4.90398658475481,52.35791036538376,1,1,2,1
670,39150,20220211029,2022,Uitsluitend materiele schade,2,personenauto,fiets,Flank,"Kruispunt, 4 takken",Binnen,50.0,Niet brandend,Overig asfalt,Droog,Daglicht,Droog,Weteringlaan,amsterdam,POINT (121185.9849999994 485686.30999999866),POINT (4.890833651413056 52.358031160813745),4.890833651413056,52.35803116081375,1,1,2,1
671,39151,20220211710,2022,Letsel,2,personenauto,snorfiets,Flank,Rechte weg,Binnen,50.0,Brandend,Unknown,Droog,Duisternis,Droog,Amstelveenseweg,amsterdam,POINT (118780.42720000073 485312.18780000135),POINT (4.855563115350352 52.35451549085114),4.855563115350352,52.35451549085114,1,1,1,1
672,39152,20220212411,2022,Letsel,2,personenauto,fiets,Frontaal,"Kruispunt, 4 takken",Binnen,50.0,Brandend,Beton,Nat,Duisternis,Droog,Bilderdijkstraat,amsterdam,POINT (119801.27290000021 487126.9803000018),POINT (4.87035682606685 52.37089189452103),4.87035682606685,52.37089189452103,1,1,1,1
673,39189,20220211754,2022,Uitsluitend materiele schade,2,personenauto,fiets,Flank,"Kruispunt, 4 takken",Binnen,30.0,Niet brandend,Klinkers,Nat,Schemer,Droog,Orteliusstraat,amsterdam,POINT (118271.51700000092 487326.375),POINT (4.847873497579089 52.37258372154524),4.847873497579089,52.37258372154524,1,1,2,1
674,39253,20220211848,2022,Uitsluitend materiele schade,2,fiets,fiets,Onbekend,"Kruispunt, 4 takken",Binnen,Unknown,Brandend,Overig asfalt,Nat,Duisternis,Regen,Gietersstraat,amsterdam,POINT (120463.97430000082 487995.7393999994),POINT (4.879998085930682 52.3787417453001),4.879998085930682,52.3787417453001,1,1,2,1
675,39376,20220212013,2022,Letsel,1,bromfiets,unknown,Eenzijdig,Rechte weg,Binnen,50.0,Brandend,Overig asfalt,Nat,Duisternis,Regen,Piet Heinkade,amsterdam,POINT (123183.61100000143 487736.6030000001),POINT (4.919962680799655 52.37657714037732),4.919962680799655,52.37657714037732,1,1,1,1
676,39447,20220210741,2022,Uitsluitend materiele schade,1,snorfiets,unknown,Voetganger,Bocht,Binnen,30.0,Niet brandend,Overig asfalt,Nat,Daglicht,Regen,Jan van Galenstraat,amsterdam,POINT (117521.37000000104 487346.13500000164),POINT (4.836856418165461 52.37271062309622),4.836856418165461,52.37271062309622,1,1,2,1
677,39850,20230111775,2023,Letsel,1,fiets,unknown,Eenzijdig,Rechte weg,Binnen,30.0,Brandend,Klinkers,Droog,Duisternis,Droog,Vijzelstraat,amsterdam,POINT (121350.13100000098 486615.3299999982),POINT (4.893150175780427 52.366390630293544),4.893150175780427,52.36639063029354,1,1,1,1
678,39876,20230111386,2023,Letsel,2,bromfiets,personenauto,Flank,"Kruispunt, 4 takken",Binnen,30.0,Niet brandend,ZOAB,Droog,Daglicht,Droog,Molukkenstraat,amsterdam,POINT (124547.82779999822 485890.00349999964),POINT (4.940163641253424 52.3600584606899),4.940163641253424,52.3600584606899,1,1,1,1
679,39953,20230020887,2023,Uitsluitend materiele schade,2,personenauto,fiets,Flank,"Kruispunt, 4 takken",Binnen,30.0,Brandend,Overig asfalt,Droog,Schemer,Droog,Piet Mondriaanstraat,amsterdam,POINT (117759.14189999923 486585.3691999987),POINT (4.840432063365826 52.36588961809934),4.840432063365826,52.36588961809934,1,1,2,1
680,40068,20230078483,2023,Uitsluitend materiele schade,2,personenauto,fiets,Flank,Rechte weg,Binnen,50.0,Niet brandend,Klinkers,Droog,Daglicht,Droog,Carolina MacGillavrylaan,amsterdam,POINT (124705.83999999985 485641.5170000009),POINT (4.942505587442915 52.357833957358544),4.942505587442915,52.357833957358544,1,1,2,1
681,40139,20230078981,2023,Letsel,1,fiets,unknown,Eenzijdig,Rechte weg,Binnen,50.0,Brandend,Overig asfalt,Droog,Duisternis,Droog,Reigersbospad,amsterdam,POINT (125665.64999999851 480707.64499999955),POINT (4.95702435861335 52.31354324854551),4.95702435861335,52.31354324854551,0,1,1,1
682,40146,20230024598,2023,Uitsluitend materiele schade,2,fiets,fiets,Frontaal,Rechte weg,Binnen,60.0,Niet brandend,Overig asfalt,Droog,Daglicht,Droog,Dammerweg,amsterdam,POINT (133344.3359999992 477516.26900000125),POINT (5.069832920621016 52.285216350102665),5.069832920621016,52.285216350102665,-1,0,2,0
683,40184,20230077014,2023,Uitsluitend materiele schade,2,personenauto,fiets,Flank,"Kruispunt, 4 takken",Binnen,50.0,Niet brandend,Overig asfalt,Droog,Duisternis,Droog,Overtoom,amsterdam,POINT (119465.85209999979 485951.8203999996),POINT (4.865556000946601 52.36030881073797),4.865556000946601,52.36030881073797,1,1,2,1
684,40202,20230022868,2023,Letsel,2,snorfiets,personenauto,Flank,"Kruispunt, 3 takken",Binnen,30.0,Niet brandend,Overig asfalt,Nat,Daglicht,Droog,Ben van Meerendonkstraat,amsterdam,POINT (129093.67069999874 484932.06069999933),POINT (5.006969256760928 52.351682185288986),5.006969256760928,52.351682185288986,-1,0,1,0
685,40221,20230022908,2023,Uitsluitend materiele schade,2,bromfiets,personenauto,Flank,"Kruispunt, 3 takken",Binnen,50.0,Niet brandend,Overig asfalt,Droog,Daglicht,Droog,Johan Jongkindstraat,amsterdam,POINT (117551.54520000145 485855.1576000005),POINT (4.837465571062538 52.3593129124571),4.837465571062538,52.3593129124571,1,1,2,1
686,40249,20230020179,2023,Uitsluitend materiele schade,2,bromfiets,personenauto,Flank,Rechte weg,Binnen,50.0,Niet brandend,Overig asfalt,Nat,Daglicht,Regen,Nassaukade,amsterdam,POINT (120358.93499999866 486509.73600000143),POINT (4.878608658653435 52.36538000554891),4.878608658653435,52.36538000554891,1,1,2,1
687,40250,20230020709,2023,Uitsluitend materiele schade,2,personenauto,fiets,Flank,Rechte weg,Binnen,50.0,Niet brandend,Overig asfalt,Droog,Daglicht,Droog,Amstel,amsterdam,POINT (122130.68560000136 485952.45710000023),POINT (4.904674834293164 52.360480445819),4.904674834293164,52.360480445819,1,1,2,1
688,40288,20230024173,2023,Letsel,2,bromfiets,overig vast object,Vast voorwerp,Rechte weg,Binnen,30.0,Brandend,Overig asfalt,Droog,Schemer,Droog,NESCIOBRUG,amsterdam,POINT (126478.14400000125 485423.27800000086),POINT (4.968539680939198 52.355967423196525),4.968539680939198,52.355967423196525,-1,0,1,0
689,40422,20230087591,2023,Uitsluitend materiele schade,2,snorfiets,fiets,Flank,"Kruispunt, 4 takken",Binnen,50.0,Niet brandend,Overig asfalt,Nat,Daglicht,Regen,Plesmanlaan,amsterdam,POINT (115267.53599999845 484763.2349999994),POINT (4.804067178637002 52.349339116210025),4.804067178637002,52.349339116210025,1,1,2,1
690,40451,20230097602,2023,Uitsluitend materiele schade,2,fiets,bromfiets,Flank,Rechte weg,Binnen,30.0,Brandend,Overig asfalt,Nat,Schemer,Regen,Het Breed,amsterdam,POINT (124563.55750000104 489948.9844000004),POINT (4.940026888022908 52.39653873308499),4.940026888022908,52.39653873308499,1,1,2,1
691,40460,20230087692,2023,Uitsluitend materiele schade,3,personenauto,fiets,Flank,"Kruispunt, 4 takken",Binnen,50.0,Brandend,ZOAB,Droog,Duisternis,Droog,Korte Marnixstraat,amsterdam,POINT (120684.78669999912 488661.3931999989),POINT (4.8831728880669285 52.38473799655094),4.8831728880669285,52.38473799655094,1,1,2,1
692,40537,20230087246,2023,Letsel,4,bromfiets,bromfiets,Onbekend,Rechte weg,Binnen,50.0,Niet brandend,Overig asfalt,Droog,Daglicht,Droog,Burg De Vlugtlaan,amsterdam,POINT (116757.67399999872 488242.41000000015),POINT (4.8255405752711455 52.38071297497501),4.8255405752711455,52.38071297497501,1,1,1,1
693,40559,20230087863,2023,Letsel,2,personenauto,fiets,Flank,"Kruispunt, 4 takken",Binnen,30.0,Niet brandend,Klinkers,Nat,Daglicht,Regen,Valeriusplein,amsterdam,POINT (119357 485127),POINT (4.864045492727809 52.3528888608731),4.864045492727809,52.3528888608731,1,1,1,1
694,40580,20230087321,2023,Uitsluitend materiele schade,2,personenauto,bromfiets,Kop/staart,Rechte weg,Binnen,50.0,Niet brandend,Klinkers,Droog,Daglicht,Droog,Werengouw,amsterdam,POINT (125001.84299999848 489722.438000001),POINT (4.946486313923489 52.394526824761186),4.946486313923489,52.39452682476119,1,1,2,1
695,40621,20230087970,2023,Uitsluitend materiele schade,2,personenauto,fiets,Flank,"Kruispunt, 3 takken",Binnen,50.0,Niet brandend,ZOAB,Nat,Daglicht,Regen,Hobbemakade,amsterdam,POINT (120838.29670000076 484795.5667000003),POINT (4.885820417873746 52.350004258439235),4.885820417873746,52.35000425843924,1,1,2,1
696,40665,20230087492,2023,Uitsluitend materiele schade,1,fiets,unknown,Flank,Rotonde,Binnen,Unknown,Niet aanwezig,Overig asfalt,Nat,Daglicht,Regen,OOSTOEVER NOORDZIJDE,amsterdam,POINT (117149 487101),POINT (4.8314162718754226 52.370481999550314),4.831416271875423,52.37048199955032,1,1,2,1
697,40720,20210088985,2021,Uitsluitend materiele schade,2,personenauto,e-bike,Frontaal,Rechte weg,Binnen,50.0,Brandend,Overig asfalt,Nat,Duisternis,Unknown,Hobbemakade,amsterdam,POINT (120872.09200000018 485535.7679999992),POINT (4.886241321591854 52.356658783234145),4.886241321591854,52.35665878323415,1,1,2,1
698,40862,20210077862,2021,Letsel,3,fiets,e-bike,Onbekend,Rechte weg,Binnen,30.0,Brandend,Overig asfalt,Nat,Duisternis,Droog,Weteringschans,amsterdam,POINT (120951.86699999869 486001.0329999998),POINT (4.887365196317711 52.360845213746),4.887365196317711,52.360845213746,1,1,1,1
699,40912,20210004670,2021,Letsel,2,bromfiets,los voorwerp,Los voorwerp,"Kruispunt, 4 takken",Binnen,30.0,Niet brandend,Klinkers,Droog,Daglicht,Droog,2e Jan vd Heijdenstr,amsterdam,POINT (121716.86730000004 485329.19249999896),POINT (4.898661763447369 52.35485404841697),4.898661763447369,52.35485404841697,1,1,1,1
700,41029,20210023735,2021,Uitsluitend materiele schade,2,personenauto,bromfiets,Flank,"Kruispunt, 4 takken",Binnen,50.0,Niet brandend,Klinkers,Droog,Daglicht,Droog,Singel,amsterdam,POINT (120970.70820000023 486880.7833000012),POINT (4.887552747151846 52.36875296042486),4.887552747151846,52.36875296042486,1,1,2,1
701,41079,20210009523,2021,Uitsluitend materiele schade,2,bestelauto,bromfiets,Flank,"Kruispunt, 4 takken",Binnen,50.0,Brandend,Overig asfalt,Droog,Duisternis,Droog,Piet Heinkade,amsterdam,POINT (122934.9840000011 487782.35599999875),POINT (4.916307204803399 52.37697387399624),4.916307204803399,52.37697387399624,1,1,2,1
702,41210,20210018134,2021,Uitsluitend materiele schade,2,fiets,e-bike,Flank,Rechte weg,Binnen,50.0,Niet aanwezig,Overig asfalt,Droog,Daglicht,Droog,Jan van Galenstraat,amsterdam,POINT (119621.72399999946 487714.438000001),POINT (4.867658648827099 52.37615999248864),4.867658648827099,52.37615999248864,1,1,2,1
703,41246,20210011070,2021,Letsel,1,fiets,unknown,Eenzijdig,Rechte weg,Binnen,50.0,Brandend,Overig asfalt,Droog,Duisternis,Droog,Wijttenbachstraat,amsterdam,POINT (123652.36300000176 485943.2179999985),POINT (4.927013578126895 52.36048635075016),4.927013578126895,52.36048635075016,1,1,1,1
704,41306,20210073526,2021,Uitsluitend materiele schade,3,fiets,fiets,Flank,"Kruispunt, 4 takken",Binnen,50.0,Niet brandend,Overig asfalt,Droog,Daglicht,Droog,Marnixstraat,amsterdam,POINT (120175 487269),POINT (4.875829596971659 52.37219209135129),4.875829596971659,52.37219209135129,1,1,2,1
705,41316,20210073860,2021,Uitsluitend materiele schade,1,bromfiets,unknown,Voetganger,Rechte weg,Binnen,50.0,Niet brandend,Unknown,Droog,Daglicht,Droog,Weteringlaan,amsterdam,POINT (121185.9849999994 485686.30999999866),POINT (4.890833651413056 52.358031160813745),4.890833651413056,52.35803116081375,1,1,2,1
706,41410,20210061511,2021,Uitsluitend materiele schade,1,bromfiets,unknown,Onbekend,"Kruispunt, 4 takken",Binnen,50.0,Unknown,Unknown,Droog,Daglicht,Unknown,Hobbemakade,amsterdam,POINT (120858.83300000057 485051.83300000057),POINT (4.88609581135946 52.352308682576975),4.88609581135946,52.352308682576975,1,1,2,1
707,41444,20210062859,2021,Uitsluitend materiele schade,2,personenauto,fiets,Flank,"Kruispunt, 3 takken",Binnen,50.0,Niet brandend,Overig asfalt,Droog,Daglicht,Droog,Valeriusplein,amsterdam,POINT (119379.11199999973 484993.8969999999),POINT (4.8643841257361204 52.351694058860964),4.86438412573612,52.35169405886096,1,1,2,1
708,41486,20210058387,2021,Letsel,2,bromfiets,voetganger,Voetganger,Rechte weg,Binnen,50.0,Niet brandend,Overig asfalt,Droog,Daglicht,Droog,Middenweg,amsterdam,POINT (123779.2190000005 485308.9470000006),POINT (4.928934666649785 52.35479315547352),4.928934666649785,52.35479315547352,1,1,1,1
709,41511,20210049147,2021,Uitsluitend materiele schade,2,personenauto,bromfiets,Flank,"Kruispunt, 4 takken",Binnen,30.0,Niet brandend,Klinkers,Nat,Daglicht,Droog,Trijn Hullemanlaan,amsterdam,POINT (113788.33749999851 485157.17229999974),POINT (4.782310477377567 52.35277055823527),4.782310477377567,52.35277055823527,1,1,2,1
710,41565,20210040612,2021,Uitsluitend materiele schade,3,personenauto,bromfiets,Onbekend,Rechte weg,Binnen,50.0,Niet aanwezig,Overig asfalt,Droog,Daglicht,Droog,Westerdokskade,amsterdam,POINT (121245.96200000122 488430.3379999995),POINT (4.8914385073581395 52.38269623410137),4.89143850735814,52.38269623410137,1,1,2,1
711,41676,20210067936,2021,Uitsluitend materiele schade,2,personenauto,fiets,Flank,Rechte weg,Binnen,50.0,Niet brandend,Klinkers,Droog,Daglicht,Droog,Johannis de Rijkestraat,amsterdam,POINT (123680.59200000018 486763.80999999866),POINT (4.927351543974505 52.3678629025095),4.927351543974505,52.3678629025095,1,1,2,1
712,41721,20210038322,2021,Uitsluitend materiele schade,2,bromfiets,motor,Onbekend,Unknown,Unknown,30.0,Unknown,Unknown,Unknown,Daglicht,Unknown,Sportpark Kadoelen,amsterdam,POINT (122459.3049999997 492042.9930000007),POINT (4.908908760226826 52.415237363748204),4.908908760226826,52.41523736374821,1,1,2,1
713,41756,20210043325,2021,Uitsluitend materiele schade,3,fiets,trein/tram,Onbekend,"Kruispunt, 4 takken",Binnen,50.0,Niet brandend,Klinkers,Droog,Daglicht,Droog,Tussen Meer,amsterdam,POINT (114203.71499999985 485489.7989999987),POINT (4.788366618830963 52.355790939564365),4.788366618830963,52.355790939564365,1,1,2,1
714,41762,20210050058,2021,Uitsluitend materiele schade,2,personenauto,snorfiets,Flank,"Kruispunt, 3 takken",Binnen,50.0,Niet brandend,Overig asfalt,Nat,Schemer,Droog,Derkinderenstraat,amsterdam,POINT (117769.29930000007 485768.7972000018),POINT (4.840671594256056 52.358551570652054),4.840671594256056,52.35855157065205,1,1,2,1
715,41790,20210051298,2021,Letsel,2,fiets,fiets,Flank,Rechte weg,Binnen,50.0,Niet brandend,Overig asfalt,Droog,Daglicht,Droog,Wibautstraat,amsterdam,POINT (122546.13800000027 485526.90300000086),POINT (4.910814632320234 52.356680549314405),4.910814632320234,52.356680549314405,1,1,1,1
716,42437,20220080810,2022,Uitsluitend materiele schade,2,personenauto,fiets,Flank,"Kruispunt, 3 takken",Buiten,50.0,Niet brandend,Overig asfalt,Droog,Daglicht,Droog,IJburglaan,amsterdam,POINT (126482.74819999933 486959.1147999987),POINT (4.968477027352132 52.36977081949283),4.968477027352132,52.36977081949283,1,1,2,1
717,42568,20220036018,2022,Uitsluitend materiele schade,2,bromfiets,personenauto,Flank,"Kruispunt, 4 takken",Binnen,50.0,Niet brandend,ZOAB,Droog,Daglicht,Droog,Paasheuvelweg,amsterdam,POINT (125500.34099999815 478795.79100000113),POINT (4.954767421597924 52.296351668695735),4.954767421597924,52.296351668695735,0,1,2,1
718,42580,20220055543,2022,Uitsluitend materiele schade,2,snorfiets,personenauto,Flank,Rechte weg,Binnen,30.0,Brandend,Klinkers,Droog,Duisternis,Droog,Speelmanstraat,amsterdam,POINT (117100.98000000045 488025.6220000014),POINT (4.8306069246207395 52.378788463797974),4.83060692462074,52.37878846379797,1,1,2,1
719,42612,20220054281,2022,Letsel,2,fiets,fiets,Flank,"Kruispunt, 3 takken",Binnen,Unknown,Niet brandend,Overig asfalt,Droog,Daglicht,Droog,Martelaarsgracht,amsterdam,POINT (121609.7910999991 487927.4294999987),POINT (4.89683207647422 52.37819870356688),4.89683207647422,52.37819870356688,1,1,1,1
720,42698,20220055807,2022,Letsel,2,snorfiets,fiets,Flank,Rechte weg,Binnen,50.0,Brandend,Overig asfalt,Droog,Duisternis,Droog,Eerste Van Swindenstraat,amsterdam,POINT (123452 486108),POINT (4.9240568364702035 52.36195583351931),4.924056836470204,52.36195583351931,1,1,1,1
721,42738,20220102313,2022,Uitsluitend materiele schade,2,personenauto,e-bike,Onbekend,Unknown,Unknown,50.0,Unknown,Unknown,Unknown,Daglicht,Unknown,Jan Pieter Heijestraat,amsterdam,POINT (119463 485958),POINT (4.865513480250896 52.36036416404823),4.865513480250896,52.36036416404823,1,1,2,1
722,42762,20220103010,2022,Letsel,2,fiets,personenauto,Geparkeerd voertuig,Rechte weg,Binnen,30.0,Niet brandend,Overig asfalt,Nat,Daglicht,Regen,Palembangstraat,amsterdam,POINT (124258.3909999989 485935.43299999833),POINT (4.935910656348982 52.36045063162636),4.935910656348982,52.36045063162636,1,1,1,1
723,42795,20220103291,2022,Uitsluitend materiele schade,2,fiets,personenauto,Flank,Rechte weg,Binnen,50.0,Brandend,Overig asfalt,Droog,Duisternis,Droog,Spuistraat,amsterdam,POINT (121255.70800000057 487631.94200000167),POINT (4.89166183152478 52.375521426769986),4.89166183152478,52.37552142676999,1,1,2,1
724,42977,20230023465,2023,Uitsluitend materiele schade,3,bromfiets,personenauto,Onbekend,Unknown,Unknown,30.0,Unknown,Unknown,Unknown,Duisternis,Unknown,Rijnsburgstraat,amsterdam,POINT (118415.61699999869 484580.55999999866),POINT (4.850288101716535 52.34791597582889),4.850288101716535,52.34791597582889,1,1,2,1
725,43122,20230004572,2023,Letsel,2,personenauto,fiets,Flank,"Kruispunt, 4 takken",Binnen,50.0,Niet brandend,Overig asfalt,Droog,Daglicht,Droog,Victorieplein,amsterdam,POINT (122055.93870000169 484343.80900000036),POINT (4.9037350839147855 52.346018504647525),4.9037350839147855,52.346018504647525,1,1,1,1
726,43272,20230111177,2023,Uitsluitend materiele schade,1,fiets,unknown,Onbekend,Unknown,Unknown,30.0,Unknown,Unknown,Unknown,Duisternis,Unknown,Bos en Lommerplein,amsterdam,POINT (118141.13720000163 487910.76570000127),POINT (4.845894950661932 52.37782704042661),4.845894950661932,52.37782704042661,1,1,2,1
727,43312,20230111598,2023,Uitsluitend materiele schade,2,bromfiets,motor,Onbekend,Unknown,Unknown,30.0,Unknown,Unknown,Unknown,Daglicht,Unknown,Lijnbaansgracht,amsterdam,POINT (120564.50499999896 486453.16699999943),POINT (4.8816324913223355 52.3648845301045),4.881632491322336,52.3648845301045,1,1,2,1
728,43804,20220177324,2022,Uitsluitend materiele schade,2,bus,bromfiets,Onbekend,"Kruispunt, 4 takken",Binnen,50.0,Niet brandend,Beton,Droog,Daglicht,Droog,De Boelelaan,amsterdam,POINT (118892.63479999825 483165.6057000011),POINT (4.857440339331325 52.335230898240134),4.857440339331325,52.33523089824013,1,1,2,1
729,43825,20220141986,2022,Uitsluitend materiele schade,2,personenauto,bromfiets,Flank,Rechte weg,Binnen,30.0,Niet brandend,Beton,Droog,Daglicht,Droog,Prins Hendrikkade,amsterdam,POINT (122033.55200000107 487672.05999999866),POINT (4.9030803141230805 52.375929229825466),4.9030803141230805,52.375929229825466,1,1,2,1
730,43871,20220177833,2022,Uitsluitend materiele schade,2,personenauto,bromfiets,Kop/staart,Rechte weg,Binnen,50.0,Brandend,Overig asfalt,Droog,Duisternis,Droog,Leonard Bernsteinstraat,amsterdam,POINT (119912.70699999854 483278.04199999943),POINT (4.872394439259616 52.33630745464662),4.872394439259616,52.33630745464662,1,1,2,1
731,43922,20220142198,2022,Letsel,2,snorfiets,fiets,Flank,"Kruispunt, 3 takken",Binnen,30.0,Niet brandend,Unknown,Droog,Daglicht,Droog,Prof. Tulpplein,amsterdam,POINT (122166.3975000009 485959.97740000114),POINT (4.905198341604917 52.36055016883334),4.905198341604917,52.36055016883334,1,1,1,1
732,43932,20220178190,2022,Uitsluitend materiele schade,2,bestelauto,bromfiets,Kop/staart,"Kruispunt, 4 takken",Binnen,50.0,Niet aanwezig,ZOAB,Droog,Daglicht,Droog,Kinkerstraat,amsterdam,POINT (119919.66899999976 486716.02899999917),POINT (4.872138135811316 52.36720613843117),4.872138135811316,52.36720613843117,1,1,2,1
733,43974,20220178266,2022,Letsel,3,motor,fiets,Los voorwerp,"Kruispunt, 3 takken",Binnen,30.0,Niet brandend,Klinkers,Droog,Daglicht,Droog,Harkstraat,amsterdam,POINT (124844.70760000125 483896.17179999873),POINT (4.944700417171944 52.34215550648341),4.944700417171944,52.34215550648341,1,1,1,1
734,43975,20220178279,2022,Uitsluitend materiele schade,2,fiets,fiets,Flank,"Kruispunt, 4 takken",Binnen,50.0,Niet aanwezig,Overig asfalt,Droog,Daglicht,Droog,Bosboom Toussaintstraat,amsterdam,POINT (120299.64249999821 486584.7351000011),POINT (4.87773042645124 52.36605030121163),4.87773042645124,52.36605030121163,1,1,2,1
735,43976,20220178295,2022,Letsel,3,motor,fiets,Flank,Rechte weg,Binnen,50.0,Niet brandend,Overig asfalt,Droog,Daglicht,Droog,Amsteldijk,amsterdam,POINT (122443.99500000104 484858.81799999997),POINT (4.909379974825271 52.35067019707771),4.909379974825271,52.35067019707771,1,1,1,1
736,44100,20220123773,2022,Uitsluitend materiele schade,2,personenauto,fiets,Flank,"Kruispunt, 4 takken",Binnen,30.0,Brandend,Klinkers,Droog,Duisternis,Droog,Daniël Stalpertstraat,amsterdam,POINT (121164.69929999858 485479.9772000015),POINT (4.89054195509839 52.35617547210663),4.89054195509839,52.35617547210663,1,1,2,1
737,44101,20220123774,2022,Uitsluitend materiele schade,3,personenauto,fiets,Los voorwerp,"Kruispunt, 4 takken",Binnen,50.0,Niet brandend,Overig asfalt,Droog,Daglicht,Unknown,Hoofdweg,amsterdam,POINT (118330.6400000006 487342.97300000116),POINT (4.848739827767922 52.37273684301068),4.848739827767922,52.37273684301068,1,1,2,1
738,44165,20220123987,2022,Uitsluitend materiele schade,2,bromfiets,personenauto,Flank,"Kruispunt, 4 takken",Binnen,15.0,Niet brandend,Overig asfalt,Droog,Daglicht,Droog,Ravensteinstraat,amsterdam,POINT (126754 478582),POINT (4.9731622800808815 52.29449598540241),4.9731622800808815,52.29449598540241,-1,0,2,0
739,44171,20220141351,2022,Uitsluitend materiele schade,2,personenauto,e-bike,Flank,"Kruispunt, 4 takken",Binnen,50.0,Niet brandend,Overig asfalt,Droog,Daglicht,Droog,Marnixstraat,amsterdam,POINT (120318.07899999991 486880.1160000004),POINT (4.877970631111093 52.36870613765962),4.877970631111093,52.36870613765962,1,1,2,1
740,44205,20220141458,2022,Uitsluitend materiele schade,2,motor,fiets,Flank,Rechte weg,Binnen,30.0,Niet brandend,ZOAB,Droog,Daglicht,Droog,Sarphatistraat,amsterdam,POINT (123528.70399999991 486658.75400000066),POINT (4.925131324855314 52.366910046813075),4.925131324855314,52.36691004681308,1,1,2,1
741,44290,20220124170,2022,Uitsluitend materiele schade,2,snorfiets,personenauto,Geparkeerd voertuig,Rechte weg,Binnen,50.0,Niet brandend,ZOAB,Droog,Daglicht,Droog,Baden Powellweg,amsterdam,POINT (114736.01799999923 484658.26999999955),POINT (4.796279261776859 52.34835708282975),4.796279261776859,52.34835708282975,1,1,2,1
742,44304,20220155697,2022,Uitsluitend materiele schade,1,e-bike,unknown,Kop/staart,Rechte weg,Binnen,50.0,Niet brandend,Unknown,Droog,Daglicht,Droog,Amsteldijk,amsterdam,POINT (122421.88699999824 484928.6070000008),POINT (4.909048749855795 52.351296104807105),4.909048749855795,52.35129610480711,1,1,2,1
743,44415,20230058164,2023,Uitsluitend materiele schade,2,bestelauto,fiets,Flank,"Kruispunt, 4 takken",Binnen,50.0,Brandend,Overig asfalt,Droog,Duisternis,Droog,Keienbergweg,amsterdam,POINT (124223.42579999939 479936.2873999998),POINT (4.935945573187686 52.306531915994945),4.935945573187686,52.30653191599495,0,1,2,1
744,44590,20230059798,2023,Letsel,2,personenauto,fiets,Flank,"Kruispunt, 4 takken",Binnen,50.0,Niet brandend,Overig asfalt,Droog,Daglicht,Droog,Arent Janszoon Ernststr,amsterdam,POINT (119656.1667000018 482823.54399999976),POINT (4.868678260641223 52.33220629564608),4.868678260641223,52.33220629564608,1,1,1,1
745,44609,20230050472,2023,Uitsluitend materiele schade,2,snorfiets,personenauto,Flank,Rechte weg,Binnen,50.0,Brandend,Overig asfalt,Droog,Duisternis,Droog,Burg Rendorpstraat,amsterdam,POINT (116850.0309999995 487460.80999999866),POINT (4.826985697425674 52.373695001225144),4.826985697425674,52.37369500122514,1,1,2,1
746,44615,20230040562,2023,Letsel,2,bromfiets,voetganger,Voetganger,Rechte weg,Binnen,30.0,Niet brandend,Klinkers,Droog,Daglicht,Droog,Kloveniersburgwal,amsterdam,POINT (121563.28200000152 486796.79300000146),POINT (4.896261543740818 52.368034511031446),4.896261543740818,52.368034511031446,1,1,1,1