,Unnamed: 0,accident_id,accident_year,outcome,num_parties,party1_type,party2_type,accident_nature,road_situation,built_up_area,speed_limit_kmh,street_lighting,road_surface,road_condition,light_condition,weather_condition,street_name,municipality,shape,geometry,longitude,latitude,cluster,future_hotspot_spatial,outcome_encoded,future_hotspot_pred
747,44735,20220210907,2022,Uitsluitend materiele schade,2,personenauto,fiets,Frontaal,Rechte weg,Binnen,50.0,Niet brandend,Overig asfalt,Droog,Daglicht,Droog,Humberweg,amsterdam,POINT (117116.5399999991 489360.993999999),POINT (4.830684820115984 52.39079078740947),4.830684820115984,52.39079078740947,1,1,2,1
748,44870,20220210177,2022,Uitsluitend materiele schade,1,bromfiets,unknown,Voetganger,Rechte weg,Binnen,30.0,Niet brandend,Overig asfalt,Nat,Daglicht,Regen,Czaar Peterstraat,amsterdam,POINT (123846.75 487032.61499999836),POINT (4.929766203628727 52.37028819330963),4.929766203628727,52.37028819330963,1,1,2,1
749,44872,20220212456,2022,Uitsluitend materiele schade,2,unknown,fiets,Onbekend,Bocht,Binnen,30.0,Niet brandend,Overig asfalt,Droog,Daglicht,Droog,NESCIOBRUG,amsterdam,POINT (126735.19200000167 485533.5069999993),POINT (4.972303462111612 52.35697137873848),4.972303462111612,52.35697137873848,-1,0,2,0
750,44909,20220211164,2022,Letsel,2,personenauto,fiets,Flank,Rechte weg,Binnen,50.0,Niet brandend,Overig asfalt,Droog,Daglicht,Droog,Van der Boechorststraat,amsterdam,POINT (119188.81199999899 483071.5219999999),POINT (4.861795652204444 52.334404711307286),4.861795652204444,52.334404711307286,1,1,1,1
751,45044,20220211980,2022,Uitsluitend materiele schade,2,personenauto,e-bike,Flank,"Kruispunt, 3 takken",Binnen,Unknown,Brandend,Overig asfalt,Nat,Duisternis,Regen,Prins Hendrikkade,amsterdam,POINT (122326 487336),POINT (4.907407544187497 52.37292643674976),4.907407544187497,52.37292643674976,1,1,2,1
752,45077,20220212026,2022,Letsel,1,fiets,unknown,Eenzijdig,Rechte weg,Binnen,50.0,Brandend,Overig asfalt,Droog,Duisternis,Droog,Motorkade,amsterdam,POINT (123138.60399999842 488638.881000001),POINT (4.919216182944944 52.38468357772398),4.919216182944944,52.38468357772398,1,1,1,1
753,45136,20220211424,2022,Uitsluitend materiele schade,2,bromfiets,personenauto,Kop/staart,Rechte weg,Binnen,50.0,Brandend,Klinkers,Droog,Duisternis,Droog,Pretoriusstraat,amsterdam,POINT (123505.4840000011 485412.38699999824),POINT (4.924907129250111 52.35570718506245),4.924907129250111,52.35570718506245,1,1,2,1
754,45174,20220210767,2022,Letsel,2,personenauto,fiets,Onbekend,"Kruispunt, 3 takken",Binnen,50.0,Niet brandend,Overig asfalt,Droog,Schemer,Droog,Th. Weeversweg,amsterdam,POINT (124701 489888),POINT (4.942051662727154 52.395998253691985),4.942051662727154,52.39599825369199,1,1,1,1
755,45175,20220211455,2022,Letsel,1,bromfiets,unknown,Eenzijdig,"Kruispunt, 4 takken",Binnen,30.0,Brandend,Overig asfalt,Droog,Daglicht,Droog,FIETSPAD,amsterdam,POINT (122181.92579999939 487933.16230000183),POINT (4.90523366189504 52.37828472149816),4.90523366189504,52.37828472149816,1,1,1,1
756,45512,20230111685,2023,Uitsluitend materiele schade,2,bromfiets,personenauto,Kop/staart,Rechte weg,Binnen,30.0,Brandend,Overig asfalt,Nat,Duisternis,Droog,Zeilstraat,amsterdam,POINT (118680.16180000082 484897.09420000017),POINT (4.854136262152368 52.35077830834067),4.854136262152368,52.35077830834067,1,1,2,1
757,45520,20230111168,2023,Uitsluitend materiele schade,2,fiets,voetganger,Voetganger,Rechte weg,Binnen,30.0,Brandend,Klinkers,Nat,Schemer,Droog,Javastraat,amsterdam,POINT (124095.16600000113 486294.7710000016),POINT (4.933481527238447 52.36367097080379),4.933481527238447,52.36367097080379,1,1,2,1
758,45529,20230111821,2023,Uitsluitend materiele schade,2,bestelauto,e-bike,Onbekend,"Kruispunt, 4 takken",Binnen,50.0,Brandend,Overig asfalt,Nat,Duisternis,Droog,Radarweg,amsterdam,POINT (117514.67799999937 489633.0529999994),POINT (4.836502954481461 52.39326317043137),4.836502954481461,52.39326317043137,1,1,2,1
759,45624,20230036732,2023,Uitsluitend materiele schade,2,bromfiets,voetganger,Voetganger,"Kruispunt, 4 takken",Binnen,50.0,Niet brandend,Unknown,Droog,Daglicht,Droog,1e C Huygensstr,amsterdam,POINT (120165.43299999833 486121.21070000157),POINT (4.875808044414472 52.36187597862073),4.875808044414472,52.36187597862073,1,1,2,1
760,45640,20230023786,2023,Uitsluitend materiele schade,2,bromfiets,fiets,Flank,Rechte weg,Binnen,Unknown,Niet brandend,Overig asfalt,Unknown,Daglicht,Droog,Sloterdijkerweg,amsterdam,POINT (118147.66899999976 488973.67599999905),POINT (4.8458742666523005 52.38738008593347),4.8458742666523005,52.38738008593347,1,1,2,1
761,45677,20230020500,2023,Letsel,2,snorfiets,personenauto,Frontaal,"Kruispunt, 4 takken",Binnen,50.0,Niet brandend,ZOAB,Droog,Daglicht,Droog,Zuidermolenweg,amsterdam,POINT (113922.13010000065 485937.6264999993),POINT (4.7841788359105 52.35979466594669),4.7841788359105,52.35979466594669,1,1,1,1
762,45688,20230076998,2023,Uitsluitend materiele schade,2,bromfiets,fiets,Flank,"Kruispunt, 4 takken",Binnen,50.0,Niet brandend,Overig asfalt,Droog,Daglicht,Droog,Ooster Ringdijk,amsterdam,POINT (124590.83359999955 485686.2619000003),POINT (4.940813371815592 52.35822974266892),4.940813371815592,52.35822974266892,1,1,2,1
763,45710,20230067468,2023,Letsel,2,bromfiets,fiets,Flank,Rechte weg,Binnen,Unknown,Niet brandend,Overig asfalt,Droog,Daglicht,Droog,Cornelis Lelylaan,amsterdam,POINT (116746.52299999818 485681.4450000003),POINT (4.825668239869363 52.35769624763859),4.825668239869363,52.35769624763859,1,1,1,1
764,45752,20230023291,2023,Letsel,2,fiets,fiets,Onbekend,Rechte weg,Binnen,30.0,Niet brandend,Overig asfalt,Droog,Daglicht,Droog/Harde windstoten,Darlingstraat,amsterdam,POINT (125179.7349999994 481367.5639999993),POINT (4.9498403761571925 52.31944811210553),4.9498403761571925,52.31944811210553,0,1,1,1
765,45807,20230020593,2023,Uitsluitend materiele schade,2,motor,fiets,Frontaal,Rechte weg,Binnen,50.0,Niet brandend,Overig asfalt,Droog,Daglicht,Droog,Rijnstraat,amsterdam,POINT (122202.66000000015 484170.8969999999),POINT (4.905905061654983 52.344473258815455),4.905905061654983,52.344473258815455,1,1,2,1
766,45920,20230022954,2023,Uitsluitend materiele schade,3,personenauto,fiets,Onbekend,Rechte weg,Binnen,30.0,Brandend,Klinkers,Nat,Duisternis,Droog,Amstel,amsterdam,POINT (121563.0940000005 486684.05900000036),POINT (4.896269995596489 52.36702132487486),4.896269995596489,52.36702132487486,1,1,2,1
767,45951,20230020195,2023,Uitsluitend materiele schade,2,bestelauto,fiets,Kop/staart,Rechte weg,Binnen,30.0,Niet brandend,ZOAB,Droog,Daglicht,Droog,Westerstraat,amsterdam,POINT (120483.62999999896 487901.875),POINT (4.880296386788976 52.37789939697242),4.880296386788976,52.37789939697242,1,1,2,1
768,46008,20230023050,2023,Uitsluitend materiele schade,2,personenauto,fiets,Flank,"Kruispunt, 3 takken",Binnen,30.0,Niet brandend,ZOAB,Droog,Daglicht,Droog,Admiraal De Ruijterweg,amsterdam,POINT (119053.6959999986 487289.5870000012),POINT (4.859362684353805 52.37230485729369),4.859362684353805,52.37230485729369,1,1,2,1
769,46275,20230087359,2023,Uitsluitend materiele schade,2,e-bike,bestelauto,Flank,"Kruispunt, 4 takken",Binnen,50.0,Niet brandend,ZOAB,Droog,Daglicht,Droog,Pieter Calandlaan,amsterdam,POINT (114996.72679999843 485085.71119999886),POINT (4.8000544832067975 52.35221763193469),4.8000544832067975,52.35221763193469,1,1,2,1
770,46312,20230097970,2023,Uitsluitend materiele schade,2,fiets,overig vast object,Vast voorwerp,Rechte weg,Binnen,30.0,Niet brandend,Unknown,Droog,Daglicht,Regen,Pieter Calandlaan,amsterdam,POINT (114212.96799999848 484846.4840000011),POINT (4.788580425594984 52.35001002624067),4.788580425594984,52.35001002624067,1,1,2,1
771,46324,20230087448,2023,Uitsluitend materiele schade,1,snorfiets,unknown,Onbekend,Rechte weg,Binnen,50.0,Niet brandend,Overig asfalt,Nat,Daglicht,Droog,Jan Evertsenstraat,amsterdam,POINT (118806.8740000017 487139.69299999997),POINT (4.855754597749791 52.370941510045604),4.855754597749791,52.3709415100456,1,1,2,1
772,46507,20210087232,2021,Uitsluitend materiele schade,1,bromfiets,unknown,Frontaal,"Kruispunt, 4 takken",Binnen,50.0,Brandend,Overig asfalt,Nat,Duisternis,Droog,Rijnstraat,amsterdam,POINT (122163.84699999914 484384.743999999),POINT (4.90531464003991 52.346392859858305),4.90531464003991,52.34639285985831,1,1,2,1
773,46548,20210087674,2021,Uitsluitend materiele schade,2,personenauto,bromfiets,Onbekend,Unknown,Unknown,50.0,Unknown,Unknown,Unknown,Duisternis,Unknown,Westeinde,amsterdam,POINT (121732.7650000006 485771.88699999824),POINT (4.898851326780887 52.3588336510368),4.898851326780887,52.3588336510368,1,1,2,1
774,46588,20210018309,2021,Uitsluitend materiele schade,2,personenauto,fiets,Geparkeerd voertuig,Rechte weg,Binnen,30.0,Niet brandend,Overig asfalt,Droog,Daglicht,Droog,Elandsgracht,amsterdam,POINT (120261.69000000134 486858.9539999999),POINT (4.87714489119339 52.36851238497796),4.87714489119339,52.36851238497796,1,1,2,1
775,46721,20210023734,2021,Uitsluitend materiele schade,2,bromfiets,personenauto,Flank,Rechte weg,Binnen,50.0,Niet brandend,Overig asfalt,Droog,Daglicht,Droog,Nassaukade,amsterdam,POINT (120106.85700000077 487373.0320000015),POINT (4.874818214552559 52.37312272943847),4.874818214552559,52.37312272943847,1,1,2,1
776,46722,20210025348,2021,Uitsluitend materiele schade,2,bestelauto,bromfiets,Onbekend,Unknown,Unknown,50.0,Unknown,Unknown,Unknown,Daglicht,Unknown,Molukkenstraat,amsterdam,POINT (124507.23699999973 486346.9219999984),POINT (4.939526352891488 52.36416269970826),4.939526352891488,52.36416269970826,1,1,2,1
777,46854,20210013016,2021,Uitsluitend materiele schade,2,vrachtauto,e-bike,Flank,Rechte weg,Binnen,30.0,Niet brandend,Klinkers,Droog,Daglicht,Droog,Ketelmakerstraat,amsterdam,POINT (121148.58999999985 488491.8770000003),POINT (4.890002196498989 52.38324330609389),4.890002196498989,52.38324330609389,1,1,2,1
778,46865,20210029544,2021,Letsel,2,fiets,fiets,Frontaal,Rechte weg,Binnen,50.0,Brandend,Overig asfalt,Nat,Duisternis,Unknown,Ceintuurbaan,amsterdam,POINT (121317.03299999982 485132.77899999917),POINT (4.892812716135894 52.35306444999656),4.892812716135894,52.35306444999656,1,1,1,1
779,46879,20210013718,2021,Letsel,2,personenauto,fiets,Flank,Bocht,Binnen,30.0,Niet aanwezig,Klinkers,Droog,Daglicht,Droog,Kleine Pimpernelstraat,amsterdam,POINT (127451.15300000086 480868.7969999984),POINT (4.983194430737043 52.31508391147781),4.983194430737043,52.31508391147781,0,1,1,1
780,46909,20210020723,2021,Uitsluitend materiele schade,2,bromfiets,personenauto,Kop/staart,"Kruispunt, 4 takken",Binnen,50.0,Niet brandend,Overig asfalt,Droog,Daglicht,Droog,Louis Bouwmeesterstraat,amsterdam,POINT (116469.33419999853 485511.27650000155),POINT (4.821618971611537 52.356147531949226),4.821618971611537,52.356147531949226,1,1,2,1
781,46910,20210020726,2021,Uitsluitend materiele schade,2,snorfiets,fiets,Flank,Rechte weg,Binnen,50.0,Niet brandend,Beton,Droog,Daglicht,Droog,Willem de Zwijgerlaan,amsterdam,POINT (119295.17199999839 487810.8060000017),POINT (4.86285303992732 52.37700493818896),4.86285303992732,52.37700493818896,1,1,2,1
782,46997,20210058771,2021,Uitsluitend materiele schade,2,personenauto,fiets,Onbekend,Bocht,Binnen,50.0,Niet brandend,Overig asfalt,Droog,Daglicht,Droog,Koos Vorrinkweg,amsterdam,POINT (114996.14600000158 485075.0700000003),POINT (4.800047224167302 52.35212195488326),4.800047224167302,52.35212195488326,1,1,2,1
783,46999,20210058779,2021,Uitsluitend materiele schade,3,bromfiets,scootmobiel,Onbekend,Rechte weg,Binnen,50.0,Niet brandend,Overig asfalt,Nat,Daglicht,Regen,Berceusestraat,amsterdam,POINT (117739.2912000008 488361.0694000013),POINT (4.839943754877311 52.38184689309876),4.839943754877311,52.38184689309876,1,1,2,1
784,47025,20210052588,2021,Uitsluitend materiele schade,3,scootmobiel,bromfiets,Kop/staart,Rechte weg,Binnen,30.0,Niet brandend,ZOAB,Droog,Daglicht,Droog,De loper,amsterdam,POINT (124556.75899999961 480945.68499999866),POINT (4.9407417627320624 52.315622371318035),4.9407417627320624,52.31562237131804,0,1,2,1
785,47042,20210065640,2021,Uitsluitend materiele schade,3,bestelauto,fiets,Onbekend,"Kruispunt, 4 takken",Binnen,50.0,Niet brandend,Overig asfalt,Nat,Daglicht,Unknown,KOEKJESBRUG 0170,amsterdam,POINT (120308.97320000082 486589.253800001),POINT (4.877866949224664 52.36609150148132),4.877866949224664,52.36609150148132,1,1,2,1
786,47134,20210070116,2021,Letsel,2,bestelauto,fiets,Flank,Rechte weg,Binnen,50.0,Niet brandend,Overig asfalt,Droog,Daglicht,Droog,Oude Haagseweg,amsterdam,POINT (115981.83700000122 483260.618999999),POINT (4.814724347467973 52.33588591277299),4.814724347467973,52.33588591277299,-1,0,1,0
787,47137,20210037355,2021,Uitsluitend materiele schade,1,fiets,unknown,Onbekend,Unknown,Unknown,Unknown,Unknown,Unknown,Unknown,Daglicht,Unknown,President Allendelaan,amsterdam,POINT (115452.42700000107 486673.31799999997),POINT (4.806556027463559 52.366518779588034),4.806556027463559,52.366518779588034,1,1,2,1
788,47154,20210055874,2021,Uitsluitend materiele schade,2,personenauto,fiets,Los voorwerp,"Kruispunt, 4 takken",Binnen,50.0,Niet brandend,Overig asfalt,Nat,Daglicht,Droog,Arent Janszoon Ernststr,amsterdam,POINT (119675 482809),POINT (4.8689560766995745 52.3320767942363),4.868956076699575,52.3320767942363,1,1,2,1
789,47185,20210049151,2021,Uitsluitend materiele schade,2,bestelauto,fiets,Onbekend,Unknown,Unknown,50.0,Unknown,Unknown,Unknown,Daglicht,Unknown,Amstelveenseweg,amsterdam,POINT (118780.7490000017 485293.9149999991),POINT (4.855569805910044 52.354351289272685),4.855569805910044,52.354351289272685,1,1,2,1
790,47191,20210056240,2021,Uitsluitend materiele schade,2,personenauto,fiets,Flank,Rechte weg,Binnen,50.0,Niet brandend,Overig asfalt,Droog,Daglicht,Droog,Stadhouderskade,amsterdam,POINT (121734.39799999818 485642.9299999997),POINT (4.8988880516220314 52.35767477164537),4.898888051622032,52.35767477164537,1,1,2,1
791,47226,20210057940,2021,Uitsluitend materiele schade,1,bromfiets,unknown,Voetganger,Rechte weg,Binnen,30.0,Niet brandend,Klinkers,Droog,Daglicht,Droog,Olympiaplein,amsterdam,POINT (119517.5 484380.5),POINT (4.866479891090272 52.34619022762861),4.866479891090272,52.34619022762861,1,1,2,1
792,47317,20210072636,2021,Uitsluitend materiele schade,2,bromfiets,personenauto,Frontaal,"Kruispunt, 4 takken",Binnen,30.0,Niet aanwezig,Klinkers,Droog,Daglicht,Unknown,Cornelis de Rooijpad,amsterdam,POINT (116912.15480000153 488301.1700000018),POINT (4.827802663920749 52.38125180204596),4.827802663920749,52.38125180204596,1,1,2,1
793,47331,20210074219,2021,Letsel,2,fiets,fiets,Flank,Bocht,Binnen,30.0,Niet brandend,Overig asfalt,Droog,Daglicht,Droog,Prinses Irenestraat,amsterdam,POINT (120432.72700000182 483902.15900000185),POINT (4.879959940039245 52.34194955012349),4.879959940039245,52.34194955012349,1,1,1,1
794,47332,20210043788,2021,Uitsluitend materiele schade,2,motor,fiets,Flank,Unknown,Binnen,50.0,Niet brandend,Overig asfalt,Droog,Daglicht,Droog,KINKERBRUG 0266,amsterdam,POINT (119077.05180000141 486445.27849999815),POINT (4.859795852750195 52.36471836508999),4.859795852750195,52.36471836508999,1,1,2,1
795,47397,20210048762,2021,Uitsluitend materiele schade,2,bestelauto,fiets,Frontaal,Rechte weg,Buiten,30.0,Brandend,Overig asfalt,Nat,Daglicht,Regen,Govert Flinckstraat,amsterdam,POINT (121722.62299999967 485502.8779999986),POINT (4.898729063773132 52.356415365622695),4.898729063773132,52.356415365622695,1,1,2,1
796,47473,20210065584,2021,Uitsluitend materiele schade,2,personenauto,fiets,Frontaal,"Kruispunt, 4 takken",Binnen,50.0,Niet brandend,ZOAB,Droog,Daglicht,Unknown,Kamerlingh Onneslaan,amsterdam,POINT (123888.46400000155 485191.75499999896),POINT (4.930548991405342 52.35374610504436),4.930548991405342,52.35374610504436,1,1,2,1
797,47685,20210092803,2021,Uitsluitend materiele schade,2,personenauto,fiets,Onbekend,Rechte weg,Binnen,30.0,Niet brandend,Overig asfalt,Droog,Daglicht,Droog,Albert Cuypstraat,amsterdam,POINT (120970.4459999986 485304.4849999994),POINT (4.887708401449662 52.3545862706803),4.887708401449662,52.3545862706803,1,1,2,1
798,47686,20210092814,2021,Letsel,3,personenauto,fiets,Onbekend,"Kruispunt, 4 takken",Binnen,50.0,Niet brandend,Overig asfalt,Nat,Daglicht,Droog,Christoffel Plantijnpad,amsterdam,POINT (116413.40239999816 484975.1057999991),POINT (4.820859493375479 52.35132491158694),4.820859493375479,52.35132491158694,1,1,1,1
799,47900,20210090798,2021,Letsel,2,bromfiets,personenauto,Onbekend,"Kruispunt, 4 takken",Binnen,30.0,Brandend,Klinkers,Droog,Duisternis,Droog,Lumièrestraat,amsterdam,POINT (128678.72179999948 485161.04949999973),POINT (5.000861146200299 52.3537204882614),5.000861146200299,52.3537204882614,-1,0,1,0
800,48052,20210090370,2021,Uitsluitend materiele schade,3,personenauto,fiets,Onbekend,"Kruispunt, 4 takken",Binnen,Unknown,Niet brandend,ZOAB,Droog,Duisternis,Droog,Krimpertplein,amsterdam,POINT (126425.76900000125 481108.875),POINT (4.968136986342121 52.317189298293655),4.968136986342121,52.317189298293655,0,1,2,1
801,48063,20220081377,2022,Uitsluitend materiele schade,2,personenauto,fiets,Flank,Rechte weg,Binnen,50.0,Brandend,Overig asfalt,Nat,Schemer,Regen,Amstelveenseweg,amsterdam,POINT (118780.7490000017 485293.9149999991),POINT (4.855569805910044 52.354351289272685),4.855569805910044,52.354351289272685,1,1,2,1
802,48142,20220081489,2022,Letsel,2,motor,fiets,Flank,"Kruispunt, 4 takken",Binnen,30.0,Brandend,Overig asfalt,Droog,Duisternis,Droog,Van Woustraat,amsterdam,POINT (121868.85200000182 485363.7569999993),POINT (4.900889171510809 52.355173876882766),4.900889171510809,52.355173876882766,1,1,1,1
803,48150,20220016643,2022,Letsel,2,motor,fiets,Flank,"Kruispunt, 4 takken",Binnen,50.0,Niet brandend,Overig asfalt,Nat,Daglicht,Droog,Weesperplein,amsterdam,POINT (122300.10229999945 486146.4818000011),POINT (4.907142962814173 52.36223431995201),4.907142962814173,52.36223431995201,1,1,1,1
804,48220,20220035796,2022,Uitsluitend materiele schade,2,personenauto,fiets,Flank,"Kruispunt, 4 takken",Binnen,30.0,Niet brandend,Klinkers,Nat,Daglicht,Unknown,Bethaniëndwarsstraat,amsterdam,POINT (121669.0346999988 487153.78009999916),POINT (4.8977788331380125 52.371249289891914),4.8977788331380125,52.37124928989192,1,1,2,1
805,48255,20220055467,2022,Uitsluitend materiele schade,2,bromfiets,personenauto,Kop/staart,"Kruispunt, 4 takken",Binnen,50.0,Niet brandend,ZOAB,Droog,Schemer,Droog,1e C Huygensstr,amsterdam,POINT (120133.75899999961 486228.48900000006),POINT (4.875331942567186 52.362838110272676),4.875331942567186,52.36283811027268,1,1,2,1
806,48277,20220036083,2022,Uitsluitend materiele schade,2,bestelauto,fiets,Los voorwerp,"Kruispunt, 3 takken",Binnen,Unknown,Niet brandend,ZOAB,Droog,Daglicht,Droog,Sarphatistraat,amsterdam,POINT (122577.87299999967 486108.2490000017),POINT (4.911224415052797 52.361907174204326),4.911224415052797,52.361907174204326,1,1,2,1
807,48289,20220055513,2022,Uitsluitend materiele schade,2,personenauto,fiets,Flank,Rotonde,Binnen,50.0,Brandend,Overig asfalt,Droog,Duisternis,Droog,Mosplein,amsterdam,POINT (122617.63219999894 489342.6658000015),POINT (4.911496410151092 52.39097820672522),4.911496410151092,52.39097820672522,1,1,2,1
808,48319,20220054305,2022,Uitsluitend materiele schade,2,personenauto,fiets,Flank,"Kruispunt, 4 takken",Binnen,Unknown,Niet brandend,Overig asfalt,Droog,Daglicht,Droog,IJburglaan,amsterdam,POINT (127984.0091000013 485582.29250000045),POINT (4.990630574101394 52.35747265884192),4.990630574101394,52.35747265884192,-1,0,2,0
809,48328,20220081274,2022,Uitsluitend materiele schade,2,personenauto,fiets,Flank,"Kruispunt, 4 takken",Binnen,30.0,Niet brandend,Overig asfalt,Nat,Daglicht,Regen,Binnen Brouwersstraat,amsterdam,POINT (121215.16380000114 488190.59800000116),POINT (4.8910102814096605 52.380539730955306),4.8910102814096605,52.380539730955306,1,1,2,1
810,48415,20220054655,2022,Uitsluitend materiele schade,1,bromfiets,unknown,Voetganger,Bocht,Binnen,30.0,Niet brandend,Klinkers,Droog,Daglicht,Droog,Nieuwmarkt,amsterdam,POINT (121825.4990000017 487332.00499999896),POINT (4.9000586544348055 52.37286052458556),4.9000586544348055,52.37286052458556,1,1,2,1
811,48420,20220055813,2022,Letsel,2,fiets,fiets,Flank,"Kruispunt, 4 takken",Binnen,Unknown,Niet brandend,Overig asfalt,Droog,Daglicht,Droog,Commelinstraat,amsterdam,POINT (123640.32129999995 486315.00829999894),POINT (4.926802139240992 52.363827071523296),4.926802139240992,52.363827071523296,1,1,1,1
812,48436,20220102227,2022,Uitsluitend materiele schade,2,fiets,personenauto,Flank,Rechte weg,Binnen,50.0,Niet brandend,ZOAB,Droog,Schemer,Droog,Weesperstraat,amsterdam,POINT (122174.01700000092 486543.6499999985),POINT (4.905253217959722 52.36579627750205),4.905253217959722,52.36579627750205,1,1,2,1
813,48468,20220102639,2022,Uitsluitend materiele schade,2,bromfiets,personenauto,Flank,Rotonde,Binnen,50.0,Niet brandend,Overig asfalt,Droog,Daglicht,Unknown,FIETSPAD,amsterdam,POINT (114885.25299999863 484565.9704999998),POINT (4.798480366030788 52.34753848145908),4.798480366030788,52.34753848145908,1,1,2,1
814,48469,20220102640,2022,Uitsluitend materiele schade,2,bromfiets,e-bike,Kop/staart,"Kruispunt, 3 takken",Binnen,30.0,Niet brandend,Overig asfalt,Droog,Daglicht,Droog,Wijdesteeg,amsterdam,POINT (121096.51150000095 487191.3531000018),POINT (4.889368524500301 52.371551922254376),4.889368524500301,52.371551922254376,1,1,2,1
815,48472,20220102912,2022,Letsel,2,personenauto,fiets,Flank,"Kruispunt, 4 takken",Buiten,50.0,Niet brandend,Overig asfalt,Nat,Daglicht,Unknown,Seineweg,amsterdam,POINT (116323.5800999999 489187.1715000011),POINT (4.819056562064956 52.38917330740063),4.819056562064956,52.38917330740063,1,1,1,1
816,48474,20220103181,2022,Uitsluitend materiele schade,2,personenauto,fiets,Flank,Rotonde,Buiten,50.0,Niet brandend,ZOAB,Droog,Daglicht,Droog,Wibautstraat,amsterdam,POINT (123067.77939999849 484653.2520000003),POINT (4.918554464305465 52.34885930441973),4.918554464305465,52.34885930441973,1,1,2,1
817,48501,20220102724,2022,Letsel,2,snorfiets,fiets,Frontaal,Rechte weg,Binnen,50.0,Niet brandend,Overig asfalt,Droog,Duisternis,Droog,President Allendelaan,amsterdam,POINT (116122.02109999955 487115.45749999955),POINT (4.81633558492409 52.37054018655375),4.81633558492409,52.37054018655375,1,1,1,1
818,48815,20230004181,2023,Letsel,3,personenauto,fiets,Kop/staart,Rechte weg,Binnen,30.0,Brandend,Overig asfalt,Droog,Duisternis,Droog,Plantage Middenlaan,amsterdam,POINT (122532.53700000048 486650.66899999976),POINT (4.910506498555549 52.36677940132587),4.910506498555549,52.36677940132587,1,1,1,1
819,48818,20230024510,2023,Uitsluitend materiele schade,2,snorfiets,fiets,Onbekend,Unknown,Unknown,30.0,Unknown,Unknown,Unknown,Daglicht,Unknown,Haarlemmerstraat,amsterdam,POINT (121319.05700000003 488143.1810000017),POINT (4.892540847987033 52.38011996472273),4.892540847987033,52.38011996472273,1,1,2,1
820,49496,20210059151,2021,Letsel,2,personenauto,fiets,Flank,Rotonde,Binnen,50.0,Niet brandend,ZOAB,Nat,Daglicht,Unknown,Amstelplein,amsterdam,POINT (123042.83370000124 484111.943500001),POINT (4.918239760213388 52.34399291704775),4.918239760213388,52.34399291704775,1,1,1,1
821,49509,20220178006,2022,Letsel,3,fiets,fiets,Flank,Rechte weg,Binnen,30.0,Niet brandend,Beton,Droog,Daglicht,Droog,Sarphatistraat,amsterdam,POINT (122963.68200000003 486221.23000000045),POINT (4.916877418304584 52.362945208068446),4.916877418304584,52.362945208068446,1,1,1,1
822,49543,20220177148,2022,Letsel,2,bromfiets,fiets,Flank,Rechte weg,Binnen,30.0,Niet brandend,Overig asfalt,Droog,Daglicht,Droog,Strandvlietpad,amsterdam,POINT (124616.14299999923 481035.7010000013),POINT (4.941604514393958 52.31643466831903),4.941604514393958,52.31643466831903,0,1,1,1
823,49573,20220177208,2022,Uitsluitend materiele schade,3,personenauto,fiets,Onbekend,"Kruispunt, 4 takken",Binnen,50.0,Niet brandend,ZOAB,Droog,Daglicht,Droog,Jan Tooropstraat,amsterdam,POINT (117642.191300001 487324.7866999991),POINT (4.83863289066721 52.37252699401905),4.83863289066721,52.37252699401905,1,1,2,1
824,49642,20220177938,2022,Uitsluitend materiele schade,3,vrachtauto,fiets,Onbekend,Unknown,Unknown,30.0,Unknown,Unknown,Unknown,Daglicht,Unknown,Rokin,amsterdam,POINT (121310.9690000005 487077.95600000024),POINT (4.892528851564772 52.370545987352955),4.892528851564772,52.37054598735296,1,1,2,1
825,49643,20220178197,2022,Letsel,2,snorfiets,fiets,Onbekend,Rechte weg,Binnen,30.0,Niet brandend,Overig asfalt,Droog,Daglicht,Droog,Nassaukade,amsterdam,POINT (120353.65199999884 486402.7340000011),POINT (4.878542122843588 52.36441801444211),4.878542122843588,52.36441801444211,1,1,1,1
826,49692,20220123561,2022,Uitsluitend materiele schade,2,bromfiets,fiets,Frontaal,"Kruispunt, 3 takken",Binnen,Unknown,Niet brandend,Overig asfalt,Droog,Daglicht,Droog,Baldwinstraat,amsterdam,POINT (113447.16800000146 485650.6849000007),POINT (4.777242192856697 52.35718014876176),4.777242192856697,52.35718014876176,1,1,2,1
827,49848,20220142632,2022,Uitsluitend materiele schade,7,bestelauto,fiets,Los voorwerp,Rechte weg,Binnen,30.0,Niet brandend,Klinkers,Droog,Daglicht,Droog,Willemsstraat,amsterdam,POINT (120781.45100000128 488272.53599999845),POINT (4.884632278429857 52.381249268832995),4.884632278429857,52.381249268833,1,1,2,1
828,49914,20220141449,2022,Uitsluitend materiele schade,1,bromfiets,unknown,Onbekend,Bocht,Buiten,60.0,Niet brandend,Overig asfalt,Droog,Daglicht,Droog,Dammerweg,amsterdam,POINT (133582.1453000009 477933.88259999827),POINT (5.073291556801151 52.28897899705989),5.073291556801151,52.28897899705989,-1,0,2,0