,Unnamed: 0,accident_id,accident_year,outcome,num_parties,party1_type,party2_type,accident_nature,road_situation,built_up_area,speed_limit_kmh,street_lighting,road_surface,road_condition,light_condition,weather_condition,street_name,municipality,shape,geometry,longitude,latitude,cluster,future_hotspot_spatial,outcome_encoded,future_hotspot_pred
829,49916,20220141463,2022,Letsel,2,vrachtauto,fiets,Flank,"Kruispunt, 3 takken",Binnen,50.0,Niet brandend,Overig asfalt,Droog,Daglicht,Unknown,Zaanstraat,amsterdam,POINT (119857.36840000004 489576.7617999986),POINT (4.870924212758755 52.392912284100866),4.870924212758755,52.39291228410087,1,1,1,1
830,49923,20220155579,2022,Uitsluitend materiele schade,2,snorfiets,fiets,Frontaal,"Kruispunt, 4 takken",Binnen,50.0,Niet brandend,Overig asfalt,Droog,Daglicht,Droog,Ringdijk,amsterdam,POINT (122952.64900000021 484775.46499999985),POINT (4.91685318134336 52.349950974424914),4.91685318134336,52.349950974424914,1,1,2,1
831,49996,20220124166,2022,Uitsluitend materiele schade,2,personenauto,fiets,Flank,Rechte weg,Binnen,50.0,Brandend,Overig asfalt,Nat,Duisternis,Regen,Hoofdweg,amsterdam,POINT (118165.98800000176 487911.6739999987),POINT (4.846259794427382 52.37783687126411),4.846259794427382,52.37783687126411,1,1,2,1
832,50175,20230050806,2023,Letsel,2,bromfiets,scootmobiel,Flank,"Kruispunt, 3 takken",Binnen,30.0,Niet brandend,Overig asfalt,Droog,Daglicht,Droog,FIETSPAD,amsterdam,POINT (123788.29610000178 489998.84750000015),POINT (4.928632321747498 52.39694332158265),4.928632321747498,52.39694332158265,1,1,1,1
833,50228,20230050271,2023,Letsel,2,fiets,fiets,Frontaal,Rechte weg,Binnen,Unknown,Niet brandend,Overig asfalt,Droog,Daglicht,Droog,Prins Hendrikkade,amsterdam,POINT (121565.63199999928 487992.97300000116),POINT (4.896177051982896 52.37878507433459),4.896177051982896,52.37878507433459,1,1,1,1
834,50234,20230059247,2023,Letsel,2,personenauto,fiets,Flank,"Kruispunt, 4 takken",Binnen,15.0,Niet brandend,Overig asfalt,Droog,Daglicht,Droog,Gulden Kruispad,amsterdam,POINT (126976.39799999818 481600.4609999992),POINT (4.976171389748521 52.32163574070604),4.976171389748521,52.32163574070604,0,1,1,1
835,50294,20230059371,2023,Uitsluitend materiele schade,2,e-bike,personenauto,Flank,"Kruispunt, 4 takken",Binnen,50.0,Niet brandend,Klinkers,Droog,Daglicht,Droog,Ookmeerweg,amsterdam,POINT (115145.5373999998 486586.95589999855),POINT (4.802060652505643 52.3657204425801),4.802060652505643,52.3657204425801,1,1,2,1
836,50325,20230049890,2023,Uitsluitend materiele schade,2,bestelauto,fiets,Flank,"Kruispunt, 4 takken",Binnen,50.0,Niet brandend,Overig asfalt,Droog,Daglicht,Droog,Alexanderplein,amsterdam,POINT (123106.36199999973 486281.7019999996),POINT (4.918966308299095 52.36349699299695),4.918966308299095,52.36349699299695,1,1,2,1
837,50396,20230040706,2023,Uitsluitend materiele schade,2,bestelauto,bromfiets,Flank,"Kruispunt, 3 takken",Binnen,50.0,Niet brandend,Overig asfalt,Droog,Daglicht,Droog,De Boelelaan,amsterdam,POINT (120915.42870000005 483120.5998999998),POINT (4.887122019396944 52.33495555413014),4.887122019396944,52.33495555413014,1,1,2,1
838,50554,20220210113,2022,Uitsluitend materiele schade,2,snorfiets,personenauto,Flank,"Kruispunt, 3 takken",Binnen,30.0,Brandend,Klinkers,Droog,Duisternis,Droog,Van Heenvlietlaan,amsterdam,POINT (120599 482277),POINT (4.88256576991503 52.32735411335156),4.88256576991503,52.32735411335156,1,1,2,1
839,50587,20220211080,2022,Uitsluitend materiele schade,1,snorfiets,unknown,Onbekend,Unknown,Unknown,15.0,Unknown,Unknown,Unknown,Daglicht,Unknown,Huntum,amsterdam,POINT (126041.45399999991 480028.4629999995),POINT (4.9625935956077285 52.30745902973865),4.9625935956077285,52.30745902973865,0,1,2,1
840,50701,20220211214,2022,Uitsluitend materiele schade,2,personenauto,fiets,Flank,"Kruispunt, 3 takken",Buiten,50.0,Niet brandend,Overig asfalt,Droog,Daglicht,Droog,Radarweg,amsterdam,POINT (117481.34160000086 490061.92819999903),POINT (4.83596529533993 52.39711527233439),4.83596529533993,52.39711527233439,1,1,2,1
841,50702,20220211237,2022,Uitsluitend materiele schade,2,fiets,trein/tram,Onbekend,"Kruispunt, 4 takken",Binnen,50.0,Niet brandend,Overig asfalt,Droog,Daglicht,Droog,Mr. Treublaan,amsterdam,POINT (123029.73279999942 484543.9017000012),POINT (4.918006483517224 52.34787432159893),4.918006483517224,52.34787432159893,1,1,2,1
842,50704,20220211903,2022,Uitsluitend materiele schade,2,bestelauto,fiets,Flank,"Kruispunt, 4 takken",Binnen,50.0,Brandend,ZOAB,Droog,Duisternis,Droog,Stadionweg,amsterdam,POINT (120660.4792000018 484660.2199999988),POINT (4.883224537588071 52.348776770629776),4.883224537588071,52.348776770629776,1,1,2,1
843,50781,20220210598,2022,Letsel,2,personenauto,fiets,Flank,"Kruispunt, 4 takken",Binnen,30.0,Niet brandend,Overig asfalt,Nat,Daglicht,Regen,Wolbrantskerkweg,amsterdam,POINT (114795.79399999976 485692.0210000016),POINT (4.797032970667487 52.357651997722186),4.797032970667487,52.357651997722186,1,1,1,1
844,50782,20220211310,2022,Letsel,2,fiets,bus,Frontaal,Rechte weg,Binnen,50.0,Brandend,Overig asfalt,Droog,Schemer,Droog,Beethovenstraat,amsterdam,POINT (120239.80700000003 484063.875),POINT (4.877112417423186 52.34339077776129),4.877112417423186,52.34339077776129,1,1,1,1
845,50888,20220211421,2022,Uitsluitend materiele schade,1,bromfiets,unknown,Onbekend,Unknown,Binnen,30.0,Niet brandend,Overig asfalt,Nat,Daglicht,Droog,Krugerstraat,amsterdam,POINT (123037.9290000014 485066.6730000004),POINT (4.918077113312563 52.352573131408654),4.918077113312563,52.352573131408654,1,1,2,1
846,50922,20220211456,2022,Uitsluitend materiele schade,1,bromfiets,unknown,Flank,"Kruispunt, 4 takken",Binnen,50.0,Brandend,Overig asfalt,Droog,Duisternis,Droog,De Clercqstraat,amsterdam,POINT (120053.28599999845 487229.0769999996),POINT (4.874046552655166 52.37182556032683),4.874046552655166,52.37182556032683,1,1,2,1
847,51418,20230023100,2023,Uitsluitend materiele schade,2,personenauto,fiets,Flank,"Kruispunt, 4 takken",Binnen,30.0,Niet brandend,Klinkers,Droog,Daglicht,Droog,Winkler Prinshof,amsterdam,POINT (117130.34739999846 486237.95160000026),POINT (4.83123961127883 52.362724299382386),4.83123961127883,52.36272429938239,1,1,2,1
848,51482,20230036759,2023,Uitsluitend materiele schade,2,bestelauto,fiets,Flank,"Kruispunt, 3 takken",Binnen,50.0,Niet brandend,Overig asfalt,Nat,Daglicht,Regen,Parnassusweg,amsterdam,POINT (119690.03220000118 483319.3568000011),POINT (4.869123092901245 52.33666450637485),4.869123092901245,52.33666450637485,1,1,2,1
849,51483,20230067203,2023,Letsel,2,fiets,voetganger,Voetganger,Rechte weg,Binnen,50.0,Niet brandend,Unknown,Droog,Daglicht,Droog,Burg De Vlugtlaan,amsterdam,POINT (116757.67399999872 488242.41000000015),POINT (4.8255405752711455 52.38071297497501),4.8255405752711455,52.38071297497501,1,1,1,1
850,51500,20230023805,2023,Uitsluitend materiele schade,1,bromfiets,unknown,Voetganger,Rechte weg,Binnen,30.0,Brandend,ZOAB,Droog,Duisternis,Droog,Westel Merwedekanaaldijk,amsterdam,POINT (125649.88800000027 486551.9279999994),POINT (4.956283767158959 52.366067406823326),4.956283767158959,52.366067406823326,1,1,2,1
851,51618,20230078846,2023,Letsel,2,personenauto,e-bike,Flank,"Kruispunt, 4 takken",Binnen,50.0,Niet brandend,Overig asfalt,Droog,Daglicht,Droog,Ringdijk,amsterdam,POINT (122946.12620000169 484772.8176999986),POINT (4.916757703078948 52.34992680174903),4.916757703078948,52.34992680174903,1,1,1,1
852,51635,20230023366,2023,Uitsluitend materiele schade,2,personenauto,bromfiets,Flank,"Kruispunt, 4 takken",Binnen,50.0,Brandend,Overig asfalt,Droog,Duisternis,Droog,Bilderdijkkade,amsterdam,POINT (119766.63159999996 486880.95230000094),POINT (4.869873970681 52.36867855299803),4.869873970681,52.36867855299803,1,1,2,1
853,51637,20230024600,2023,Uitsluitend materiele schade,2,personenauto,fiets,Geparkeerd voertuig,Rechte weg,Binnen,50.0,Brandend,Klinkers,Droog,Duisternis,Droog,Mauritskade,amsterdam,POINT (123172.62799999863 486206.6279999986),POINT (4.919946249382394 52.36282612122516),4.919946249382394,52.36282612122516,1,1,2,1
854,51665,20230024629,2023,Uitsluitend materiele schade,2,snorfiets,personenauto,Kop/staart,"Kruispunt, 4 takken",Binnen,30.0,Niet brandend,Overig asfalt,Droog,Daglicht,Droog,Agatha Christiesingel,amsterdam,POINT (124698.74159999937 481668.56010000035),POINT (4.942758948261539 52.32212700682274),4.942758948261539,52.32212700682274,0,1,2,1
855,51677,20230078375,2023,Uitsluitend materiele schade,2,snorfiets,fiets,Flank,"Kruispunt, 4 takken",Binnen,30.0,Niet brandend,Overig asfalt,Nat,Daglicht,Regen,Kruisherenpad,amsterdam,POINT (115135.09439999983 488227.5617999993),POINT (4.801712733080949 52.380464106107844),4.801712733080949,52.38046410610784,1,1,2,1
856,51740,20230078956,2023,Uitsluitend materiele schade,2,bromfiets,personenauto,Kop/staart,Rechte weg,Binnen,30.0,Niet brandend,Klinkers,Droog,Daglicht,Droog,Waterlandplein,amsterdam,POINT (125645.38599999994 489449.8500000015),POINT (4.955964501289822 52.3921117883685),4.955964501289822,52.3921117883685,1,1,2,1
857,51784,20230020204,2023,Uitsluitend materiele schade,2,personenauto,e-bike,Onbekend,Rotonde,Buiten,50.0,Niet brandend,Overig asfalt,Nat,Daglicht,Regen,Softwareweg,amsterdam,POINT (120922.76550000161 491403.07620000094),POINT (4.8863899312924595 52.40939298092994),4.88638993129246,52.40939298092994,1,1,2,1
858,51867,20230087516,2023,Uitsluitend materiele schade,1,bromfiets,unknown,Onbekend,Bocht,Binnen,50.0,Niet brandend,Overig asfalt,Nat,Daglicht,Regen,1e C Huygensstr,amsterdam,POINT (120118.27400000021 486264.1319999993),POINT (4.875100918234655 52.36315746107091),4.875100918234655,52.36315746107091,1,1,2,1
859,52063,20230097171,2023,Uitsluitend materiele schade,2,personenauto,fiets,Flank,"Kruispunt, 3 takken",Binnen,50.0,Niet brandend,Overig asfalt,Nat,Daglicht,Regen,Parlevinkerpad,amsterdam,POINT (122918.24599999934 491060.7809999995),POINT (4.915748169634814 52.40643702122946),4.915748169634814,52.40643702122946,1,1,2,1
860,52104,20230087336,2023,Letsel,2,e-bike,fiets,Flank,"Kruispunt, 3 takken",Binnen,30.0,Niet brandend,ZOAB,Nat,Daglicht,Regen,Parnassusweg,amsterdam,POINT (119690.03220000118 483319.3568000011),POINT (4.869123092901245 52.33666450637485),4.869123092901245,52.33666450637485,1,1,1,1
861,52172,20230086328,2023,Uitsluitend materiele schade,2,bromfiets,bromfiets,Flank,Rechte weg,Binnen,50.0,Brandend,Klinkers,Droog,Duisternis,Droog,Dijkgraafplein,amsterdam,POINT (114068.94799999893 485489.4129999988),POINT (4.786388561527111 52.35577744638248),4.786388561527111,52.35577744638248,1,1,2,1
862,52227,20210089329,2021,Uitsluitend materiele schade,2,personenauto,bromfiets,Flank,"Kruispunt, 3 takken",Binnen,Unknown,Brandend,Overig asfalt,Nat,Duisternis,Unknown,Willem Heselaarsstraat,amsterdam,POINT (114892.35550000146 485042.01630000025),POINT (4.798527855177583 52.351817327612686),4.798527855177583,52.351817327612686,1,1,2,1
863,52272,20210087368,2021,Uitsluitend materiele schade,3,personenauto,fiets,Onbekend,"Kruispunt, 4 takken",Binnen,50.0,Brandend,Overig asfalt,Nat,Duisternis,Regen,Beemsterstraat,amsterdam,POINT (125350.33469999954 490036.73690000176),POINT (4.951578280684148 52.39737046382716),4.951578280684148,52.39737046382716,1,1,2,1
864,52297,20210082458,2021,Uitsluitend materiele schade,2,personenauto,fiets,Flank,"Kruispunt, 4 takken",Binnen,50.0,Niet brandend,Overig asfalt,Droog,Daglicht,Droog,Marnixstraat,amsterdam,POINT (120318.07899999991 486880.1160000004),POINT (4.877970631111093 52.36870613765962),4.877970631111093,52.36870613765962,1,1,2,1
865,52343,20210084849,2021,Uitsluitend materiele schade,2,bromfiets,fiets,Onbekend,Rechte weg,Binnen,50.0,Niet aanwezig,Overig asfalt,Droog,Daglicht,Droog,Weteringschans,amsterdam,POINT (121084.17500000075 485901.18400000036),POINT (4.889317525022164 52.35995602459551),4.889317525022164,52.35995602459551,1,1,2,1
866,52367,20210077869,2021,Uitsluitend materiele schade,2,personenauto,fiets,Flank,Rotonde,Binnen,50.0,Brandend,Overig asfalt,Droog,Duisternis,Droog,Burg De Vlugtlaan,amsterdam,POINT (116287.93389999866 488575.9506999999),POINT (4.818603404587621 52.383677644466474),4.818603404587621,52.38367764446648,1,1,2,1
867,52691,20210003721,2021,Uitsluitend materiele schade,1,bromfiets,unknown,Onbekend,Unknown,Unknown,50.0,Unknown,Unknown,Unknown,Duisternis,Unknown,Hogeweyselaan,amsterdam,POINT (130459.34899999946 480572.6770000011),POINT (5.027330929606576 52.312564946637146),5.027330929606576,52.312564946637146,-1,0,2,0
868,52810,20210073109,2021,Uitsluitend materiele schade,2,bromfiets,personenauto,Flank,Rechte weg,Binnen,30.0,Niet brandend,Overig asfalt,Droog,Daglicht,Unknown,Van Woustraat,amsterdam,POINT (121771.49199999869 485621.7250000015),POINT (4.899434641907619 52.35748644022654),4.899434641907619,52.35748644022654,1,1,2,1
869,52889,20210065660,2021,Uitsluitend materiele schade,2,motor,fiets,Flank,"Kruispunt, 4 takken",Binnen,50.0,Brandend,Overig asfalt,Nat,Duisternis,Unknown,Van Nijenrodeweg,amsterdam,POINT (120596.20949999988 482342.5817000009),POINT (4.88251813944498 52.32794334511469),4.88251813944498,52.32794334511469,1,1,2,1
870,52901,20210047200,2021,Uitsluitend materiele schade,2,bromfiets,fiets,Frontaal,Rechte weg,Binnen,50.0,Brandend,Overig asfalt,Droog,Duisternis,Droog,Piet Heinkade,amsterdam,POINT (122814.61699999869 487814.3839999996),POINT (4.914536521344987 52.37725467710844),4.914536521344987,52.37725467710844,1,1,2,1
871,52909,20210045069,2021,Uitsluitend materiele schade,2,personenauto,fiets,Onbekend,Unknown,Binnen,Unknown,Unknown,Unknown,Droog,Daglicht,Unknown,Louis Bouwmeesterstraat,amsterdam,POINT (116857.31300000101 485109),POINT (4.827359396761114 52.352559247224214),4.827359396761114,52.35255924722421,1,1,2,1
872,52917,20210060256,2021,Uitsluitend materiele schade,2,bromfiets,personenauto,Flank,"Kruispunt, 4 takken",Binnen,50.0,Brandend,Overig asfalt,Unknown,Duisternis,Droog,Nassauplein,amsterdam,POINT (120568.64620000124 488656.0949999988),POINT (4.881467590542727 52.384683107915315),4.881467590542727,52.38468310791532,1,1,2,1
873,53082,20210040613,2021,Uitsluitend materiele schade,3,personenauto,fiets,Onbekend,Bocht,Binnen,50.0,Niet brandend,Unknown,Droog,Daglicht,Droog,Hertspieghelweg,amsterdam,POINT (118566.42799999937 488297.6099999994),POINT (4.852098560605539 52.38133208582843),4.852098560605539,52.38133208582843,1,1,2,1
874,53126,20210072634,2021,Uitsluitend materiele schade,2,bromfiets,personenauto,Kop/staart,Rechte weg,Binnen,30.0,Brandend,Klinkers,Droog,Duisternis,Droog,Muntplein,amsterdam,POINT (121329.83799999952 486705.09899999946),POINT (4.892843250457302 52.3671961677116),4.892843250457302,52.3671961677116,1,1,2,1
875,53165,20210036360,2021,Uitsluitend materiele schade,2,personenauto,bromfiets,Voetganger,Rechte weg,Binnen,30.0,Niet brandend,Klinkers,Droog,Schemer,Droog,Amstel,amsterdam,POINT (121915.86199999973 486326.3759999983),POINT (4.901484494572293 52.36382807859273),4.901484494572293,52.36382807859273,1,1,2,1
876,53205,20210038886,2021,Uitsluitend materiele schade,2,personenauto,fiets,Flank,"Kruispunt, 4 takken",Binnen,50.0,Niet brandend,Overig asfalt,Droog,Daglicht,Droog,Van Leijenberghlaan,amsterdam,POINT (120193.90720000118 483500.7109000012),POINT (4.876497105979566 52.33832653138098),4.876497105979566,52.33832653138098,1,1,2,1
877,53219,20210065531,2021,Letsel,2,scootmobiel,fiets,Frontaal,Rechte weg,Buiten,50.0,Niet brandend,Beton,Nat,Daglicht,Regen,IJburglaan,amsterdam,POINT (126883.87799999863 486590.0549999997),POINT (4.974397651286951 52.36647461971184),4.974397651286951,52.36647461971184,1,1,1,1
878,53331,20210036544,2021,Uitsluitend materiele schade,1,bromfiets,unknown,Onbekend,Rechte weg,Buiten,50.0,Niet brandend,Klinkers,Nat,Daglicht,Unknown,Ben van Meerendonkstraat,amsterdam,POINT (129265.2809999995 484782.01099999994),POINT (5.009499454930598 52.350341685485795),5.009499454930598,52.3503416854858,-1,0,2,0
879,53895,20210093210,2021,Uitsluitend materiele schade,2,snorfiets,overig wegmeubilair,Vast voorwerp,"Kruispunt, 3 takken",Binnen,50.0,Niet brandend,Overig asfalt,Droog,Daglicht,Droog,Spaklerweg,amsterdam,POINT (123268.45100000128 483453.21499999985),POINT (4.921612626705926 52.338085746926964),4.921612626705926,52.33808574692696,1,1,2,1
880,53906,20220081386,2022,Letsel,2,personenauto,fiets,Eenzijdig,"Kruispunt, 3 takken",Binnen,30.0,Niet brandend,Klinkers,Droog,Daglicht,Droog,Wildeman,amsterdam,POINT (114877.13210000098 486243.3570000008),POINT (4.798161123334406 52.36261291094201),4.798161123334406,52.36261291094201,1,1,1,1
881,53980,20220055221,2022,Uitsluitend materiele schade,2,snorfiets,personenauto,Onbekend,Rotonde,Binnen,50.0,Niet brandend,Overig asfalt,Droog,Daglicht,Droog,Postjesweg,amsterdam,POINT (117747.17599999905 486385.0720000006),POINT (4.840278579129367 52.36408868685661),4.840278579129367,52.36408868685661,1,1,2,1
882,54042,20220055416,2022,Uitsluitend materiele schade,1,fiets,unknown,Flank,"Kruispunt, 4 takken",Binnen,50.0,Brandend,Overig asfalt,Nat,Duisternis,Unknown,Ceintuurbaan,amsterdam,POINT (121892.76089999825 485313.4937000014),POINT (4.901245052327899 52.35472358513887),4.901245052327899,52.35472358513887,1,1,2,1
883,54137,20220054239,2022,Letsel,2,personenauto,fiets,Flank,"Kruispunt, 3 takken",Binnen,30.0,Niet brandend,Klinkers,Nat,Daglicht,Unknown,Vrijheidslaan,amsterdam,POINT (122372.97769999877 484397.15729999915),POINT (4.908382447896896 52.346516878162426),4.908382447896896,52.346516878162426,1,1,1,1
884,54168,20220055640,2022,Uitsluitend materiele schade,2,personenauto,fiets,Flank,"Kruispunt, 3 takken",Binnen,Unknown,Brandend,Unknown,Droog,Duisternis,Droog,FIETSPAD,amsterdam,POINT (120628.31540000066 488666.1301999986),POINT (4.882342967891399 52.384777036199985),4.882342967891399,52.38477703619999,1,1,2,1
885,54212,20220102138,2022,Uitsluitend materiele schade,1,bromfiets,unknown,Onbekend,Rechte weg,Binnen,50.0,Niet brandend,Overig asfalt,Droog,Daglicht,Droog,Julianaplein,amsterdam,POINT (123109.56899999827 484435.7329999991),POINT (4.919188376953401 52.34690680876096),4.919188376953401,52.34690680876096,1,1,2,1
886,54232,20220055803,2022,Letsel,2,bromfiets,e-bike,Kop/staart,Rechte weg,Binnen,50.0,Niet brandend,Overig asfalt,Droog,Daglicht,Droog,Oosterpark,amsterdam,POINT (123119.17399999872 485723.7989999987),POINT (4.919207284250064 52.35848367270951),4.919207284250064,52.35848367270951,1,1,1,1
887,54248,20220102565,2022,Uitsluitend materiele schade,2,personenauto,fiets,Onbekend,Rotonde,Binnen,50.0,Niet brandend,Overig asfalt,Droog,Daglicht,Droog,Schipluidenlaan,amsterdam,POINT (117453.10319999978 485535.7085000016),POINT (4.836056178542548 52.356435223432925),4.836056178542548,52.356435223432925,1,1,2,1
888,54249,20220103082,2022,Uitsluitend materiele schade,2,personenauto,fiets,Flank,"Kruispunt, 4 takken",Binnen,50.0,Niet brandend,Klinkers,Nat,Daglicht,Droog,President Kennedylaan,amsterdam,POINT (121621.7025000006 483728.8931000009),POINT (4.897423664448068 52.3404658391015),4.897423664448068,52.3404658391015,1,1,2,1
889,54310,20220103002,2022,Letsel,2,personenauto,bromfiets,Flank,Rechte weg,Binnen,50.0,Brandend,Overig asfalt,Droog,Duisternis,Droog,Rozengracht,amsterdam,POINT (120230.15500000119 487290.6160000004),POINT (4.876637233009597 52.37238985523643),4.876637233009597,52.37238985523643,1,1,1,1
890,54351,20220103315,2022,Uitsluitend materiele schade,2,personenauto,fiets,Flank,"Kruispunt, 4 takken",Binnen,50.0,Niet brandend,Klinkers,Droog,Daglicht,Droog,Bolstoen,amsterdam,POINT (114326.08199999854 489291.05150000006),POINT (4.789702678462885 52.389962497054825),4.789702678462885,52.389962497054825,1,1,2,1
891,54406,20230087796,2023,Uitsluitend materiele schade,1,fiets,unknown,Onbekend,Unknown,Unknown,50.0,Unknown,Unknown,Unknown,Daglicht,Unknown,Plantage Middenlaan,amsterdam,POINT (122931.17799999937 486423.3299999982),POINT (4.916380967025885 52.36475965123856),4.916380967025885,52.36475965123856,1,1,2,1
892,54510,20230024351,2023,Dodelijk,1,snorfiets,unknown,Eenzijdig,Rechte weg,Binnen,30.0,Niet brandend,Unknown,Droog,Daglicht,Droog,De Boelelaan,amsterdam,POINT (119497.92700000107 483116.8359999992),POINT (4.8663259158828405 52.334832012452765),4.8663259158828405,52.334832012452765,1,1,0,1
893,54777,20230003922,2023,Uitsluitend materiele schade,2,personenauto,e-bike,Flank,"Kruispunt, 3 takken",Binnen,50.0,Niet brandend,Overig asfalt,Nat,Daglicht,Regen,Amstelstroomlaan,amsterdam,POINT (122655.21880000085 483210.60539999977),POINT (4.912638372822146 52.33586958244822),4.912638372822146,52.33586958244822,1,1,2,1
894,55142,20210051689,2021,Letsel,3,fiets,fiets,Geparkeerd voertuig,Rechte weg,Binnen,30.0,Niet brandend,Overig asfalt,Droog,Daglicht,Droog,Vespuccistraat,amsterdam,POINT (118675.11800000072 487073.45600000024),POINT (4.853827167820322 52.37033752218228),4.853827167820322,52.37033752218228,1,1,1,1
895,55369,20220177651,2022,Uitsluitend materiele schade,2,bromfiets,overig vast object,Vast voorwerp,Rechte weg,Binnen,50.0,Brandend,Overig asfalt,Droog,Daglicht,Droog,Amstelveenseweg,amsterdam,POINT (118890.0309999995 482829.23800000176),POINT (4.857438204105738 52.33220768290733),4.857438204105738,52.33220768290733,1,1,2,1
896,55370,20220177688,2022,Uitsluitend materiele schade,2,personenauto,bromfiets,Flank,Unknown,Binnen,50.0,Brandend,Overig asfalt,Droog,Duisternis,Droog,Plesmanlaan,amsterdam,POINT (116646.02800000086 484849.1229999997),POINT (4.8242879971262695 52.35020895986218),4.8242879971262695,52.35020895986218,1,1,2,1
897,55410,20220123206,2022,Uitsluitend materiele schade,1,bromfiets,unknown,Voetganger,Rechte weg,Binnen,30.0,Brandend,Overig asfalt,Droog,Duisternis,Droog,Oosterdoksstraat,amsterdam,POINT (122248.53400000185 487756.36199999973),POINT (4.90622907809685 52.37669974203825),4.90622907809685,52.37669974203825,1,1,2,1
898,55427,20220177466,2022,Uitsluitend materiele schade,2,bromfiets,personenauto,Flank,"Kruispunt, 3 takken",Binnen,50.0,Niet brandend,Klinkers,Droog,Daglicht,Droog,Sportparklaan,amsterdam,POINT (117662.84299999848 484135.35449999943),POINT (4.8392901828684485 52.343864159309256),4.8392901828684485,52.343864159309256,1,1,2,1
899,55428,20220177472,2022,Letsel,2,bromfiets,fiets,Flank,"Kruispunt, 4 takken",Binnen,50.0,Niet brandend,Overig asfalt,Droog,Daglicht,Droog,Panamalaan,amsterdam,POINT (124116.19819999859 486649.99230000004),POINT (4.93375767100227 52.36686465092911),4.93375767100227,52.36686465092911,1,1,1,1
900,55444,20220142158,2022,Letsel,2,personenauto,bromfiets,Eenzijdig,"Kruispunt, 4 takken",Binnen,50.0,Niet brandend,Overig asfalt,Droog,Daglicht,Droog,President Allendelaan,amsterdam,POINT (115332.66789999977 486634.90040000156),POINT (4.804802311379114 52.36616487645111),4.804802311379114,52.36616487645111,1,1,1,1
901,55556,20220123503,2022,Uitsluitend materiele schade,2,bestelauto,fiets,Flank,"Kruispunt, 3 takken",Binnen,50.0,Niet brandend,Overig asfalt,Droog,Daglicht,Droog,Henk Gortzakstraat,amsterdam,POINT (114553 487979),POINT (4.793193935896563 52.37818766460751),4.793193935896563,52.37818766460751,1,1,2,1
902,55763,20220141422,2022,Uitsluitend materiele schade,2,personenauto,e-bike,Flank,"Kruispunt, 3 takken",Binnen,30.0,Brandend,Overig asfalt,Nat,Duisternis,Regen,Witte de Withstraat,amsterdam,POINT (119062.26410000026 486455.6853),POINT (4.859577641320399 52.36481092642981),4.859577641320399,52.36481092642981,1,1,2,1
903,55798,20220155645,2022,Letsel,2,snorfiets,los voorwerp,Los voorwerp,Rechte weg,Binnen,50.0,Niet brandend,Overig asfalt,Droog,Daglicht,Droog,Baden Powellweg,amsterdam,POINT (114539.57699999958 485064.2890000008),POINT (4.793347567094855 52.351991632221385),4.793347567094855,52.351991632221385,1,1,1,1
904,55858,20220124165,2022,Uitsluitend materiele schade,2,bromfiets,bromfiets,Flank,"Kruispunt, 4 takken",Binnen,Unknown,Niet brandend,Overig asfalt,Droog,Daglicht,Droog,Kimpoweg,amsterdam,POINT (117765.59499999881 488700),POINT (4.840292501500224 52.384894718333314),4.840292501500224,52.384894718333314,1,1,2,1
905,55866,20220155722,2022,Uitsluitend materiele schade,2,bromfiets,fiets,Kop/staart,Rechte weg,Binnen,30.0,Niet brandend,Beton,Droog,Daglicht,Droog,ZEEBURG 14,amsterdam,POINT (126697.13500000164 486640.1799999997),POINT (4.971651701966932 52.36691552153482),4.971651701966932,52.36691552153482,1,1,2,1
906,55880,20220124204,2022,Uitsluitend materiele schade,2,bestelauto,fiets,Flank,"Kruispunt, 4 takken",Binnen,50.0,Niet brandend,Overig asfalt,Droog,Daglicht,Droog,Stadionweg,amsterdam,POINT (120495.98059999943 484530.3757000007),POINT (4.880823697322203 52.347599514017254),4.880823697322203,52.34759951401725,1,1,2,1
907,55931,20230049562,2023,Uitsluitend materiele schade,2,fiets,bromfiets,Frontaal,Bocht,Binnen,50.0,Niet brandend,Overig asfalt,Droog,Daglicht,Droog,Westel Merwedekanaaldijk,amsterdam,POINT (126402.97300000116 485308.0170000009),POINT (4.967446092064269 52.354927619416486),4.967446092064269,52.354927619416486,-1,0,2,1
908,55949,20230039643,2023,Letsel,2,fiets,fiets,Flank,Rechte weg,Binnen,30.0,Niet brandend,ZOAB,Droog,Daglicht,Droog,Rozengracht,amsterdam,POINT (120465.5 487384.5),POINT (4.8800833073852115 52.3732484675128),4.880083307385212,52.3732484675128,1,1,1,1
909,55980,20230050188,2023,Uitsluitend materiele schade,2,personenauto,fiets,Flank,"Kruispunt, 4 takken",Binnen,50.0,Unknown,Klinkers,Droog,Daglicht,Unknown,Willem de Zwijgerlaan,amsterdam,POINT (118901.72159999982 488447.8530000001),POINT (4.857006724615454 52.38270450386245),4.857006724615454,52.38270450386245,1,1,2,1
910,56073,20230049807,2023,Uitsluitend materiele schade,2,bromfiets,personenauto,Kop/staart,Rechte weg,Binnen,Unknown,Niet brandend,Klinkers,Droog,Daglicht,Droog,Jephtastraat,amsterdam,POINT (118137.50499999896 488289.5709999986),POINT (4.84580004899911 52.38123120464317),4.84580004899911,52.38123120464317,1,1,2,1
911,56075,20230058638,2023,Uitsluitend materiele schade,2,personenauto,bromfiets,Geparkeerd voertuig,Rechte weg,Binnen,50.0,Niet brandend,Klinkers,Droog,Daglicht,Droog,Vierwindenstraat,amsterdam,POINT (120923.6799999997 488982.8579999991),POINT (4.886649076139075 52.38764196546782),4.886649076139075,52.38764196546782,1,1,2,1