,Unnamed: 0,accident_id,accident_year,outcome,num_parties,party1_type,party2_type,accident_nature,road_situation,built_up_area,speed_limit_kmh,street_lighting,road_surface,road_condition,light_condition,weather_condition,street_name,municipality,shape,geometry,longitude,latitude,cluster,future_hotspot_spatial,outcome_encoded,future_hotspot_pred
912,56090,20230059356,2023,Letsel,2,fiets,bestelauto,Eenzijdig,"Kruispunt, 4 takken",Binnen,50.0,Niet brandend,Overig asfalt,Droog,Daglicht,Droog,Beethovenstraat,amsterdam,POINT (120184 484122),POINT (4.87628749145867 52.34390963361539),4.87628749145867,52.34390963361539,1,1,1,1
913,56111,20230048725,2023,Uitsluitend materiele schade,2,bromfiets,fiets,Onbekend,"Kruispunt, 4 takken",Binnen,50.0,Niet brandend,Overig asfalt,Droog,Daglicht,Unknown,Govert Flinckstraat,amsterdam,POINT (121156.55319999903 485298.006000001),POINT (4.890440691020274 52.3545395370589),4.890440691020274,52.3545395370589,1,1,2,1
914,56164,20230050544,2023,Letsel,2,bromfiets,bestelauto,Kop/staart,Rotonde,Binnen,50.0,Niet brandend,Beton,Droog,Daglicht,Droog,Volendammerweg,amsterdam,POINT (125734.36520000175 489470.4211000018),POINT (4.957269839964129 52.39230141911845),4.957269839964129,52.39230141911845,1,1,1,1
915,56207,20230040724,2023,Uitsluitend materiele schade,3,bromfiets,fiets,Onbekend,Rechte weg,Binnen,30.0,Niet brandend,Klinkers,Droog,Daglicht,Droog,Europaboulevard,amsterdam,POINT (121081.72800000012 482973.86100000143),POINT (4.8895766205722495 52.33364704491398),4.8895766205722495,52.33364704491398,1,1,2,1
916,56305,20220210963,2022,Uitsluitend materiele schade,2,fiets,personenauto,Flank,Rechte weg,Binnen,Unknown,Niet brandend,ZOAB,Nat,Daglicht,Droog,De Ruijterkade,amsterdam,POINT (121497.99599999934 488399.33100000024),POINT (4.895143243124019 52.38243300405771),4.895143243124019,52.38243300405771,1,1,2,1
917,56307,20220211637,2022,Uitsluitend materiele schade,2,personenauto,fiets,Frontaal,"Kruispunt, 4 takken",Binnen,50.0,Niet brandend,Overig asfalt,Droog,Daglicht,Droog,Haarlemmer Houttuinen,amsterdam,POINT (121028.44299999997 488463.22100000083),POINT (4.888240465437097 52.38297834518287),4.888240465437097,52.38297834518287,1,1,2,1
918,56308,20220211642,2022,Uitsluitend materiele schade,3,fiets,vrachtauto,Onbekend,Rechte weg,Binnen,30.0,Niet brandend,Klinkers,Nat,Daglicht,Mist,Wilhelminastraat,amsterdam,POINT (118982.16800000146 485966.0309999995),POINT (4.858454189327172 52.36040502460227),4.858454189327172,52.36040502460227,1,1,2,1
919,56416,20220211081,2022,Uitsluitend materiele schade,2,fiets,trein/tram,Flank,Rotonde,Binnen,30.0,Brandend,Overig asfalt,Droog,Duisternis,Droog,Hugo de Grootplein,amsterdam,POINT (119983.78860000148 487538.499499999),POINT (4.872993854220249 52.37460199602877),4.872993854220249,52.37460199602877,1,1,2,1
920,56418,20220211777,2022,Uitsluitend materiele schade,2,personenauto,fiets,Flank,"Kruispunt, 4 takken",Binnen,50.0,Niet brandend,Overig asfalt,Nat,Daglicht,Droog,FIETSPAD,amsterdam,POINT (127261.3685999997 480920.34329999983),POINT (4.980407028161816 52.3155376458319),4.980407028161816,52.3155376458319,0,1,2,1
921,56480,20220211857,2022,Uitsluitend materiele schade,2,bromfiets,fiets,Flank,"Kruispunt, 4 takken",Binnen,30.0,Brandend,Overig asfalt,Nat,Duisternis,Mist,Hoofddorpweg,amsterdam,POINT (118411.62200000137 484931.08300000057),POINT (4.850191360259789 52.35106595950772),4.850191360259789,52.35106595950772,1,1,2,1
922,56542,20220210532,2022,Uitsluitend materiele schade,2,bromfiets,bestelauto,Flank,"Kruispunt, 4 takken",Binnen,50.0,Brandend,Overig asfalt,Nat,Duisternis,Regen,Van Woustraat,amsterdam,POINT (121923.39440000057 485263.5421999991),POINT (4.901699596797216 52.3542764993919),4.901699596797216,52.3542764993919,1,1,2,1
923,56569,20220211305,2022,Uitsluitend materiele schade,2,bromfiets,bestelauto,Flank,"Kruispunt, 4 takken",Binnen,50.0,Niet brandend,Overig asfalt,Nat,Daglicht,Regen,Linnaeusstraat,amsterdam,POINT (123604.33720000088 485745.85069999844),POINT (4.926326993055342 52.358709799135),4.926326993055342,52.358709799135,1,1,2,1
924,56648,20220210682,2022,Uitsluitend materiele schade,1,e-bike,unknown,Voetganger,Rechte weg,Binnen,50.0,Brandend,Klinkers,Nat,Duisternis,Droog,Prins Hendrikkade,amsterdam,POINT (122267.08199999854 487382.77800000086),POINT (4.906537844519559 52.373343336113784),4.906537844519559,52.37334333611378,1,1,2,1
925,56747,20220212193,2022,Uitsluitend materiele schade,2,bromfiets,fiets,Onbekend,Rechte weg,Binnen,30.0,Brandend,ZOAB,Nat,Duisternis,Droog,Heemstedestraat,amsterdam,POINT (117629.65399999917 484984.2280000001),POINT (4.838708899808194 52.3514909615705),4.838708899808194,52.3514909615705,1,1,2,1
926,57170,20230112012,2023,Uitsluitend materiele schade,2,bromfiets,unknown,Flank,Rotonde,Binnen,50.0,Brandend,Overig asfalt,Nat,Duisternis,Droog,Plesmanlaan,amsterdam,POINT (114846.0476000011 484606.0144999996),POINT (4.797900238866014 52.347895502355485),4.797900238866014,52.347895502355485,1,1,2,1
927,57173,20230111456,2023,Letsel,2,bromfiets,personenauto,Kop/staart,"Kruispunt, 4 takken",Binnen,30.0,Brandend,Overig asfalt,Nat,Duisternis,Droog,Warmondstraat,amsterdam,POINT (118357.27499999851 484992.4670000002),POINT (4.849387050260182 52.35161401312277),4.849387050260182,52.35161401312277,1,1,1,1
928,57302,20230020415,2023,Uitsluitend materiele schade,2,bestelauto,fiets,Los voorwerp,"Kruispunt, 4 takken",Binnen,30.0,Brandend,Unknown,Nat,Duisternis,Unknown,Javastraat,amsterdam,POINT (124234.35190000013 486301.86620000005),POINT (4.935524245329461 52.36374255109933),4.935524245329461,52.36374255109933,1,1,2,1
929,57303,20230020960,2023,Uitsluitend materiele schade,2,fiets,personenauto,Flank,Rechte weg,Binnen,30.0,Brandend,Klinkers,Nat,Duisternis,Droog,Burgemeester Eliasstraat,amsterdam,POINT (116823.45199999958 488149.0929999985),POINT (4.8265172141668575 52.3798788946296),4.8265172141668575,52.3798788946296,1,1,2,1
930,57329,20230023243,2023,Letsel,2,personenauto,bromfiets,Kop/staart,Rechte weg,Binnen,50.0,Niet brandend,Overig asfalt,Droog,Daglicht,Droog,Jan Evertsenstraat,amsterdam,POINT (117164.72700000182 487112.561999999),POINT (4.831645888639217 52.3705869935899),4.831645888639217,52.3705869935899,1,1,1,1
931,57340,20230067687,2023,Letsel,2,fiets,personenauto,Flank,"Kruispunt, 4 takken",Binnen,50.0,Niet brandend,Overig asfalt,Droog,Daglicht,Droog,Kastrupstraat,amsterdam,POINT (117463.56940000132 489366.85539999977),POINT (4.835781905038983 52.39086730905018),4.835781905038983,52.39086730905018,1,1,1,1
932,57343,20230077615,2023,Letsel,2,brommobiel,fiets,Frontaal,"Kruispunt, 3 takken",Binnen,50.0,Niet brandend,Overig asfalt,Droog,Daglicht,Droog,Linnaeusstraat,amsterdam,POINT (123422.82620000094 486242.9673999995),POINT (4.92361588416779 52.363167155452544),4.92361588416779,52.363167155452544,1,1,1,1
933,57360,20230078747,2023,Uitsluitend materiele schade,2,fiets,bus,Flank,"Kruispunt, 4 takken",Binnen,50.0,Niet brandend,Overig asfalt,Droog,Daglicht,Droog,Van Baerlestraat,amsterdam,POINT (120359 485701),POINT (4.87869291933363 52.358111660850895),4.87869291933363,52.358111660850895,1,1,2,1
934,57395,20230020547,2023,Letsel,1,fiets,unknown,Eenzijdig,Rechte weg,Binnen,30.0,Brandend,Klinkers,Droog,Duisternis,Droog,Stationsplein,amsterdam,POINT (131633.76700000092 480422.23000000045),POINT (5.044563150922939 52.31126392966444),5.044563150922939,52.31126392966444,-1,0,1,0
935,57400,20230024562,2023,Letsel,2,fiets,motor,Flank,Rechte weg,Binnen,50.0,Niet brandend,Overig asfalt,Droog,Daglicht,Droog,Burg Vening Meineszlaan,amsterdam,POINT (117606.82699999958 488396.43200000003),POINT (4.8379943577732085 52.382155697513845),4.8379943577732085,52.382155697513845,1,1,1,1
936,57428,20230024595,2023,Uitsluitend materiele schade,2,bromfiets,bromfiets,Flank,"Kruispunt, 4 takken",Binnen,50.0,Brandend,Klinkers,Droog,Daglicht,Droog,0024 BRUG,amsterdam,POINT (120956.86279999837 487270.6695000008),POINT (4.887309976743331 52.37225612216076),4.887309976743331,52.37225612216076,1,1,2,1
937,57446,20230079160,2023,Letsel,2,bromfiets,overig vast object,Vast voorwerp,Rechte weg,Binnen,30.0,Brandend,Klinkers,Droog,Duisternis,Droog,Buitenveldertselaan,amsterdam,POINT (119642.27600000054 482166.5949999988),POINT (4.8685434349466705 52.32630117761494),4.868543434946671,52.32630117761494,1,1,1,1
938,57466,20230036470,2023,Letsel,2,fiets,fiets,Flank,Rechte weg,Binnen,30.0,Niet brandend,Overig asfalt,Droog,Daglicht,Droog,Beethovenstraat,amsterdam,POINT (120221.20199999958 484344.2120000012),POINT (4.876810440731425 52.345909080048585),4.876810440731425,52.345909080048585,1,1,1,1
939,57486,20230024693,2023,Uitsluitend materiele schade,2,snorfiets,personenauto,Flank,"Kruispunt, 4 takken",Binnen,50.0,Brandend,Overig asfalt,Droog,Duisternis,Droog,Langsom,amsterdam,POINT (114468.01289999858 483844.9461000003),POINT (4.792444093741501 52.34102785935589),4.792444093741501,52.34102785935589,1,1,2,1
940,57517,20230036536,2023,Uitsluitend materiele schade,2,personenauto,fiets,Los voorwerp,Rechte weg,Binnen,30.0,Niet brandend,Overig asfalt,Nat,Daglicht,Regen,Louis Couperusstraat,amsterdam,POINT (116703.07899999991 487733.58300000057),POINT (4.824796774077301 52.37613623914714),4.824796774077301,52.37613623914714,1,1,2,1
941,57556,20230024197,2023,Uitsluitend materiele schade,2,personenauto,bromfiets,Flank,"Kruispunt, 3 takken",Binnen,50.0,Niet brandend,Overig asfalt,Droog,Daglicht,Droog,C.K. Eloutstraat,amsterdam,POINT (115827.1024999991 485338.6523000002),POINT (4.812212311798036 52.3545507013409),4.812212311798036,52.3545507013409,1,1,2,1
942,57593,20230077639,2023,Letsel,2,snorfiets,fiets,Flank,"Kruispunt, 4 takken",Binnen,50.0,Niet brandend,ZOAB,Droog,Daglicht,Droog,FIETSPAD,amsterdam,POINT (117743.06010000035 488682.6785000004),POINT (4.839963436873867 52.3847375174008),4.839963436873867,52.3847375174008,1,1,1,1
943,57758,20230088317,2023,Letsel,2,trein/tram,fiets,Flank,"Kruispunt, 4 takken",Binnen,50.0,Niet brandend,Overig asfalt,Nat,Daglicht,Regen,Stadhouderskade,amsterdam,POINT (121188.7826000005 485690.95380000025),POINT (4.890874250323576 52.35807306829237),4.890874250323576,52.35807306829237,1,1,1,1
944,58092,20210082455,2021,Uitsluitend materiele schade,2,snorfiets,e-bike,Flank,"Kruispunt, 3 takken",Binnen,50.0,Niet brandend,Beton,Nat,Daglicht,Regen,Parnassusweg,amsterdam,POINT (119559.02180000022 484407.3060000017),POINT (4.867086398479331 52.346433820754),4.867086398479331,52.346433820754,1,1,2,1
945,58115,20210087309,2021,Uitsluitend materiele schade,2,personenauto,fiets,Flank,Rechte weg,Binnen,30.0,Niet brandend,Overig asfalt,Nat,Daglicht,Unknown,Prins Hendrikkade,amsterdam,POINT (121807.83399999887 487749.23699999973),POINT (4.899758056604381 52.37660924400087),4.899758056604381,52.37660924400087,1,1,2,1
946,58118,20210085606,2021,Uitsluitend materiele schade,2,snorfiets,bromfiets,Flank,"Kruispunt, 4 takken",Binnen,50.0,Brandend,Overig asfalt,Droog,Duisternis,Droog,Abcouderpad,amsterdam,POINT (125456.57800000161 480373.1860000007),POINT (4.953987767055762 52.31052612267274),4.953987767055762,52.31052612267274,0,1,2,1
947,58129,20210080097,2021,Uitsluitend materiele schade,1,snorfiets,unknown,Eenzijdig,Rechte weg,Binnen,50.0,Niet brandend,Overig asfalt,Nat,Daglicht,Droog,Verbindingsdam,amsterdam,POINT (124463.45699999854 487574.22300000116),POINT (4.938772133937909 52.3751904444241),4.938772133937909,52.3751904444241,1,1,2,1
948,58159,20210087672,2021,Uitsluitend materiele schade,2,bromfiets,bestelauto,Flank,Rechte weg,Binnen,50.0,Niet brandend,Overig asfalt,Nat,Daglicht,Droog,Wijttenbachstraat,amsterdam,POINT (123483.45300000161 485865.96599999815),POINT (4.924541255845194 52.35978239569637),4.924541255845194,52.35978239569637,1,1,2,1
949,58238,20210002635,2021,Uitsluitend materiele schade,2,bestelauto,fiets,Flank,Rechte weg,Buiten,50.0,Brandend,ZOAB,Nat,Schemer,Unknown,Radarweg,amsterdam,POINT (117504.72100000083 490176.2529999986),POINT (4.836296008825978 52.398144327795364),4.836296008825978,52.39814432779536,1,1,2,1
950,58268,20210004782,2021,Uitsluitend materiele schade,3,personenauto,fiets,Onbekend,"Kruispunt, 4 takken",Binnen,30.0,Niet brandend,Overig asfalt,Droog,Daglicht,Droog,Waalstraat,amsterdam,POINT (121810.30620000139 484496.18569999933),POINT (4.900115412743161 52.34737318740205),4.900115412743161,52.34737318740205,1,1,2,1
951,58350,20210017918,2021,Uitsluitend materiele schade,2,motor,fiets,Flank,Rechte weg,Binnen,50.0,Brandend,Overig asfalt,Droog,Duisternis,Droog,Nassaukade,amsterdam,POINT (120096.5850000009 487069.70899999887),POINT (4.874698879671393 52.37039603031758),4.874698879671393,52.37039603031758,1,1,2,1
952,58434,20210032856,2021,Uitsluitend materiele schade,2,personenauto,snorfiets,Flank,Rechte weg,Binnen,50.0,Niet brandend,Overig asfalt,Droog,Daglicht,Droog,Meer en Vaart,amsterdam,POINT (115308.22700000182 486461.34800000116),POINT (4.80446397259183 52.36460336087987),4.80446397259183,52.36460336087987,1,1,2,1
953,58476,20210016187,2021,Uitsluitend materiele schade,2,personenauto,fiets,Flank,"Kruispunt, 3 takken",Binnen,30.0,Niet brandend,Klinkers,Droog,Daglicht,Droog,Slotermeerlaan,amsterdam,POINT (116285.58469999954 487515.9248000011),POINT (4.818691045003971 52.374150823043365),4.818691045003971,52.374150823043365,1,1,2,1
954,58598,20210073847,2021,Uitsluitend materiele schade,2,bromfiets,personenauto,Flank,"Kruispunt, 4 takken",Binnen,50.0,Brandend,Overig asfalt,Droog,Duisternis,Droog,Hobbemakade,amsterdam,POINT (120852.6363000013 485035.10990000144),POINT (4.886006559589672 52.352158001654814),4.886006559589672,52.352158001654814,1,1,2,1
955,58791,20210071663,2021,Uitsluitend materiele schade,1,fiets,unknown,Eenzijdig,Rechte weg,Binnen,15.0,Niet brandend,ZOAB,Nat,Daglicht,Unknown,Linnaeusstraat,amsterdam,POINT (123563.76999999955 485800.5210000016),POINT (4.925726389755068 52.35919882047307),4.925726389755068,52.35919882047307,1,1,2,1
956,58838,20210040618,2021,Uitsluitend materiele schade,1,bromfiets,unknown,Onbekend,Unknown,Unknown,30.0,Unknown,Unknown,Unknown,Daglicht,Unknown,Derde Oosterparkstraat,amsterdam,POINT (123177.01000000164 485594.94200000167),POINT (4.920068455871214 52.357328943397356),4.920068455871214,52.35732894339736,1,1,2,1
957,58902,20210052330,2021,Letsel,2,bromfiets,e-bike,Flank,Rechte weg,Binnen,30.0,Niet brandend,Beton,Droog,Daglicht,Droog,Spaarndammerdijk,amsterdam,POINT (119065.71599999815 489399.2030000016),POINT (4.859313523340443 52.39126526081661),4.859313523340443,52.39126526081661,1,1,1,1
958,58942,20210053534,2021,Uitsluitend materiele schade,2,personenauto,bromfiets,Flank,"Kruispunt, 4 takken",Binnen,50.0,Niet aanwezig,Overig asfalt,Droog,Daglicht,Droog,Cruquiusweg,amsterdam,POINT (124121.05490000173 486828.49920000136),POINT (4.933812581454311 52.36846922674253),4.933812581454311,52.36846922674253,1,1,2,1
959,58962,20210047571,2021,Uitsluitend materiele schade,2,bromfiets,personenauto,Flank,"Kruispunt, 4 takken",Binnen,50.0,Niet brandend,Overig asfalt,Nat,Daglicht,Regen,Zuideinde,amsterdam,POINT (121336 492661),POINT (4.89233652514385 52.420723723571555),4.89233652514385,52.42072372357156,-1,0,2,0
960,58980,20210065508,2021,Uitsluitend materiele schade,1,bromfiets,unknown,Onbekend,Unknown,Unknown,30.0,Unknown,Unknown,Unknown,Daglicht,Unknown,Ruiseveenpad,amsterdam,POINT (126910.37000000104 478879.8420000002),POINT (4.9754295692167645 52.297180845568455),4.9754295692167645,52.297180845568455,-1,0,2,0
961,58990,20210038296,2021,Uitsluitend materiele schade,2,bromfiets,bestelauto,Flank,"Kruispunt, 3 takken",Binnen,50.0,Niet brandend,ZOAB,Droog,Daglicht,Droog,Nieuwe Westerdokstraat,amsterdam,POINT (121268.68070000038 488277.9904999994),POINT (4.891787475475881 52.381328441999536),4.891787475475881,52.381328441999536,1,1,2,1
962,59038,20210043324,2021,Uitsluitend materiele schade,2,personenauto,fiets,Flank,"Kruispunt, 4 takken",Binnen,50.0,Brandend,Overig asfalt,Droog,Duisternis,Droog,Weteringlaan,amsterdam,POINT (121185.9849999994 485686.30999999866),POINT (4.890833651413056 52.358031160813745),4.890833651413056,52.35803116081375,1,1,2,1
963,59063,20210065585,2021,Uitsluitend materiele schade,2,bromfiets,vrachtauto,Kop/staart,Rechte weg,Binnen,50.0,Niet aanwezig,Overig asfalt,Nat,Daglicht,Regen,Haarlemmerweg,amsterdam,POINT (118566.52400000021 488707.3520000018),POINT (4.852055529743024 52.385014535646626),4.852055529743024,52.38501453564663,1,1,2,1
964,59074,20210068742,2021,Uitsluitend materiele schade,2,bromfiets,bestelauto,Kop/staart,Rechte weg,Binnen,50.0,Niet brandend,Overig asfalt,Droog,Daglicht,Droog,Ceintuurbaan,amsterdam,POINT (120986.11199999973 485052.77800000086),POINT (4.8879637906639015 52.3523250693587),4.8879637906639015,52.3523250693587,1,1,2,1
965,59658,20220081344,2022,Uitsluitend materiele schade,2,personenauto,fiets,Flank,Rechte weg,Binnen,50.0,Niet brandend,Overig asfalt,Droog,Daglicht,Droog,Eerste Van Swindenstraat,amsterdam,POINT (123573.45699999854 486148.48600000143),POINT (4.925836074137112 52.36232665706112),4.925836074137112,52.36232665706112,1,1,2,1
966,59734,20220080691,2022,Uitsluitend materiele schade,2,fiets,fiets,Frontaal,Rechte weg,Binnen,30.0,Niet brandend,ZOAB,Droog,Daglicht,Droog,Theophile de Bockstraat,amsterdam,POINT (118307.19900000095 485352.7529999986),POINT (4.8486128057271864 52.35484866078096),4.848612805727186,52.35484866078096,1,1,2,1
967,59749,20220055226,2022,Letsel,2,personenauto,bromfiets,Flank,"Kruispunt, 4 takken",Binnen,50.0,Brandend,Overig asfalt,Droog,Duisternis,Droog,Nassauplein,amsterdam,POINT (120559.13949999958 488712.85080000013),POINT (4.881322139333081 52.38519259041791),4.881322139333081,52.38519259041791,1,1,1,1
968,59950,20220054366,2022,Letsel,2,snorfiets,trein/tram,Flank,Rechte weg,Binnen,50.0,Niet aanwezig,Overig asfalt,Nat,Daglicht,Droog,Overtoom,amsterdam,POINT (118981.67399999872 485768.94900000095),POINT (4.8584680436223815 52.35863376198994),4.8584680436223815,52.35863376198994,1,1,1,1
969,60012,20220102032,2022,Uitsluitend materiele schade,2,bromfiets,bestelauto,Flank,Rechte weg,Binnen,30.0,Niet brandend,Overig asfalt,Droog,Daglicht,Droog,President Allendelaan,amsterdam,POINT (115376.24599999934 486648.55099999905),POINT (4.805440491418929 52.36629070278436),4.805440491418929,52.36629070278436,1,1,2,1
970,60013,20220102158,2022,Uitsluitend materiele schade,2,personenauto,fiets,Onbekend,Rechte weg,Binnen,50.0,Niet brandend,Overig asfalt,Droog,Daglicht,Droog,Prinses Irenelaan,amsterdam,POINT (131021.66000000015 480006.34600000083),POINT (5.035616981812163 52.307499820654456),5.035616981812163,52.307499820654456,-1,0,2,0
971,60109,20220015460,2022,Uitsluitend materiele schade,2,fiets,bromfiets,Frontaal,"Kruispunt, 4 takken",Binnen,50.0,Brandend,Overig asfalt,Nat,Duisternis,Droog,Haarlemmermeerstraat,amsterdam,POINT (118425.34540000185 485352.3557999991),POINT (4.850346975414561 52.3548529687905),4.850346975414561,52.3548529687905,1,1,2,1
972,60558,20230004110,2023,Uitsluitend materiele schade,2,personenauto,fiets,Flank,Rechte weg,Binnen,50.0,Brandend,Klinkers,Droog,Duisternis,Droog,Herengracht,amsterdam,POINT (121608.10799999908 486436.6279999986),POINT (4.896955459697514 52.364800324958004),4.896955459697514,52.364800324958,1,1,2,1
973,60602,20230078198,2023,Letsel,1,fiets,unknown,Eenzijdig,Unknown,Unknown,Unknown,Unknown,Unknown,Unknown,Daglicht,Unknown,Kloveniersburgwal,amsterdam,POINT (121549.05000000075 486848.0399999991),POINT (4.896047487115438 52.36849421667335),4.896047487115438,52.36849421667335,1,1,1,1
974,60954,20210028963,2021,Letsel,2,personenauto,bromfiets,Onbekend,"Kruispunt, 4 takken",Binnen,50.0,Niet brandend,Overig asfalt,Droog,Daglicht,Droog,Middenweg,amsterdam,POINT (124536.9849999994 484519.09600000083),POINT (4.940128599771751 52.34773700082473),4.940128599771751,52.34773700082473,1,1,1,1
975,61086,20220177327,2022,Uitsluitend materiele schade,2,snorfiets,bromfiets,Frontaal,Rechte weg,Binnen,Unknown,Brandend,Overig asfalt,Droog,Duisternis,Droog,Brinkiepad,amsterdam,POINT (127031.06899999827 479207.9140000008),POINT (4.977171695196132 52.300135541747),4.977171695196132,52.300135541747,-1,0,2,0
976,61116,20220176093,2022,Uitsluitend materiele schade,2,personenauto,fiets,Frontaal,Rechte weg,Binnen,50.0,Niet brandend,ZOAB,Droog,Daglicht,Droog,Burg Van de Pollstraat,amsterdam,POINT (117270.40900000185 487685.19999999925),POINT (4.833133327056248 52.37574068838552),4.833133327056248,52.37574068838552,1,1,2,1
977,61142,20220177830,2022,Letsel,2,bromfiets,fiets,Frontaal,Rechte weg,Binnen,Unknown,Brandend,ZOAB,Droog,Duisternis,Droog,Abcouderpad,amsterdam,POINT (124976.17000000179 481393.31599999964),POINT (4.9468525473659515 52.31966848234348),4.946852547365952,52.31966848234348,0,1,1,1
978,61143,20220178112,2022,Uitsluitend materiele schade,2,personenauto,fiets,Flank,Rechte weg,Binnen,50.0,Niet brandend,Beton,Nat,Daglicht,Unknown,Beethovenstraat,amsterdam,POINT (120239.80700000003 484063.875),POINT (4.877112417423186 52.34339077776129),4.877112417423186,52.34339077776129,1,1,2,1
979,61188,20220123411,2022,Uitsluitend materiele schade,2,personenauto,fiets,Frontaal,"Kruispunt, 4 takken",Binnen,30.0,Niet brandend,Overig asfalt,Droog,Daglicht,Droog,Emmy Andriessestraat,amsterdam,POINT (129181.79089999944 484537.9956),POINT (5.008292827927852 52.34814469438117),5.008292827927852,52.34814469438117,-1,0,2,0
980,61214,20220178199,2022,Letsel,2,fiets,bromfiets,Flank,"Kruispunt, 4 takken",Binnen,Unknown,Niet brandend,Beton,Droog,Daglicht,Droog,Hoofdweg,amsterdam,POINT (118331.56920000166 487340.02969999984),POINT (4.848753792973835 52.37271045291626),4.848753792973835,52.37271045291626,1,1,1,1
981,61336,20220142510,2022,Uitsluitend materiele schade,2,bromfiets,motor,Flank,Rechte weg,Binnen,50.0,Niet brandend,Overig asfalt,Droog,Daglicht,Droog,Stadhouderskade,amsterdam,POINT (121031.36499999836 485777.8200000003),POINT (4.888554757809845 52.35884405111401),4.888554757809845,52.35884405111401,1,1,2,1
982,61369,20220142583,2022,Letsel,2,personenauto,fiets,Flank,"Kruispunt, 4 takken",Binnen,30.0,Niet brandend,Overig asfalt,Droog,Daglicht,Droog,Tasmanstraat,amsterdam,POINT (120771.46920000017 489351.5480000004),POINT (4.884375717886675 52.39094600446237),4.884375717886675,52.39094600446237,1,1,1,1
983,61449,20220155461,2022,Letsel,3,fiets,fiets,Onbekend,Rechte weg,Binnen,Unknown,Niet aanwezig,ZOAB,Droog,Daglicht,Unknown,Vondelpark,amsterdam,POINT (119699.30999999866 485568.6550000012),POINT (4.869023288430105 52.35688024429024),4.869023288430105,52.35688024429024,1,1,1,1
984,61553,20220141663,2022,Uitsluitend materiele schade,2,personenauto,fiets,Onbekend,Unknown,Unknown,30.0,Unknown,Unknown,Unknown,Daglicht,Unknown,Jan Tooropstraat,amsterdam,POINT (131117.29899999872 480377.72100000083),POINT (5.036992983627786 52.31084172739218),5.036992983627786,52.31084172739218,-1,0,2,0
985,61622,20220124233,2022,Uitsluitend materiele schade,1,bromfiets,unknown,Onbekend,"Kruispunt, 4 takken",Binnen,50.0,Niet brandend,Beton,Nat,Daglicht,Regen,Van Heenvlietlaan,amsterdam,POINT (120599 482277),POINT (4.88256576991503 52.32735411335156),4.88256576991503,52.32735411335156,1,1,2,1
986,61721,20230059984,2023,Uitsluitend materiele schade,2,personenauto,bromfiets,Flank,Rechte weg,Buiten,100.0,Brandend,ZOAB,Droog,Duisternis,Droog,Ringweg-Zuid,amsterdam,POINT (119487.93019999936 483590.4998999983),POINT (4.8661292966701 52.339088338128995),4.8661292966701,52.339088338129,1,1,2,1
987,61748,20230060035,2023,Letsel,2,fiets,personenauto,Flank,Rechte weg,Binnen,50.0,Niet brandend,Klinkers,Droog,Daglicht,Droog,Amstel,amsterdam,POINT (121915.86199999973 486326.3759999983),POINT (4.901484494572293 52.36382807859273),4.901484494572293,52.36382807859273,1,1,1,1
988,61774,20230059620,2023,Uitsluitend materiele schade,2,fiets,fiets,Flank,"Kruispunt, 4 takken",Binnen,Unknown,Niet brandend,Klinkers,Droog,Daglicht,Droog,Sarphatistraat,amsterdam,POINT (122350.29199999943 486026.3500000015),POINT (4.907891427006411 52.361157641612415),4.907891427006411,52.361157641612415,1,1,2,1
989,61812,20230040391,2023,Uitsluitend materiele schade,2,personenauto,fiets,Kop/staart,Rechte weg,Binnen,50.0,Brandend,Beton,Droog,Daglicht,Droog,Purmerplein,amsterdam,POINT (124819.22300000116 489311.7989999987),POINT (4.943840338381557 52.39082627355909),4.943840338381557,52.39082627355909,1,1,2,1
990,61828,20230058315,2023,Uitsluitend materiele schade,2,bromfiets,fiets,Flank,Rechte weg,Binnen,30.0,Niet brandend,Beton,Droog,Daglicht,Droog,Meer en Vaart,amsterdam,POINT (115338.91000000015 486365.1479999982),POINT (4.804925774334418 52.36374100864167),4.804925774334418,52.36374100864167,1,1,2,1
991,61831,20230059700,2023,Letsel,2,bromfiets,fiets,Frontaal,Rechte weg,Binnen,30.0,Niet brandend,ZOAB,Droog,Daglicht,Droog/Harde windstoten,Piet Heinkade,amsterdam,POINT (123007.36300000176 487766.6229999997),POINT (4.917371604479668 52.376836698636424),4.917371604479668,52.37683669863642,1,1,1,1
992,61874,20230049812,2023,Uitsluitend materiele schade,2,bestelauto,fiets,Frontaal,Rotonde,Binnen,50.0,Niet brandend,Overig asfalt,Nat,Daglicht,Regen,Spaklerweg,amsterdam,POINT (123057.35929999873 484104.2441000007),POINT (4.918453644018363 52.3439245640915),4.918453644018363,52.3439245640915,1,1,2,1
993,61883,20230059788,2023,Letsel,2,bromfiets,personenauto,Geparkeerd voertuig,Rechte weg,Binnen,30.0,Niet brandend,Overig asfalt,Nat,Daglicht,Droog,Van Woustraat,amsterdam,POINT (121934.88199999928 485241.7199999988),POINT (4.901870352887828 52.35408106743031),4.901870352887828,52.35408106743031,1,1,1,1
994,61893,20230039356,2023,Uitsluitend materiele schade,2,personenauto,fiets,Flank,"Kruispunt, 4 takken",Binnen,50.0,Unknown,Klinkers,Droog,Schemer,Droog,Spaarndammerstraat,amsterdam,POINT (120363 489331),POINT (4.878377512592565 52.39073570866182),4.878377512592565,52.39073570866182,1,1,2,1