,Unnamed: 0,accident_id,accident_year,outcome,num_parties,party1_type,party2_type,accident_nature,road_situation,built_up_area,speed_limit_kmh,street_lighting,road_surface,road_condition,light_condition,weather_condition,street_name,municipality,shape,geometry,longitude,latitude,cluster,future_hotspot_spatial,outcome_encoded,future_hotspot_pred
995,61931,20230066263,2023,Letsel,2,bromfiets,personenauto,Flank,"Kruispunt, 4 takken",Binnen,30.0,Niet brandend,Overig asfalt,Nat,Daglicht,Droog,FIETSPAD,amsterdam,POINT (126691 478697),POINT (4.97222917623273 52.295526312362014),4.97222917623273,52.295526312362014,-1,0,1,0
996,62026,20220210870,2022,Uitsluitend materiele schade,2,bromfiets,bestelauto,Kop/staart,Rechte weg,Binnen,30.0,Niet brandend,Overig asfalt,Droog,Schemer,Droog,Sloterkade,amsterdam,POINT (118512.72899999842 484814.1490000002),POINT (4.851687939962919 52.350021763695864),4.851687939962919,52.35002176369586,1,1,2,1
997,62225,20220211154,2022,Uitsluitend materiele schade,1,e-bike,unknown,Voetganger,Rechte weg,Binnen,50.0,Niet brandend,Beton,Droog,Daglicht,Droog,Tussen Meer,amsterdam,POINT (115108.33100000024 485777.4079999998),POINT (4.801610450409611 52.358442172349946),4.801610450409611,52.358442172349946,1,1,2,1
998,62254,20220210483,2022,Uitsluitend materiele schade,2,fiets,motor,Flank,Rechte weg,Binnen,50.0,Niet brandend,ZOAB,Droog,Daglicht,Droog,Jan Evertsenstraat,amsterdam,POINT (118997.0700000003 487192.45600000024),POINT (4.858541616687803 52.37142820677431),4.858541616687803,52.37142820677431,1,1,2,1
999,62324,20220211928,2022,Letsel,2,snorfiets,personenauto,Frontaal,"Kruispunt, 4 takken",Binnen,50.0,Niet brandend,ZOAB,Droog,Daglicht,Droog,Nassauplein,amsterdam,POINT (120588.66149999946 488694.54850000143),POINT (4.881757630082881 52.38502995441208),4.881757630082881,52.38502995441208,1,1,1,1
1000,62351,20220211967,2022,Uitsluitend materiele schade,2,personenauto,bromfiets,Onbekend,"Kruispunt, 3 takken",Binnen,50.0,Brandend,Overig asfalt,Nat,Duisternis,Droog,Laan van Vlaanderen,amsterdam,POINT (115287.26909999922 484780.5945000015),POINT (4.80435473013034 52.34949655647924),4.80435473013034,52.34949655647924,1,1,2,1
1001,62394,20220210643,2022,Uitsluitend materiele schade,2,personenauto,fiets,Flank,"Kruispunt, 4 takken",Binnen,30.0,Niet brandend,ZOAB,Droog,Daglicht,Droog,Osdorperweg,amsterdam,POINT (114090.12550000101 486272.1688000001),POINT (4.78660418988145 52.362813795446094),4.78660418988145,52.362813795446094,1,1,2,1
1002,62506,20220211447,2022,Letsel,2,bromfiets,fiets,Onbekend,Unknown,Unknown,30.0,Unknown,Unknown,Unknown,Daglicht,Unknown,Sarphatistraat,amsterdam,POINT (122019.67199999839 485902.38800000027),POINT (4.903050093448804 52.36002380496634),4.903050093448804,52.36002380496634,1,1,1,1
1003,62508,20220212147,2022,Letsel,3,fiets,fiets,Onbekend,Bocht,Binnen,50.0,Niet aanwezig,Klinkers,Nat,Daglicht,Droog,Amstelveenseweg,amsterdam,POINT (118908.4990000017 483155.7039999999),POINT (4.857674149056168 52.33514295027657),4.857674149056168,52.33514295027657,1,1,1,1
1004,62563,20220210808,2022,Uitsluitend materiele schade,2,personenauto,fiets,Flank,"Kruispunt, 3 takken",Binnen,Unknown,Niet brandend,Overig asfalt,Nat,Daglicht,Droog,Hemweg,amsterdam,POINT (116831.4162000008 492316.18279999867),POINT (4.826160302326346 52.417329771147095),4.826160302326346,52.417329771147095,-1,0,2,0
1005,63170,20230020484,2023,Uitsluitend materiele schade,2,personenauto,bromfiets,Geparkeerd voertuig,Rechte weg,Binnen,30.0,Brandend,Overig asfalt,Nat,Duisternis,Droog,Sarphatistraat,amsterdam,POINT (121915.08999999985 485883.07499999925),POINT (4.901516772908468 52.35984394421563),4.901516772908468,52.35984394421563,1,1,2,1
1006,63173,20230023276,2023,Uitsluitend materiele schade,2,bromfiets,personenauto,Flank,"Kruispunt, 3 takken",Binnen,50.0,Niet brandend,Overig asfalt,Droog,Daglicht,Droog,Johan Huizingalaan,amsterdam,POINT (116863.39770000055 486172.6152999997),POINT (4.827328109126281 52.362118637429326),4.827328109126281,52.362118637429326,1,1,2,1
1007,63195,20230078399,2023,Uitsluitend materiele schade,2,fiets,snorfiets,Flank,Rechte weg,Binnen,30.0,Niet brandend,Beton,Droog,Daglicht,Droog,Havenstraat,amsterdam,POINT (118759.73699999973 484710.5529999994),POINT (4.855324233164414 52.34910706271113),4.855324233164414,52.34910706271113,1,1,2,1
1008,63254,20230079024,2023,Letsel,3,fiets,voetganger,Voetganger,Rechte weg,Binnen,50.0,Niet brandend,Unknown,Droog,Daglicht,Droog,Leidseplein,amsterdam,POINT (120572.01000000164 486290.31799999997),POINT (4.881759347085465 52.36342142875128),4.881759347085465,52.36342142875128,1,1,1,1
1009,63261,20230020573,2023,Uitsluitend materiele schade,1,fiets,unknown,Flank,"Kruispunt, 4 takken",Binnen,30.0,Niet brandend,Overig asfalt,Droog,Duisternis,Droog,Wachterliedplantsoen,amsterdam,POINT (118597.02189999819 487867.47509999946),POINT (4.852594483827119 52.37746839307225),4.852594483827119,52.37746839307225,1,1,2,1
1010,63301,20230078595,2023,Uitsluitend materiele schade,2,bus,fiets,Onbekend,"Kruispunt, 4 takken",Binnen,50.0,Niet brandend,Beton,Droog,Daglicht,Droog,Hobbemastraat,amsterdam,POINT (120605.58100000024 486097.1229999997),POINT (4.882271951793516 52.3616872309657),4.882271951793516,52.3616872309657,1,1,2,1
1011,63319,20230023436,2023,Uitsluitend materiele schade,2,fiets,personenauto,Flank,"Kruispunt, 3 takken",Binnen,30.0,Niet brandend,Overig asfalt,Droog,Daglicht,Droog,Cruquiusweg,amsterdam,POINT (124944.31089999899 486833.08520000055),POINT (4.945899588801184 52.368556111223164),4.945899588801184,52.36855611122317,1,1,2,1
1012,63343,20230022906,2023,Uitsluitend materiele schade,1,fiets,unknown,Voetganger,Rechte weg,Binnen,30.0,Niet brandend,Overig asfalt,Droog,Daglicht,Droog,Ooster Ringdijk,amsterdam,POINT (126135.96570000052 485432.10440000147),POINT (4.96351631219223 52.356028880251436),4.96351631219223,52.35602888025144,1,1,2,1
1013,63374,20230024146,2023,Uitsluitend materiele schade,2,personenauto,fiets,Flank,Rechte weg,Binnen,50.0,Niet brandend,Overig asfalt,Droog,Daglicht,Droog,Admiraal De Ruijterweg,amsterdam,POINT (118192.39699999988 488661.81799999997),POINT (4.846565432375951 52.38458035286413),4.846565432375951,52.38458035286413,1,1,2,1
1014,63400,20230066678,2023,Letsel,2,bromfiets,personenauto,Flank,Rechte weg,Binnen,30.0,Niet brandend,Klinkers,Droog,Daglicht,Droog,Rokin,amsterdam,POINT (121331.27100000158 487268.1570000015),POINT (4.892807895166933 52.37225662451333),4.892807895166933,52.37225662451333,1,1,1,1
1015,63429,20230078312,2023,Letsel,2,scootmobiel,fiets,Kop/staart,Rechte weg,Binnen,50.0,Niet brandend,Overig asfalt,Nat,Daglicht,Regen,Klaprozenweg,amsterdam,POINT (122010.2899999991 490374.2650000006),POINT (4.90247327632831 52.400213286895024),4.90247327632831,52.400213286895024,1,1,1,1
1016,63436,20230097451,2023,Uitsluitend materiele schade,3,bromfiets,fiets,Onbekend,Rechte weg,Binnen,Unknown,Brandend,Overig asfalt,Nat,Duisternis,Droog,Meer en Vaart,amsterdam,POINT (115411.45499999821 486231.8979999982),POINT (4.806006468545521 52.362548697260266),4.806006468545521,52.362548697260266,1,1,2,1
1017,63493,20230086985,2023,Letsel,2,snorfiets,bestelauto,Flank,Rotonde,Binnen,50.0,Niet brandend,Overig asfalt,Droog,Schemer,Droog,Louis Davidsstraat,amsterdam,POINT (115749.59340000153 484933.36030000076),POINT (4.811121947351509 52.35090271724426),4.811121947351509,52.35090271724426,1,1,1,1
1018,63722,20230086804,2023,Uitsluitend materiele schade,2,bromfiets,personenauto,Kop/staart,Rotonde,Binnen,50.0,Niet brandend,ZOAB,Droog,Daglicht,Droog,Vlaardingenlaan,amsterdam,POINT (117680.24689999968 484495.74920000136),POINT (4.839505608341718 52.34710430876716),4.839505608341718,52.34710430876716,1,1,2,1
1019,63809,20210087324,2021,Letsel,2,bestelauto,snorfiets,Onbekend,Rechte weg,Binnen,50.0,Niet brandend,ZOAB,Droog,Daglicht,Droog,L. van Sonsbeeckstraat,amsterdam,POINT (114971.47899999842 485861.4299999997),POINT (4.799591618746789 52.35918734033244),4.799591618746789,52.35918734033244,1,1,1,1
1020,63824,20210079151,2021,Uitsluitend materiele schade,2,bromfiets,overig wegmeubilair,Vast voorwerp,Rechte weg,Binnen,50.0,Brandend,ZOAB,Nat,Duisternis,Droog,Kamerlingh Onneslaan,amsterdam,POINT (123625.30700000003 484919.7509999983),POINT (4.926711854703516 52.35128654277131),4.926711854703516,52.35128654277131,1,1,2,1
1021,63848,20210077477,2021,Letsel,2,fiets,fiets,Onbekend,Unknown,Unknown,Unknown,Unknown,Unknown,Unknown,Daglicht,Unknown,Ceintuurbaan,amsterdam,POINT (121892.76089999825 485313.4937000014),POINT (4.901245052327899 52.35472358513887),4.901245052327899,52.35472358513887,1,1,1,1
1022,63857,20210083078,2021,Uitsluitend materiele schade,2,personenauto,snorfiets,Flank,"Kruispunt, 4 takken",Binnen,50.0,Niet brandend,Klinkers,Droog,Daglicht,Droog,Prins Hendrikkade,amsterdam,POINT (121464 488094),POINT (4.894674422645929 52.379686834014635),4.894674422645929,52.37968683401464,1,1,2,1
1023,63858,20210089608,2021,Uitsluitend materiele schade,2,snorfiets,personenauto,Onbekend,Rotonde,Binnen,50.0,Brandend,ZOAB,Droog,Duisternis,Droog,Burgemeester Röellstraat,amsterdam,POINT (116354 487686),POINT (4.819676103839794 52.3756841423132),4.819676103839794,52.3756841423132,1,1,2,1
1024,63884,20210087367,2021,Letsel,2,personenauto,fiets,Flank,"Kruispunt, 4 takken",Binnen,50.0,Brandend,Overig asfalt,Nat,Duisternis,Regen,Admiralengracht,amsterdam,POINT (118881.42300000042 487170.5170000009),POINT (4.8568458971599675 52.37122344132792),4.856845897159968,52.37122344132792,1,1,1,1
1025,63922,20210082456,2021,Uitsluitend materiele schade,2,brommobiel,fiets,Onbekend,"Kruispunt, 4 takken",Binnen,50.0,Niet brandend,Overig asfalt,Droog,Daglicht,Droog,Stadionweg,amsterdam,POINT (120660.4792000018 484660.2199999988),POINT (4.883224537588071 52.348776770629776),4.883224537588071,52.348776770629776,1,1,2,1
1026,63961,20210084843,2021,Uitsluitend materiele schade,2,motor,fiets,Flank,Rechte weg,Binnen,30.0,Niet brandend,Overig asfalt,Droog,Daglicht,Droog,Mauritskade,amsterdam,POINT (123478.38399999961 486404.1970000006),POINT (4.92441639593386 52.36461937169924),4.92441639593386,52.36461937169924,1,1,2,1
1027,63966,20210087395,2021,Uitsluitend materiele schade,1,fiets,unknown,Eenzijdig,Bocht,Binnen,30.0,Brandend,Overig asfalt,Droog,Schemer,Droog,Rozenburglaan,amsterdam,POINT (124437.1950000003 483597.2190000005),POINT (4.938747822317208 52.33944619086022),4.938747822317208,52.33944619086022,1,1,2,1
1028,64091,20210019082,2021,Uitsluitend materiele schade,2,personenauto,e-bike,Flank,Rechte weg,Binnen,50.0,Niet brandend,Overig asfalt,Droog,Daglicht,Unknown,Raadhuisstraat,amsterdam,POINT (120875.23600000143 487435.26199999824),POINT (4.88609468955041 52.3737302951456),4.88609468955041,52.3737302951456,1,1,2,1
1029,64167,20210014714,2021,Uitsluitend materiele schade,2,personenauto,bromfiets,Flank,"Kruispunt, 4 takken",Binnen,50.0,Niet brandend,Overig asfalt,Droog,Daglicht,Droog,Velserweg,amsterdam,POINT (118107.78390000015 488846.26520000026),POINT (4.845302408511265 52.38623233901139),4.845302408511265,52.38623233901139,1,1,2,1
1030,64180,20210031869,2021,Uitsluitend materiele schade,2,bromfiets,fiets,Flank,"Kruispunt, 4 takken",Binnen,30.0,Niet brandend,Klinkers,Droog,Daglicht,Droog,Majanggracht,amsterdam,POINT (123866.86600000039 487962.26099999994),POINT (4.929975449697094 52.378644366438216),4.929975449697094,52.378644366438216,1,1,2,1
1031,64206,20210026720,2021,Uitsluitend materiele schade,2,personenauto,fiets,Flank,"Kruispunt, 4 takken",Binnen,30.0,Niet brandend,Klinkers,Droog,Daglicht,Droog,Langsom,amsterdam,POINT (114468.01289999858 483844.9461000003),POINT (4.792444093741501 52.34102785935589),4.792444093741501,52.34102785935589,1,1,2,1
1032,64297,20210003741,2021,Uitsluitend materiele schade,2,personenauto,fiets,Onbekend,"Kruispunt, 3 takken",Binnen,30.0,Niet brandend,Unknown,Droog,Daglicht,Droog,Amsteldijk,amsterdam,POINT (122546.94999999925 484542.7756999992),POINT (4.910921472879118 52.34783590357192),4.910921472879118,52.34783590357192,1,1,2,1
1033,64436,20210073851,2021,Uitsluitend materiele schade,2,e-bike,personenauto,Onbekend,Bocht,Binnen,30.0,Niet brandend,Klinkers,Nat,Daglicht,Regen,Jekerstraat,amsterdam,POINT (121705.63300000131 484343.4629999995),POINT (4.898594400334061 52.34599428432054),4.898594400334061,52.34599428432054,1,1,2,1
1034,64503,20210054760,2021,Uitsluitend materiele schade,3,snorfiets,fiets,Kop/staart,Rechte weg,Binnen,Unknown,Niet brandend,Overig asfalt,Droog,Daglicht,Droog,Julianaplein,amsterdam,POINT (123093.0549999997 484504.4670000002),POINT (4.918939513178438 52.34752358775505),4.918939513178438,52.34752358775505,1,1,2,1
1035,64517,20210039197,2021,Uitsluitend materiele schade,1,bromfiets,unknown,Onbekend,Unknown,Unknown,30.0,Unknown,Unknown,Unknown,Daglicht,Unknown,Radioweg,amsterdam,POINT (124930.64499999955 484682.98099999875),POINT (4.945891151171833 52.34923157937344),4.945891151171833,52.34923157937344,1,1,2,1
1036,64537,20210081690,2021,Letsel,3,e-bike,unknown,Eenzijdig,Rechte weg,Binnen,30.0,Brandend,Overig asfalt,Nat,Duisternis,Droog,De Ruijterkade,amsterdam,POINT (122208.43899999931 487925.36400000006),POINT (4.905623786185553 52.378216219978526),4.905623786185553,52.378216219978526,1,1,1,1
1037,64694,20210071679,2021,Letsel,2,fiets,fiets,Frontaal,Rechte weg,Binnen,15.0,Niet brandend,Overig asfalt,Nat,Daglicht,Droog,Th. K. van Lohuizenlaan,amsterdam,POINT (124960.14999999851 486610.6000000015),POINT (4.946152024931442 52.36655742417337),4.946152024931442,52.36655742417337,1,1,1,1
1038,64696,20210035029,2021,Letsel,2,bromfiets,voetganger,Voetganger,Rechte weg,Binnen,30.0,Niet brandend,Klinkers,Droog,Daglicht,Droog,Wigbolt Ripperdastraat,amsterdam,POINT (115348.54199999943 488363.9210000001),POINT (4.804831365040822 52.381705047367454),4.804831365040822,52.381705047367454,1,1,1,1
1039,64766,20210064156,2021,Uitsluitend materiele schade,2,bestelauto,snorfiets,Kop/staart,"Kruispunt, 4 takken",Binnen,50.0,Niet brandend,Klinkers,Droog,Daglicht,Droog,Spiegelgracht,amsterdam,POINT (120913.81500000134 486110.4340999983),POINT (4.886795510991387 52.361826074930775),4.886795510991387,52.361826074930775,1,1,2,1
1040,64772,20210045065,2021,Uitsluitend materiele schade,2,bestelauto,snorfiets,Flank,"Kruispunt, 3 takken",Binnen,50.0,Niet brandend,Overig asfalt,Droog,Daglicht,Droog,Wibautstraat,amsterdam,POINT (122963.8953000009 484758.3203999996),POINT (4.917019867368656 52.34979754553004),4.917019867368656,52.34979754553004,1,1,2,1
1041,64823,20210065514,2021,Uitsluitend materiele schade,2,personenauto,fiets,Flank,"Kruispunt, 4 takken",Binnen,50.0,Niet brandend,Overig asfalt,Droog,Daglicht,Unknown,Jan Rebelstraat,amsterdam,POINT (113884.10399999842 486150.9210000001),POINT (4.783594562621035 52.36170873687493),4.783594562621035,52.36170873687493,1,1,2,1
1042,64885,20210069660,2021,Letsel,1,bromfiets,unknown,Eenzijdig,Unknown,Unknown,30.0,Unknown,Unknown,Unknown,Duisternis,Unknown,De Rijpstraat,amsterdam,POINT (118988.17199999839 487833.83999999985),POINT (4.85834223703811 52.37719190071402),4.85834223703811,52.37719190071402,1,1,1,1
1043,65368,20230004452,2023,Uitsluitend materiele schade,2,bestelauto,bromfiets,Onbekend,Unknown,Unknown,50.0,Unknown,Unknown,Unknown,Daglicht,Unknown,Molukkenstraat,amsterdam,POINT (124508.87900000066 486210.01199999824),POINT (4.939562873126265 52.36293233190786),4.939562873126265,52.36293233190786,1,1,2,1
1044,65470,20220016389,2022,Uitsluitend materiele schade,2,fiets,fiets,Flank,Rechte weg,Binnen,50.0,Niet brandend,Klinkers,Nat,Daglicht,Regen,Stationsweg,amsterdam,POINT (131582.10500000045 480292.625500001),POINT (5.043814595514578 52.310096907353525),5.043814595514578,52.310096907353525,-1,0,2,0
1045,65554,20220080893,2022,Uitsluitend materiele schade,2,bestelauto,fiets,Frontaal,"Kruispunt, 4 takken",Binnen,50.0,Niet brandend,Overig asfalt,Droog,Daglicht,Droog,Keienbergweg,amsterdam,POINT (124238.15300000086 479944.29399999976),POINT (4.936160772631954 52.306604698517496),4.936160772631954,52.306604698517496,0,1,2,1
1046,65579,20220055333,2022,Uitsluitend materiele schade,2,personenauto,bromfiets,Flank,Rechte weg,Binnen,50.0,Niet aanwezig,Overig asfalt,Droog,Daglicht,Droog,Burg Hogguerstraat,amsterdam,POINT (117084.41600000113 487338.4750000015),POINT (4.830441202137175 52.37261178428697),4.830441202137175,52.37261178428697,1,1,2,1
1047,65620,20220055345,2022,Uitsluitend materiele schade,2,personenauto,snorfiets,Flank,"Kruispunt, 4 takken",Binnen,30.0,Niet brandend,Overig asfalt,Nat,Daglicht,Unknown,Tussen Meer,amsterdam,POINT (114599.40680000186 485614.0471000001),POINT (4.794159649077016 52.35693682314924),4.794159649077016,52.35693682314924,1,1,2,1
1048,65653,20220055415,2022,Letsel,1,fiets,unknown,Eenzijdig,Rotonde,Binnen,50.0,Niet brandend,ZOAB,Nat,Daglicht,Regen,Mauritskade,amsterdam,POINT (123411.71689999849 486248.6097000018),POINT (4.9234522622704775 52.3632172259877),4.9234522622704775,52.3632172259877,1,1,1,1
1049,65710,20220036089,2022,Uitsluitend materiele schade,2,bromfiets,personenauto,Onbekend,"Kruispunt, 4 takken",Binnen,50.0,Niet brandend,Overig asfalt,Droog,Daglicht,Droog,Johan Huizingalaan,amsterdam,POINT (116846.34299999848 485519.4160999991),POINT (4.827151843685751 52.356246996347956),4.827151843685751,52.35624699634796,1,1,2,1
1050,65715,20220054237,2022,Uitsluitend materiele schade,1,bromfiets,unknown,Frontaal,Rechte weg,Binnen,50.0,Brandend,Overig asfalt,Droog,Duisternis,Droog,Stadhouderskade,amsterdam,POINT (120518.30299999937 486144.54100000113),POINT (4.880985840147014 52.36210791891622),4.880985840147014,52.36210791891622,1,1,2,1
1051,65721,20220055577,2022,Letsel,2,bromfiets,fiets,Flank,Rechte weg,Binnen,50.0,Brandend,Overig asfalt,Nat,Schemer,Regen,Scheldeplein,amsterdam,POINT (121199.96599999815 484158.6160000004),POINT (4.891192336453878 52.34430213448922),4.891192336453878,52.34430213448922,1,1,1,1
1052,65762,20220081286,2022,Uitsluitend materiele schade,2,personenauto,bromfiets,Onbekend,Rechte weg,Binnen,50.0,Niet brandend,Overig asfalt,Droog,Daglicht,Droog,Schalk Burgerstraat,amsterdam,POINT (123235.23800000176 485097.8280000016),POINT (4.920970106340608 52.352864574257836),4.920970106340608,52.35286457425784,1,1,2,1
1053,65822,20220055802,2022,Letsel,2,fiets,e-bike,Frontaal,"Kruispunt, 4 takken",Binnen,50.0,Niet brandend,Klinkers,Droog,Daglicht,Droog,Transvaalkade,amsterdam,POINT (123583.0177000016 485276.7727999985),POINT (4.9260578487600055 52.35449281067142),4.9260578487600055,52.35449281067142,1,1,1,1
1054,65845,20220102293,2022,Letsel,2,fiets,personenauto,Flank,"Kruispunt, 4 takken",Binnen,50.0,Niet brandend,Klinkers,Droog,Daglicht,Droog,Gerard Doustraat,amsterdam,POINT (121155.9737999998 485397.81230000034),POINT (4.890422145991284 52.35543649253752),4.890422145991284,52.35543649253752,1,1,1,1
1055,65948,20220103013,2022,Uitsluitend materiele schade,2,motor,fiets,Frontaal,"Kruispunt, 4 takken",Binnen,50.0,Niet brandend,Overig asfalt,Droog,Daglicht,Droog,Nassaukade,amsterdam,POINT (120108.51850000024 487020.8359000012),POINT (4.874879171849185 52.36995755264135),4.874879171849185,52.36995755264135,1,1,2,1
1056,66356,20230004680,2023,Uitsluitend materiele schade,2,bestelauto,fiets,Flank,"Kruispunt, 4 takken",Binnen,30.0,Niet brandend,Klinkers,Droog,Daglicht,Droog,Burgemeester Röellstraat,amsterdam,POINT (116872.20160000026 487540.9070999995),POINT (4.827302162654373 52.37441639067602),4.827302162654373,52.37441639067602,1,1,2,1
1057,66679,20210093644,2021,Letsel,2,personenauto,fiets,Flank,"Kruispunt, 3 takken",Binnen,50.0,Niet brandend,Beton,Nat,Daglicht,Droog,Willem Schermerhornstr,amsterdam,POINT (115234.17500000075 488440.76630000025),POINT (4.8031426091044676 52.38238739634391),4.803142609104468,52.38238739634391,1,1,1,1
1058,66988,20220176337,2022,Uitsluitend materiele schade,2,bestelauto,fiets,Flank,Rechte weg,Binnen,50.0,Niet brandend,Overig asfalt,Droog,Daglicht,Droog,Stadionweg,amsterdam,POINT (120031.04300000146 484440.02699999884),POINT (4.874009927604525 52.346758132873575),4.874009927604525,52.346758132873575,1,1,2,1
1059,67002,20220123219,2022,Uitsluitend materiele schade,2,bromfiets,fiets,Flank,"Kruispunt, 4 takken",Binnen,50.0,Brandend,Overig asfalt,Droog,Duisternis,Droog,Weteringlaan,amsterdam,POINT (121185.9849999994 485686.30999999866),POINT (4.890833651413056 52.358031160813745),4.890833651413056,52.35803116081375,1,1,2,1
1060,67116,20220178294,2022,Uitsluitend materiele schade,2,personenauto,fiets,Flank,"Kruispunt, 4 takken",Binnen,50.0,Niet brandend,Beton,Nat,Daglicht,Regen,Bilderdijkstraat,amsterdam,POINT (119812.01300000027 487130.80959999934),POINT (4.870514123435744 52.37092699775324),4.870514123435744,52.37092699775324,1,1,2,1
1061,67160,20220123608,2022,Uitsluitend materiele schade,2,personenauto,fiets,Onbekend,Unknown,Unknown,30.0,Unknown,Unknown,Unknown,Daglicht,Unknown,Spuistraat,amsterdam,POINT (121054.69099999964 486941.30099999905),POINT (4.888779709610436 52.36930204797056),4.888779709610436,52.36930204797056,1,1,2,1
1062,67250,20220155422,2022,Uitsluitend materiele schade,2,personenauto,fiets,Flank,Rechte weg,Binnen,50.0,Niet aanwezig,Overig asfalt,Droog,Daglicht,Droog,Rokin,amsterdam,POINT (121282.3200000003 486867.9970000014),POINT (4.892129256262454 52.36865726556306),4.892129256262454,52.36865726556306,1,1,2,1
1063,67280,20220141388,2022,Uitsluitend materiele schade,2,snorfiets,personenauto,Onbekend,Unknown,Unknown,50.0,Unknown,Unknown,Unknown,Daglicht,Unknown,Haarlemmerweg,amsterdam,POINT (118254.5 488707),POINT (4.847472634497544 52.384990573917605),4.847472634497544,52.384990573917605,1,1,2,1
1064,67304,20220124049,2022,Uitsluitend materiele schade,2,bromfiets,fiets,Flank,"Kruispunt, 4 takken",Binnen,50.0,Niet aanwezig,ZOAB,Droog,Daglicht,Droog,Weesperzijde,amsterdam,POINT (122285.63199999928 485521.87900000066),POINT (4.906991286489595 52.35661994682865),4.906991286489595,52.35661994682865,1,1,2,1
1065,67329,20220124074,2022,Uitsluitend materiele schade,2,bromfiets,e-bike,Onbekend,"Kruispunt, 4 takken",Binnen,Unknown,Niet brandend,Unknown,Droog,Daglicht,Droog,Witte de Withstraat,amsterdam,POINT (119035.47610000148 487049.79140000045),POINT (4.859120808689121 52.37014856012723),4.859120808689121,52.37014856012723,1,1,2,1
1066,67405,20220155696,2022,Uitsluitend materiele schade,2,personenauto,fiets,Onbekend,Unknown,Unknown,Unknown,Unknown,Unknown,Unknown,Daglicht,Unknown,Oudebrugsteeg,amsterdam,POINT (121661.5540000014 487599.6959999986),POINT (4.897624760147216 52.37525641350973),4.897624760147216,52.37525641350973,1,1,2,1
1067,67406,20220155701,2022,Uitsluitend materiele schade,1,bromfiets,unknown,Eenzijdig,Rechte weg,Binnen,15.0,Niet brandend,Klinkers,Droog,Schemer,Droog,Wiborgeiland,amsterdam,POINT (120376.39799999818 489732.50400000066),POINT (4.87853292188769 52.3943449661206),4.87853292188769,52.3943449661206,1,1,2,1
1068,67509,20230039644,2023,Uitsluitend materiele schade,2,bromfiets,personenauto,Kop/staart,"Kruispunt, 4 takken",Binnen,50.0,Niet brandend,Beton,Droog,Daglicht,Droog,Vijzelstraat,amsterdam,POINT (121288.50979999825 486316.9237000011),POINT (4.892275391659281 52.36370498343699),4.892275391659281,52.36370498343699,1,1,2,1
1069,67603,20230050251,2023,Letsel,2,snorfiets,bestelauto,Flank,"Kruispunt, 3 takken",Binnen,50.0,Niet brandend,ZOAB,Droog,Daglicht,Droog,Basisweg,amsterdam,POINT (117019.25169999897 489507.6416000016),POINT (4.829239102000329 52.39210201204743),4.829239102000329,52.39210201204743,1,1,1,1
1070,67634,20230059660,2023,Uitsluitend materiele schade,2,personenauto,fiets,Flank,"Kruispunt, 4 takken",Binnen,50.0,Niet brandend,Overig asfalt,Droog,Daglicht,Droog,Wijenburg,amsterdam,POINT (119886.41160000116 482807.3914999999),POINT (4.872057713645552 52.33207588117773),4.872057713645552,52.33207588117773,1,1,2,1
1071,67650,20230049756,2023,Letsel,2,bromfiets,fiets,Frontaal,Rechte weg,Binnen,30.0,Niet aanwezig,Klinkers,Droog,Daglicht,Droog,Pieter Aertszstraat,amsterdam,POINT (121765.28299999982 485021.436999999),POINT (4.899402803744763 52.35209107813307),4.899402803744763,52.35209107813307,1,1,1,1
1072,67684,20230040466,2023,Letsel,1,bromfiets,unknown,Eenzijdig,Rechte weg,Binnen,50.0,Brandend,Overig asfalt,Droog,Duisternis,Droog,Admiraal De Ruijterweg,amsterdam,POINT (118192.39699999988 488661.81799999997),POINT (4.846565432375951 52.38458035286413),4.846565432375951,52.38458035286413,1,1,1,1
1073,67753,20230059862,2023,Letsel,1,fiets,unknown,Eenzijdig,Rechte weg,Binnen,50.0,Niet brandend,Overig asfalt,Droog,Daglicht,Droog,Marnixstraat,amsterdam,POINT (120529.14299999923 486397.2989999987),POINT (4.881119063696781 52.36438020993506),4.881119063696781,52.36438020993506,1,1,1,1
1074,67816,20230048904,2023,Uitsluitend materiele schade,2,personenauto,fiets,Flank,"Kruispunt, 3 takken",Binnen,50.0,Niet aanwezig,Klinkers,Droog,Daglicht,Droog,Korte Prinsengracht,amsterdam,POINT (121113.73020000011 488283.90740000084),POINT (4.889511179878944 52.38137207660279),4.889511179878944,52.38137207660279,1,1,2,1
1075,67886,20220210929,2022,Uitsluitend materiele schade,2,snorfiets,personenauto,Flank,"Kruispunt, 4 takken",Binnen,50.0,Niet brandend,Overig asfalt,Droog,Daglicht,Droog,Hoofdweg,amsterdam,POINT (118256.52569999918 487629.9081999995),POINT (4.847620185063566 52.37531064326198),4.847620185063566,52.37531064326198,1,1,2,1
1076,67887,20220210932,2022,Letsel,2,motor,fiets,Flank,Rechte weg,Binnen,50.0,Niet brandend,Beton,Droog,Daglicht,Droog,Surinameplein,amsterdam,POINT (118500.40399999917 485668.7820000015),POINT (4.851414335004317 52.3577017689792),4.851414335004317,52.3577017689792,1,1,1,1