,Unnamed: 0,accident_id,accident_year,outcome,num_parties,party1_type,party2_type,accident_nature,road_situation,built_up_area,speed_limit_kmh,street_lighting,road_surface,road_condition,light_condition,weather_condition,street_name,municipality,shape,geometry,longitude,latitude,cluster,future_hotspot_spatial,outcome_encoded,future_hotspot_pred
1077,67888,20220211607,2022,Uitsluitend materiele schade,3,fiets,bromfiets,Onbekend,"Kruispunt, 4 takken",Binnen,50.0,Brandend,Overig asfalt,Nat,Duisternis,Regen,Willem de Zwijgerlaan,amsterdam,POINT (119276.68160000071 487617.6235000007),POINT (4.862602042522483 52.3752675560342),4.862602042522483,52.3752675560342,1,1,2,1
1078,67982,20220212385,2022,Letsel,2,snorfiets,personenauto,Flank,"Kruispunt, 4 takken",Binnen,50.0,Niet brandend,Overig asfalt,Nat,Daglicht,Droog,FIETSPAD,amsterdam,POINT (124331.61459999904 485005.6581000015),POINT (4.937070326680163 52.352098496136065),4.937070326680163,52.35209849613607,1,1,1,1
1079,68016,20220210292,2022,Uitsluitend materiele schade,2,bromfiets,personenauto,Onbekend,"Kruispunt, 4 takken",Binnen,Unknown,Brandend,Unknown,Droog,Duisternis,Droog,Zeeburgerdijk,amsterdam,POINT (124503.4375 486565.48270000145),POINT (4.939450749687961 52.36612677100302),4.939450749687961,52.36612677100302,1,1,2,1
1080,68017,20220211076,2022,Uitsluitend materiele schade,2,personenauto,bromfiets,Onbekend,"Kruispunt, 4 takken",Binnen,50.0,Niet brandend,Klinkers,Droog,Daglicht,Droog,Buiksloterbreek,amsterdam,POINT (122256.10680000111 490533.7476999983),POINT (4.906069479703432 52.401661322369165),4.906069479703432,52.401661322369165,1,1,2,1
1081,68080,20220211852,2022,Uitsluitend materiele schade,2,personenauto,bromfiets,Frontaal,"Kruispunt, 4 takken",Binnen,30.0,Brandend,ZOAB,Sneeuw/ijzel,Duisternis,Mist,Kerkstraat,amsterdam,POINT (121271.43510000035 486232.1684000008),POINT (4.892033222790585 52.362942213353975),4.892033222790585,52.362942213353975,1,1,2,1
1082,68145,20220211272,2022,Letsel,2,fiets,personenauto,Flank,"Kruispunt, 4 takken",Binnen,50.0,Niet brandend,Overig asfalt,Nat,Daglicht,Unknown,Sloterweg,amsterdam,POINT (116504.3049999997 483949.63800000027),POINT (4.822310928330707 52.3421151477958),4.822310928330707,52.3421151477958,1,1,1,1
1083,68289,20220211440,2022,Uitsluitend materiele schade,2,personenauto,fiets,Frontaal,Rotonde,Binnen,50.0,Niet brandend,Overig asfalt,Nat,Daglicht,Regen,Hoofddorpplein,amsterdam,POINT (118414.31500000134 484990.2659999989),POINT (4.850224448945632 52.35159803304186),4.850224448945632,52.35159803304186,1,1,2,1
1084,68352,20220211483,2022,Uitsluitend materiele schade,2,personenauto,snorfiets,Flank,Rotonde,Binnen,Unknown,Brandend,Overig asfalt,Droog,Duisternis,Droog,OOSTOEVER NOORDZIJDE,amsterdam,POINT (117089.69289999828 487125.4210000001),POINT (4.830542716621068 52.37069738551568),4.830542716621068,52.37069738551568,1,1,2,1
1085,68694,20230111125,2023,Uitsluitend materiele schade,2,personenauto,fiets,Flank,"Kruispunt, 4 takken",Binnen,30.0,Niet brandend,Klinkers,Nat,Daglicht,Droog,'s-Gravesandeplein,amsterdam,POINT (122844.68939999864 485763.2030000016),POINT (4.915174330457603 52.358821812758784),4.915174330457603,52.358821812758784,1,1,2,1
1086,68695,20230111700,2023,Letsel,2,personenauto,bromfiets,Onbekend,"Kruispunt, 3 takken",Binnen,30.0,Unknown,Klinkers,Nat,Duisternis,Unknown,Kinkerstraat,amsterdam,POINT (119149.4979000017 486412.73959999904),POINT (4.8608629078865535 52.36443066262395),4.8608629078865535,52.36443066262395,1,1,1,1
1087,68718,20230111870,2023,Uitsluitend materiele schade,2,personenauto,fiets,Geparkeerd voertuig,Rechte weg,Binnen,30.0,Brandend,Overig asfalt,Nat,Duisternis,Droog,Beemsterstraat,amsterdam,POINT (124974.51999999955 489276.23600000143),POINT (4.946124809528014 52.390515175059925),4.946124809528014,52.390515175059925,1,1,2,1
1088,68771,20230067753,2023,Letsel,2,fiets,motor,Flank,"Kruispunt, 4 takken",Binnen,50.0,Brandend,Overig asfalt,Droog,Duisternis,Droog,Bijlmerdreef,amsterdam,POINT (126612.63929999992 481608.72300000116),POINT (4.970835441925317 52.321691340364765),4.970835441925317,52.321691340364765,0,1,1,1
1089,68816,20230024326,2023,Letsel,2,fiets,fiets,Los voorwerp,"Kruispunt, 4 takken",Binnen,50.0,Niet aanwezig,Overig asfalt,Droog,Daglicht,Droog,Piet Heinkade,amsterdam,POINT (123295.44909999892 487719.89550000057),POINT (4.921606610702566 52.37643345375572),4.921606610702566,52.37643345375572,1,1,1,1
1090,68840,20230020936,2023,Uitsluitend materiele schade,2,snorfiets,personenauto,Kop/staart,Rechte weg,Binnen,50.0,Niet brandend,Overig asfalt,Droog,Daglicht,Droog,Van Boshuizenstraat,amsterdam,POINT (120356.8590000011 481995.88899999857),POINT (4.879042770853065 52.32481246555879),4.879042770853065,52.32481246555879,1,1,2,1
1091,68887,20230067677,2023,Uitsluitend materiele schade,2,bromfiets,overig vast object,Vast voorwerp,Rechte weg,Binnen,50.0,Brandend,ZOAB,Droog,Duisternis,Droog,Weteringschans,amsterdam,POINT (120914.3909999989 486054.6279999986),POINT (4.886809623000567 52.361324564275286),4.886809623000567,52.361324564275286,1,1,2,1
1092,68911,20230036821,2023,Letsel,2,personenauto,bromfiets,Onbekend,Rechte weg,Binnen,50.0,Niet brandend,Klinkers,Nat,Daglicht,Droog,Cornelis Schuytstraat,amsterdam,POINT (119957.58900000155 485121.51999999955),POINT (4.8728610104140495 52.35287824259033),4.8728610104140495,52.35287824259033,1,1,1,1
1093,68930,20230020464,2023,Letsel,2,personenauto,snorfiets,Flank,"Kruispunt, 4 takken",Binnen,50.0,Brandend,Overig asfalt,Nat,Duisternis,Droog,Tussen Meer,amsterdam,POINT (114599.40680000186 485614.0471000001),POINT (4.794159649077016 52.35693682314924),4.794159649077016,52.35693682314924,1,1,1,1
1094,68987,20230023947,2023,Letsel,1,bromfiets,unknown,Eenzijdig,Rechte weg,Binnen,30.0,Niet brandend,Overig asfalt,Droog,Daglicht,Droog,J. Dunnebierstraat,amsterdam,POINT (116486.2349999994 487422.9360000007),POINT (4.821648072114001 52.373329223983376),4.821648072114001,52.373329223983376,1,1,1,1
1095,69088,20230020674,2023,Uitsluitend materiele schade,2,e-bike,personenauto,Flank,"Kruispunt, 4 takken",Binnen,50.0,Niet brandend,Overig asfalt,Droog,Schemer,Droog,Molukkenstraat,amsterdam,POINT (124514.25930000097 486567.57360000163),POINT (4.939609442197178 52.36614616340264),4.939609442197178,52.36614616340264,1,1,2,1
1096,69089,20230020677,2023,Uitsluitend materiele schade,2,snorfiets,personenauto,Flank,"Kruispunt, 4 takken",Binnen,50.0,Niet brandend,Overig asfalt,Droog,Daglicht,Droog,FIETSPAD,amsterdam,POINT (122594.57530000061 484484.95809999853),POINT (4.91162596843565 52.34731908660889),4.91162596843565,52.34731908660889,1,1,2,1
1097,69146,20230023572,2023,Uitsluitend materiele schade,2,personenauto,fiets,Flank,"Kruispunt, 4 takken",Binnen,50.0,Niet brandend,Overig asfalt,Droog,Daglicht,Droog,Jan van Galenstraat,amsterdam,POINT (117653.15300000086 487369.1906000003),POINT (4.8387889137875435 52.37292680761561),4.838788913787544,52.37292680761561,1,1,2,1
1098,69188,20230077640,2023,Uitsluitend materiele schade,2,fiets,scootmobiel,Frontaal,Rechte weg,Binnen,50.0,Niet brandend,ZOAB,Droog,Daglicht,Droog,Jan Tooropstraat,amsterdam,POINT (131117.29899999872 480377.72100000083),POINT (5.036992983627786 52.31084172739218),5.036992983627786,52.31084172739218,-1,0,2,0
1099,69192,20230077972,2023,Uitsluitend materiele schade,3,vrachtauto,bromfiets,Onbekend,Rechte weg,Binnen,50.0,Brandend,Overig asfalt,Nat,Duisternis,Droog,Rijnstraat,amsterdam,POINT (122106.18699999899 484586.3429999985),POINT (4.904448771022686 52.348201252317864),4.904448771022686,52.34820125231786,1,1,2,1
1100,69325,20230087082,2023,Uitsluitend materiele schade,2,bromfiets,fiets,Flank,"Kruispunt, 4 takken",Binnen,Unknown,Niet brandend,Unknown,Nat,Daglicht,Regen,Van Boshuizenstraat,amsterdam,POINT (119679 481977),POINT (4.869101992260821 52.32459958142004),4.869101992260821,52.32459958142004,1,1,2,1
1101,69362,20230097656,2023,Uitsluitend materiele schade,2,fiets,personenauto,Flank,Rechte weg,Binnen,50.0,Niet aanwezig,Overig asfalt,Droog,Daglicht,Droog,Meer en Vaart,amsterdam,POINT (115508.07699999958 485892.5179999992),POINT (4.807464756848447 52.359505573409756),4.807464756848447,52.35950557340976,1,1,2,1
1102,69496,20230087931,2023,Uitsluitend materiele schade,2,personenauto,bromfiets,Flank,"Kruispunt, 4 takken",Binnen,30.0,Niet brandend,Klinkers,Droog,Schemer,Droog,Prinsengracht,amsterdam,POINT (120771.44200000167 486478.4670000002),POINT (4.884667991560666 52.36512484339799),4.884667991560666,52.36512484339799,1,1,2,1
1103,69524,20230097379,2023,Letsel,2,personenauto,fiets,Flank,Rechte weg,Binnen,70.0,Brandend,Overig asfalt,Nat,Schemer,Droog,Westpoortweg,amsterdam,POINT (115037.4990000017 490074.73900000006),POINT (4.8000596111063905 52.397057868413896),4.800059611106391,52.397057868413896,-1,0,1,0
1104,69525,20230097978,2023,Letsel,2,fiets,fiets,Onbekend,"Kruispunt, 3 takken",Binnen,30.0,Brandend,Overig asfalt,Nat,Duisternis,Droog,Wibautstraat,amsterdam,POINT (122597.97179999948 485414.8781999983),POINT (4.9115862648239 52.35567680367733),4.9115862648239,52.35567680367733,1,1,1,1
1105,69546,20230097988,2023,Letsel,2,personenauto,fiets,Flank,"Kruispunt, 4 takken",Binnen,50.0,Niet brandend,Overig asfalt,Nat,Daglicht,Droog,Haarlemmerweg,amsterdam,POINT (119576.72569999844 488728.93030000106),POINT (4.8668908881323025 52.38527458391931),4.866890888132303,52.38527458391931,1,1,1,1
1106,69581,20210087344,2021,Uitsluitend materiele schade,2,fiets,e-bike,Frontaal,Rechte weg,Binnen,30.0,Niet brandend,Overig asfalt,Droog,Daglicht,Droog,Valschermkade,amsterdam,POINT (118080.09800000116 483954.7320000008),POINT (4.845432849124722 52.34226904118996),4.845432849124722,52.34226904118996,1,1,2,1
1107,69597,20210079164,2021,Letsel,2,bromfiets,fiets,Flank,Rechte weg,Binnen,50.0,Brandend,Overig asfalt,Nat,Schemer,Regen,Nieuwezijds Voorburgwal,amsterdam,POINT (121321.68400000036 487628.2809999995),POINT (4.892631036138207 52.37549257485705),4.892631036138207,52.37549257485705,1,1,1,1
1108,69726,20210087398,2021,Letsel,2,bromfiets,voetganger,Voetganger,"Kruispunt, 3 takken",Binnen,50.0,Brandend,Overig asfalt,Nat,Schemer,Regen,Mozes en Aäronstraat,amsterdam,POINT (121184.87110000104 487419.87579999864),POINT (4.8906429509483065 52.373611169633655),4.8906429509483065,52.373611169633655,1,1,1,1
1109,69727,20210087400,2021,Uitsluitend materiele schade,2,personenauto,snorfiets,Frontaal,"Kruispunt, 4 takken",Binnen,Unknown,Niet brandend,Klinkers,Droog,Daglicht,Droog,Alfred Döblinstraat,amsterdam,POINT (124658.7408999987 481335.8905000016),POINT (4.942202202040527 52.31913495492249),4.942202202040527,52.31913495492249,0,1,2,1
1110,69861,20210024811,2021,Uitsluitend materiele schade,2,personenauto,bromfiets,Kop/staart,Rechte weg,Binnen,50.0,Brandend,Klinkers,Droog,Duisternis,Droog,Javastraat,amsterdam,POINT (124660.41560000181 486277.1405000016),POINT (4.9417814672542635 52.36354403032946),4.941781467254264,52.36354403032946,1,1,2,1
1111,69885,20210028752,2021,Uitsluitend materiele schade,2,bromfiets,personenauto,Kop/staart,Rechte weg,Binnen,50.0,Brandend,Overig asfalt,Droog,Schemer,Droog,Overtoom,amsterdam,POINT (119821.79600000009 486094.8020000011),POINT (4.870766166693942 52.361616736757576),4.870766166693942,52.361616736757576,1,1,2,1
1112,69887,20210028966,2021,Uitsluitend materiele schade,3,personenauto,fiets,Flank,"Kruispunt, 4 takken",Binnen,Unknown,Niet brandend,Beton,Droog,Daglicht,Droog,Panamalaan,amsterdam,POINT (124128.89059999958 486649.7322999984),POINT (4.933944043477033 52.36686302775262),4.933944043477033,52.36686302775262,1,1,2,1
1113,69978,20210033437,2021,Uitsluitend materiele schade,2,personenauto,fiets,Flank,"Kruispunt, 4 takken",Binnen,50.0,Niet brandend,Overig asfalt,Nat,Daglicht,Droog,Gelderlandplein,amsterdam,POINT (120392 482696.8770000003),POINT (4.879486203204481 52.33111470706803),4.879486203204481,52.33111470706803,1,1,2,1
1114,70039,20210033046,2021,Uitsluitend materiele schade,2,bromfiets,bestelauto,Onbekend,Unknown,Unknown,50.0,Unknown,Unknown,Unknown,Daglicht,Unknown,Zeeburgerdijk,amsterdam,POINT (124115.5 486580.5),POINT (4.933753803468899 52.36624006039397),4.933753803468899,52.36624006039397,1,1,2,1
1115,70056,20210025086,2021,Uitsluitend materiele schade,2,e-bike,fiets,Onbekend,"Kruispunt, 4 takken",Binnen,50.0,Niet aanwezig,Beton,Droog,Daglicht,Droog,Admiraal De Ruijterweg,amsterdam,POINT (118245.61659999937 488652.89290000126),POINT (4.847348077993196 52.3845037069841),4.847348077993196,52.3845037069841,1,1,2,1
1116,70095,20210029546,2021,Uitsluitend materiele schade,1,fiets,unknown,Onbekend,Bocht,Binnen,15.0,Niet brandend,ZOAB,Droog,Daglicht,Droog,Frederiksplein,amsterdam,POINT (121813.96700000018 486025.9930000007),POINT (4.900018233244404 52.361122294627),4.900018233244404,52.361122294627,1,1,2,1
1117,70291,20210060819,2021,Uitsluitend materiele schade,2,personenauto,bromfiets,Flank,"Kruispunt, 3 takken",Binnen,50.0,Brandend,ZOAB,Nat,Schemer,Droog,Tafelbergweg,amsterdam,POINT (125915.86549999937 477976.9305000007),POINT (4.960929009594575 52.289014272556265),4.960929009594575,52.289014272556265,-1,0,2,0
1118,70340,20210044779,2021,Uitsluitend materiele schade,2,fiets,fiets,Kop/staart,Rechte weg,Binnen,50.0,Niet brandend,Unknown,Droog,Daglicht,Droog,Mauritskade,amsterdam,POINT (122689.57499999925 486003.5020000003),POINT (4.9128742893211825 52.36097235959568),4.912874289321183,52.36097235959568,1,1,2,1
1119,70364,20210035483,2021,Uitsluitend materiele schade,2,personenauto,bromfiets,Frontaal,Bocht,Binnen,30.0,Niet brandend,Klinkers,Droog,Daglicht,Droog,Baarsjesweg,amsterdam,POINT (118995.86400000006 486301.6160000004),POINT (4.858619312580018 52.363421915891074),4.858619312580018,52.363421915891074,1,1,2,1
1120,70378,20210050915,2021,Uitsluitend materiele schade,3,snorfiets,bestelauto,Onbekend,Unknown,Unknown,50.0,Unknown,Unknown,Unknown,Daglicht,Unknown,Apollolaan,amsterdam,POINT (120163.26999999955 484864.4360000007),POINT (4.875906443728978 52.350580828282595),4.875906443728978,52.3505808282826,1,1,2,1
1121,70396,20210071187,2021,Uitsluitend materiele schade,2,personenauto,fiets,Onbekend,"Kruispunt, 3 takken",Binnen,50.0,Niet brandend,Unknown,Droog,Daglicht,Droog,Prins Hendrikkade,amsterdam,POINT (122710.16349999979 487112.6281000003),POINT (4.913070011303549 52.37094164666388),4.913070011303549,52.37094164666388,1,1,2,1
1122,70449,20210057954,2021,Letsel,2,bestelauto,fiets,Los voorwerp,"Kruispunt, 4 takken",Binnen,50.0,Niet brandend,Overig asfalt,Nat,Daglicht,Unknown,Mauritskade,amsterdam,POINT (122394.72500000149 485902.6270000003),POINT (4.908555696796449 52.360048341315995),4.908555696796449,52.360048341316,1,1,1,1
1123,70551,20210040110,2021,Letsel,2,bromfiets,personenauto,Onbekend,Unknown,Unknown,50.0,Unknown,Unknown,Unknown,Daglicht,Unknown,Postjesweg,amsterdam,POINT (117735.20100000128 486385.8110000007),POINT (4.84010269447167 52.36409451611622),4.84010269447167,52.36409451611622,1,1,1,1
1124,70556,20210045079,2021,Uitsluitend materiele schade,2,e-bike,e-bike,Frontaal,Rechte weg,Binnen,30.0,Niet brandend,Overig asfalt,Droog,Daglicht,Droog,Linnaeusstraat,amsterdam,POINT (123649.32800000161 485609.1009999998),POINT (4.927000167250927 52.357483350519466),4.927000167250927,52.357483350519466,1,1,2,1
1125,70577,20210065491,2021,Uitsluitend materiele schade,2,personenauto,fiets,Frontaal,"Kruispunt, 4 takken",Binnen,50.0,Niet brandend,Overig asfalt,Droog,Daglicht,Unknown,Jozef Israëlskade,amsterdam,POINT (121211.10289999843 484617.87409999967),POINT (4.8913096568915595 52.348430326427284),4.89130965689156,52.34843032642728,1,1,2,1
1126,70602,20210065525,2021,Letsel,2,fiets,fiets,Onbekend,Rotonde,Binnen,50.0,Niet brandend,Overig asfalt,Nat,Daglicht,Unknown,Postjesweg,amsterdam,POINT (118021.87750000134 486395.41479999945),POINT (4.844310285568831 52.36420020264365),4.844310285568831,52.36420020264365,1,1,1,1
1127,70652,20210058762,2021,Letsel,2,fiets,e-bike,Onbekend,Rechte weg,Binnen,50.0,Niet brandend,Unknown,Droog,Daglicht,Unknown,Jan Tooropstraat,amsterdam,POINT (117499.62799999863 486376.1330000013),POINT (4.836645371233007 52.36399150458975),4.836645371233007,52.36399150458975,1,1,1,1
1128,70693,20210065612,2021,Letsel,2,personenauto,fiets,Flank,"Kruispunt, 4 takken",Binnen,50.0,Niet brandend,Klinkers,Nat,Daglicht,Unknown,Van Baerlestraat,amsterdam,POINT (120536.83799999952 485278.3524999991),POINT (4.881346688384406 52.354324382633216),4.881346688384406,52.354324382633216,1,1,1,1
1129,71287,20220080546,2022,Uitsluitend materiele schade,1,bromfiets,unknown,Onbekend,Unknown,Unknown,Unknown,Unknown,Unknown,Unknown,Duisternis,Unknown,Wibautstraat,amsterdam,POINT (122541.01099999994 485490.41800000146),POINT (4.910742896172171 52.35635234335688),4.910742896172171,52.35635234335688,1,1,2,1
1130,71288,20220081391,2022,Uitsluitend materiele schade,2,personenauto,fiets,Kop/staart,Rechte weg,Binnen,30.0,Niet brandend,Klinkers,Droog,Daglicht,Droog,Nieuwe Doelenstraat,amsterdam,POINT (121438.57999999821 486773.0769999996),POINT (4.894433008583255 52.36781376210308),4.894433008583255,52.36781376210308,1,1,2,1
1131,71302,20220016448,2022,Uitsluitend materiele schade,2,fiets,personenauto,Flank,"Kruispunt, 4 takken",Binnen,50.0,Brandend,Beton,Droog,Duisternis,Unknown,Schinkelhavenstraat,amsterdam,POINT (118766.8740000017 485347.8289999999),POINT (4.855360347144712 52.35483491467672),4.855360347144712,52.35483491467672,1,1,2,1
1132,71348,20220081469,2022,Letsel,2,personenauto,bromfiets,Flank,Rechte weg,Binnen,50.0,Niet brandend,ZOAB,Droog,Daglicht,Droog,President Allendelaan,amsterdam,POINT (115413.6035999991 486678.00659999996),POINT (4.8059854877314745 52.36655812001761),4.8059854877314745,52.36655812001761,1,1,1,1
1133,71504,20220036084,2022,Uitsluitend materiele schade,2,bromfiets,bromfiets,Frontaal,"Kruispunt, 4 takken",Binnen,Unknown,Niet brandend,ZOAB,Droog,Daglicht,Droog,Gustav Mahlerlaan,amsterdam,POINT (120234.97700000182 483320.4891999997),POINT (4.877118304450581 52.336709417326986),4.877118304450581,52.336709417326986,1,1,2,1
1134,71546,20220055588,2022,Letsel,2,fiets,voetganger,Voetganger,Unknown,Unknown,50.0,Unknown,Unknown,Unknown,Daglicht,Unknown,Prins Hendrikkade,amsterdam,POINT (122166.44099999964 487482.3269999996),POINT (4.90505030679101 52.374232004806984),4.90505030679101,52.37423200480698,1,1,1,1
1135,71597,20220081338,2022,Uitsluitend materiele schade,2,personenauto,bromfiets,Kop/staart,Rechte weg,Binnen,30.0,Unknown,Klinkers,Droog,Daglicht,Droog,Linnaeusstraat,amsterdam,POINT (123649.32800000161 485609.1009999998),POINT (4.927000167250927 52.357483350519466),4.927000167250927,52.357483350519466,1,1,2,1
1136,71649,20220102101,2022,Uitsluitend materiele schade,1,snorfiets,unknown,Onbekend,Rechte weg,Binnen,50.0,Niet brandend,Overig asfalt,Droog,Daglicht,Droog,Amstellandlaan,amsterdam,POINT (130868.39600000158 480311.1090000011),POINT (5.033347953235106 52.310232189336396),5.033347953235106,52.3102321893364,-1,0,2,0
1137,71682,20220102221,2022,Uitsluitend materiele schade,2,fiets,personenauto,Frontaal,"Kruispunt, 3 takken",Binnen,30.0,Niet brandend,Klinkers,Droog,Daglicht,Unknown,Den Burgstraat,amsterdam,POINT (126035.6678000018 489628.4008000009),POINT (4.961682460141365 52.39373721692484),4.961682460141365,52.39373721692484,1,1,2,1
1138,71748,20220102429,2022,Uitsluitend materiele schade,2,snorfiets,fiets,Onbekend,Rechte weg,Binnen,30.0,Niet brandend,Klinkers,Droog,Daglicht,Droog,Burgemeester Fockstraat,amsterdam,POINT (117184.0549999997 488021.2259999998),POINT (4.831827431035971 52.378754684383026),4.831827431035971,52.37875468438303,1,1,2,1
1139,71792,20220103068,2022,Uitsluitend materiele schade,2,personenauto,fiets,Flank,Rechte weg,Binnen,50.0,Brandend,Klinkers,Nat,Duisternis,Regen,Kloveniersburgwal,amsterdam,POINT (121630.68800000101 486913.31799999997),POINT (4.897239647694738 52.36908585609797),4.897239647694738,52.36908585609797,1,1,2,1
1140,72277,20230078788,2023,Letsel,2,personenauto,bromfiets,Onbekend,Unknown,Unknown,30.0,Unknown,Unknown,Unknown,Daglicht,Unknown,Diepenbeekplantsoen,amsterdam,POINT (116265.11199999973 484759.20699999854),POINT (4.818707955816616 52.34937414262886),4.818707955816616,52.34937414262886,1,1,1,1
1141,72456,20210037055,2021,Letsel,2,vrachtauto,fiets,Flank,"Kruispunt, 4 takken",Binnen,50.0,Niet brandend,Klinkers,Droog,Daglicht,Droog,Rokin,amsterdam,POINT (121351 487315),POINT (4.893092898691044 52.37267882544752),4.893092898691044,52.37267882544752,1,1,1,1
1142,72700,20230004322,2023,Uitsluitend materiele schade,2,snorfiets,personenauto,Kop/staart,"Kruispunt, 4 takken",Binnen,50.0,Brandend,Beton,Droog,Duisternis,Droog,Amstelveenseweg,amsterdam,POINT (118856.35799999908 484982.3660000004),POINT (4.856713035776248 52.35155628866749),4.856713035776248,52.35155628866749,1,1,2,1
1143,72776,20210034478,2021,Letsel,2,fiets,fiets,Dier,Rechte weg,Binnen,50.0,Niet brandend,Klinkers,Droog,Daglicht,Droog,Volendammerweg,amsterdam,POINT (125690.33810000122 489437.13500000164),POINT (4.956625971162431 52.39199991692211),4.956625971162431,52.39199991692211,1,1,1,1
1144,72780,20210092815,2021,Letsel,2,bromfiets,voetganger,Voetganger,Rechte weg,Binnen,50.0,Brandend,Overig asfalt,Nat,Daglicht,Droog,Amstelveenseweg,amsterdam,POINT (118780.7490000017 485293.9149999991),POINT (4.855569805910044 52.354351289272685),4.855569805910044,52.354351289272685,1,1,1,1
1145,72785,20220155725,2022,Letsel,3,personenauto,e-bike,Onbekend,Rotonde,Binnen,50.0,Niet brandend,ZOAB,Droog,Daglicht,Droog,OOSTOEVER NOORDZIJDE,amsterdam,POINT (117108.2137000002 487083.82840000093),POINT (4.830819345915313 52.370324861832586),4.830819345915313,52.370324861832586,1,1,1,1
1146,72795,20220176765,2022,Uitsluitend materiele schade,2,bestelauto,fiets,Flank,Rotonde,Binnen,50.0,Niet brandend,Overig asfalt,Droog,Daglicht,Droog,Hoofdweg,amsterdam,POINT (118617.46869999915 485933.96460000053),POINT (4.853104010262852 52.36009280188497),4.853104010262852,52.36009280188497,1,1,2,1
1147,72796,20220176941,2022,Uitsluitend materiele schade,2,motor,snorfiets,Frontaal,"Kruispunt, 3 takken",Binnen,50.0,Niet brandend,Klinkers,Droog,Daglicht,Droog,Haarlemmer Houttuinen,amsterdam,POINT (121150 488350),POINT (4.890037201659656 52.38196830621541),4.890037201659656,52.38196830621541,1,1,2,1
1148,72832,20220123220,2022,Letsel,2,bestelauto,fiets,Kop/staart,Rechte weg,Binnen,50.0,Brandend,Overig asfalt,Droog,Schemer,Droog,Nieuwezijds Voorburgwal,amsterdam,POINT (121340.76399999857 487648.80900000036),POINT (4.892909163951795 52.37567823577364),4.892909163951795,52.37567823577364,1,1,1,1
1149,73074,20220123793,2022,Uitsluitend materiele schade,2,personenauto,fiets,Flank,Rotonde,Binnen,50.0,Niet brandend,ZOAB,Droog,Daglicht,Droog,Louis Davidsstraat,amsterdam,POINT (115748.15689999983 484944.3403000012),POINT (4.811099583810822 52.35100129444253),4.811099583810822,52.35100129444253,1,1,2,1
1150,73075,20220123800,2022,Letsel,2,personenauto,fiets,Flank,"Kruispunt, 3 takken",Binnen,50.0,Brandend,Klinkers,Droog,Schemer,Droog,Mozes en Aäronstraat,amsterdam,POINT (121194.77439999953 487420.14510000125),POINT (4.890788344547464 52.37361419966423),4.890788344547464,52.37361419966423,1,1,1,1
1151,73085,20220142568,2022,Letsel,2,bromfiets,personenauto,Onbekend,"Kruispunt, 4 takken",Binnen,50.0,Brandend,Overig asfalt,Droog,Duisternis,Droog,2e C Huygensstr,amsterdam,POINT (120050.03610000014 486072.95340000093),POINT (4.874119016025634 52.36143494623855),4.874119016025634,52.36143494623855,1,1,1,1
1152,73086,20220142584,2022,Uitsluitend materiele schade,1,fiets,unknown,Voetganger,Rechte weg,Binnen,30.0,Niet brandend,Beton,Droog,Daglicht,Droog,Damstraat,amsterdam,POINT (121495.88899999857 487245.5799999982),POINT (4.895227334216948 52.37206378653994),4.895227334216948,52.37206378653994,1,1,2,1
1153,73188,20220141465,2022,Letsel,2,personenauto,e-bike,Eenzijdig,"Kruispunt, 4 takken",Binnen,50.0,Niet brandend,Overig asfalt,Droog,Daglicht,Droog,Platanenweg,amsterdam,POINT (122677.32149999961 485189.04509999976),POINT (4.912772670235638 52.35365183763601),4.912772670235638,52.35365183763601,1,1,1,1
1154,73216,20220124081,2022,Uitsluitend materiele schade,1,fiets,unknown,Onbekend,Rechte weg,Binnen,50.0,Niet aanwezig,Beton,Droog,Daglicht,Droog,Naritaweg,amsterdam,POINT (116614.99599999934 489041.8500000015),POINT (4.82335380663869 52.38788773488496),4.82335380663869,52.38788773488496,1,1,2,1
1155,73273,20220124171,2022,Letsel,2,personenauto,fiets,Onbekend,Rotonde,Binnen,50.0,Niet brandend,Overig asfalt,Droog,Daglicht,Droog,Burg Van de Pollstraat,amsterdam,POINT (117131.49709999934 487142.56599999964),POINT (4.831154595465075 52.37085435575566),4.831154595465075,52.37085435575566,1,1,1,1
1156,73283,20220155715,2022,Uitsluitend materiele schade,2,bromfiets,e-bike,Flank,Rechte weg,Binnen,30.0,Niet brandend,Overig asfalt,Droog,Daglicht,Droog,Wibautstraat,amsterdam,POINT (122677.67300000042 485122.1490000002),POINT (4.912784256042396 52.3530506398346),4.912784256042396,52.3530506398346,1,1,2,1
1157,73359,20230049533,2023,Letsel,2,bromfiets,fiets,Flank,"Kruispunt, 3 takken",Binnen,50.0,Niet brandend,Overig asfalt,Droog,Daglicht,Droog,De Clercqstraat,amsterdam,POINT (119525.63980000094 487029.2404999994),POINT (4.866319987455948 52.36999574510904),4.866319987455948,52.36999574510904,1,1,1,1
1158,73404,20230059979,2023,Letsel,3,personenauto,fiets,Onbekend,Rechte weg,Buiten,30.0,Niet brandend,Klinkers,Droog,Daglicht,Droog,Leimuidenstraat,amsterdam,POINT (118431.3200000003 484823.6020000018),POINT (4.850492139413826 52.3501013087367),4.850492139413826,52.3501013087367,1,1,1,1
1159,73423,20230059548,2023,Uitsluitend materiele schade,2,bromfiets,bromfiets,Flank,"Kruispunt, 3 takken",Binnen,50.0,Niet brandend,Overig asfalt,Droog,Daglicht,Droog,Haarlemmerweg,amsterdam,POINT (119316.59699999914 488723.0903999992),POINT (4.863070770316578 52.385205251296256),4.863070770316578,52.385205251296256,1,1,2,1