,Unnamed: 0,accident_id,accident_year,outcome,num_parties,party1_type,party2_type,accident_nature,road_situation,built_up_area,speed_limit_kmh,street_lighting,road_surface,road_condition,light_condition,weather_condition,street_name,municipality,shape,geometry,longitude,latitude,cluster,future_hotspot_spatial,outcome_encoded,future_hotspot_pred
1160,73497,20230039267,2023,Uitsluitend materiele schade,2,fiets,fiets,Flank,Rechte weg,Binnen,50.0,Niet brandend,Overig asfalt,Droog,Daglicht,Droog,Overtoom,amsterdam,POINT (118981.67399999872 485768.94900000095),POINT (4.8584680436223815 52.35863376198994),4.8584680436223815,52.35863376198994,1,1,2,1
1161,73509,20230059308,2023,Uitsluitend materiele schade,2,personenauto,fiets,Flank,"Kruispunt, 4 takken",Binnen,50.0,Niet brandend,Overig asfalt,Droog,Daglicht,Droog,Weissenbruchstraat,amsterdam,POINT (118425.29270000011 485194.3348999992),POINT (4.850363381469836 52.35343278791098),4.850363381469836,52.35343278791098,1,1,2,1
1162,73528,20230050364,2023,Letsel,2,personenauto,fiets,Flank,"Kruispunt, 4 takken",Binnen,50.0,Niet brandend,Overig asfalt,Droog,Daglicht,Droog,Uiterwaardenstraat,amsterdam,POINT (122244.60379999876 483984.9415999986),POINT (4.906538658773734 52.342804512465065),4.906538658773734,52.342804512465065,1,1,1,1
1163,73561,20230066376,2023,Uitsluitend materiele schade,2,personenauto,fiets,Flank,"Kruispunt, 4 takken",Binnen,50.0,Niet brandend,Overig asfalt,Droog,Daglicht,Droog,Panamalaan,amsterdam,POINT (124119 486578),POINT (4.933805419022737 52.36621778882073),4.933805419022737,52.36621778882073,1,1,2,1
1164,73592,20230050468,2023,Letsel,2,bromfiets,fiets,Flank,"Kruispunt, 4 takken",Binnen,50.0,Brandend,Overig asfalt,Droog,Schemer,Droog,FIETSPAD,amsterdam,POINT (124869.11529999971 485670.10080000013),POINT (4.944899734210042 52.35809982940436),4.944899734210042,52.35809982940436,1,1,1,1
1165,73956,20220211909,2022,Letsel,1,fiets,unknown,Eenzijdig,Unknown,Unknown,50.0,Unknown,Unknown,Unknown,Schemer,Unknown,Jan Evertsenstraat,amsterdam,POINT (118808.51799999923 487145.9699999988),POINT (4.855778060934928 52.37099803137127),4.855778060934928,52.37099803137127,1,1,1,1
1166,73980,20220210528,2022,Letsel,2,snorfiets,voetganger,Voetganger,Rechte weg,Binnen,50.0,Niet brandend,Klinkers,Droog,Daglicht,Droog,Ruys de Beerenbrouckstr,amsterdam,POINT (115379.60099999979 488447.8220000006),POINT (4.805277619827098 52.38246132226787),4.805277619827098,52.38246132226787,1,1,1,1
1167,74138,20220212121,2022,Uitsluitend materiele schade,2,personenauto,fiets,Flank,Rechte weg,Binnen,50.0,Brandend,Overig asfalt,Droog,Schemer,Droog,Jan Luijkenstraat,amsterdam,POINT (120736.87099999934 485970.91699999943),POINT (4.884212160591154 52.36056118432939),4.884212160591154,52.36056118432939,1,1,2,1
1168,74516,20230111732,2023,Letsel,2,fiets,personenauto,Flank,"Kruispunt, 3 takken",Binnen,50.0,Niet brandend,Overig asfalt,Droog,Daglicht,Droog,Admiraal De Ruijterweg,amsterdam,POINT (118516.24100000039 488430.65300000086),POINT (4.851347037987908 52.38252444042549),4.851347037987908,52.38252444042549,1,1,1,1
1169,74531,20230111932,2023,Uitsluitend materiele schade,2,fiets,vrachtauto,Flank,"Kruispunt, 4 takken",Binnen,30.0,Niet brandend,Overig asfalt,Nat,Daglicht,Regen,Nassauplein,amsterdam,POINT (120589.15289999917 488687.0965999998),POINT (4.881765611107521 52.384963013084764),4.881765611107521,52.38496301308477,1,1,2,1
1170,74540,20230112025,2023,Uitsluitend materiele schade,2,bromfiets,personenauto,Flank,"Kruispunt, 4 takken",Binnen,30.0,Niet brandend,Overig asfalt,Droog,Daglicht,Droog,Beukenweg,amsterdam,POINT (122997 485674),POINT (4.917418617593776 52.358029008579194),4.917418617593776,52.3580290085792,1,1,2,1
1171,74616,20230020338,2023,Uitsluitend materiele schade,2,bromfiets,personenauto,Flank,"Kruispunt, 4 takken",Binnen,50.0,Brandend,ZOAB,Droog,Schemer,Droog,Donauweg,amsterdam,POINT (117232.82699999958 489691.0080000013),POINT (4.832355913019758 52.39376469840235),4.832355913019758,52.39376469840235,1,1,2,1
1172,74655,20230024365,2023,Uitsluitend materiele schade,1,bromfiets,unknown,Onbekend,Rechte weg,Binnen,50.0,Niet brandend,Overig asfalt,Nat,Daglicht,Regen,De Lairessestraat,amsterdam,POINT (119845.0709999986 485187.0249999985),POINT (4.871202720439713 52.35345976820632),4.871202720439713,52.35345976820632,1,1,2,1
1173,74675,20230020400,2023,Letsel,2,snorfiets,voetganger,Voetganger,"Kruispunt, 4 takken",Binnen,50.0,Brandend,Overig asfalt,Nat,Schemer,Regen,Pieter Calandlaan,amsterdam,POINT (114277.85310000181 484825.19299999997),POINT (4.789535259324848 52.34982349216408),4.789535259324848,52.34982349216408,1,1,1,1
1174,74691,20230076989,2023,Uitsluitend materiele schade,2,snorfiets,bestelauto,Flank,"Kruispunt, 3 takken",Binnen,50.0,Niet aanwezig,Overig asfalt,Droog,Daglicht,Droog,Wolbrantskerkweg,amsterdam,POINT (114935.62029999867 485252.6816000007),POINT (4.79913775137813 52.35371377819516),4.79913775137813,52.35371377819516,1,1,2,1
1175,74698,20230020437,2023,Uitsluitend materiele schade,2,fiets,personenauto,Flank,"Kruispunt, 4 takken",Binnen,50.0,Niet brandend,Overig asfalt,Nat,Daglicht,Droog,Jan Tooropstraat,amsterdam,POINT (117486.56469999999 486582.66039999947),POINT (4.836430549478159 52.365846723702504),4.836430549478159,52.3658467237025,1,1,2,1
1176,74724,20230077356,2023,Letsel,2,fiets,voetganger,Voetganger,Rechte weg,Binnen,30.0,Niet brandend,Klinkers,Droog,Daglicht,Droog,Warmoesstraat,amsterdam,POINT (121583.96200000122 487481.12099999934),POINT (4.896497141272079 52.37418602904772),4.896497141272079,52.37418602904772,1,1,1,1
1177,74782,20230020551,2023,Uitsluitend materiele schade,2,fiets,fiets,Flank,"Kruispunt, 4 takken",Binnen,30.0,Niet brandend,Klinkers,Droog,Daglicht,Droog,Vrijheidslaan,amsterdam,POINT (122362.98699999973 484442.1196000017),POINT (4.908231473023119 52.34692037705785),4.908231473023119,52.34692037705785,1,1,2,1
1178,74788,20230023336,2023,Uitsluitend materiele schade,2,fiets,fiets,Flank,Rechte weg,Binnen,50.0,Niet brandend,Overig asfalt,Droog,Daglicht,Droog,Beethovenstraat,amsterdam,POINT (120316.91200000048 484805.04100000113),POINT (4.878167479908081 52.350056745879044),4.878167479908081,52.35005674587904,1,1,2,1
1179,74789,20230023959,2023,Uitsluitend materiele schade,2,personenauto,bromfiets,Flank,"Kruispunt, 4 takken",Binnen,50.0,Brandend,Klinkers,Droog,Schemer,Droog,Binnen Brouwersstraat,amsterdam,POINT (121165.81969999894 488103.1972000003),POINT (4.890294397945421 52.379751197289416),4.890294397945421,52.379751197289416,1,1,2,1
1180,74810,20230078777,2023,Uitsluitend materiele schade,3,personenauto,fiets,Onbekend,Rechte weg,Binnen,30.0,Brandend,Klinkers,Droog,Duisternis,Droog,Termini,amsterdam,POINT (123985.6649999991 490584.69200000167),POINT (4.931477905873735 52.40221966133159),4.931477905873735,52.40221966133159,1,1,2,1
1181,74865,20230078372,2023,Uitsluitend materiele schade,2,snorfiets,personenauto,Flank,Rechte weg,Binnen,50.0,Niet aanwezig,Overig asfalt,Droog,Daglicht,Droog,Jonas Daniël Meijerplein,amsterdam,POINT (122112.5390000008 486685.56599999964),POINT (4.904336747022143 52.36706804360523),4.904336747022143,52.36706804360523,1,1,2,1
1182,74924,20230036559,2023,Uitsluitend materiele schade,2,personenauto,fiets,Flank,Rechte weg,Binnen,30.0,Niet brandend,Klinkers,Droog,Daglicht,Droog,Paltrok,amsterdam,POINT (120980.67500000075 492576.0520000011),POINT (4.887121981171824 52.41993835115861),4.887121981171824,52.41993835115861,-1,0,2,0
1183,75049,20230020260,2023,Uitsluitend materiele schade,3,personenauto,fiets,Onbekend,"Kruispunt, 4 takken",Binnen,50.0,Brandend,ZOAB,Droog,Duisternis,Droog,Aletta Jacobslaan,amsterdam,POINT (117218.72659999877 484481.8467999995),POINT (4.832734274479098 52.346947827761994),4.832734274479098,52.346947827762,1,1,2,1
1184,75288,20230102850,2023,Uitsluitend materiele schade,2,bestelauto,fiets,Flank,Rechte weg,Binnen,50.0,Brandend,Overig asfalt,Nat,Duisternis,Sneeuw/Hagel,Meeuwenlaan,amsterdam,POINT (123533.66600000113 489102.97100000083),POINT (4.924975291544342 52.388877280346215),4.924975291544342,52.388877280346215,1,1,2,1
1185,75296,20230086737,2023,Uitsluitend materiele schade,1,bromfiets,unknown,Onbekend,Rechte weg,Binnen,Unknown,Niet brandend,ZOAB,Droog,Daglicht,Droog,Piet Heinkade,amsterdam,POINT (123007.36300000176 487766.6229999997),POINT (4.917371604479668 52.376836698636424),4.917371604479668,52.37683669863642,1,1,2,1
1186,75380,20230087491,2023,Uitsluitend materiele schade,2,personenauto,fiets,Flank,Rechte weg,Binnen,30.0,Niet brandend,Klinkers,Droog,Daglicht,Droog,Nieuwezijds Voorburgwal,amsterdam,POINT (121371.95499999821 487709.17500000075),POINT (4.893361155319228 52.37622267334553),4.893361155319228,52.37622267334553,1,1,2,1
1187,75478,20210074707,2021,Letsel,3,e-bike,fiets,Frontaal,Rechte weg,Binnen,50.0,Niet brandend,Klinkers,Droog,Daglicht,Droog,Amsteldijk,amsterdam,POINT (121580.74100000039 482397.7650000006),POINT (4.896954724703837 52.328500017571194),4.896954724703837,52.3285000175712,1,1,1,1
1188,75534,20210080028,2021,Uitsluitend materiele schade,2,personenauto,fiets,Frontaal,"Kruispunt, 4 takken",Binnen,50.0,Niet brandend,Overig asfalt,Droog,Daglicht,Droog,Hendrik Jacobszstraat,amsterdam,POINT (119143.3702000007 484892.7831999995),POINT (4.860934976385988 52.35076998625011),4.860934976385988,52.35076998625011,1,1,2,1
1189,75540,20210085168,2021,Letsel,2,fiets,vrachtauto,Frontaal,Rechte weg,Binnen,30.0,Niet brandend,Klinkers,Nat,Daglicht,Droog,Gerrit van der Veenstr,amsterdam,POINT (120340.3740000017 484676.51300000027),POINT (4.87852505211241 52.348903104403526),4.87852505211241,52.348903104403526,1,1,1,1
1190,75550,20210087205,2021,Letsel,2,bromfiets,fiets,Flank,"Kruispunt, 3 takken",Binnen,30.0,Niet brandend,Overig asfalt,Droog,Daglicht,Droog,IJburglaan,amsterdam,POINT (126290.1649999991 487111.56599999964),POINT (4.965636324151632 52.37113092138675),4.965636324151632,52.37113092138675,1,1,1,1
1191,75551,20210087207,2021,Letsel,3,e-bike,voetganger,Voetganger,Rechte weg,Binnen,50.0,Niet brandend,Unknown,Droog,Daglicht,Droog,Apollolaan,amsterdam,POINT (120265.66699999943 484901.4439999983),POINT (4.877405444546913 52.350919913021535),4.877405444546913,52.350919913021535,1,1,1,1
1192,75552,20210087302,2021,Uitsluitend materiele schade,3,bromfiets,fiets,Onbekend,Rechte weg,Binnen,50.0,Brandend,Overig asfalt,Droog,Duisternis,Droog,Piet Heinkade,amsterdam,POINT (123007.36300000176 487766.6229999997),POINT (4.917371604479668 52.376836698636424),4.917371604479668,52.37683669863642,1,1,2,1
1193,75571,20210087401,2021,Uitsluitend materiele schade,2,personenauto,fiets,Frontaal,"Kruispunt, 3 takken",Binnen,50.0,Niet brandend,Klinkers,Droog,Daglicht,Droog,Westzaanstraat,amsterdam,POINT (120523.0011 488994.8828999996),POINT (4.880762391669582 52.3877250154224),4.880762391669582,52.3877250154224,1,1,2,1
1194,75585,20210088324,2021,Letsel,4,personenauto,fiets,Onbekend,Rechte weg,Binnen,50.0,Brandend,Overig asfalt,Droog,Duisternis,Droog,Van Baerlestraat,amsterdam,POINT (120471.14999999851 485435.1799999997),POINT (4.880366445603593 52.35572971559504),4.880366445603593,52.35572971559504,1,1,1,1
1195,75630,20210018315,2021,Uitsluitend materiele schade,2,personenauto,fiets,Voetganger,Rechte weg,Binnen,30.0,Niet brandend,Beton,Droog,Daglicht,Droog,Westerstraat,amsterdam,POINT (120486.36400000006 487888.94200000167),POINT (4.88033786526293 52.37778333651051),4.88033786526293,52.37778333651051,1,1,2,1
1196,75659,20210027412,2021,Uitsluitend materiele schade,2,personenauto,bromfiets,Kop/staart,Rechte weg,Binnen,50.0,Niet brandend,Overig asfalt,Droog,Daglicht,Droog,Nieuwezijds Voorburgwal,amsterdam,POINT (121422.3440000005 487735.7950000018),POINT (4.894098454578394 52.376464998578),4.894098454578394,52.376464998578,1,1,2,1
1197,75667,20210006045,2021,Uitsluitend materiele schade,2,bromfiets,overig vast object,Vast voorwerp,Rechte weg,Binnen,30.0,Niet brandend,Overig asfalt,Droog,Daglicht,Droog,Pieter Calandlaan,amsterdam,POINT (114949.95600000024 485045.65900000185),POINT (4.799372805102581 52.35185426694417),4.799372805102581,52.35185426694417,1,1,2,1
1198,75918,20210006406,2021,Uitsluitend materiele schade,2,personenauto,fiets,Flank,Rechte weg,Binnen,50.0,Brandend,Overig asfalt,Nat,Duisternis,Droog,De Boelelaan,amsterdam,POINT (119878.6090000011 483132),POINT (4.871909395634597 52.33499274897419),4.871909395634597,52.33499274897419,1,1,2,1
1199,76042,20210074218,2021,Uitsluitend materiele schade,2,bromfiets,personenauto,Flank,Rechte weg,Binnen,50.0,Brandend,Overig asfalt,Droog,Duisternis,Droog,Stadhouderskade,amsterdam,POINT (121734.39799999818 485642.9299999997),POINT (4.8988880516220314 52.35767477164537),4.898888051622032,52.35767477164537,1,1,2,1
1200,76083,20210053176,2021,Letsel,1,fiets,unknown,Eenzijdig,Rechte weg,Binnen,30.0,Brandend,ZOAB,Droog,Duisternis,Droog,Plesmanlaan,amsterdam,POINT (115510.44099999964 484843.52600000054),POINT (4.807622597478745 52.35007822020736),4.807622597478745,52.35007822020736,1,1,1,1
1201,76095,20210065662,2021,Uitsluitend materiele schade,2,snorfiets,fiets,Onbekend,"Kruispunt, 4 takken",Binnen,50.0,Niet brandend,Overig asfalt,Nat,Daglicht,Regen,Bloemgracht,amsterdam,POINT (120206.20100000128 487469.3680000007),POINT (4.8762669961352305 52.37399483073155),4.876266996135231,52.37399483073155,1,1,2,1
1202,76106,20210045963,2021,Letsel,3,fiets,e-bike,Onbekend,Rechte weg,Binnen,50.0,Niet brandend,Overig asfalt,Droog,Daglicht,Droog,Molukkenstraat,amsterdam,POINT (124541.13599999994 485971.9050000012),POINT (4.940057990722529 52.36079416817566),4.940057990722529,52.36079416817566,1,1,1,1
1203,76175,20210055036,2021,Uitsluitend materiele schade,2,personenauto,bromfiets,Onbekend,Rechte weg,Binnen,50.0,Brandend,Overig asfalt,Droog,Duisternis,Droog,TORONTOBRUG 0350,amsterdam,POINT (122075.32770000026 485756.7972000018),POINT (4.90388134824263 52.358718671346416),4.90388134824263,52.358718671346416,1,1,2,1
1204,76205,20210056986,2021,Uitsluitend materiele schade,2,bestelauto,fiets,Los voorwerp,Rechte weg,Binnen,50.0,Niet brandend,Overig asfalt,Nat,Daglicht,Droog,Gyroscoopweg,amsterdam,POINT (117762.80700000003 490272.8440000005),POINT (4.84007711706196 52.39902998364813),4.84007711706196,52.39902998364813,1,1,2,1
1205,76312,20210062128,2021,Uitsluitend materiele schade,2,fiets,bromfiets,Flank,Rechte weg,Binnen,50.0,Niet brandend,Unknown,Nat,Daglicht,Droog,Admiraal De Ruijterweg,amsterdam,POINT (119204.39600000158 487156.8819999993),POINT (4.8615896320530565 52.37112204743675),4.8615896320530565,52.37112204743675,1,1,2,1
1206,76357,20210051690,2021,Uitsluitend materiele schade,2,bromfiets,fiets,Flank,"Kruispunt, 3 takken",Binnen,30.0,Niet brandend,Overig asfalt,Droog,Daglicht,Droog,Admiraal De Ruijterweg,amsterdam,POINT (119053.6959999986 487289.5870000012),POINT (4.859362684353805 52.37230485729369),4.859362684353805,52.37230485729369,1,1,2,1
1207,76419,20210054185,2021,Letsel,2,bromfiets,personenauto,Flank,"Kruispunt, 4 takken",Binnen,30.0,Niet brandend,Overig asfalt,Droog,Daglicht,Droog,Tefelenstraat,amsterdam,POINT (126599.45710000023 478471.9695999995),POINT (4.970906241421823 52.29349913386483),4.970906241421823,52.29349913386483,-1,0,1,0
1208,76441,20210037054,2021,Uitsluitend materiele schade,2,personenauto,fiets,Flank,"Kruispunt, 4 takken",Binnen,50.0,Niet brandend,Klinkers,Droog,Daglicht,Droog,Singel,amsterdam,POINT (121456.6708999984 488087.375),POINT (4.8945674482894255 52.37962684555959),4.8945674482894255,52.37962684555959,1,1,2,1
1209,76452,20210047581,2021,Uitsluitend materiele schade,1,fiets,unknown,Onbekend,Rechte weg,Binnen,50.0,Niet brandend,ZOAB,Droog,Daglicht,Droog,Vijzelgracht,amsterdam,POINT (121222.34200000018 486026.8379999995),POINT (4.891333133637981 52.361093829060934),4.891333133637981,52.36109382906093,1,1,2,1
1210,76527,20210067614,2021,Letsel,3,personenauto,fiets,Onbekend,Rechte weg,Binnen,30.0,Niet brandend,Klinkers,Droog,Daglicht,Droog,Kikkenstein,amsterdam,POINT (126955.2109999992 480961.56120000035),POINT (4.975913797421695 52.31589256744212),4.975913797421695,52.31589256744212,0,1,1,1
1211,76651,20230004058,2023,Uitsluitend materiele schade,1,bromfiets,unknown,Onbekend,Unknown,Unknown,Unknown,Unknown,Unknown,Unknown,Daglicht,Unknown,Beethovenstraat,amsterdam,POINT (120244.69299999997 483321.5210000016),POINT (4.877260749456915 52.33671930483808),4.877260749456915,52.33671930483808,1,1,2,1
1212,77148,20220081473,2022,Letsel,2,bromfiets,bestelauto,Flank,Rechte weg,Binnen,50.0,Brandend,Unknown,Droog,Daglicht,Droog,Amstelveenseweg,amsterdam,POINT (118890.36100000143 482700.6550000012),POINT (4.857456830575307 52.33105208747796),4.857456830575307,52.33105208747796,1,1,1,1
1213,77208,20220055285,2022,Letsel,2,snorfiets,bromfiets,Flank,"Kruispunt, 4 takken",Binnen,50.0,Niet brandend,Overig asfalt,Droog,Daglicht,Droog,Nassaukade,amsterdam,POINT (120110.57609999925 487490.4536000006),POINT (4.87486063566982 52.3741782652281),4.87486063566982,52.3741782652281,1,1,1,1
1214,77233,20220035825,2022,Uitsluitend materiele schade,2,fiets,personenauto,Kop/staart,"Kruispunt, 4 takken",Unknown,30.0,Niet brandend,Klinkers,Nat,Daglicht,Droog,Ceintuurbaan,amsterdam,POINT (121200.67799999937 485109.6319999993),POINT (4.891107268409261 52.35284927523217),4.891107268409261,52.35284927523217,1,1,2,1
1215,77315,20220081188,2022,Uitsluitend materiele schade,2,personenauto,fiets,Flank,Rechte weg,Binnen,30.0,Brandend,Klinkers,Droog,Duisternis,Droog,Prinsengracht,amsterdam,POINT (120644.22300000116 486637.3929999992),POINT (4.882784019641919 52.366545215052135),4.882784019641919,52.366545215052135,1,1,2,1
1216,77438,20220055784,2022,Letsel,1,e-bike,unknown,Eenzijdig,Rotonde,Binnen,50.0,Niet brandend,ZOAB,Nat,Daglicht,Droog,FIETSPAD,amsterdam,POINT (114844.98209999874 484563.8883999996),POINT (4.797889628859285 52.347516827910184),4.797889628859285,52.34751682791018,1,1,1,1
1217,77455,20220102522,2022,Letsel,2,fiets,e-bike,Flank,Rechte weg,Binnen,50.0,Niet brandend,Klinkers,Droog,Daglicht,Droog,Parnassusweg,amsterdam,POINT (119663.3900000006 483615.86400000006),POINT (4.8687010860651325 52.33932760127261),4.8687010860651325,52.33932760127261,1,1,1,1
1218,77483,20220103192,2022,Uitsluitend materiele schade,3,bromfiets,fiets,Onbekend,Rechte weg,Binnen,50.0,Niet brandend,ZOAB,Droog,Daglicht,Droog,Spaklerweg,amsterdam,POINT (123051.16699999943 484039.131000001),POINT (4.9183689563742785 52.34333900861394),4.918368956374279,52.34333900861394,1,1,2,1
1219,77501,20220054763,2022,Uitsluitend materiele schade,2,e-bike,brommobiel,Onbekend,Rechte weg,Binnen,50.0,Niet brandend,Overig asfalt,Nat,Daglicht,Regen,Jonas Daniël Meijerplein,amsterdam,POINT (122112.5390000008 486685.56599999964),POINT (4.904336747022143 52.36706804360523),4.904336747022143,52.36706804360523,1,1,2,1
1220,77513,20220102997,2022,Uitsluitend materiele schade,2,fiets,personenauto,Frontaal,"Kruispunt, 4 takken",Binnen,50.0,Niet brandend,Overig asfalt,Droog,Daglicht,Droog,Stadionplein,amsterdam,POINT (118980.46570000052 484063.27650000155),POINT (4.858632897079659 52.34330430773589),4.858632897079659,52.34330430773589,1,1,2,1
1221,77514,20220103240,2022,Letsel,2,personenauto,fiets,Flank,"Kruispunt, 4 takken",Binnen,50.0,Niet brandend,Overig asfalt,Nat,Daglicht,Regen,Haarlemmermeerstraat,amsterdam,POINT (118425.34540000185 485352.3557999991),POINT (4.850346975414561 52.3548529687905),4.850346975414561,52.3548529687905,1,1,1,1
1222,77565,20220055052,2022,Uitsluitend materiele schade,2,bromfiets,fiets,Onbekend,Rechte weg,Binnen,30.0,Niet brandend,Overig asfalt,Droog,Daglicht,Droog,De Ruijterkade,amsterdam,POINT (122075.42199999839 487976.813000001),POINT (4.903665308764588 52.37867064683632),4.903665308764588,52.37867064683632,1,1,2,1
1223,77809,20230003960,2023,Letsel,2,bromfiets,personenauto,Kop/staart,Rechte weg,Binnen,50.0,Niet brandend,Overig asfalt,Droog,Daglicht,Droog,Tussen Meer,amsterdam,POINT (115108.33100000024 485777.4079999998),POINT (4.801610450409611 52.358442172349946),4.801610450409611,52.358442172349946,1,1,1,1
1224,77905,20230004064,2023,Uitsluitend materiele schade,2,bromfiets,personenauto,Flank,"Kruispunt, 3 takken",Binnen,50.0,Niet brandend,Overig asfalt,Nat,Daglicht,Regen,Haarlemmerweg,amsterdam,POINT (118871.33229999989 488698.3977999985),POINT (4.856533448919866 52.38495420818772),4.856533448919866,52.38495420818772,1,1,2,1
1225,77906,20230004417,2023,Uitsluitend materiele schade,2,personenauto,bromfiets,Kop/staart,Rechte weg,Binnen,50.0,Niet brandend,Overig asfalt,Nat,Daglicht,Regen,Bernard Kochstraat,amsterdam,POINT (119046.13100000098 484698.48099999875),POINT (4.859528611224679 52.34901738126201),4.859528611224679,52.34901738126201,1,1,2,1
1226,77971,20230004126,2023,Letsel,3,bromfiets,voetganger,Voetganger,"Kruispunt, 3 takken",Binnen,30.0,Niet aanwezig,Klinkers,Nat,Daglicht,Regen,Cuyperspassage,amsterdam,POINT (121784.16829999909 488181.9800999984),POINT (4.899367745232183 52.38049699937711),4.899367745232183,52.38049699937711,1,1,1,1
1227,78411,20210065521,2021,Letsel,3,personenauto,fiets,Onbekend,"Kruispunt, 4 takken",Binnen,50.0,Niet aanwezig,Overig asfalt,Droog,Daglicht,Unknown,Orteliuskade,amsterdam,POINT (118308.34200000018 487008.1779999994),POINT (4.848448957487902 52.369726469773525),4.848448957487902,52.369726469773525,1,1,1,1
1228,78452,20210030985,2021,Letsel,2,snorfiets,fiets,Frontaal,Rechte weg,Binnen,30.0,Niet brandend,Overig asfalt,Droog,Schemer,Droog,Noordzijde,amsterdam,POINT (116671.20199999958 487453.5850000009),POINT (4.82436060282327 52.373617615094965),4.82436060282327,52.373617615094965,1,1,1,1
1229,78455,20210056255,2021,Letsel,1,bromfiets,unknown,Eenzijdig,Rechte weg,Binnen,50.0,Niet brandend,Overig asfalt,Nat,Daglicht,Droog,Kinkerstraat,amsterdam,POINT (119328.95199999958 486470.4470000006),POINT (4.863491346588333 52.36496097839189),4.863491346588333,52.36496097839189,1,1,1,1
1230,78526,20210034069,2021,Letsel,2,fiets,trein/tram,Flank,Rechte weg,Binnen,50.0,Brandend,Overig asfalt,Droog,Duisternis,Droog,Leidsekade,amsterdam,POINT (120457.42000000179 486502.93499999866),POINT (4.880055246999378 52.3653250855379),4.880055246999378,52.3653250855379,1,1,1,1
1231,78578,20220177097,2022,Uitsluitend materiele schade,3,personenauto,fiets,Onbekend,Rechte weg,Binnen,50.0,Brandend,Overig asfalt,Droog,Duisternis,Droog,Tussen Meer,amsterdam,POINT (115108.33100000024 485777.4079999998),POINT (4.801610450409611 52.358442172349946),4.801610450409611,52.358442172349946,1,1,2,1
1232,78594,20220123192,2022,Uitsluitend materiele schade,2,bromfiets,fiets,Flank,Rechte weg,Binnen,50.0,Niet brandend,Overig asfalt,Droog,Daglicht,Unknown,De Ruijterkade,amsterdam,POINT (122344.08199999854 487857.875),POINT (4.907622346415534 52.377617760564576),4.907622346415534,52.377617760564576,1,1,2,1
1233,78641,20220178168,2022,Uitsluitend materiele schade,2,personenauto,fiets,Flank,"Kruispunt, 4 takken",Binnen,30.0,Niet brandend,Overig asfalt,Droog,Daglicht,Droog,Javastraat,amsterdam,POINT (123892.3440000005 486255.19299999997),POINT (4.930507590715959 52.36330382094795),4.930507590715959,52.36330382094795,1,1,2,1
1234,78668,20220177944,2022,Uitsluitend materiele schade,2,bestelauto,fiets,Voetganger,"Kruispunt, 3 takken",Binnen,30.0,Niet brandend,Klinkers,Droog,Daglicht,Droog,Stuurmankade,amsterdam,POINT (125017.22670000046 487251.43609999865),POINT (4.9469328602545275 52.37231996298582),4.946932860254528,52.37231996298582,1,1,2,1
1235,78682,20220123463,2022,Uitsluitend materiele schade,2,personenauto,bromfiets,Flank,"Kruispunt, 3 takken",Binnen,50.0,Niet brandend,Overig asfalt,Droog,Daglicht,Droog,Stadhouderskade,amsterdam,POINT (121069.2901000008 485741.8156000003),POINT (4.889115098978945 52.35852281204646),4.889115098978945,52.35852281204646,1,1,2,1
1236,78729,20220142348,2022,Uitsluitend materiele schade,2,bromfiets,bestelauto,Kop/staart,Rechte weg,Binnen,30.0,Niet brandend,Klinkers,Droog,Daglicht,Droog,Herengracht,amsterdam,POINT (120938.49399999902 486965.8359999992),POINT (4.887071146009482 52.369515356796164),4.887071146009482,52.36951535679616,1,1,2,1
1237,78763,20220142413,2022,Uitsluitend materiele schade,3,personenauto,fiets,Onbekend,Rotonde,Binnen,50.0,Niet brandend,Overig asfalt,Droog,Daglicht,Droog,Meeuwenlaan,amsterdam,POINT (123472.12440000102 489007.4360000007),POINT (4.924080264583454 52.388015147691924),4.924080264583454,52.38801514769192,1,1,2,1
1238,78892,20220155453,2022,Letsel,2,motor,fiets,Flank,"Kruispunt, 4 takken",Binnen,50.0,Niet brandend,Overig asfalt,Droog,Daglicht,Droog,Amstelveenseweg,amsterdam,POINT (118927.88720000163 484489.4283000007),POINT (4.857815689528913 52.34713081361449),4.857815689528913,52.34713081361449,1,1,1,1
1239,78912,20220141447,2022,Uitsluitend materiele schade,2,snorfiets,fiets,Frontaal,Rechte weg,Binnen,30.0,Brandend,ZOAB,Droog,Duisternis,Droog,Marnixstraat,amsterdam,POINT (120316.61699999869 486883.66000000015),POINT (4.877948799779006 52.36873789625751),4.877948799779006,52.36873789625751,1,1,2,1
1240,78942,20220141517,2022,Uitsluitend materiele schade,2,snorfiets,personenauto,Flank,"Kruispunt, 3 takken",Binnen,50.0,Niet brandend,Overig asfalt,Droog,Daglicht,Droog,Amsteldijk,amsterdam,POINT (122130.78979999945 485531.6279999986),POINT (4.904717488153162 52.35669832240536),4.904717488153162,52.35669832240536,1,1,2,1
1241,78988,20220155672,2022,Letsel,2,bromfiets,fiets,Flank,Rotonde,Binnen,50.0,Brandend,Overig asfalt,Droog,Duisternis,Droog,WETERINGCIRCUIT,amsterdam,POINT (121175.95160000026 485789.5650999993),POINT (4.890675988625128 52.358958529181336),4.890675988625128,52.358958529181336,1,1,1,1
1242,79134,20230049626,2023,Letsel,2,personenauto,fiets,Geparkeerd voertuig,Rechte weg,Binnen,50.0,Niet brandend,Overig asfalt,Droog,Daglicht,Droog,Olympiaweg,amsterdam,POINT (119260.68899999931 484669.97399999946),POINT (4.862680464433629 52.34877517673395),4.862680464433629,52.34877517673395,1,1,1,1