,Unnamed: 0,accident_id,accident_year,outcome,num_parties,party1_type,party2_type,accident_nature,road_situation,built_up_area,speed_limit_kmh,street_lighting,road_surface,road_condition,light_condition,weather_condition,street_name,municipality,shape,geometry,longitude,latitude,cluster,future_hotspot_spatial,outcome_encoded,future_hotspot_pred
1408,88890,20220055507,2022,Uitsluitend materiele schade,2,personenauto,fiets,Flank,Rechte weg,Binnen,50.0,Brandend,Beton,Droog,Duisternis,Unknown,Haarlemmerweg,amsterdam,POINT (119936.41299999878 488742.16099999845),POINT (4.872172555081724 52.385416584646684),4.872172555081724,52.38541658464669,1,1,2,1
1409,88931,20220054271,2022,Uitsluitend materiele schade,2,bromfiets,personenauto,Flank,Rechte weg,Binnen,50.0,Brandend,Overig asfalt,Nat,Duisternis,Regen,Bos en Lommerweg,amsterdam,POINT (118791.83999999985 488286.9910000004),POINT (4.855410230626212 52.38125156351115),4.855410230626212,52.38125156351115,1,1,2,1
1410,88932,20220054273,2022,Uitsluitend materiele schade,1,bromfiets,unknown,Eenzijdig,Rechte weg,Binnen,30.0,Niet brandend,Klinkers,Nat,Daglicht,Regen,Speerstraat,amsterdam,POINT (119227.2650000006 484760.89550000057),POINT (4.862180275355617 52.34959014054383),4.862180275355617,52.34959014054383,1,1,2,1
1411,88972,20220054402,2022,Uitsluitend materiele schade,1,bromfiets,unknown,Onbekend,Rechte weg,Binnen,50.0,Brandend,Overig asfalt,Nat,Duisternis,Droog,Houtmankade,amsterdam,POINT (120782.86199999973 489172.2490000017),POINT (4.884561345881931 52.38933531001602),4.884561345881931,52.38933531001602,1,1,2,1
1412,88978,20220055666,2022,Uitsluitend materiele schade,2,bestelauto,snorfiets,Eenzijdig,Rechte weg,Binnen,50.0,Niet brandend,Overig asfalt,Droog,Daglicht,Droog,Heemstedestraat,amsterdam,POINT (118180.26399999857 484991.0179999992),POINT (4.8467892713222716 52.35158915753174),4.846789271322272,52.35158915753174,1,1,2,1
1413,89073,20220102488,2022,Uitsluitend materiele schade,2,brommobiel,fiets,Flank,"Kruispunt, 4 takken",Binnen,50.0,Brandend,Overig asfalt,Droog,Duisternis,Droog,FIETSPAD,amsterdam,POINT (117743.06010000035 488682.6785000004),POINT (4.839963436873867 52.3847375174008),4.839963436873867,52.3847375174008,1,1,2,1
1414,89090,20220055829,2022,Uitsluitend materiele schade,3,fiets,fiets,Onbekend,Rechte weg,Binnen,50.0,Niet brandend,Beton,Droog,Daglicht,Droog,IJdoornlaan,amsterdam,POINT (122672.85099999979 492046.0480000004),POINT (4.912047143571218 52.41527744787802),4.912047143571218,52.41527744787802,1,1,2,1
1415,89143,20220102663,2022,Uitsluitend materiele schade,3,personenauto,fiets,Flank,Rechte weg,Binnen,50.0,Unknown,Klinkers,Droog,Daglicht,Droog,Amstelkade,amsterdam,POINT (122220.09299999848 484687.3229999989),POINT (4.906110583105559 52.34911560106351),4.906110583105559,52.34911560106351,1,1,2,1
1416,89441,20230004174,2023,Uitsluitend materiele schade,2,bestelauto,bromfiets,Flank,"Kruispunt, 4 takken",Binnen,50.0,Niet brandend,Beton,Droog,Daglicht,Droog,Jan van Galenstraat,amsterdam,POINT (119606.50600000098 487668.313000001),POINT (4.867440032628731 52.37574447456449),4.867440032628731,52.37574447456449,1,1,2,1
1417,89536,20230004443,2023,Uitsluitend materiele schade,2,bestelauto,fiets,Geparkeerd voertuig,Rechte weg,Binnen,30.0,Niet brandend,Overig asfalt,Droog,Daglicht,Droog,Overtoom,amsterdam,POINT (120068.87999999896 486201.80700000003),POINT (4.874382260170822 52.362594189444394),4.874382260170822,52.3625941894444,1,1,2,1
1418,89780,20210069658,2021,Letsel,2,personenauto,fiets,Flank,Rechte weg,Binnen,50.0,Niet brandend,Overig asfalt,Nat,Daglicht,Regen,Meibergdreef,amsterdam,POINT (125925.9840000011 478583.2250000015),POINT (4.9610250848615856 52.29446388121202),4.9610250848615856,52.29446388121202,0,1,1,1
1419,89781,20210070122,2021,Letsel,2,personenauto,fiets,Flank,"Kruispunt, 4 takken",Binnen,50.0,Niet brandend,Overig asfalt,Droog,Daglicht,Droog,Sarphatistraat,amsterdam,POINT (122350.29199999943 486026.3500000015),POINT (4.907891427006411 52.361157641612415),4.907891427006411,52.361157641612415,1,1,1,1
1420,89816,20210021953,2021,Letsel,2,bromfiets,voetganger,Voetganger,Rechte weg,Binnen,50.0,Niet brandend,Overig asfalt,Droog,Daglicht,Droog,Rijnstraat,amsterdam,POINT (122202.66000000015 484170.8969999999),POINT (4.905905061654983 52.344473258815455),4.905905061654983,52.344473258815455,1,1,1,1
1421,90066,20230004214,2023,Letsel,3,personenauto,fiets,Onbekend,"Kruispunt, 4 takken",Binnen,50.0,Niet brandend,Klinkers,Droog,Daglicht,Droog,Olympiaplein,amsterdam,POINT (119542.8658999987 484827.82919999957),POINT (4.866805002904878 52.35021214903571),4.866805002904878,52.35021214903571,1,1,1,1
1422,90227,20220142071,2022,Uitsluitend materiele schade,2,bestelauto,bromfiets,Frontaal,Rotonde,Binnen,50.0,Unknown,ZOAB,Droog,Daglicht,Unknown,Softwareweg,amsterdam,POINT (120926.27120000124 491419.6314000003),POINT (4.886439769220668 52.409541983850495),4.886439769220668,52.409541983850495,1,1,2,1
1423,90276,20220177882,2022,Uitsluitend materiele schade,2,personenauto,fiets,Flank,Rechte weg,Binnen,30.0,Brandend,ZOAB,Droog,Duisternis,Droog,Weteringschans,amsterdam,POINT (121056.30999999866 485918.3920000009),POINT (4.888906742926325 52.36010895715839),4.888906742926325,52.36010895715839,1,1,2,1
1424,90294,20220142227,2022,Letsel,2,personenauto,bromfiets,Flank,"Kruispunt, 4 takken",Binnen,50.0,Niet brandend,Overig asfalt,Droog,Daglicht,Droog,Heemstedestraat,amsterdam,POINT (117769.89539999887 484999.69260000065),POINT (4.840765462190824 52.351639466335016),4.840765462190824,52.351639466335016,1,1,1,1
1425,90461,20220142582,2022,Uitsluitend materiele schade,2,bromfiets,voetganger,Voetganger,"Kruispunt, 4 takken",Binnen,50.0,Brandend,Klinkers,Droog,Duisternis,Droog,Kerkstraat,amsterdam,POINT (121271.43510000035 486232.1684000008),POINT (4.892033222790585 52.362942213353975),4.892033222790585,52.362942213353975,1,1,2,1
1426,90484,20220123906,2022,Letsel,2,fiets,fiets,Kop/staart,Rechte weg,Binnen,15.0,Niet brandend,Overig asfalt,Droog,Daglicht,Droog,Westerpark,amsterdam,POINT (120455.68400000036 488861.86100000143),POINT (4.87978727176876 52.3865252819946),4.87978727176876,52.3865252819946,1,1,1,1
1427,90485,20220123917,2022,Uitsluitend materiele schade,2,bromfiets,bromfiets,Flank,"Kruispunt, 4 takken",Binnen,50.0,Niet brandend,Klinkers,Droog,Schemer,Droog,Singel,amsterdam,POINT (121017.25759999827 487264.3436000012),POINT (4.888197430011961 52.37220301020308),4.888197430011961,52.37220301020308,1,1,2,1
1428,90486,20220123924,2022,Letsel,2,bromfiets,fiets,Frontaal,Rotonde,Binnen,Unknown,Brandend,ZOAB,Droog,Duisternis,Droog,Ookmeerweg,amsterdam,POINT (114136.15909999982 486261.9305000007),POINT (4.787281220336844 52.36272520867678),4.787281220336844,52.36272520867678,1,1,1,1
1429,90496,20220155395,2022,Letsel,2,personenauto,e-bike,Onbekend,"Kruispunt, 4 takken",Binnen,30.0,Niet brandend,Klinkers,Droog,Daglicht,Droog,Hoekenes,amsterdam,POINT (115185.6110999994 485143.53990000114),POINT (4.802819858658202 52.35275107078076),4.802819858658202,52.35275107078076,1,1,1,1
1430,90523,20220123979,2022,Letsel,2,personenauto,fiets,Flank,"Kruispunt, 4 takken",Binnen,50.0,Niet brandend,ZOAB,Droog,Daglicht,Droog,Oostelijke Handelskade,amsterdam,POINT (124161.5111999996 487499.35770000145),POINT (4.934345031363523 52.374500731003245),4.934345031363523,52.374500731003245,1,1,1,1
1431,90533,20220141387,2022,Uitsluitend materiele schade,2,bromfiets,personenauto,Flank,Rechte weg,Binnen,30.0,Brandend,Klinkers,Droog,Duisternis,Droog,Lijnbaansgracht,amsterdam,POINT (120588.86199999973 488311.4820000008),POINT (4.881799815918935 52.38158724916588),4.881799815918935,52.38158724916588,1,1,2,1
1432,90556,20220124042,2022,Letsel,2,personenauto,snorfiets,Flank,"Kruispunt, 4 takken",Binnen,50.0,Niet brandend,Overig asfalt,Droog,Daglicht,Droog,Pieter Calandlaan,amsterdam,POINT (114996.72679999843 485085.71119999886),POINT (4.8000544832067975 52.35221763193469),4.8000544832067975,52.35221763193469,1,1,1,1
1433,90560,20220141453,2022,Uitsluitend materiele schade,2,personenauto,fiets,Flank,Rotonde,Binnen,Unknown,Brandend,ZOAB,Nat,Duisternis,Droog,Schipluidenlaan,amsterdam,POINT (117453.10319999978 485535.7085000016),POINT (4.836056178542548 52.356435223432925),4.836056178542548,52.356435223432925,1,1,2,1
1434,90615,20220155620,2022,Uitsluitend materiele schade,1,snorfiets,unknown,Onbekend,Rechte weg,Binnen,Unknown,Niet brandend,Overig asfalt,Nat,Daglicht,Droog,Abcouderpad,amsterdam,POINT (125223.0540000014 480910.73800000176),POINT (4.950516058045231 52.315344758519956),4.950516058045231,52.31534475851996,0,1,2,1
1435,90721,20220141856,2022,Uitsluitend materiele schade,2,personenauto,e-bike,Onbekend,Rotonde,Binnen,50.0,Niet brandend,Overig asfalt,Droog,Daglicht,Droog,Volendammerweg,amsterdam,POINT (125714.5522999987 489448.02739999816),POINT (4.956980734259642 52.392099102946545),4.956980734259642,52.39209910294655,1,1,2,1
1436,90744,20230048945,2023,Uitsluitend materiele schade,2,personenauto,fiets,Flank,"Kruispunt, 3 takken",Binnen,50.0,Unknown,Beton,Droog,Daglicht,Droog,Middenweg,amsterdam,POINT (125257 483777),POINT (4.950760823631897 52.34110692580272),4.950760823631897,52.34110692580272,1,1,2,1
1437,90781,20230058384,2023,Uitsluitend materiele schade,2,fiets,fiets,Flank,"Kruispunt, 4 takken",Binnen,Unknown,Niet brandend,Klinkers,Droog,Daglicht,Droog,Apollolaan,amsterdam,POINT (119996.12909999862 484890.7738999985),POINT (4.873450675447867 52.35080691324531),4.873450675447867,52.35080691324531,1,1,2,1
1438,90782,20230059916,2023,Uitsluitend materiele schade,2,bromfiets,fiets,Flank,"Kruispunt, 4 takken",Binnen,50.0,Niet brandend,Overig asfalt,Droog,Daglicht,Droog,Amsteldijk,amsterdam,POINT (122142.39719999954 485457.1449000016),POINT (4.904895142482459 52.356029612268806),4.904895142482459,52.356029612268806,1,1,2,1
1439,90820,20230059529,2023,Letsel,2,personenauto,fiets,Flank,Rechte weg,Binnen,50.0,Niet brandend,Overig asfalt,Droog,Daglicht,Droog,Weteringschans,amsterdam,POINT (120914.3909999989 486054.6279999986),POINT (4.886809623000567 52.361324564275286),4.886809623000567,52.361324564275286,1,1,1,1
1440,90852,20230050198,2023,Uitsluitend materiele schade,1,fiets,unknown,Flank,Rechte weg,Binnen,50.0,Niet brandend,Overig asfalt,Droog,Daglicht,Droog,Bos en Lommerweg,amsterdam,POINT (117606.14200000092 488016.625),POINT (4.838026571539376 52.37874224452898),4.838026571539376,52.37874224452898,1,1,2,1
1441,90866,20230059592,2023,Letsel,2,personenauto,fiets,Flank,"Kruispunt, 4 takken",Binnen,50.0,Niet brandend,ZOAB,Droog,Daglicht,Droog,Sarphatistraat,amsterdam,POINT (123093.75979999825 486291.4578999989),POINT (4.918780372709457 52.36358394068061),4.918780372709457,52.36358394068061,1,1,1,1
1442,90886,20230059231,2023,Uitsluitend materiele schade,2,personenauto,fiets,Flank,"Kruispunt, 4 takken",Binnen,30.0,Niet brandend,Beton,Droog,Daglicht,Droog,Osdorper Ban,amsterdam,POINT (114378.45630000159 485986.61569999903),POINT (4.7908714631392515 52.360268875639065),4.790871463139252,52.360268875639065,1,1,2,1
1443,90888,20230059608,2023,Uitsluitend materiele schade,2,personenauto,fiets,Flank,Rotonde,Binnen,50.0,Brandend,Overig asfalt,Nat,Duisternis,Regen,Johan van Hasseltweg,amsterdam,POINT (123443.36780000106 488964.3883999996),POINT (4.923661906748472 52.38762661372296),4.923661906748472,52.38762661372296,1,1,2,1
1444,90925,20230048630,2023,Uitsluitend materiele schade,2,personenauto,fiets,Onbekend,"Kruispunt, 4 takken",Binnen,50.0,Niet brandend,Overig asfalt,Droog,Daglicht,Droog,Van Leijenberghlaan,amsterdam,POINT (120394.49639999866 482805.3647999987),POINT (4.879511679116339 52.33208988199755),4.879511679116339,52.33208988199755,1,1,2,1
1445,90952,20230049799,2023,Letsel,2,fiets,bromfiets,Flank,"Kruispunt, 3 takken",Binnen,50.0,Niet brandend,Overig asfalt,Droog,Daglicht,Droog,De Heusweg,amsterdam,POINT (122766.93780000135 482683.5042999983),POINT (4.914327917826309 52.331138884132315),4.914327917826309,52.33113888413232,1,1,1,1
1446,90969,20230059368,2023,Uitsluitend materiele schade,2,fiets,scootmobiel,Frontaal,"Kruispunt, 3 takken",Binnen,Unknown,Niet brandend,Overig asfalt,Droog,Daglicht,Droog,Pieter Calandlaan,amsterdam,POINT (116098.65080000088 485425.37209999934),POINT (4.8161879633118 52.35534936663315),4.8161879633118,52.35534936663315,1,1,2,1
1447,90992,20230059391,2023,Uitsluitend materiele schade,2,personenauto,snorfiets,Flank,"Kruispunt, 4 takken",Binnen,50.0,Niet brandend,Beton,Droog,Daglicht,Droog,Nassaukade,amsterdam,POINT (120218.34569999948 486842.688000001),POINT (4.876510177961057 52.368363454547456),4.876510177961057,52.368363454547456,1,1,2,1
1448,90998,20230066412,2023,Uitsluitend materiele schade,2,personenauto,fiets,Flank,Rechte weg,Binnen,30.0,Niet brandend,Overig asfalt,Nat,Daglicht,Droog,Weteringschans,amsterdam,POINT (120914.3909999989 486054.6279999986),POINT (4.886809623000567 52.361324564275286),4.886809623000567,52.361324564275286,1,1,2,1
1449,91012,20230065959,2023,Letsel,2,personenauto,fiets,Flank,"Kruispunt, 4 takken",Binnen,30.0,Niet brandend,ZOAB,Droog,Daglicht,Droog,Pieter Lastmankade,amsterdam,POINT (119066.91059999913 484685.7564000003),POINT (4.859834928605797 52.3489043807098),4.859834928605797,52.3489043807098,1,1,1,1
1450,91015,20230039998,2023,Letsel,2,fiets,unknown,Eenzijdig,Rechte weg,Binnen,30.0,Niet brandend,Klinkers,Unknown,Daglicht,Droog,Warmoesstraat,amsterdam,POINT (121454.96999999881 487352.4690000005),POINT (4.894615829745794 52.37302193127701),4.894615829745794,52.37302193127701,1,1,1,1
1451,91022,20230049924,2023,Letsel,2,e-bike,fiets,Flank,"Kruispunt, 3 takken",Binnen,30.0,Niet aanwezig,Klinkers,Droog,Daglicht,Droog,ms. van Riemsdijkweg,amsterdam,POINT (121425.19310000166 490632.1629999988),POINT (4.8938507133221245 52.40249558816093),4.8938507133221245,52.40249558816093,1,1,1,1
1452,91093,20230039565,2023,Letsel,1,bromfiets,unknown,Eenzijdig,"Kruispunt, 3 takken",Binnen,50.0,Unknown,Unknown,Droog,Daglicht,Droog,Spaarndammerdijk,amsterdam,POINT (119662.86300000176 489589.1629000008),POINT (4.868065542092662 52.39301124613381),4.868065542092662,52.39301124613381,1,1,1,1
1453,91094,20230040710,2023,Letsel,2,personenauto,fiets,Frontaal,"Kruispunt, 4 takken",Binnen,50.0,Niet brandend,Overig asfalt,Droog,Daglicht,Droog,Sarphatikade,amsterdam,POINT (121917.871199999 485763.8707000017),POINT (4.901569324398767 52.35877278398171),4.901569324398767,52.35877278398171,1,1,1,1
1454,91219,20220210993,2022,Uitsluitend materiele schade,2,personenauto,fiets,Flank,"Kruispunt, 4 takken",Binnen,30.0,Brandend,Overig asfalt,Droog,Duisternis,Droog,Johan Huizingalaan,amsterdam,POINT (116874.78229999915 485517.3872000016),POINT (4.827569511215957 52.35623073644463),4.827569511215957,52.35623073644463,1,1,2,1
1455,91220,20220211698,2022,Letsel,2,bromfiets,personenauto,Flank,"Kruispunt, 3 takken",Binnen,Unknown,Brandend,Overig asfalt,Nat,Schemer,Regen,President Allendelaan,amsterdam,POINT (116188.4990000017 487087.39400000125),POINT (4.8173149139057365 52.37029267647652),4.8173149139057365,52.37029267647652,1,1,1,1
1456,91292,20220211066,2022,Uitsluitend materiele schade,2,fiets,unknown,Flank,Rechte weg,Binnen,30.0,Brandend,Beton,Droog,Duisternis,Droog,Spuistraat,amsterdam,POINT (121054.69099999964 486941.30099999905),POINT (4.888779709610436 52.36930204797056),4.888779709610436,52.36930204797056,1,1,2,1
1457,91392,20220211242,2022,Letsel,2,bromfiets,bromfiets,Flank,Rechte weg,Binnen,50.0,Niet brandend,Klinkers,Nat,Daglicht,Regen,Burgemeester Fockstraat,amsterdam,POINT (117329.62299999967 488565.8370000012),POINT (4.833904124479462 52.38365922300584),4.833904124479462,52.38365922300584,1,1,1,1
1458,91571,20220210723,2022,Uitsluitend materiele schade,1,bromfiets,unknown,Flank,"Kruispunt, 3 takken",Binnen,30.0,Niet brandend,Klinkers,Droog,Daglicht,Droog,Brentanostraat,amsterdam,POINT (124834.57429999858 481201.30260000005),POINT (4.944793044301098 52.317935025591744),4.944793044301098,52.317935025591744,0,1,2,1
1459,91572,20220211418,2022,Uitsluitend materiele schade,2,bromfiets,personenauto,Flank,"Kruispunt, 4 takken",Binnen,Unknown,Niet aanwezig,Klinkers,Nat,Daglicht,Droog,Burg De Vlugtlaan,amsterdam,POINT (116673.14079999924 488254.93930000067),POINT (4.8242976669534645 52.38081968322935),4.8242976669534645,52.38081968322935,1,1,2,1
1460,91573,20220211423,2022,Letsel,2,vrachtauto,fiets,Flank,"Kruispunt, 4 takken",Binnen,50.0,Niet brandend,ZOAB,Droog,Daglicht,Droog,Derde Schinkelstraat,amsterdam,POINT (118808.4189000018 485163.24230000004),POINT (4.8559899915124625 52.353178720115196),4.855989991512463,52.3531787201152,1,1,1,1
1461,91610,20220212115,2022,Uitsluitend materiele schade,2,personenauto,fiets,Flank,"Kruispunt, 4 takken",Binnen,30.0,Niet brandend,ZOAB,Nat,Schemer,Droog,Jan van Galenstraat,amsterdam,POINT (118723.23660000041 487487.83570000157),POINT (4.85448896403016 52.374064835927776),4.85448896403016,52.374064835927776,1,1,2,1
1462,91978,20230111173,2023,Letsel,2,bestelauto,e-bike,Flank,"Kruispunt, 3 takken",Binnen,30.0,Niet brandend,Klinkers,Droog,Daglicht,Droog,J.H. van Heekweg,amsterdam,POINT (124556.71290000156 490798.69999999925),POINT (4.939849256728185 52.404174993059236),4.939849256728185,52.40417499305924,1,1,1,1
1463,91997,20230111341,2023,Letsel,2,bromfiets,fiets,Flank,Rechte weg,Binnen,50.0,Niet brandend,Overig asfalt,Droog,Daglicht,Droog,Ferdinand Bolstraat,amsterdam,POINT (121216.73099999875 484988.3830000013),POINT (4.891355055711306 52.351760558192886),4.891355055711306,52.351760558192886,1,1,1,1
1464,92070,20230067826,2023,Uitsluitend materiele schade,2,personenauto,fiets,Flank,Rechte weg,Binnen,50.0,Niet aanwezig,Overig asfalt,Droog,Daglicht,Droog,Eerste Kostverlorenkade,amsterdam,POINT (120023.89299999923 488057.04300000146),POINT (4.8735287880810745 52.37926483792694),4.8735287880810745,52.37926483792694,1,1,2,1
1465,92108,20230023785,2023,Uitsluitend materiele schade,2,bestelauto,fiets,Flank,"Kruispunt, 3 takken",Binnen,50.0,Niet brandend,Overig asfalt,Nat,Daglicht,Regen,Nassaukade,amsterdam,POINT (120367 486331),POINT (4.878745473182929 52.36377416193088),4.878745473182929,52.36377416193088,1,1,2,1
1466,92164,20230020996,2023,Uitsluitend materiele schade,2,personenauto,fiets,Flank,"Kruispunt, 3 takken",Binnen,50.0,Niet brandend,ZOAB,Nat,Daglicht,Harde windstoten/Regen,Ruys de Beerenbrouckstr,amsterdam,POINT (115460.1400000006 488438.6737000011),POINT (4.806461559201304 52.382384911824964),4.806461559201304,52.38238491182496,1,1,2,1
1467,92183,20230079115,2023,Letsel,2,fiets,scootmobiel,Flank,"Kruispunt, 4 takken",Binnen,50.0,Niet aanwezig,Overig asfalt,Droog,Daglicht,Droog,C. van Eesterenlaan,amsterdam,POINT (124426.10790000111 487378.03559999913),POINT (4.93824152190448 52.37342516421145),4.93824152190448,52.37342516421145,1,1,1,1
1468,92282,20230077239,2023,Letsel,2,personenauto,bromfiets,Flank,"Kruispunt, 4 takken",Binnen,50.0,Brandend,Overig asfalt,Droog,Duisternis,Droog,Osdorpplein,amsterdam,POINT (115468.48099999875 486017.3429999985),POINT (4.806868845532072 52.360624553959184),4.806868845532072,52.360624553959184,1,1,1,1
1469,92327,20230036499,2023,Letsel,3,fiets,fiets,Onbekend,Rechte weg,Buiten,30.0,Niet brandend,ZOAB,Droog,Daglicht,Droog,Van Eeghenlaan,amsterdam,POINT (120078.77899999917 485720.31799999997),POINT (4.874577576526279 52.35826753639601),4.874577576526279,52.35826753639601,1,1,1,1
1470,92365,20230077887,2023,Uitsluitend materiele schade,2,bromfiets,personenauto,Flank,"Kruispunt, 4 takken",Binnen,30.0,Niet brandend,Klinkers,Droog,Daglicht,Droog,Oltmansstraat,amsterdam,POINT (115929 487888),POINT (4.8134116609336965 52.37746947671655),4.8134116609336965,52.37746947671655,1,1,2,1
1471,92383,20230023531,2023,Uitsluitend materiele schade,2,bromfiets,personenauto,Kop/staart,Rechte weg,Binnen,50.0,Niet aanwezig,Overig asfalt,Droog,Daglicht,Droog,Leeuwenhoekstraat,amsterdam,POINT (122360.44999999925 485671.2120000012),POINT (4.908075010099445 52.35796650250044),4.908075010099445,52.35796650250044,1,1,2,1
1472,92397,20230078041,2023,Uitsluitend materiele schade,1,fiets,unknown,Eenzijdig,Rechte weg,Binnen,50.0,Brandend,Overig asfalt,Nat,Duisternis,Regen,Jan van Galenstraat,amsterdam,POINT (118380.98999999836 487355.1070000008),POINT (4.8494778298211445 52.37284925412981),4.8494778298211445,52.37284925412981,1,1,2,1
1473,92405,20230020213,2023,Uitsluitend materiele schade,2,snorfiets,personenauto,Geparkeerd voertuig,Rechte weg,Binnen,50.0,Brandend,Overig asfalt,Droog,Duisternis,Droog,De Clercqstraat,amsterdam,POINT (119614.0549999997 487061.811999999),POINT (4.867614743419443 52.370294177983176),4.867614743419443,52.370294177983176,1,1,2,1
1474,92453,20230077722,2023,Uitsluitend materiele schade,2,personenauto,fiets,Flank,Rechte weg,Binnen,50.0,Niet brandend,Overig asfalt,Droog,Schemer,Droog,Admiraal De Ruijterweg,amsterdam,POINT (118500.85000000149 488454.12999999896),POINT (4.8511184404277 52.38273441042085),4.8511184404277,52.38273441042085,1,1,2,1
1475,92506,20230088158,2023,Uitsluitend materiele schade,3,fiets,personenauto,Flank,"Kruispunt, 4 takken",Binnen,50.0,Brandend,Overig asfalt,Nat,Duisternis,Regen,Van Hallstraat,amsterdam,POINT (119804.2853000015 488527.6248999983),POINT (4.870254351186079 52.38348004073432),4.870254351186079,52.38348004073432,1,1,2,1
1476,92528,20230097553,2023,Uitsluitend materiele schade,2,bus,fiets,Flank,Rechte weg,Binnen,50.0,Brandend,Overig asfalt,Nat,Duisternis,Regen,Nobelweg,amsterdam,POINT (123424.80750000104 484874.4228999987),POINT (4.923773430523097 52.35086767816786),4.923773430523097,52.35086767816786,1,1,2,1
1477,92563,20230102631,2023,Letsel,3,personenauto,fiets,Flank,"Kruispunt, 4 takken",Binnen,50.0,Niet brandend,Overig asfalt,Nat,Daglicht,Droog,Nieuwe Keizersgracht,amsterdam,POINT (122363.00649999827 486550.77270000055),POINT (4.908027177082607 52.365871553795195),4.908027177082607,52.3658715537952,1,1,1,1
1478,92578,20230097622,2023,Letsel,2,fiets,voetganger,Voetganger,Rechte weg,Binnen,30.0,Niet brandend,Overig asfalt,Nat,Daglicht,Regen,Vondelpark,amsterdam,POINT (119699.30999999866 485568.6550000012),POINT (4.869023288430105 52.35688024429024),4.869023288430105,52.35688024429024,1,1,1,1
1479,92613,20230102697,2023,Uitsluitend materiele schade,2,personenauto,fiets,Flank,"Kruispunt, 4 takken",Binnen,50.0,Niet brandend,Unknown,Nat,Daglicht,Regen,Geervliet,amsterdam,POINT (120392 482620),POINT (4.879494101920576 52.3304237864746),4.879494101920576,52.3304237864746,1,1,2,1
1480,92706,20230102842,2023,Uitsluitend materiele schade,3,personenauto,e-bike,Los voorwerp,"Kruispunt, 3 takken",Binnen,50.0,Brandend,Overig asfalt,Nat,Duisternis,Droog,Witte de Withstraat,amsterdam,POINT (119062.26410000026 486455.6853),POINT (4.859577641320399 52.36481092642981),4.859577641320399,52.36481092642981,1,1,2,1
1481,92767,20230088020,2023,Letsel,2,personenauto,fiets,Onbekend,"Kruispunt, 4 takken",Binnen,30.0,Brandend,Overig asfalt,Droog,Duisternis,Droog,1e C Huygensstr,amsterdam,POINT (120254.2899999991 485924.3905999996),POINT (4.877132813378075 52.36011272614324),4.877132813378075,52.36011272614324,1,1,1,1
1482,92866,20210083080,2021,Uitsluitend materiele schade,2,bromfiets,personenauto,Flank,Rechte weg,Binnen,50.0,Brandend,Beton,Droog,Duisternis,Droog,President Steynstraat,amsterdam,POINT (122902.24100000039 484916.6330000013),POINT (4.916099913799144 52.351216759380094),4.916099913799144,52.351216759380094,1,1,2,1
1483,92893,20210074708,2021,Letsel,4,fiets,fiets,Frontaal,"Kruispunt, 4 takken",Binnen,30.0,Brandend,Overig asfalt,Nat,Duisternis,Unknown,Wiborgeiland,amsterdam,POINT (120305.7082999982 489671.8885000013),POINT (4.877500689909713 52.39379573601097),4.877500689909713,52.39379573601097,1,1,1,1
1484,92958,20210085170,2021,Uitsluitend materiele schade,2,fiets,fiets,Onbekend,Rechte weg,Binnen,30.0,Niet brandend,Unknown,Nat,Daglicht,Droog,Ceintuurbaan,amsterdam,POINT (120986.11199999973 485052.77800000086),POINT (4.8879637906639015 52.3523250693587),4.8879637906639015,52.3523250693587,1,1,2,1
1485,92975,20210084839,2021,Letsel,3,bromfiets,voetganger,Voetganger,"Kruispunt, 4 takken",Binnen,30.0,Brandend,Klinkers,Nat,Duisternis,Droog,Albert Cuypstraat,amsterdam,POINT (121139.10700000077 485342.18499999866),POINT (4.890180173393493 52.354935512968375),4.890180173393493,52.354935512968375,1,1,1,1
1486,93247,20210000854,2021,Letsel,2,personenauto,bromfiets,Flank,"Kruispunt, 4 takken",Binnen,50.0,Brandend,Overig asfalt,Droog,Duisternis,Droog,GEUZENVELD 5,amsterdam,POINT (117919 487307),POINT (4.842699404740209 52.37238590264793),4.842699404740209,52.37238590264793,1,1,1,1
1487,93367,20210011075,2021,Uitsluitend materiele schade,1,fiets,unknown,Onbekend,Unknown,Unknown,Unknown,Unknown,Unknown,Unknown,Daglicht,Unknown,Prinsengracht,amsterdam,POINT (120768.71400000155 486481.3909999989),POINT (4.88462764344588 52.3651509522404),4.88462764344588,52.3651509522404,1,1,2,1
1488,93370,20210014973,2021,Uitsluitend materiele schade,2,personenauto,bromfiets,Flank,"Kruispunt, 4 takken",Binnen,50.0,Niet brandend,Overig asfalt,Droog,Daglicht,Droog,Camperstraat,amsterdam,POINT (122715.80959999934 485703.0152999982),POINT (4.913288254005111 52.35827332694561),4.913288254005111,52.35827332694561,1,1,2,1
1489,93376,20210031219,2021,Uitsluitend materiele schade,2,personenauto,fiets,Flank,"Kruispunt, 3 takken",Binnen,50.0,Niet brandend,Overig asfalt,Droog,Daglicht,Unknown,Paul Scholtenstraat,amsterdam,POINT (116117.87889999896 488544.0190999992),POINT (4.816109459885464 52.38337865064007),4.816109459885464,52.38337865064007,1,1,2,1
1490,93499,20210065655,2021,Uitsluitend materiele schade,4,snorfiets,bromfiets,Flank,"Kruispunt, 4 takken",Binnen,50.0,Niet brandend,Overig asfalt,Droog,Daglicht,Droog,1e Hugo de Grootstraat,amsterdam,POINT (120180.89279999956 487654.3966999985),POINT (4.875876195901884 52.375656129013954),4.875876195901884,52.375656129013954,1,1,2,1