,Unnamed: 0,accident_id,accident_year,outcome,num_parties,party1_type,party2_type,accident_nature,road_situation,built_up_area,speed_limit_kmh,street_lighting,road_surface,road_condition,light_condition,weather_condition,street_name,municipality,shape,geometry,longitude,latitude,cluster,future_hotspot_spatial,outcome_encoded,future_hotspot_pred
1657,105006,20210014287,2021,Uitsluitend materiele schade,3,personenauto,fiets,Onbekend,"Kruispunt, 4 takken",Binnen,50.0,Niet aanwezig,ZOAB,Nat,Daglicht,Droog,Surinameplein,amsterdam,POINT (118640 485818),POINT (4.85344729572974 52.35905208858135),4.85344729572974,52.35905208858135,1,1,2,1
1658,105056,20210006490,2021,Letsel,2,bromfiets,personenauto,Frontaal,"Rechte weg, gescheiden rijbanen",Binnen,70.0,Niet brandend,Overig asfalt,Droog,Daglicht,Droog,Westpoortweg,amsterdam,POINT (115042.15100000054 490090.51900000125),POINT (4.800126078206962 52.397200024164974),4.800126078206962,52.397200024164974,-1,0,1,0
1659,105078,20210030000,2021,Letsel,2,fiets,personenauto,Frontaal,"Kruispunt, 3 takken",Binnen,50.0,Niet brandend,Klinkers,Droog,Daglicht,Droog,Doornburg,amsterdam,POINT (119183.60649999976 481760.2250000015),POINT (4.861858700556739 52.32261930706378),4.861858700556739,52.32261930706378,1,1,1,1
1660,105083,20210032055,2021,Uitsluitend materiele schade,1,bromfiets,unknown,Onbekend,Unknown,Unknown,30.0,Unknown,Unknown,Unknown,Schemer,Unknown,Oeverzeggestraat,amsterdam,POINT (127689.45199999958 485611.1270000003),POINT (4.986304465426119 52.35771724369773),4.986304465426119,52.35771724369773,1,1,2,1
1661,105132,20210073534,2021,Letsel,2,fiets,bromfiets,Onbekend,Unknown,Unknown,50.0,Unknown,Unknown,Unknown,Duisternis,Unknown,Nassaukade,amsterdam,POINT (120201.82999999821 486842.8370000012),POINT (4.876267674084931 52.368363747450786),4.876267674084931,52.36836374745079,1,1,1,1
1662,105141,20210073850,2021,Letsel,1,fiets,unknown,Eenzijdig,"Kruispunt, 4 takken",Binnen,30.0,Brandend,Klinkers,Droog,Schemer,Droog,Eerste Tuindwarsstraat,amsterdam,POINT (120709.19069999829 487891.7646000013),POINT (4.883609883478709 52.37782266562146),4.883609883478709,52.37782266562146,1,1,1,1
1663,105175,20210074699,2021,Letsel,2,fiets,e-bike,Frontaal,Rechte weg,Binnen,50.0,Niet aanwezig,Overig asfalt,Nat,Daglicht,Droog,Linnaeusstraat,amsterdam,POINT (123423.30299999937 486207.41800000146),POINT (4.923626221977457 52.36284768827744),4.923626221977457,52.36284768827744,1,1,1,1
1664,105191,20210059449,2021,Letsel,3,personenauto,bromfiets,Onbekend,"Kruispunt, 4 takken",Binnen,50.0,Niet brandend,Overig asfalt,Droog,Daglicht,Droog,Willem van Weldammelaan,amsterdam,POINT (120134.45800000057 482806.7324000001),POINT (4.875696695809716 52.332085743853135),4.875696695809716,52.332085743853135,1,1,1,1
1665,105227,20210060663,2021,Uitsluitend materiele schade,3,bestelauto,fiets,Onbekend,Rechte weg,Binnen,30.0,Niet brandend,Klinkers,Nat,Daglicht,Unknown,Kerkstraat,amsterdam,POINT (120930.92399999872 486400.56700000167),POINT (4.887017279176976 52.36443464820505),4.887017279176976,52.36443464820505,1,1,2,1
1666,105281,20210070111,2021,Uitsluitend materiele schade,2,personenauto,fiets,Flank,"Kruispunt, 4 takken",Binnen,50.0,Niet brandend,Klinkers,Nat,Daglicht,Unknown,Nobelweg,amsterdam,POINT (123424.80750000104 484874.4228999987),POINT (4.923773430523097 52.35086767816786),4.923773430523097,52.35086767816786,1,1,2,1
1667,105342,20210055885,2021,Uitsluitend materiele schade,2,bromfiets,personenauto,Flank,Rechte weg,Binnen,30.0,Niet brandend,Klinkers,Droog,Daglicht,Droog,Javastraat,amsterdam,POINT (124095.16600000113 486294.7710000016),POINT (4.933481527238447 52.36367097080379),4.933481527238447,52.36367097080379,1,1,2,1
1668,105344,20210057931,2021,Uitsluitend materiele schade,2,snorfiets,fiets,Flank,Rechte weg,Binnen,50.0,Brandend,Overig asfalt,Droog,Duisternis,Droog,Admiraal De Ruijterweg,amsterdam,POINT (118627.35000000149 488329.6070000008),POINT (4.852989830290551 52.38162368987951),4.852989830290551,52.38162368987951,1,1,2,1
1669,105472,20210043787,2021,Uitsluitend materiele schade,2,fiets,fiets,Flank,"Kruispunt, 4 takken",Binnen,50.0,Niet brandend,Overig asfalt,Droog,Daglicht,Droog,Geldersekade,amsterdam,POINT (122024.31199999899 487694.05099999905),POINT (4.902942468163898 52.37612631461478),4.902942468163898,52.37612631461478,1,1,2,1
1670,105538,20210047572,2021,Uitsluitend materiele schade,2,snorfiets,fiets,Flank,"Kruispunt, 4 takken",Binnen,30.0,Niet brandend,Klinkers,Droog,Daglicht,Droog,Willem Schoutenstraat,amsterdam,POINT (118518.41380000114 486706.0029999986),POINT (4.851566171446578 52.36702474233734),4.851566171446578,52.36702474233734,1,1,2,1
1671,105573,20210064141,2021,Uitsluitend materiele schade,2,personenauto,fiets,Flank,Rechte weg,Binnen,50.0,Niet brandend,Overig asfalt,Droog,Daglicht,Unknown,Ferdinand Bolstraat,amsterdam,POINT (121208.78799999878 484646.5879999995),POINT (4.891272800828604 52.348688245456216),4.891272800828604,52.348688245456216,1,1,2,1
1672,105632,20210051303,2021,Uitsluitend materiele schade,2,personenauto,fiets,Flank,"Kruispunt, 3 takken",Binnen,50.0,Brandend,Overig asfalt,Droog,Duisternis,Droog,Statenjachtstraat,amsterdam,POINT (123176.03040000051 490917.9323000014),POINT (4.919549858164489 52.40516821726187),4.919549858164489,52.40516821726187,1,1,2,1
1673,105643,20210069664,2021,Letsel,2,personenauto,snorfiets,Onbekend,"Kruispunt, 3 takken",Binnen,30.0,Brandend,Klinkers,Droog,Duisternis,Droog,Ookmeerweg,amsterdam,POINT (115271.4979000017 486628.72040000185),POINT (4.803904978716311 52.36610491418068),4.803904978716311,52.36610491418068,1,1,1,1
1674,105646,20210070502,2021,Uitsluitend materiele schade,3,snorfiets,personenauto,Onbekend,Rechte weg,Binnen,50.0,Niet brandend,Overig asfalt,Droog,Daglicht,Droog,Kabelweg,amsterdam,POINT (118247.58100000024 489334.04399999976),POINT (4.847302388480771 52.39062548716301),4.847302388480771,52.39062548716301,1,1,2,1
1675,106201,20220016380,2022,Uitsluitend materiele schade,2,personenauto,bromfiets,Flank,"Kruispunt, 3 takken",Binnen,50.0,Brandend,ZOAB,Nat,Duisternis,Unknown,Rhôneweg,amsterdam,POINT (117115.5390000008 489289.0309000015),POINT (4.830678234938989 52.39014397259998),4.830678234938989,52.39014397259998,1,1,2,1
1676,106302,20220016738,2022,Uitsluitend materiele schade,2,personenauto,fiets,Flank,"Kruispunt, 4 takken",Binnen,30.0,Niet brandend,Overig asfalt,Droog,Daglicht,Droog,Burg Van Leeuwenlaan,amsterdam,POINT (115851.62900000066 487712.436999999),POINT (4.812295907257351 52.37588614777127),4.812295907257351,52.37588614777127,1,1,2,1
1677,106363,20220080999,2022,Letsel,3,fiets,fiets,Onbekend,Rechte weg,Binnen,50.0,Niet brandend,Beton,Droog,Daglicht,Droog,Haarlemmermeerstraat,amsterdam,POINT (118425.34540000185 485352.3557999991),POINT (4.850346975414561 52.3548529687905),4.850346975414561,52.3548529687905,1,1,1,1
1678,106377,20220036010,2022,Letsel,2,bromfiets,personenauto,Eenzijdig,"Kruispunt, 3 takken",Binnen,50.0,Niet brandend,Overig asfalt,Droog,Daglicht,Droog,Hendrikje Stoffelsstraat,amsterdam,POINT (117847.74300000072 485519.61100000143),POINT (4.841850591603205 52.35631738033681),4.841850591603205,52.35631738033681,1,1,1,1
1679,106378,20220036012,2022,Uitsluitend materiele schade,2,personenauto,bromfiets,Flank,Rechte weg,Binnen,50.0,Niet brandend,ZOAB,Droog,Daglicht,Droog,Gustav Mahlerlaan,amsterdam,POINT (119741.91800000146 483319.6039999984),POINT (4.869884325176059 52.33667005841467),4.869884325176059,52.33667005841467,1,1,2,1
1680,106390,20220081075,2022,Uitsluitend materiele schade,2,bromfiets,personenauto,Kop/staart,"Kruispunt, 4 takken",Binnen,50.0,Niet brandend,Overig asfalt,Droog,Daglicht,Droog,Violettenstraat,amsterdam,POINT (120797.48950000107 487981.25499999896),POINT (4.884897481560511 52.37863244767734),4.884897481560511,52.37863244767734,1,1,2,1
1681,106512,20220055745,2022,Letsel,2,personenauto,bromfiets,Flank,Rechte weg,Binnen,50.0,Niet brandend,Overig asfalt,Droog,Daglicht,Droog,Willem de Zwijgerlaan,amsterdam,POINT (118811.86899999902 488414.76399999857),POINT (4.855690623111279 52.38240120966854),4.855690623111279,52.38240120966854,1,1,1,1
1682,106547,20220102792,2022,Letsel,3,fiets,fiets,Onbekend,Rechte weg,Binnen,30.0,Niet brandend,Overig asfalt,Droog,Daglicht,Droog,Jan Pieter Heijestraat,amsterdam,POINT (119365.3440000005 486212.2809999995),POINT (4.864052982161622 52.3626431319992),4.864052982161622,52.3626431319992,1,1,1,1
1683,106601,20220054843,2022,Uitsluitend materiele schade,2,personenauto,snorfiets,Kop/staart,"Kruispunt, 4 takken",Binnen,50.0,Niet brandend,ZOAB,Droog,Daglicht,Droog,Middenweg,amsterdam,POINT (123969.60190000013 485126.1446999982),POINT (4.931745948880798 52.35316102942348),4.931745948880798,52.35316102942348,1,1,2,1
1684,106638,20220054930,2022,Letsel,1,bromfiets,unknown,Eenzijdig,Rechte weg,Binnen,50.0,Niet brandend,Overig asfalt,Nat,Daglicht,Droog,Prins Hendrikkade,amsterdam,POINT (122217.43299999833 487447.66600000113),POINT (4.9058024693212365 52.37392354251287),4.9058024693212365,52.37392354251287,1,1,1,1
1685,107009,20230004066,2023,Uitsluitend materiele schade,2,snorfiets,personenauto,Frontaal,"Kruispunt, 4 takken",Binnen,50.0,Niet brandend,Overig asfalt,Droog,Daglicht,Droog,Wolbrantskerkweg,amsterdam,POINT (114795.79399999976 485692.0210000016),POINT (4.797032970667487 52.357651997722186),4.797032970667487,52.357651997722186,1,1,2,1
1686,107011,20230004641,2023,Letsel,2,personenauto,e-bike,Flank,"Kruispunt, 3 takken",Binnen,50.0,Niet brandend,Overig asfalt,Droog,Daglicht,Droog,Velserweg,amsterdam,POINT (118107.6015000008 488848.50670000166),POINT (4.8452994831748 52.3862524715857),4.8452994831748,52.3862524715857,1,1,1,1
1687,107018,20230077648,2023,Letsel,4,fiets,fiets,Onbekend,Unknown,Unknown,Unknown,Unknown,Unknown,Unknown,Daglicht,Unknown,Gooilandseweg,amsterdam,POINT (130127.73999999836 479463.7030000016),POINT (5.022549966080367 52.30258311727781),5.022549966080367,52.30258311727781,-1,0,1,0
1688,107362,20230004303,2023,Uitsluitend materiele schade,2,personenauto,bromfiets,Flank,Rechte weg,Binnen,50.0,Brandend,Overig asfalt,Droog,Schemer,Droog,Molukkenstraat,amsterdam,POINT (124516.30299999937 486078.1970000006),POINT (4.939683810354715 52.36174807527117),4.939683810354715,52.36174807527117,1,1,2,1
1689,107590,20230004203,2023,Uitsluitend materiele schade,2,personenauto,fiets,Flank,"Kruispunt, 4 takken",Binnen,50.0,Brandend,Overig asfalt,Droog,Duisternis,Droog,Haarlemmermeerstraat,amsterdam,POINT (118425.34540000185 485352.3557999991),POINT (4.850346975414561 52.3548529687905),4.850346975414561,52.3548529687905,1,1,2,1
1690,107644,20220178020,2022,Letsel,2,bromfiets,bestelauto,Flank,"Kruispunt, 4 takken",Binnen,30.0,Niet brandend,Beton,Droog,Daglicht,Droog,Transformatorweg,amsterdam,POINT (118632.6136999987 489490.8467000015),POINT (4.852941392495064 52.392060354203686),4.852941392495064,52.392060354203686,1,1,1,1
1691,107679,20220177473,2022,Uitsluitend materiele schade,2,personenauto,fiets,Flank,"Kruispunt, 4 takken",Binnen,50.0,Niet brandend,Klinkers,Nat,Daglicht,Regen,Burgemeester Fockstraat,amsterdam,POINT (117201.97720000148 488087.54659999907),POINT (4.832083169231522 52.37935195557156),4.832083169231522,52.37935195557156,1,1,2,1
1692,107737,20220142189,2022,Uitsluitend materiele schade,2,bromfiets,personenauto,Frontaal,"Kruispunt, 4 takken",Binnen,50.0,Brandend,Overig asfalt,Droog,Duisternis,Droog,Panamalaan,amsterdam,POINT (124151.91099999845 487137.99760000035),POINT (4.934237223146571 52.37125252788235),4.934237223146571,52.37125252788235,1,1,2,1
1693,107759,20220123497,2022,Letsel,2,bromfiets,personenauto,Onbekend,Unknown,Unknown,30.0,Unknown,Unknown,Unknown,Duisternis,Unknown,Nieuwmarkt,amsterdam,POINT (121865.93299999833 487279.01999999955),POINT (4.900657603851536 52.372386773720706),4.900657603851536,52.37238677372071,1,1,1,1
1694,107953,20220123908,2022,Letsel,2,bromfiets,voetganger,Voetganger,Rechte weg,Binnen,50.0,Brandend,Klinkers,Droog,Duisternis,Droog,Haarlemmer Houttuinen,amsterdam,POINT (121201.68499999866 488304.19299999997),POINT (4.890800899007422 52.38155981063489),4.890800899007422,52.38155981063489,1,1,1,1
1695,107989,20220141346,2022,Uitsluitend materiele schade,2,bromfiets,personenauto,Flank,Rotonde,Binnen,50.0,Niet brandend,Beton,Droog,Daglicht,Droog,Cornelis Douwesweg,amsterdam,POINT (120917.0287999995 491407.7688000016),POINT (4.886305148466764 52.40943479793195),4.886305148466764,52.40943479793195,1,1,2,1
1696,108048,20220124078,2022,Uitsluitend materiele schade,2,bestelauto,e-bike,Frontaal,"Kruispunt, 4 takken",Binnen,30.0,Niet brandend,Klinkers,Droog,Daglicht,Droog,Johan Huizingalaan,amsterdam,POINT (116860.7164000012 485109.0276999995),POINT (4.827409345235111 52.352559732426414),4.827409345235111,52.352559732426414,1,1,2,1
1697,108058,20220141587,2022,Uitsluitend materiele schade,2,fiets,fiets,Frontaal,Rechte weg,Binnen,30.0,Niet brandend,Klinkers,Droog,Daglicht,Droog,Olympiaplein,amsterdam,POINT (119473.74199999869 484471.6700000018),POINT (4.865828121157354 52.34700677343215),4.865828121157354,52.34700677343215,1,1,2,1
1698,108068,20220155606,2022,Uitsluitend materiele schade,2,snorfiets,bromfiets,Kop/staart,Rechte weg,Binnen,30.0,Niet aanwezig,ZOAB,Droog,Daglicht,Droog,Vijzelstraat,amsterdam,POINT (121320.02800000086 486482.2659999989),POINT (4.8927215423707135 52.365192898680654),4.8927215423707135,52.365192898680654,1,1,2,1
1699,108203,20230040197,2023,Uitsluitend materiele schade,2,fiets,voetganger,Voetganger,"Kruispunt, 3 takken",Binnen,50.0,Niet brandend,Overig asfalt,Droog,Daglicht,Droog,Brettenpad,amsterdam,POINT (119607.66910000145 488924.52849999815),POINT (4.867324769771006 52.38703446727844),4.867324769771006,52.38703446727844,1,1,2,1
1700,108364,20230058293,2023,Uitsluitend materiele schade,2,fiets,fiets,Kop/staart,Rechte weg,Binnen,50.0,Niet brandend,Overig asfalt,Droog,Daglicht,Droog,De Groene Zoom,amsterdam,POINT (120964.58300000057 483605.0379999988),POINT (4.887794209472256 52.339312413901474),4.887794209472256,52.339312413901474,1,1,2,1
1701,108385,20230050306,2023,Uitsluitend materiele schade,2,fiets,motor,Flank,"Kruispunt, 4 takken",Binnen,50.0,Niet brandend,Overig asfalt,Nat,Daglicht,Regen,Stadhouderskade,amsterdam,POINT (120475.36800000072 486224.51099999994),POINT (4.880347334009294 52.3628239360865),4.880347334009294,52.3628239360865,1,1,2,1
1702,108437,20230059353,2023,Letsel,1,fiets,unknown,Eenzijdig,Rechte weg,Binnen,30.0,Niet brandend,Klinkers,Droog,Daglicht,Droog,Ferdinand Bolstraat,amsterdam,POINT (121219.59200000018 484929.9219999984),POINT (4.891402915318194 52.35123532593569),4.891402915318194,52.35123532593569,1,1,1,1
1703,108445,20230040502,2023,Letsel,2,personenauto,fiets,Los voorwerp,"Kruispunt, 3 takken",Binnen,30.0,Niet brandend,Overig asfalt,Droog,Daglicht,Droog,Hamerstraat,amsterdam,POINT (123321.3685999997 488786.686900001),POINT (4.921886650272117 52.38602253060049),4.921886650272117,52.38602253060049,1,1,1,1
1704,108469,20230059854,2023,Letsel,2,fiets,trein/tram,Flank,Rechte weg,Binnen,50.0,Niet brandend,Overig asfalt,Droog,Daglicht,Droog,Rokin,amsterdam,POINT (121327.64999999851 487198.61499999836),POINT (4.892761692491669 52.37163140823843),4.892761692491669,52.37163140823843,1,1,1,1
1705,108527,20230039509,2023,Letsel,1,bromfiets,unknown,Eenzijdig,Rechte weg,Binnen,50.0,Niet brandend,ZOAB,Droog,Daglicht,Droog,Kalfjeslaan,amsterdam,POINT (120537.84899999946 481705.7419999987),POINT (4.88172718961566 52.322216180480474),4.88172718961566,52.32221618048048,1,1,1,1
1706,108530,20230040649,2023,Letsel,2,fiets,voetganger,Voetganger,Rechte weg,Binnen,Unknown,Niet brandend,Overig asfalt,Droog,Daglicht,Droog,Vondelpark,amsterdam,POINT (118797.75600000098 485360.0799999982),POINT (4.855812308070914 52.354947053606466),4.855812308070914,52.35494705360647,1,1,1,1
1707,108591,20220211548,2022,Letsel,2,fiets,overig wegmeubilair,Vast voorwerp,"Kruispunt, 4 takken",Binnen,50.0,Brandend,Overig asfalt,Nat,Duisternis,Droog,Emmastraat,amsterdam,POINT (119753 485147),POINT (4.869855554846939 52.35309415283558),4.869855554846939,52.35309415283558,1,1,1,1
1708,108714,20220211723,2022,Letsel,2,bromfiets,voetganger,Voetganger,"Kruispunt, 3 takken",Binnen,Unknown,Brandend,Klinkers,Nat,Duisternis,Regen,Pieter van der Werfstr,amsterdam,POINT (115200.81010000035 488450.7965000011),POINT (4.80265139721787 52.38247512148701),4.80265139721787,52.38247512148701,1,1,1,1
1709,108742,20220210325,2022,Letsel,2,bromfiets,fiets,Frontaal,Bocht,Binnen,50.0,Brandend,Overig asfalt,Droog,Duisternis,Droog,Prins Bernhardplein,amsterdam,POINT (123078.28000000119 484647.0780000016),POINT (4.918709155922917 52.34880442651725),4.918709155922917,52.34880442651725,1,1,1,1
1710,108743,20220211094,2022,Uitsluitend materiele schade,2,snorfiets,fiets,Kop/staart,Rechte weg,Binnen,30.0,Brandend,Overig asfalt,Droog,Duisternis,Droog,Piet Heinkade,amsterdam,POINT (123183.61100000143 487736.6030000001),POINT (4.919962680799655 52.37657714037732),4.919962680799655,52.37657714037732,1,1,2,1
1711,108815,20220211178,2022,Letsel,1,bromfiets,unknown,Eenzijdig,Rechte weg,Binnen,30.0,Brandend,ZOAB,Nat,Duisternis,Regen,Kinkerstraat,amsterdam,POINT (119240.3740000017 486445.756000001),POINT (4.862193545917004 52.364733313922116),4.862193545917004,52.36473331392212,1,1,1,1
1712,108868,20220210547,2022,Uitsluitend materiele schade,2,bromfiets,fiets,Kop/staart,Rechte weg,Buiten,50.0,Niet brandend,Overig asfalt,Droog,Daglicht,Droog,Contactweg,amsterdam,POINT (118785.48099999875 489977.44000000134),POINT (4.855134540781376 52.39644357779452),4.855134540781376,52.39644357779452,1,1,2,1
1713,108902,20220211311,2022,Uitsluitend materiele schade,2,personenauto,fiets,Flank,"Kruispunt, 3 takken",Binnen,30.0,Brandend,Overig asfalt,Nat,Duisternis,Regen,Jasmijnstraat,amsterdam,POINT (122458.06799999997 489015.6259999983),POINT (4.9091841273380465 52.38802957186171),4.909184127338047,52.38802957186171,1,1,2,1
1714,108937,20220211349,2022,Letsel,2,personenauto,fiets,Frontaal,"Kruispunt, 4 takken",Binnen,50.0,Niet brandend,Overig asfalt,Nat,Daglicht,Regen,Johan Huizingalaan,amsterdam,POINT (116843.17440000176 486360.805399999),POINT (4.827009873798611 52.36380854090212),4.827009873798611,52.36380854090212,1,1,1,1
1715,108975,20220211397,2022,Uitsluitend materiele schade,2,bromfiets,personenauto,Flank,"Kruispunt, 4 takken",Binnen,50.0,Niet brandend,Overig asfalt,Nat,Daglicht,Regen,Europaplein,amsterdam,POINT (121289.04399999976 483787.5480000004),POINT (4.89253665945779 52.34097268957462),4.89253665945779,52.34097268957462,1,1,2,1
1716,109036,20220210769,2022,Uitsluitend materiele schade,2,personenauto,bromfiets,Kop/staart,Rotonde,Binnen,50.0,Niet brandend,Overig asfalt,Droog,Daglicht,Droog,Slotermeerlaan,amsterdam,POINT (116434.47480000183 488102.57030000165),POINT (4.8208100330826404 52.3794335998224),4.82081003308264,52.3794335998224,1,1,2,1
1717,109442,20230111192,2023,Uitsluitend materiele schade,2,bromfiets,bestelauto,Flank,"Kruispunt, 3 takken",Binnen,50.0,Niet brandend,Overig asfalt,Nat,Daglicht,Droog,AMSTERDAM-HEMHAVENS 1,amsterdam,POINT (117980.15199999884 489448.8500000015),POINT (4.843361302738031 52.39163929839255),4.843361302738031,52.39163929839255,1,1,2,1
1718,109515,20230024276,2023,Letsel,2,personenauto,fiets,Voetganger,Rechte weg,Binnen,50.0,Niet brandend,ZOAB,Droog,Daglicht,Droog,Ruys de Beerenbrouckstr,amsterdam,POINT (115068.13699999824 488441.2989999987),POINT (4.800703979925869 52.38238013116111),4.800703979925869,52.38238013116111,1,1,1,1
1719,109539,20230020326,2023,Letsel,2,bromfiets,fiets,Flank,"Kruispunt, 4 takken",Binnen,50.0,Niet brandend,Unknown,Droog,Daglicht,Droog,Amstelkade,amsterdam,POINT (121198 484572),POINT (4.891121969947583 52.3480172347988),4.891121969947583,52.3480172347988,1,1,1,1
1720,109541,20230020890,2023,Uitsluitend materiele schade,2,personenauto,bromfiets,Geparkeerd voertuig,Rechte weg,Binnen,Unknown,Niet brandend,Overig asfalt,Droog,Daglicht,Droog,Fred. Roeskestraat,amsterdam,POINT (119430.79600000009 483759.4609999992),POINT (4.86527313914888 52.34060315120302),4.86527313914888,52.34060315120302,1,1,2,1
1721,109565,20230020922,2023,Uitsluitend materiele schade,2,personenauto,fiets,Flank,"Kruispunt, 3 takken",Binnen,50.0,Niet brandend,Overig asfalt,Droog,Daglicht,Droog,Joost Bilhamerstraat,amsterdam,POINT (114915.54690000042 488436.4331),POINT (4.7984635023436635 52.38232527978501),4.798463502343664,52.38232527978501,1,1,2,1
1722,109566,20230020926,2023,Uitsluitend materiele schade,3,snorfiets,fiets,Los voorwerp,"Kruispunt, 4 takken",Binnen,50.0,Brandend,Overig asfalt,Droog,Duisternis,Droog,Christoffel Plantijnpad,amsterdam,POINT (116290.9822999984 485490.2639000006),POINT (4.819003514627937 52.35594614927902),4.819003514627937,52.35594614927902,1,1,2,1
1723,109601,20230036783,2023,Uitsluitend materiele schade,2,personenauto,fiets,Flank,"Kruispunt, 4 takken",Binnen,50.0,Niet brandend,Overig asfalt,Droog,Daglicht,Droog,Marnixstraat,amsterdam,POINT (120512.10190000013 488236.0416000001),POINT (4.880680208786125 52.380904429866625),4.880680208786125,52.38090442986663,1,1,2,1
1724,109602,20230036804,2023,Uitsluitend materiele schade,2,bus,e-bike,Flank,"Kruispunt, 4 takken",Binnen,50.0,Niet brandend,Klinkers,Nat,Daglicht,Droog,Jan Tooropstraat,amsterdam,POINT (117486.56469999999 486582.66039999947),POINT (4.836430549478159 52.365846723702504),4.836430549478159,52.3658467237025,1,1,2,1
1725,109653,20230078418,2023,Letsel,2,personenauto,fiets,Geparkeerd voertuig,Rechte weg,Binnen,50.0,Niet brandend,Overig asfalt,Droog,Daglicht,Droog,Nassaukade,amsterdam,POINT (120236.35799999908 486784.8999999985),POINT (4.876780615644606 52.367845237987225),4.876780615644606,52.367845237987225,1,1,1,1
1726,109676,20230036353,2023,Uitsluitend materiele schade,2,bromfiets,personenauto,Flank,"Kruispunt, 4 takken",Binnen,30.0,Niet brandend,Klinkers,Droog,Daglicht,Droog,Vaartstraat,amsterdam,POINT (118704.684799999 484836.8627999984),POINT (4.85450266938521 52.350238611849484),4.85450266938521,52.35023861184949,1,1,2,1
1727,109715,20230079004,2023,Uitsluitend materiele schade,2,personenauto,e-bike,Flank,"Kruispunt, 3 takken",Binnen,50.0,Niet aanwezig,Overig asfalt,Droog,Daglicht,Droog,Dr. H. Colijnstraat,amsterdam,POINT (115462.83639999852 488102.27600000054),POINT (4.8065407508469296 52.37936184190246),4.8065407508469296,52.37936184190246,1,1,2,1
1728,109729,20230079053,2023,Uitsluitend materiele schade,2,personenauto,fiets,Flank,Rechte weg,Binnen,30.0,Niet brandend,Overig asfalt,Droog,Daglicht,Droog,Damstraat,amsterdam,POINT (121439.11400000006 487276.20800000057),POINT (4.894390617032853 52.372335582550754),4.894390617032853,52.372335582550754,1,1,2,1
1729,109794,20230077946,2023,Letsel,2,bromfiets,fiets,Flank,Rechte weg,Binnen,30.0,Niet brandend,Unknown,Nat,Daglicht,Regen,Baden Powellweg,amsterdam,POINT (114593.33900000155 484987.1020000018),POINT (4.794145886520119 52.35130189283342),4.794145886520119,52.35130189283342,1,1,1,1
1730,109865,20230023545,2023,Letsel,3,bestelauto,fiets,Eenzijdig,Rechte weg,Binnen,50.0,Niet aanwezig,Klinkers,Droog,Daglicht,Droog,Jan Rebelstraat,amsterdam,POINT (114028.85599999875 486108.8830000013),POINT (4.785724631118389 52.3613417498762),4.785724631118389,52.3613417498762,1,1,1,1
1731,109875,20230074552,2023,Uitsluitend materiele schade,2,bromfiets,personenauto,Flank,"Kruispunt, 4 takken",Binnen,50.0,Niet brandend,Overig asfalt,Droog,Daglicht,Droog,Amstelveenseweg,amsterdam,POINT (118841.4849999994 484976.0210000016),POINT (4.85649543108049 52.3514982857908),4.85649543108049,52.3514982857908,1,1,2,1
1732,109905,20230078004,2023,Uitsluitend materiele schade,2,bromfiets,personenauto,Flank,"Kruispunt, 3 takken",Binnen,50.0,Niet brandend,Klinkers,Droog,Daglicht,Droog,Rijnsburgstraat,amsterdam,POINT (118383.71959999949 484548.7930999994),POINT (4.849823448347126 52.347628353118395),4.849823448347126,52.3476283531184,1,1,2,1
1733,109995,20230088220,2023,Uitsluitend materiele schade,2,personenauto,bromfiets,Flank,"Kruispunt, 4 takken",Binnen,30.0,Niet brandend,Beton,Nat,Daglicht,Regen,Hemonystraat,amsterdam,POINT (121928.95279999822 485715.1671999991),POINT (4.9017367817279744 52.35833573695349),4.9017367817279744,52.35833573695349,1,1,2,1
1734,109997,20230097534,2023,Letsel,2,fiets,personenauto,Flank,"Kruispunt, 4 takken",Binnen,50.0,Niet brandend,Overig asfalt,Droog,Daglicht,Unknown,Nassaukade,amsterdam,POINT (120362.93250000104 486471.069600001),POINT (4.878671330431577 52.365032751562275),4.878671330431577,52.36503275156228,1,1,1,1
1735,110069,20230087130,2023,Uitsluitend materiele schade,2,bus,bromfiets,Flank,Rechte weg,Binnen,50.0,Niet brandend,ZOAB,Nat,Daglicht,Droog,Burgemeester Eliasstraat,amsterdam,POINT (116845.13399999961 488225.82660000026),POINT (4.826826921820827 52.38057002207708),4.826826921820827,52.38057002207708,1,1,2,1
1736,110088,20220123981,2022,Letsel,2,bromfiets,unknown,Eenzijdig,Unknown,Unknown,Unknown,Unknown,Unknown,Unknown,Daglicht,Unknown,Nassaukade,amsterdam,POINT (120267.71499999985 486658.06500000134),POINT (4.877254106416452 52.366707319844444),4.877254106416452,52.36670731984445,1,1,1,1
1737,110129,20230097163,2023,Uitsluitend materiele schade,1,fiets,unknown,Voetganger,"Kruispunt, 4 takken",Binnen,50.0,Niet brandend,Klinkers,Droog,Daglicht,Droog,Dirk Sonoystraat,amsterdam,POINT (115387.49210000038 487862.32620000094),POINT (4.805462548795318 52.37719993974704),4.805462548795318,52.37719993974704,1,1,2,1
1738,110171,20230097820,2023,Letsel,2,personenauto,fiets,Frontaal,"Kruispunt, 4 takken",Binnen,50.0,Brandend,Overig asfalt,Nat,Duisternis,Droog,Schinkelhavenstraat,amsterdam,POINT (118766.8740000017 485347.8289999999),POINT (4.855360347144712 52.35483491467672),4.855360347144712,52.35483491467672,1,1,1,1