,Unnamed: 0,accident_id,accident_year,outcome,num_parties,party1_type,party2_type,accident_nature,road_situation,built_up_area,speed_limit_kmh,street_lighting,road_surface,road_condition,light_condition,weather_condition,street_name,municipality,shape,geometry,longitude,latitude,cluster,future_hotspot_spatial,outcome_encoded,future_hotspot_pred
1739,110197,20230097289,2023,Uitsluitend materiele schade,3,bromfiets,fiets,Onbekend,"Kruispunt, 3 takken",Binnen,30.0,Niet brandend,Klinkers,Droog,Daglicht,Droog,Raadhuisstraat,amsterdam,POINT (121084 487387),POINT (4.88916507116131 52.37330948454955),4.88916507116131,52.37330948454955,1,1,2,1
1740,110198,20230097292,2023,Letsel,2,personenauto,e-bike,Flank,"Kruispunt, 3 takken",Binnen,30.0,Niet brandend,Klinkers,Nat,Daglicht,Regen,Louis Schottingstraat,amsterdam,POINT (115796.96049999818 485428.6414999999),POINT (4.81175941249144 52.35535730468991),4.81175941249144,52.35535730468991,1,1,1,1
1741,110209,20230087387,2023,Uitsluitend materiele schade,2,bromfiets,personenauto,Onbekend,"Kruispunt, 4 takken",Binnen,50.0,Brandend,Overig asfalt,Nat,Duisternis,Droog,Herengracht,amsterdam,POINT (121330.00149999931 486464.7939000018),POINT (4.892869715728338 52.36503648306812),4.892869715728338,52.36503648306812,1,1,2,1
1742,110246,20230097419,2023,Uitsluitend materiele schade,2,bestelauto,fiets,Flank,Rechte weg,Binnen,50.0,Niet brandend,Overig asfalt,Nat,Daglicht,Regen,Gelderlandplein,amsterdam,POINT (120261.0399999991 482697.48000000045),POINT (4.877564960124921 52.331111867397574),4.877564960124921,52.33111186739757,1,1,2,1
1743,110247,20230097996,2023,Uitsluitend materiele schade,3,bromfiets,personenauto,Flank,Rechte weg,Binnen,30.0,Brandend,Klinkers,Droog,Duisternis,Droog,John Franklinstraat,amsterdam,POINT (118644.5 487399),POINT (4.8533423942476865 52.37326124046683),4.853342394247687,52.37326124046683,1,1,2,1
1744,110403,20210085163,2021,Uitsluitend materiele schade,2,personenauto,bromfiets,Frontaal,"Kruispunt, 4 takken",Binnen,50.0,Niet brandend,Overig asfalt,Droog,Daglicht,Droog,Ruyschstraat,amsterdam,POINT (122511.39799999818 485625.99500000104),POINT (4.910295130872363 52.35756906936881),4.910295130872363,52.35756906936881,1,1,2,1
1745,110417,20210087254,2021,Uitsluitend materiele schade,2,personenauto,snorfiets,Flank,"Kruispunt, 3 takken",Binnen,50.0,Brandend,ZOAB,Droog,Schemer,Droog,Van Nijenrodeweg,amsterdam,POINT (118999 482345),POINT (4.859088567099267 52.327862823136265),4.859088567099267,52.327862823136265,1,1,2,1
1746,110450,20210088333,2021,Uitsluitend materiele schade,1,snorfiets,unknown,Voetganger,Rechte weg,Binnen,50.0,Niet brandend,Overig asfalt,Droog,Daglicht,Droog,Burg Van de Pollstraat,amsterdam,POINT (117281.88699999824 487728.2199999988),POINT (4.833297048851458 52.37612810697635),4.833297048851458,52.37612810697635,1,1,2,1
1747,110474,20210022472,2021,Uitsluitend materiele schade,1,fiets,unknown,Onbekend,Bocht,Binnen,30.0,Niet aanwezig,Beton,Droog,Daglicht,Droog,Zwanenburgwal,amsterdam,POINT (121774.51900000125 486876.3260000013),POINT (4.8993551139504055 52.36876211801397),4.8993551139504055,52.36876211801397,1,1,2,1
1748,110475,20210023482,2021,Uitsluitend materiele schade,2,e-bike,fiets,Frontaal,Rechte weg,Binnen,30.0,Niet brandend,Klinkers,Droog,Daglicht,Droog,Apollolaan,amsterdam,POINT (119642.80999999866 484837.2719999999),POINT (4.868270818056833 52.35030345434968),4.868270818056833,52.35030345434968,1,1,2,1
1749,110550,20210005421,2021,Uitsluitend materiele schade,3,personenauto,fiets,Onbekend,"Kruispunt, 4 takken",Binnen,30.0,Niet brandend,Klinkers,Droog,Daglicht,Droog,Transvaalstraat,amsterdam,POINT (123353.56269999966 485208.8057000004),POINT (4.922696349263397 52.35386879811673),4.922696349263397,52.35386879811673,1,1,2,1
1750,110650,20210021121,2021,Uitsluitend materiele schade,3,personenauto,fiets,Onbekend,Rechte weg,Binnen,50.0,Niet brandend,ZOAB,Droog,Daglicht,Droog,Willemsparkweg,amsterdam,POINT (119716.82600000128 485432.1559999995),POINT (4.8692947139606995 52.35565461286013),4.8692947139607,52.35565461286013,1,1,2,1
1751,110668,20210046805,2021,Letsel,1,fiets,unknown,Eenzijdig,Unknown,Unknown,30.0,Unknown,Unknown,Unknown,Daglicht,Unknown,Geldersekade,amsterdam,POINT (121898.19299999997 487360.1429999992),POINT (4.9011233097752145 52.373117795951174),4.901123309775215,52.37311779595117,1,1,1,1
1752,110679,20210030988,2021,Uitsluitend materiele schade,2,personenauto,fiets,Flank,Rechte weg,Binnen,50.0,Niet brandend,Overig asfalt,Droog,Daglicht,Droog,Bloemendalergouw,amsterdam,POINT (130950.19299999997 491175.28400000185),POINT (5.033770641513803 52.407876980487565),5.033770641513803,52.407876980487565,-1,0,2,0
1753,110700,20210019903,2021,Letsel,2,snorfiets,bromfiets,Onbekend,Rechte weg,Binnen,30.0,Niet brandend,Overig asfalt,Droog,Daglicht,Droog,Kinkerstraat,amsterdam,POINT (119539.33300000057 486550.90399999917),POINT (4.866571497022616 52.365697690277315),4.866571497022616,52.36569769027732,1,1,1,1
1754,110722,20210010913,2021,Uitsluitend materiele schade,2,fiets,vrachtauto,Kop/staart,Rechte weg,Binnen,50.0,Niet brandend,Overig asfalt,Droog,Daglicht,Droog,Haarlemmerdijk,amsterdam,POINT (121033.27800000086 488358.188000001),POINT (4.8883220978910105 52.38203468467204),4.8883220978910105,52.38203468467204,1,1,2,1
1755,110855,20210007158,2021,Letsel,1,bromfiets,unknown,Eenzijdig,Rechte weg,Binnen,50.0,Niet brandend,Overig asfalt,Nat,Daglicht,Unknown,Marnixstraat,amsterdam,POINT (120156.70300000161 487265.5370000005),POINT (4.875561290763485 52.372159807784456),4.875561290763485,52.372159807784456,1,1,1,1
1756,111057,20210038607,2021,Uitsluitend materiele schade,2,snorfiets,personenauto,Flank,Rechte weg,Binnen,50.0,Niet brandend,Klinkers,Droog,Daglicht,Droog,Leeuwendalersweg,amsterdam,POINT (118325.27199999988 488142.5249999985),POINT (4.848573742575481 52.379922244788524),4.848573742575481,52.37992224478853,1,1,2,1
1757,111083,20210041168,2021,Uitsluitend materiele schade,2,bestelauto,fiets,Flank,Rotonde,Binnen,50.0,Niet brandend,Overig asfalt,Nat,Daglicht,Regen,Hardwareweg,amsterdam,POINT (120397.7426000014 491837.42709999904),POINT (4.878629438665791 52.413263713983056),4.878629438665791,52.413263713983056,1,1,2,1
1758,111149,20210041872,2021,Letsel,1,snorfiets,unknown,Eenzijdig,"Kruispunt, 4 takken",Binnen,50.0,Brandend,Overig asfalt,Nat,Duisternis,Regen,Linnaeusstraat,amsterdam,POINT (123539 485898),POINT (4.925353664102062 52.36007348031172),4.925353664102062,52.36007348031172,1,1,1,1
1759,111218,20210087279,2021,Letsel,1,bromfiets,unknown,Eenzijdig,Rechte weg,Binnen,30.0,Niet brandend,Klinkers,Nat,Daglicht,Unknown,Paleisstraat,amsterdam,POINT (121178.5 487309.5),POINT (4.890560504414062 52.37261879823072),4.890560504414062,52.37261879823072,1,1,1,1
1760,111228,20210043800,2021,Uitsluitend materiele schade,2,snorfiets,fiets,Frontaal,Bocht,Binnen,Unknown,Niet brandend,Overig asfalt,Nat,Daglicht,Regen,Matthijs Vermeulenpad,amsterdam,POINT (120207.60689999908 483668.5309000015),POINT (4.876680770951642 52.33983565293434),4.876680770951642,52.33983565293434,1,1,2,1
1761,111249,20210065087,2021,Uitsluitend materiele schade,1,fiets,unknown,Flank,Bocht,Binnen,50.0,Niet brandend,Overig asfalt,Droog,Daglicht,Unknown,Wibautstraat,amsterdam,POINT (122561.78799999878 485439.8269999996),POINT (4.9110527473875925 52.355898891925),4.9110527473875925,52.355898891925,1,1,2,1
1762,111297,20210048754,2021,Letsel,1,bromfiets,unknown,Eenzijdig,Rechte weg,Binnen,50.0,Brandend,ZOAB,Droog,Duisternis,Droog,Jan Luijkenstraat,amsterdam,POINT (120794.50789999962 486023.1442000009),POINT (4.885052942976128 52.36103415795258),4.885052942976128,52.36103415795258,1,1,1,1
1763,111319,20210038310,2021,Letsel,2,snorfiets,fiets,Flank,Rechte weg,Binnen,50.0,Niet brandend,ZOAB,Droog,Daglicht,Droog,J. de Koostraat,amsterdam,POINT (115670.4849999994 485240.91099999845),POINT (4.809924969902744 52.353661089048),4.809924969902744,52.353661089048,1,1,1,1
1764,111772,20210090826,2021,Letsel,3,bromfiets,trekker,Frontaal,Rechte weg,Binnen,30.0,Niet brandend,Klinkers,Droog,Daglicht,Droog,Bijlmerplein,amsterdam,POINT (125199.80099999905 480679.44099999964),POINT (4.950195499846153 52.313264728064645),4.950195499846153,52.313264728064645,0,1,1,1
1765,112010,20220080809,2022,Uitsluitend materiele schade,2,motor,fiets,Flank,"Kruispunt, 4 takken",Binnen,50.0,Niet brandend,Overig asfalt,Droog,Daglicht,Droog,Wijttenbachstraat,amsterdam,POINT (123888.11129999906 486035.0342000015),POINT (4.930465819285362 52.36132493717997),4.930465819285362,52.36132493717997,1,1,2,1
1766,112011,20220081525,2022,Uitsluitend materiele schade,1,bromfiets,unknown,Onbekend,Unknown,Unknown,50.0,Unknown,Unknown,Unknown,Duisternis,Unknown,Raadhuisstraat,amsterdam,POINT (121001.0159999989 487381.70800000057),POINT (4.887947072859417 52.373256792225284),4.887947072859417,52.37325679222528,1,1,2,1
1767,112123,20220055529,2022,Uitsluitend materiele schade,2,personenauto,fiets,Onbekend,"Kruispunt, 4 takken",Binnen,50.0,Niet brandend,Overig asfalt,Droog,Daglicht,Droog,Jodenbreestraat,amsterdam,POINT (122097.06410000101 486845.7395000011),POINT (4.9040938697595315 52.36850664596971),4.904093869759532,52.36850664596971,1,1,2,1
1768,112175,20220081283,2022,Uitsluitend materiele schade,3,snorfiets,voetganger,Voetganger,"Kruispunt, 4 takken",Binnen,50.0,Niet aanwezig,Klinkers,Droog,Daglicht,Unknown,Muntplein,amsterdam,POINT (121380 486736),POINT (4.893576636048252 52.36747695716236),4.893576636048252,52.36747695716236,1,1,2,1
1769,112314,20220102628,2022,Uitsluitend materiele schade,2,fiets,fiets,Frontaal,Rechte weg,Binnen,30.0,Brandend,Overig asfalt,Droog,Duisternis,Unknown,De Ruijterkade,amsterdam,POINT (122075.42199999839 487976.813000001),POINT (4.903665308764588 52.37867064683632),4.903665308764588,52.37867064683632,1,1,2,1
1770,112316,20220103171,2022,Letsel,2,motor,e-bike,Flank,"Kruispunt, 3 takken",Binnen,50.0,Brandend,Overig asfalt,Droog,Duisternis,Droog,FIETSPAD,amsterdam,POINT (123187.98600000143 484481.79740000144),POINT (4.9203348141389744 52.347325351228),4.9203348141389744,52.347325351228,1,1,1,1
1771,112572,20230097208,2023,Uitsluitend materiele schade,2,bromfiets,unknown,Onbekend,Unknown,Unknown,Unknown,Unknown,Unknown,Unknown,Daglicht,Unknown,Hugo de Grootplein,amsterdam,POINT (119949.49399999902 487543.34899999946),POINT (4.872489754247997 52.374643391741806),4.872489754247997,52.374643391741806,1,1,2,1
1772,112710,20230004049,2023,Uitsluitend materiele schade,2,personenauto,fiets,Flank,"Kruispunt, 3 takken",Binnen,50.0,Brandend,Overig asfalt,Droog,Duisternis,Droog,Hilversumstraat,amsterdam,POINT (125722.92080000043 489159.3253000006),POINT (4.957128840351809 52.38950489022594),4.957128840351809,52.38950489022594,1,1,2,1
1773,112927,20230049433,2023,Uitsluitend materiele schade,2,personenauto,bromfiets,Onbekend,Unknown,Unknown,Unknown,Unknown,Unknown,Unknown,Daglicht,Unknown,Overtoom,amsterdam,POINT (118764.95699999854 485667.7340000011),POINT (4.85529774996978 52.35770986329487),4.85529774996978,52.35770986329487,1,1,2,1
1774,113125,20210052023,2021,Letsel,2,personenauto,bromfiets,Flank,"Kruispunt, 3 takken",Binnen,50.0,Niet brandend,Overig asfalt,Droog,Daglicht,Droog,Paasheuvelweg,amsterdam,POINT (125500.34099999815 478795.79100000113),POINT (4.954767421597924 52.296351668695735),4.954767421597924,52.296351668695735,0,1,1,1
1775,113253,20210065623,2021,Letsel,2,bromfiets,personenauto,Flank,"Kruispunt, 4 takken",Binnen,30.0,Niet brandend,Klinkers,Droog,Daglicht,Unknown,Wingerdweg,amsterdam,POINT (122944.78689999878 489335.0822999999),POINT (4.916302991265728 52.390929256160554),4.916302991265728,52.39092925616056,1,1,1,1
1776,113377,20220178010,2022,Letsel,3,bromfiets,fiets,Onbekend,Rechte weg,Binnen,30.0,Niet brandend,ZOAB,Droog,Daglicht,Droog,Sarphatistraat,amsterdam,POINT (123345.23099999875 486505.3299999982),POINT (4.922452036956333 52.36552063059801),4.922452036956333,52.36552063059801,1,1,1,1
1777,113378,20220178305,2022,Uitsluitend materiele schade,2,personenauto,fiets,Flank,"Kruispunt, 3 takken",Binnen,30.0,Niet brandend,Klinkers,Droog,Daglicht,Droog,Pretoriusstraat,amsterdam,POINT (123685.02189999819 485485.0197999999),POINT (4.927535661379873 52.35637022425164),4.927535661379873,52.35637022425164,1,1,2,1
1778,113415,20220178044,2022,Letsel,2,fiets,bus,Flank,"Kruispunt, 4 takken",Binnen,50.0,Niet brandend,Overig asfalt,Droog,Daglicht,Droog,Parlevinkerpad,amsterdam,POINT (122918.24599999934 491060.7809999995),POINT (4.915748169634814 52.40643702122946),4.915748169634814,52.40643702122946,1,1,1,1
1779,113460,20220177485,2022,Uitsluitend materiele schade,2,personenauto,fiets,Frontaal,Rechte weg,Binnen,50.0,Niet brandend,ZOAB,Droog,Daglicht,Droog,Spuistraat,amsterdam,POINT (121454.43200000003 487841.4620000012),POINT (4.894559118782907 52.377416619318666),4.894559118782907,52.377416619318666,1,1,2,1
1780,113480,20220142169,2022,Uitsluitend materiele schade,2,fiets,fiets,Frontaal,Rechte weg,Binnen,15.0,Niet brandend,Overig asfalt,Droog,Daglicht,Droog,Vondelpark,amsterdam,POINT (119037.54800000042 485391.5460000001),POINT (4.859328569658893 52.35524559565476),4.859328569658893,52.35524559565476,1,1,2,1
1781,113487,20220178178,2022,Uitsluitend materiele schade,2,personenauto,bromfiets,Geparkeerd voertuig,Rechte weg,Binnen,50.0,Brandend,Overig asfalt,Droog,Duisternis,Droog,Johan Huizingalaan,amsterdam,POINT (116871.67799999937 484001.1799999997),POINT (4.827695745252711 52.34260397832246),4.827695745252711,52.34260397832246,1,1,2,1
1782,113513,20220142216,2022,Letsel,2,snorfiets,voetganger,Voetganger,Rechte weg,Binnen,30.0,Niet brandend,Overig asfalt,Droog,Daglicht,Droog,Johan Huizingalaan,amsterdam,POINT (116871.67799999937 484001.1799999997),POINT (4.827695745252711 52.34260397832246),4.827695745252711,52.34260397832246,1,1,1,1
1783,113582,20220123606,2022,Uitsluitend materiele schade,2,bromfiets,e-bike,Flank,"Kruispunt, 4 takken",Binnen,30.0,Niet brandend,Overig asfalt,Droog,Daglicht,Droog,Trijn Hullemanlaan,amsterdam,POINT (113788.33749999851 485157.17229999974),POINT (4.782310477377567 52.35277055823527),4.782310477377567,52.35277055823527,1,1,2,1
1784,113669,20220123894,2022,Uitsluitend materiele schade,3,personenauto,fiets,Onbekend,"Kruispunt, 4 takken",Binnen,50.0,Niet brandend,ZOAB,Droog,Daglicht,Droog,Ferdinand Bolstraat,amsterdam,POINT (121202.09600000083 485096.61100000143),POINT (4.8911293886755605 52.35273233850009),4.8911293886755605,52.35273233850009,1,1,2,1
1785,113680,20220142528,2022,Letsel,2,personenauto,fiets,Onbekend,"Kruispunt, 3 takken",Binnen,50.0,Brandend,Overig asfalt,Droog,Daglicht,Droog,FIETSPAD,amsterdam,POINT (121310.9310999997 483886.30750000104),POINT (4.892847931770427 52.341861617421316),4.892847931770427,52.34186161742132,1,1,1,1
1786,113725,20220123990,2022,Letsel,2,fiets,voetganger,Voetganger,"Kruispunt, 4 takken",Binnen,Unknown,Niet brandend,Overig asfalt,Droog,Daglicht,Droog,Marnixstraat,amsterdam,POINT (120315.15419999883 486887.20329999924),POINT (4.877926956741878 52.368769648509506),4.877926956741878,52.36876964850951,1,1,1,1
1787,113734,20220141328,2022,Letsel,2,snorfiets,personenauto,Flank,"Kruispunt, 4 takken",Binnen,50.0,Niet aanwezig,Overig asfalt,Droog,Daglicht,Droog,Pieter Calandlaan,amsterdam,POINT (116770.25659999996 485594.12220000103),POINT (4.826026542392955 52.35691310878854),4.826026542392955,52.35691310878854,1,1,1,1
1788,113809,20220124109,2022,Uitsluitend materiele schade,2,bromfiets,fiets,Flank,Rechte weg,Binnen,50.0,Niet brandend,Overig asfalt,Droog,Daglicht,Droog,Europaplein,amsterdam,POINT (121263.5700000003 483979.8020000011),POINT (4.892143606121128 52.34269897976155),4.892143606121128,52.34269897976155,1,1,2,1
1789,113815,20220141583,2022,Letsel,1,bromfiets,unknown,Eenzijdig,Unknown,Unknown,30.0,Unknown,Unknown,Unknown,Daglicht,Unknown,Oranje Nassaulaan,amsterdam,POINT (118968.125 485259.3579999991),POINT (4.8583237422334316 52.35405303597241),4.858323742233432,52.35405303597241,1,1,1,1
1790,113849,20220155649,2022,Uitsluitend materiele schade,1,bromfiets,unknown,Eenzijdig,"Kruispunt, 4 takken",Binnen,50.0,Brandend,Overig asfalt,Droog,Duisternis,Droog,Stadionweg,amsterdam,POINT (120660.4792000018 484660.2199999988),POINT (4.883224537588071 52.348776770629776),4.883224537588071,52.348776770629776,1,1,2,1
1791,113872,20220141812,2022,Uitsluitend materiele schade,2,snorfiets,bromfiets,Onbekend,Rechte weg,Binnen,Unknown,Niet aanwezig,ZOAB,Droog,Daglicht,Droog,De Ruijterkade,amsterdam,POINT (121497.99599999934 488399.33100000024),POINT (4.895143243124019 52.38243300405771),4.895143243124019,52.38243300405771,1,1,2,1
1792,113963,20230059466,2023,Uitsluitend materiele schade,2,bromfiets,fiets,Flank,"Kruispunt, 4 takken",Binnen,30.0,Niet brandend,Overig asfalt,Droog,Daglicht,Droog,Marnixstraat,amsterdam,POINT (120329.2864000015 486892.3123999983),POINT (4.8781339249591325 52.36881645776949),4.8781339249591325,52.36881645776949,1,1,2,1
1793,113996,20230050770,2023,Uitsluitend materiele schade,3,fiets,fiets,Onbekend,Rechte weg,Binnen,30.0,Niet brandend,Overig asfalt,Nat,Daglicht,Regen,Pieter Calandlaan,amsterdam,POINT (115438.23000000045 485204.0540000014),POINT (4.806520428644891 52.35331317227109),4.806520428644891,52.35331317227109,1,1,2,1
1794,114039,20230039188,2023,Uitsluitend materiele schade,2,personenauto,fiets,Flank,Rechte weg,Binnen,50.0,Niet brandend,Klinkers,Droog,Daglicht,Droog,Tussen Meer,amsterdam,POINT (114203.71499999985 485489.7989999987),POINT (4.788366618830963 52.355790939564365),4.788366618830963,52.355790939564365,1,1,2,1
1795,114047,20230049704,2023,Uitsluitend materiele schade,2,bromfiets,fiets,Flank,Rechte weg,Binnen,30.0,Niet brandend,Klinkers,Droog,Daglicht,Droog,Amstel,amsterdam,POINT (121970.79100000113 486487.6469999999),POINT (4.90227505735392 52.36528077767967),4.90227505735392,52.36528077767967,1,1,2,1
1796,114123,20230049819,2023,Uitsluitend materiele schade,3,bromfiets,lichtmast,Vast voorwerp,Rechte weg,Binnen,50.0,Niet brandend,Klinkers,Droog,Duisternis,Droog,Van der Hoopstraat,amsterdam,POINT (119850.14499999955 488604.14499999955),POINT (4.870919898985985 52.3841706839637),4.870919898985985,52.3841706839637,1,1,2,1
1797,114124,20230049826,2023,Uitsluitend materiele schade,2,personenauto,fiets,Flank,"Kruispunt, 4 takken",Binnen,30.0,Niet brandend,ZOAB,Droog,Daglicht,Droog,Osdorperweg,amsterdam,POINT (114814.52899999917 483975.31799999997),POINT (4.797512994939498 52.34222498661225),4.797512994939498,52.34222498661225,1,1,2,1
1798,114178,20230059855,2023,Uitsluitend materiele schade,2,personenauto,fiets,Flank,"Kruispunt, 4 takken",Binnen,30.0,Niet brandend,Unknown,Droog,Daglicht,Droog,Emmikhovenstraat,amsterdam,POINT (114485.59169999883 485627.6169000007),POINT (4.792487396781834 52.35705039581049),4.792487396781834,52.35705039581049,1,1,2,1
1799,114180,20230066087,2023,Uitsluitend materiele schade,2,personenauto,bromfiets,Geparkeerd voertuig,Rechte weg,Binnen,50.0,Niet brandend,Overig asfalt,Droog,Daglicht,Droog,Raadhuisstraat,amsterdam,POINT (121001.0159999989 487381.70800000057),POINT (4.887947072859417 52.373256792225284),4.887947072859417,52.37325679222528,1,1,2,1
1800,114183,20230066465,2023,Uitsluitend materiele schade,1,fiets,unknown,Voetganger,Rechte weg,Binnen,Unknown,Niet brandend,Overig asfalt,Droog,Daglicht,Droog,Postjesweg,amsterdam,POINT (117625.58300000057 486363.9970000014),POINT (4.838495837680642 52.363891020400665),4.838495837680642,52.363891020400665,1,1,2,1
1801,114189,20230040575,2023,Uitsluitend materiele schade,1,snorfiets,unknown,Flank,"Kruispunt, 4 takken",Binnen,Unknown,Niet brandend,Overig asfalt,Droog,Daglicht,Droog,Slotermeerlaan,amsterdam,POINT (116352.2939000018 487759.1644000001),POINT (4.819642635697555 52.376341565184674),4.819642635697555,52.376341565184674,1,1,2,1
1802,114469,20220211097,2022,Letsel,2,bromfiets,fiets,Flank,"Kruispunt, 3 takken",Binnen,30.0,Niet brandend,ZOAB,Droog,Daglicht,Droog,Abcouderpad,amsterdam,POINT (125028.52299999818 481298.81599999964),POINT (4.947628776467688 52.31882202428906),4.947628776467688,52.31882202428906,0,1,1,1
1803,114471,20220212446,2022,Uitsluitend materiele schade,2,personenauto,bromfiets,Flank,"Kruispunt, 4 takken",Binnen,30.0,Niet brandend,Klinkers,Nat,Daglicht,Droog,Reinaert de Vosstraat,amsterdam,POINT (118769.44909999892 487998.3676000014),POINT (4.855112510650924 52.378656160180206),4.855112510650924,52.378656160180206,1,1,2,1
1804,114490,20220211801,2022,Letsel,2,personenauto,fiets,Flank,"Kruispunt, 4 takken",Binnen,50.0,Brandend,Overig asfalt,Nat,Duisternis,Mist,President Kennedylaan,amsterdam,POINT (121787.54809999838 483707.3715999983),POINT (4.899859258667751 52.340282463728066),4.899859258667751,52.34028246372807,1,1,1,1
1805,114632,20220210628,2022,Letsel,2,personenauto,bromfiets,Flank,Rechte weg,Binnen,50.0,Niet brandend,Overig asfalt,Droog,Daglicht,Droog,IJdoornlaan,amsterdam,POINT (125593.47300000116 489829.08399999887),POINT (4.955168668927275 52.39551730527636),4.955168668927275,52.39551730527636,1,1,1,1
1806,114633,20220211993,2022,Letsel,2,bestelauto,fiets,Flank,"Kruispunt, 4 takken",Binnen,30.0,Brandend,Klinkers,Nat,Schemer,Regen,Westermarkt,amsterdam,POINT (120782 487475.53500000015),POINT (4.88472150316092 52.374086437866566),4.88472150316092,52.374086437866566,1,1,1,1
1807,114673,20220211381,2022,Uitsluitend materiele schade,2,personenauto,bromfiets,Onbekend,"Kruispunt, 4 takken",Binnen,50.0,Niet brandend,Overig asfalt,Nat,Daglicht,Droog,FIETSPAD,amsterdam,POINT (123326.38819999993 482942.6449000016),POINT (4.9225107241055825 52.33350039629637),4.922510724105583,52.33350039629637,1,1,2,1
1808,114674,20220212040,2022,Uitsluitend materiele schade,2,bestelauto,bromfiets,Flank,"Kruispunt, 4 takken",Binnen,50.0,Niet brandend,Overig asfalt,Droog,Daglicht,Droog,'s-Gravesandestraat,amsterdam,POINT (122859.64050000161 486056.0784999989),POINT (4.915365813048432 52.36145485868675),4.915365813048432,52.36145485868675,1,1,2,1
1809,114767,20220211507,2022,Uitsluitend materiele schade,1,bromfiets,unknown,Eenzijdig,"Kruispunt, 4 takken",Binnen,30.0,Niet brandend,Overig asfalt,Droog,Daglicht,Droog,Van Baerlestraat,amsterdam,POINT (120352.62799999863 485715.11100000143),POINT (4.878597931769021 52.35823807882865),4.878597931769021,52.35823807882865,1,1,2,1
1810,115134,20230111886,2023,Letsel,2,fiets,fiets,Flank,Rechte weg,Binnen,30.0,Niet brandend,Klinkers,Droog,Daglicht,Droog,Elandsgracht,amsterdam,POINT (120560.65799999982 487018.59099999815),POINT (4.881518091734391 52.36996591706872),4.881518091734391,52.36996591706872,1,1,1,1
1811,115156,20230111376,2023,Letsel,3,bromfiets,bromfiets,Voetganger,Unknown,Binnen,Unknown,Brandend,ZOAB,Nat,Duisternis,Regen,Hakfort,amsterdam,POINT (125657.58999999985 479752.8440000005),POINT (4.956989241779671 52.30496157362187),4.956989241779671,52.30496157362187,0,1,1,1
1812,115182,20230111591,2023,Uitsluitend materiele schade,2,motor,fiets,Flank,Rechte weg,Binnen,30.0,Brandend,Klinkers,Droog,Duisternis,Droog,Dam,amsterdam,POINT (121396.06500000134 487296.8449999988),POINT (4.893756437467231 52.37251842069668),4.893756437467231,52.37251842069668,1,1,2,1
1813,115183,20230111604,2023,Uitsluitend materiele schade,2,bestelauto,fiets,Flank,"Kruispunt, 3 takken",Binnen,30.0,Brandend,Overig asfalt,Nat,Duisternis,Regen,Mauritskade,amsterdam,POINT (123582.4690000005 486491.93400000036),POINT (4.925936285397647 52.365413857177025),4.925936285397647,52.36541385717703,1,1,2,1
1814,115225,20230066823,2023,Uitsluitend materiele schade,2,bromfiets,personenauto,Flank,"Kruispunt, 4 takken",Binnen,50.0,Niet brandend,Overig asfalt,Droog,Daglicht,Droog,Meer en Vaart,amsterdam,POINT (115290.85200000182 486513.96400000155),POINT (4.80420267768472 52.36507497542915),4.80420267768472,52.36507497542915,1,1,2,1
1815,115229,20230067813,2023,Letsel,2,personenauto,fiets,Flank,"Kruispunt, 4 takken",Binnen,50.0,Niet brandend,Overig asfalt,Nat,Daglicht,Droog,Kometensingel,amsterdam,POINT (120493.16800000146 491968.3029999994),POINT (4.880018458331102 52.414445933638675),4.880018458331102,52.41444593363868,1,1,1,1
1816,115271,20230023176,2023,Uitsluitend materiele schade,2,fiets,bestelauto,Flank,"Kruispunt, 3 takken",Binnen,50.0,Niet brandend,Overig asfalt,Droog,Daglicht,Droog,BOS EN LOMMER 3,amsterdam,POINT (118106.81549999863 488681.3311999999),POINT (4.845306301263278 52.38474997704059),4.845306301263278,52.38474997704059,1,1,2,1
1817,115342,20230077266,2023,Uitsluitend materiele schade,2,fiets,fiets,Flank,Rechte weg,Binnen,Unknown,Niet brandend,Klinkers,Droog,Daglicht,Droog,Koningsplein,amsterdam,POINT (121062.25499999896 486692.1499999985),POINT (4.8889159208419715 52.367063322020556),4.888915920841972,52.36706332202056,1,1,2,1
1818,115401,20230020543,2023,Uitsluitend materiele schade,2,personenauto,fiets,Flank,"Kruispunt, 4 takken",Binnen,50.0,Niet brandend,Overig asfalt,Nat,Daglicht,Droog,Bloemgracht,amsterdam,POINT (120206.20100000128 487469.3680000007),POINT (4.8762669961352305 52.37399483073155),4.876266996135231,52.37399483073155,1,1,2,1
1819,115485,20230020649,2023,Uitsluitend materiele schade,2,personenauto,fiets,Flank,"Kruispunt, 4 takken",Binnen,15.0,Brandend,Klinkers,Droog,Duisternis,Droog,Cuyperspassage,amsterdam,POINT (121784.16829999909 488181.9800999984),POINT (4.899367745232183 52.38049699937711),4.899367745232183,52.38049699937711,1,1,2,1
1820,115514,20230077895,2023,Uitsluitend materiele schade,2,bestelauto,fiets,Flank,Rechte weg,Binnen,50.0,Niet brandend,Overig asfalt,Droog,Daglicht,Droog,Mauritskade,amsterdam,POINT (123498.13500000164 486423.5799999982),POINT (4.9247045473427145 52.36479470638551),4.9247045473427145,52.36479470638551,1,1,2,1