,Unnamed: 0,accident_id,accident_year,outcome,num_parties,party1_type,party2_type,accident_nature,road_situation,built_up_area,speed_limit_kmh,street_lighting,road_surface,road_condition,light_condition,weather_condition,street_name,municipality,shape,geometry,longitude,latitude,cluster,future_hotspot_spatial,outcome_encoded,future_hotspot_pred
1821,115530,20230020734,2023,Uitsluitend materiele schade,2,personenauto,fiets,Geparkeerd voertuig,Rechte weg,Binnen,Unknown,Niet brandend,Overig asfalt,Droog,Daglicht,Droog,2e Hugo de Grootstraat,amsterdam,POINT (120117.04500000179 487489.05999999866),POINT (4.874955771083889 52.374166151553574),4.874955771083889,52.37416615155357,1,1,2,1
1822,115612,20230077928,2023,Letsel,2,fiets,bromfiets,Frontaal,Rechte weg,Binnen,30.0,Niet brandend,Overig asfalt,Droog,Daglicht,Droog,Kelbergenpad,amsterdam,POINT (126691.2509999983 480706.9279999994),POINT (4.972064175077861 52.31359053738846),4.972064175077861,52.31359053738846,0,1,1,1
1823,115614,20230078080,2023,Letsel,3,personenauto,bromfiets,Flank,"Kruispunt, 3 takken",Binnen,50.0,Niet brandend,ZOAB,Nat,Daglicht,Regen,De Ruijterkade,amsterdam,POINT (121570.11850000173 488284.6629000008),POINT (4.896213916526816 52.381406846571714),4.896213916526816,52.381406846571714,1,1,1,1
1824,115616,20230078310,2023,Uitsluitend materiele schade,2,personenauto,fiets,Flank,"Kruispunt, 3 takken",Binnen,50.0,Niet brandend,ZOAB,Nat,Daglicht,Regen,Zeeburgerdijk,amsterdam,POINT (124960.79430000111 486576.79089999944),POINT (4.946164504988685 52.36625360493763),4.946164504988685,52.36625360493763,1,1,2,1
1825,115765,20230087139,2023,Uitsluitend materiele schade,2,personenauto,fiets,Flank,"Kruispunt, 3 takken",Binnen,30.0,Niet brandend,Klinkers,Nat,Daglicht,Regen,Reinier Claeszenstraat,amsterdam,POINT (119214.5839000009 487581.4822999984),POINT (4.861694013760447 52.37493870247298),4.861694013760447,52.37493870247298,1,1,2,1
1826,115830,20230097773,2023,Letsel,2,bestelauto,snorfiets,Flank,"Kruispunt, 3 takken",Binnen,50.0,Niet brandend,ZOAB,Nat,Daglicht,Droog,Wibautstraat,amsterdam,POINT (122714.36470000073 484990.3808000013),POINT (4.913335434990385 52.35186855015265),4.913335434990385,52.35186855015265,1,1,1,1
1827,115903,20230097923,2023,Uitsluitend materiele schade,2,bestelauto,fiets,Flank,"Kruispunt, 4 takken",Binnen,50.0,Brandend,Overig asfalt,Nat,Duisternis,Droog,Panamalaan,amsterdam,POINT (124152.67000000179 487121.6090000011),POINT (4.9342498717752905 52.37110528064298),4.9342498717752905,52.37110528064298,1,1,2,1
1828,115904,20230097930,2023,Uitsluitend materiele schade,2,personenauto,bromfiets,Flank,Rotonde,Binnen,50.0,Brandend,Unknown,Nat,Duisternis,Droog,Hugo de Grootplein,amsterdam,POINT (119953.31199999899 487534.62889999896),POINT (4.872546728550138 52.37456526559557),4.872546728550138,52.37456526559557,1,1,2,1
1829,115905,20230097931,2023,Uitsluitend materiele schade,2,personenauto,fiets,Onbekend,"Kruispunt, 3 takken",Binnen,50.0,Brandend,Overig asfalt,Nat,Duisternis,Droog,Overtoom,amsterdam,POINT (120368.99819999933 486313.9556000009),POINT (4.878776563710008 52.36362110492843),4.878776563710008,52.36362110492843,1,1,2,1
1830,116047,20210081674,2021,Uitsluitend materiele schade,1,bromfiets,unknown,Voetganger,Rechte weg,Binnen,30.0,Niet brandend,Klinkers,Droog,Daglicht,Droog,Pieter Calandlaan,amsterdam,POINT (114208.96400000155 484857.70800000057),POINT (4.7885203020316345 52.350110601398754),4.7885203020316345,52.350110601398754,1,1,2,1
1831,116113,20210080069,2021,Uitsluitend materiele schade,2,personenauto,bromfiets,Flank,Rechte weg,Binnen,50.0,Brandend,Overig asfalt,Droog,Duisternis,Droog,Stadhouderskade,amsterdam,POINT (120686.50899999961 486094.26300000027),POINT (4.883460274946317 52.3616665884978),4.883460274946317,52.3616665884978,1,1,2,1
1832,116398,20210031874,2021,Uitsluitend materiele schade,2,fiets,overig vast object,Vast voorwerp,"Kruispunt, 4 takken",Binnen,50.0,Niet brandend,Klinkers,Droog,Daglicht,Droog,Waddendijk,amsterdam,POINT (123767.02230000123 489683.18670000136),POINT (4.92834913718197 52.39410517722017),4.92834913718197,52.39410517722017,1,1,2,1
1833,116423,20210024559,2021,Uitsluitend materiele schade,2,personenauto,snorfiets,Flank,Rechte weg,Binnen,50.0,Niet brandend,ZOAB,Droog,Daglicht,Droog,Transformatorweg,amsterdam,POINT (118637.26089999825 489447.22769999877),POINT (4.853014384227467 52.39166864902407),4.853014384227467,52.39166864902407,1,1,2,1
1834,116427,20210027994,2021,Uitsluitend materiele schade,4,personenauto,fiets,Onbekend,"Kruispunt, 3 takken",Binnen,50.0,Niet brandend,Overig asfalt,Droog,Daglicht,Droog,Rhôneweg,amsterdam,POINT (116316.56109999865 489317.8341999985),POINT (4.818938407107375 52.390347100894125),4.818938407107375,52.390347100894125,1,1,2,1
1835,116433,20210031443,2021,Uitsluitend materiele schade,3,bestelauto,fiets,Onbekend,Rechte weg,Binnen,30.0,Niet brandend,ZOAB,Droog,Daglicht,Droog,Duivendrechtsekade,amsterdam,POINT (124021.69999999925 483456.0469999984),POINT (4.932664321874058 52.33815416394706),4.932664321874058,52.33815416394706,1,1,2,1
1836,116457,20210024199,2021,Letsel,2,personenauto,fiets,Frontaal,"Kruispunt, 3 takken",Binnen,50.0,Niet brandend,Overig asfalt,Droog,Daglicht,Unknown,Jan Rebelstraat,amsterdam,POINT (113884.10399999842 486150.9210000001),POINT (4.783594562621035 52.36170873687493),4.783594562621035,52.36170873687493,1,1,1,1
1837,116482,20210032850,2021,Uitsluitend materiele schade,2,personenauto,fiets,Flank,Rotonde,Binnen,50.0,Niet brandend,Overig asfalt,Droog,Daglicht,Droog,Gooiseweg,amsterdam,POINT (125954.51099999994 481260.9670000002),POINT (4.961212634606833 52.318531536348566),4.961212634606833,52.318531536348566,0,1,2,1
1838,116645,20210074234,2021,Letsel,2,bromfiets,e-bike,Flank,"Kruispunt, 4 takken",Binnen,Unknown,Niet aanwezig,Overig asfalt,Droog,Daglicht,Droog,Kinkerstraat,amsterdam,POINT (120103.40399999917 486798.13599999994),POINT (4.874827194403934 52.367955761920065),4.874827194403934,52.36795576192007,1,1,1,1
1839,116653,20210074231,2021,Uitsluitend materiele schade,2,bromfiets,personenauto,Kop/staart,Rechte weg,Binnen,50.0,Brandend,Overig asfalt,Droog,Schemer,Droog,Bilderdijkstraat,amsterdam,POINT (119885.16899999976 486818.77699999884),POINT (4.871620878005161 52.36812735837336),4.871620878005161,52.36812735837336,1,1,2,1
1840,116686,20210045949,2021,Letsel,2,fiets,fiets,Onbekend,Rechte weg,Binnen,50.0,Niet brandend,Overig asfalt,Droog,Daglicht,Droog,Nassaukade,amsterdam,POINT (120330.3759999983 486566.3370000012),POINT (4.87818353860736 52.3658868930514),4.87818353860736,52.3658868930514,1,1,1,1
1841,116696,20210057271,2021,Letsel,2,fiets,voetganger,Voetganger,Rechte weg,Binnen,50.0,Niet brandend,Klinkers,Droog,Daglicht,Droog,Van Leijenberghlaan,amsterdam,POINT (120302.46200000122 483191.96599999815),POINT (4.8781216759637305 52.33555859938058),4.8781216759637305,52.33555859938058,1,1,1,1
1842,116706,20210065638,2021,Uitsluitend materiele schade,3,bestelauto,fiets,Onbekend,"Kruispunt, 4 takken",Binnen,50.0,Niet brandend,Overig asfalt,Droog,Daglicht,Droog,Klaprozenweg,amsterdam,POINT (122124.98299999908 490329.5993000008),POINT (4.9041628243968605 52.39981874863832),4.9041628243968605,52.39981874863832,1,1,2,1
1843,116720,20210045378,2021,Uitsluitend materiele schade,2,fiets,fiets,Frontaal,Rechte weg,Binnen,50.0,Niet brandend,Overig asfalt,Droog,Daglicht,Droog,Parnassusweg,amsterdam,POINT (119646.28700000048 483871.01000000164),POINT (4.868423345781327 52.34161958057754),4.868423345781327,52.34161958057754,1,1,2,1
1844,116722,20210048391,2021,Uitsluitend materiele schade,1,bromfiets,unknown,Onbekend,Unknown,Unknown,50.0,Unknown,Unknown,Unknown,Schemer,Unknown,Beethovenstraat,amsterdam,POINT (120209.22199999914 484340.7899999991),POINT (4.876634989509551 52.34587756716028),4.876634989509551,52.34587756716028,1,1,2,1
1845,116752,20210039187,2021,Uitsluitend materiele schade,1,bromfiets,unknown,Onbekend,Unknown,Unknown,30.0,Unknown,Unknown,Unknown,Duisternis,Unknown,Witte de Withstraat,amsterdam,POINT (119035.2899999991 486743.2270000018),POINT (4.859150873850679 52.36739337413274),4.859150873850679,52.36739337413274,1,1,2,1
1846,116919,20210068259,2021,Letsel,1,bromfiets,unknown,Eenzijdig,Unknown,Unknown,30.0,Unknown,Unknown,Unknown,Duisternis,Unknown,Lodewijk van Deysselstr,amsterdam,POINT (115723.5 487923.5),POINT (4.810389705680608 52.37777385943365),4.810389705680608,52.37777385943365,1,1,1,1
1847,116941,20210046802,2021,Letsel,2,motor,fiets,Flank,"Kruispunt, 4 takken",Binnen,50.0,Niet brandend,ZOAB,Nat,Daglicht,Droog,Schinkelhavenstraat,amsterdam,POINT (118766.8740000017 485347.8289999999),POINT (4.855360347144712 52.35483491467672),4.855360347144712,52.35483491467672,1,1,1,1
1848,116988,20210051697,2021,Letsel,1,snorfiets,unknown,Eenzijdig,"Kruispunt, 4 takken",Binnen,50.0,Niet brandend,ZOAB,Droog,Daglicht,Droog,Surinameplein,amsterdam,POINT (118644 485719),POINT (4.853516713518186 52.35816261346271),4.853516713518186,52.35816261346271,1,1,1,1
1849,117005,20210064151,2021,Uitsluitend materiele schade,2,personenauto,bromfiets,Flank,Rotonde,Binnen,50.0,Brandend,Overig asfalt,Droog,Schemer,Droog,Koningin Wilhelminaplein,amsterdam,POINT (117448.99069999903 485509.65199999884),POINT (4.835998722895116 52.35620076596408),4.835998722895116,52.35620076596408,1,1,2,1
1850,117027,20210050531,2021,Uitsluitend materiele schade,2,snorfiets,personenauto,Flank,Rotonde,Binnen,50.0,Niet brandend,Beton,Droog,Daglicht,Droog,Slotermeerlaan,amsterdam,POINT (116330.87700000033 488547.5513000004),POINT (4.819237390372949 52.38342544055114),4.819237390372949,52.38342544055114,1,1,2,1
1851,117028,20210050538,2021,Uitsluitend materiele schade,2,snorfiets,snorfiets,Flank,Rechte weg,Binnen,50.0,Niet aanwezig,Overig asfalt,Nat,Daglicht,Droog,Basisweg,amsterdam,POINT (117200.67700000107 489501.2170000002),POINT (4.831904976836158 52.39205679860203),4.831904976836158,52.39205679860203,1,1,2,1
1852,117037,20210068297,2021,Letsel,2,bromfiets,personenauto,Flank,Rechte weg,Binnen,50.0,Brandend,Overig asfalt,Droog,Duisternis,Droog,Admiraal De Ruijterweg,amsterdam,POINT (118627.35000000149 488329.6070000008),POINT (4.852989830290551 52.38162368987951),4.852989830290551,52.38162368987951,1,1,1,1
1853,117064,20210075835,2021,Letsel,2,fiets,fiets,Onbekend,"Kruispunt, 4 takken",Binnen,50.0,Niet brandend,Overig asfalt,Nat,Daglicht,Regen,Plantage Middenlaan,amsterdam,POINT (122884.35559999943 486450.66000000015),POINT (4.9156909487442375 52.36500253929555),4.9156909487442375,52.36500253929555,1,1,1,1
1854,117075,20210048769,2021,Uitsluitend materiele schade,2,fiets,scootmobiel,Flank,"Kruispunt, 3 takken",Binnen,50.0,Niet aanwezig,Overig asfalt,Droog,Daglicht,Droog,Donker Curtiusstraat,amsterdam,POINT (119912.66120000184 488070.55959999934),POINT (4.871893837250116 52.379379217741054),4.871893837250116,52.379379217741054,1,1,2,1
1855,117095,20210065530,2021,Letsel,2,personenauto,snorfiets,Flank,Rechte weg,Binnen,50.0,Niet brandend,Overig asfalt,Droog,Daglicht,Unknown,Vlaardingenlaan,amsterdam,POINT (117546.88899999857 484483.1579999998),POINT (4.83754995694466 52.346982075484206),4.83754995694466,52.346982075484206,1,1,1,1
1856,117137,20210038330,2021,Letsel,2,fiets,fiets,Flank,"Kruispunt, 4 takken",Binnen,50.0,Niet brandend,Klinkers,Droog,Daglicht,Droog,Oetewalerpad,amsterdam,POINT (123619 485686),POINT (4.926547814909961 52.35817273755225),4.926547814909961,52.35817273755225,1,1,1,1
1857,117351,20210092801,2021,Uitsluitend materiele schade,1,bromfiets,unknown,Eenzijdig,Rechte weg,Binnen,50.0,Niet brandend,Overig asfalt,Nat,Daglicht,Droog,Baldwinstraat,amsterdam,POINT (113287.8200000003 485371.69999999925),POINT (4.774937815696627 52.35466078635911),4.774937815696627,52.35466078635911,1,1,2,1
1858,117385,20210091715,2021,Uitsluitend materiele schade,2,snorfiets,fiets,Frontaal,Rechte weg,Binnen,50.0,Niet brandend,Overig asfalt,Droog,Daglicht,Droog,Prins Hendrikkade,amsterdam,POINT (122177.65100000054 487490.2129999995),POINT (4.9052141475735995 52.37430354882777),4.9052141475736,52.37430354882777,1,1,2,1
1859,117783,20220016464,2022,Uitsluitend materiele schade,2,fiets,snorfiets,Flank,"Kruispunt, 4 takken",Binnen,50.0,Brandend,Overig asfalt,Droog,Duisternis,Droog,FIETSPAD,amsterdam,POINT (123311.31199999899 487755.49240000173),POINT (4.9218362014687225 52.37675428998372),4.9218362014687225,52.37675428998372,1,1,2,1
1860,117843,20220080835,2022,Uitsluitend materiele schade,3,personenauto,fiets,Onbekend,"Kruispunt, 4 takken",Binnen,50.0,Niet brandend,Overig asfalt,Droog,Daglicht,Droog,Amsteldijk,amsterdam,POINT (122466.36459999904 484740.8112999983),POINT (4.909719691430416 52.34961095445832),4.909719691430416,52.34961095445832,1,1,2,1
1861,117844,20220080885,2022,Uitsluitend materiele schade,1,snorfiets,unknown,Onbekend,Rechte weg,Binnen,30.0,Brandend,Overig asfalt,Droog,Duisternis,Droog,Jan Pieter Heijestraat,amsterdam,POINT (119307.0309999995 486365.1000000015),POINT (4.863180703961379 52.36401277216781),4.863180703961379,52.36401277216781,1,1,2,1
1862,117966,20220081211,2022,Uitsluitend materiele schade,2,snorfiets,bestelauto,Flank,Rechte weg,Binnen,50.0,Niet brandend,Overig asfalt,Droog,Daglicht,Droog,Burg Van de Pollstraat,amsterdam,POINT (117208.4840000011 487448.2049999982),POINT (4.832250630880684 52.37360650440111),4.832250630880684,52.37360650440111,1,1,2,1
1863,117994,20220102578,2022,Uitsluitend materiele schade,1,bromfiets,unknown,Onbekend,Unknown,Unknown,50.0,Unknown,Unknown,Unknown,Schemer,Unknown,Jan Evertsenstraat,amsterdam,POINT (118695.19999999925 487119.51199999824),POINT (4.8541170556927105 52.370752766947874),4.854117055692711,52.370752766947874,1,1,2,1
1864,118035,20220055689,2022,Uitsluitend materiele schade,1,snorfiets,unknown,Voetganger,Rechte weg,Binnen,30.0,Brandend,Klinkers,Droog,Duisternis,Droog,Vijzelstraat,amsterdam,POINT (121281.02199999988 486274.75400000066),POINT (4.892169693424016 52.363325531810226),4.892169693424016,52.36332553181023,1,1,2,1
1865,118146,20220102346,2022,Letsel,2,personenauto,fiets,Onbekend,"Kruispunt, 4 takken",Binnen,50.0,Niet brandend,Overig asfalt,Droog,Daglicht,Droog,Tollensstraat,amsterdam,POINT (119739.29529999942 486633.33210000023),POINT (4.8694985796096795 52.36645136806584),4.86949857960968,52.36645136806584,1,1,1,1
1866,118157,20220015378,2022,Letsel,2,motor,fiets,Flank,"Kruispunt, 3 takken",Binnen,50.0,Brandend,Overig asfalt,Droog,Duisternis,Droog,Oosterpark,amsterdam,POINT (122974.22899999842 485747.34600000083),POINT (4.917077379736809 52.35868686728299),4.917077379736809,52.35868686728299,1,1,1,1
1867,118191,20220102711,2022,Uitsluitend materiele schade,3,personenauto,fiets,Onbekend,Rechte weg,Binnen,50.0,Niet brandend,ZOAB,Droog,Daglicht,Droog,Notweg,amsterdam,POINT (115107.8590000011 486292.19900000095),POINT (4.801542456661083 52.36306866912723),4.801542456661083,52.36306866912723,1,1,2,1
1868,118192,20220103004,2022,Letsel,2,personenauto,e-bike,Flank,"Kruispunt, 4 takken",Binnen,50.0,Niet brandend,Overig asfalt,Droog,Daglicht,Droog,Nassaukade,amsterdam,POINT (120267.4112999998 486638.03440000117),POINT (4.877251716862735 52.36652727994181),4.877251716862735,52.36652727994181,1,1,1,1
1869,118212,20220054896,2022,Letsel,2,snorfiets,fiets,Flank,Rechte weg,Binnen,30.0,Niet brandend,Overig asfalt,Droog,Daglicht,Droog,Meer en Vaart,amsterdam,POINT (115572.22100000083 485671.6970000006),POINT (4.808432227703182 52.357525615132296),4.808432227703182,52.357525615132296,1,1,1,1
1870,118263,20220015999,2022,Letsel,1,fiets,unknown,Eenzijdig,"Kruispunt, 3 takken",Unknown,30.0,Niet brandend,Overig asfalt,Droog,Daglicht,Droog,Weteringschans,amsterdam,POINT (120908.42610000074 486041.3977999985),POINT (4.886723399498962 52.36120529028042),4.886723399498962,52.36120529028042,1,1,1,1
1871,118282,20220055163,2022,Uitsluitend materiele schade,2,fiets,personenauto,Onbekend,Unknown,Unknown,Unknown,Unknown,Unknown,Unknown,Duisternis,Unknown,Rijnstraat,amsterdam,POINT (122157.8040000014 484392.5949999988),POINT (4.905225192418026 52.34646305845877),4.905225192418026,52.34646305845877,1,1,2,1
1872,118637,20230004103,2023,Letsel,2,snorfiets,voetganger,Voetganger,Rechte weg,Binnen,30.0,Brandend,Klinkers,Nat,Duisternis,Droog,Leibnizstraat,amsterdam,POINT (115918.66000000015 487612.25499999896),POINT (4.813291886116848 52.374990568203586),4.813291886116848,52.37499056820359,1,1,1,1
1873,119107,20210091249,2021,Letsel,2,bromfiets,voetganger,Voetganger,Rechte weg,Binnen,Unknown,Niet brandend,Overig asfalt,Nat,Daglicht,Unknown,Australiehavenweg,amsterdam,POINT (114653.66899999976 489277.41099999845),POINT (4.794516337476736 52.38986408746798),4.794516337476736,52.38986408746798,1,1,1,1
1874,119159,20230004220,2023,Letsel,2,bromfiets,fiets,Flank,"Kruispunt, 4 takken",Binnen,50.0,Brandend,Klinkers,Droog,Duisternis,Droog,Nieuwe Leliestraat,amsterdam,POINT (120647.36800000072 487656.9510000013),POINT (4.882725994681627 52.37570846737773),4.882725994681627,52.37570846737773,1,1,1,1
1875,119164,20210092045,2021,Letsel,2,personenauto,e-bike,Flank,"Kruispunt, 4 takken",Binnen,50.0,Brandend,Unknown,Droog,Daglicht,Droog,Postjesweg,amsterdam,POINT (118764.15909999982 486402.6748000011),POINT (4.855206849468911 52.364314921309855),4.855206849468911,52.364314921309855,1,1,1,1
1876,119229,20220175971,2022,Letsel,2,fiets,fiets,Kop/staart,Rechte weg,Binnen,50.0,Niet brandend,Overig asfalt,Droog,Daglicht,Droog,Piet Heinkade,amsterdam,POINT (122814.61699999869 487814.3839999996),POINT (4.914536521344987 52.37725467710844),4.914536521344987,52.37725467710844,1,1,1,1
1877,119230,20220177682,2022,Letsel,3,personenauto,bromfiets,Onbekend,Rechte weg,Binnen,50.0,Niet brandend,Overig asfalt,Droog,Daglicht,Droog,Nassaukade,amsterdam,POINT (120286.50600000098 486611.7890000008),POINT (4.877534769206453 52.36629261223195),4.877534769206453,52.36629261223195,1,1,1,1
1878,119231,20220177987,2022,Uitsluitend materiele schade,2,bromfiets,personenauto,Onbekend,Rechte weg,Binnen,30.0,Niet brandend,Klinkers,Nat,Daglicht,Regen,Sneeuwbalweg,amsterdam,POINT (123053.20199999958 490197.2659999989),POINT (4.917813549590162 52.398684260810974),4.917813549590162,52.398684260810974,1,1,2,1
1879,119233,20220178325,2022,Uitsluitend materiele schade,2,personenauto,fiets,Flank,Rotonde,Binnen,50.0,Brandend,Overig asfalt,Droog,Daglicht,Droog,Comeniusstraat,amsterdam,POINT (116856.06920000166 485848.067400001),POINT (4.827257336370175 52.35920134013993),4.827257336370175,52.35920134013993,1,1,2,1
1880,119263,20220177432,2022,Uitsluitend materiele schade,2,personenauto,fiets,Onbekend,"Kruispunt, 4 takken",Binnen,30.0,Niet brandend,Overig asfalt,Droog,Daglicht,Droog,Osdorper Ban,amsterdam,POINT (115083 486213),POINT (4.801186918190664 52.36235508596854),4.801186918190664,52.36235508596854,1,1,2,1
1881,119264,20220177455,2022,Uitsluitend materiele schade,2,bromfiets,fiets,Los voorwerp,"Kruispunt, 4 takken",Binnen,50.0,Niet brandend,ZOAB,Droog,Daglicht,Droog,Slotermeerlaan,amsterdam,POINT (116262.3925999999 487504.6020999998),POINT (4.818351794978621 52.37404742800875),4.818351794978621,52.37404742800875,1,1,2,1
1882,119300,20220177235,2022,Uitsluitend materiele schade,3,bromfiets,overig wegmeubilair,Vast voorwerp,"Kruispunt, 4 takken",Binnen,50.0,Brandend,Overig asfalt,Nat,Duisternis,Regen,Kinkerstraat,amsterdam,POINT (120204.75600000098 486839.66800000146),POINT (4.876310962492559 52.3683354521464),4.876310962492559,52.3683354521464,1,1,2,1
1883,119301,20220177812,2022,Letsel,2,vrachtauto,fiets,Flank,"Kruispunt, 4 takken",Binnen,30.0,Niet aanwezig,Klinkers,Droog,Daglicht,Droog,Kinkerstraat,amsterdam,POINT (119844.90819999948 486694.9514000006),POINT (4.871042708726843 52.367011927953364),4.871042708726843,52.36701192795336,1,1,1,1
1884,119302,20220178103,2022,Uitsluitend materiele schade,2,bromfiets,bromfiets,Flank,Rechte weg,Binnen,50.0,Niet brandend,Overig asfalt,Droog,Daglicht,Droog,Amstelveenseweg,amsterdam,POINT (118908.4990000017 483155.7039999999),POINT (4.857674149056168 52.33514295027657),4.857674149056168,52.33514295027657,1,1,2,1
1885,119314,20220142123,2022,Uitsluitend materiele schade,2,scootmobiel,fiets,Flank,"Kruispunt, 4 takken",Binnen,50.0,Niet brandend,Overig asfalt,Droog,Daglicht,Droog,Havikslaan,amsterdam,POINT (123007.7303000018 488655.7652999982),POINT (4.917292330940824 52.38482771045422),4.917292330940824,52.38482771045422,1,1,2,1
1886,119326,20220177592,2022,Letsel,3,bromfiets,voetganger,Voetganger,Rechte weg,Binnen,Unknown,Brandend,Overig asfalt,Nat,Duisternis,Regen,NESCIOBRUG,amsterdam,POINT (126735.19200000167 485533.5069999993),POINT (4.972303462111612 52.35697137873848),4.972303462111612,52.35697137873848,-1,0,1,1
1887,119329,20220178167,2022,Uitsluitend materiele schade,2,bromfiets,e-bike,Frontaal,Rechte weg,Binnen,Unknown,Brandend,Overig asfalt,Droog,Duisternis,Droog,Buiksloterweg,amsterdam,POINT (122141.38899999857 488441.8269999996),POINT (4.904588604850377 52.382853813739274),4.904588604850377,52.38285381373928,1,1,2,1
1888,119345,20220123350,2022,Uitsluitend materiele schade,2,personenauto,fiets,Voetganger,"Kruispunt, 3 takken",Binnen,30.0,Niet brandend,Overig asfalt,Droog,Daglicht,Droog,Amstel,amsterdam,POINT (122130.68560000136 485952.45710000023),POINT (4.904674834293164 52.360480445819),4.904674834293164,52.360480445819,1,1,2,1
1889,119383,20220123426,2022,Uitsluitend materiele schade,2,personenauto,fiets,Frontaal,"Kruispunt, 3 takken",Binnen,30.0,Niet brandend,Klinkers,Droog,Daglicht,Unknown,Ingelandenweg,amsterdam,POINT (114050.83700000122 485548.2432000004),POINT (4.786115567402869 52.356304814976575),4.786115567402869,52.356304814976575,1,1,2,1
1890,119512,20220142569,2022,Letsel,2,bromfiets,personenauto,Onbekend,Rechte weg,Binnen,50.0,Niet brandend,Overig asfalt,Droog,Schemer,Droog,Rijnstraat,amsterdam,POINT (122106.18699999899 484586.3429999985),POINT (4.904448771022686 52.348201252317864),4.904448771022686,52.34820125231786,1,1,1,1
1891,119521,20220155280,2022,Letsel,2,bromfiets,personenauto,Geparkeerd voertuig,Rechte weg,Binnen,50.0,Niet brandend,ZOAB,Droog,Schemer,Droog,Hoofdweg,amsterdam,POINT (118555.48699999973 486833.2710000016),POINT (4.852096676564455 52.36817099340358),4.852096676564455,52.36817099340358,1,1,1,1
1892,119522,20220155346,2022,Uitsluitend materiele schade,2,snorfiets,personenauto,Kop/staart,Rechte weg,Binnen,50.0,Niet brandend,Beton,Droog,Daglicht,Droog,Keizersgracht,amsterdam,POINT (121186.58199999854 486338.15300000086),POINT (4.890776876864781 52.36388951251385),4.890776876864781,52.36388951251385,1,1,2,1
1893,119636,20220141616,2022,Uitsluitend materiele schade,2,fiets,fiets,Onbekend,Rechte weg,Binnen,50.0,Niet brandend,Klinkers,Unknown,Daglicht,Droog,Dam,amsterdam,POINT (121333.65399999917 487388.3299999982),POINT (4.892830848931043 52.37333680027043),4.892830848931043,52.37333680027043,1,1,2,1
1894,119672,20220141654,2022,Uitsluitend materiele schade,2,bromfiets,fiets,Flank,Rechte weg,Binnen,30.0,Niet brandend,Overig asfalt,Droog,Daglicht,Droog,Nieuwezijds Voorburgwal,amsterdam,POINT (121110.80999999866 486990.6739999987),POINT (4.889598706953138 52.369749243385144),4.889598706953138,52.36974924338514,1,1,2,1
1895,119771,20230058124,2023,Uitsluitend materiele schade,2,personenauto,fiets,Frontaal,"Kruispunt, 4 takken",Binnen,50.0,Brandend,Overig asfalt,Droog,Duisternis,Unknown,Amstelveenseweg,amsterdam,POINT (118901.58650000021 484255.4041999988),POINT (4.857454820991227 52.3450258421602),4.857454820991227,52.3450258421602,1,1,2,1
1896,119791,20230049586,2023,Uitsluitend materiele schade,2,fiets,personenauto,Flank,"Kruispunt, 3 takken",Binnen,30.0,Niet brandend,Klinkers,Droog,Daglicht,Droog,Reguliersbreestraat,amsterdam,POINT (121376 486677),POINT (4.893523808571701 52.36694646151095),4.893523808571701,52.36694646151095,1,1,2,1
1897,119824,20230058772,2023,Letsel,2,bromfiets,fiets,Flank,Rechte weg,Binnen,30.0,Niet brandend,Unknown,Droog,Daglicht,Droog,Ferdinand Bolstraat,amsterdam,POINT (121219.59200000018 484929.9219999984),POINT (4.891402915318194 52.35123532593569),4.891402915318194,52.35123532593569,1,1,1,1
1898,119846,20230049653,2023,Letsel,2,fiets,fiets,Frontaal,Rotonde,Binnen,30.0,Niet brandend,ZOAB,Droog,Daglicht,Droog,Rozenburglaan,amsterdam,POINT (124454.71510000154 483577.35649999976),POINT (4.939006693907846 52.33926865247979),4.939006693907846,52.33926865247979,1,1,1,1
1899,119913,20230040398,2023,Letsel,3,fiets,fiets,Onbekend,Rechte weg,Binnen,30.0,Niet brandend,Overig asfalt,Droog,Daglicht,Droog,Sarphatistraat,amsterdam,POINT (121915.08999999985 485883.07499999925),POINT (4.901516772908468 52.35984394421563),4.901516772908468,52.35984394421563,1,1,1,1
1900,119945,20230059337,2023,Uitsluitend materiele schade,2,personenauto,bromfiets,Geparkeerd voertuig,Rechte weg,Binnen,50.0,Niet brandend,Klinkers,Droog,Daglicht,Droog,Herengracht,amsterdam,POINT (121238.41600000113 486482.3599999994),POINT (4.891523364473424 52.365188733089475),4.891523364473424,52.36518873308948,1,1,2,1
1901,119960,20230049276,2023,Letsel,2,bromfiets,fiets,Flank,"Kruispunt, 4 takken",Binnen,Unknown,Niet brandend,Overig asfalt,Droog,Daglicht,Droog,Nieuwe Leeuwarderweg,amsterdam,POINT (123419.14400000125 489537.19900000095),POINT (4.923252219443248 52.392773236117044),4.923252219443248,52.39277323611704,1,1,1,1
1902,119995,20230059866,2023,Uitsluitend materiele schade,2,personenauto,fiets,Onbekend,Unknown,Binnen,Unknown,Unknown,Unknown,Droog,Duisternis,Unknown,Hogevecht,amsterdam,POINT (125746.61300000176 480228.52800000086),POINT (4.958253191815753 52.30924151153099),4.958253191815753,52.30924151153099,0,1,2,1
1903,120003,20230040018,2023,Letsel,2,bromfiets,fiets,Flank,"Kruispunt, 4 takken",Binnen,50.0,Brandend,ZOAB,Droog,Duisternis,Droog,Schinkelhavenstraat,amsterdam,POINT (118766.8740000017 485347.8289999999),POINT (4.855360347144712 52.35483491467672),4.855360347144712,52.35483491467672,1,1,1,1