,Unnamed: 0,accident_id,accident_year,outcome,num_parties,party1_type,party2_type,accident_nature,road_situation,built_up_area,speed_limit_kmh,street_lighting,road_surface,road_condition,light_condition,weather_condition,street_name,municipality,shape,geometry,longitude,latitude,cluster,future_hotspot_spatial,outcome_encoded,future_hotspot_pred
1904,120044,20230040096,2023,Letsel,3,fiets,fiets,Onbekend,Rechte weg,Binnen,30.0,Niet brandend,Klinkers,Droog,Daglicht,Droog,P Cornelisz Hooftstr,amsterdam,POINT (120465.35200000182 485925.20899999887),POINT (4.880231029825749 52.360133390499236),4.880231029825749,52.36013339049924,1,1,1,1
1905,120061,20230039546,2023,Letsel,2,fiets,fiets,Kop/staart,Rechte weg,Binnen,30.0,Niet brandend,Overig asfalt,Droog,Daglicht,Droog,Nieuwe Keizersgracht,amsterdam,POINT (122093.26099999994 486424.88899999857),POINT (4.904079221571647 52.36472410254741),4.904079221571647,52.36472410254741,1,1,1,1
1906,120257,20220211750,2022,Letsel,3,fiets,personenauto,Onbekend,"Kruispunt, 4 takken",Binnen,50.0,Niet brandend,Overig asfalt,Nat,Daglicht,Droog,President Kennedylaan,amsterdam,POINT (121625.32919999957 483783.2291000001),POINT (4.897471492907235 52.34095439615934),4.897471492907235,52.34095439615934,1,1,1,1
1907,120282,20220211773,2022,Letsel,2,bromfiets,voetganger,Voetganger,Rechte weg,Binnen,50.0,Niet brandend,Overig asfalt,Nat,Daglicht,Regen,Carolina MacGillavrylaan,amsterdam,POINT (125290.56799999997 485236.68499999866),POINT (4.951124527544798 52.354227508780056),4.951124527544798,52.354227508780056,1,1,1,1
1908,120283,20220211781,2022,Uitsluitend materiele schade,1,bromfiets,unknown,Onbekend,Bocht,Binnen,50.0,Brandend,Overig asfalt,Nat,Duisternis,Droog,Ecuplein,amsterdam,POINT (114120.37099999934 484766.8680000007),POINT (4.787231140145388 52.349287619825134),4.787231140145388,52.349287619825134,1,1,2,1
1909,120285,20220212479,2022,Letsel,2,bromfiets,fiets,Flank,"Kruispunt, 3 takken",Binnen,50.0,Brandend,Overig asfalt,Nat,Duisternis,Regen,Albert Cuypstraat,amsterdam,POINT (121151.86890000105 485346.85269999877),POINT (4.890367021408049 52.35497824944599),4.890367021408049,52.35497824944599,1,1,1,1
1910,120459,20220211956,2022,Letsel,2,personenauto,fiets,Frontaal,Rechte weg,Binnen,30.0,Niet brandend,Beton,Nat,Duisternis,Regen,Oostelijke Handelskade,amsterdam,POINT (124326.18600000069 487454.3779999986),POINT (4.93676729323489 52.37410570667194),4.93676729323489,52.37410570667194,1,1,1,1
1911,120491,20220210654,2022,Uitsluitend materiele schade,2,bromfiets,fiets,Flank,Rechte weg,Binnen,50.0,Niet brandend,Overig asfalt,Droog,Daglicht,Droog,Amstelveenseweg,amsterdam,POINT (118747.50800000131 485433.3669999987),POINT (4.855066879210849 52.35560239106678),4.855066879210849,52.35560239106678,1,1,2,1
1912,120493,20220211995,2022,Uitsluitend materiele schade,2,personenauto,fiets,Flank,Rechte weg,Binnen,50.0,Brandend,ZOAB,Nat,Duisternis,Droog,Plesmanlaan,amsterdam,POINT (114734.10700000077 484399.0709999986),POINT (4.79628222977935 52.34602746432386),4.79628222977935,52.34602746432386,1,1,2,1
1913,120562,20220210729,2022,Letsel,3,fiets,fiets,Flank,Rechte weg,Binnen,50.0,Brandend,Overig asfalt,Droog,Duisternis,Regen,Stadhouderskade,amsterdam,POINT (121031.36499999836 485777.8200000003),POINT (4.888554757809845 52.35884405111401),4.888554757809845,52.35884405111401,1,1,1,1
1914,120563,20220212110,2022,Uitsluitend materiele schade,2,personenauto,fiets,Onbekend,Rechte weg,Binnen,50.0,Unknown,Unknown,Droog,Daglicht,Droog,Tweede Jan Steenstraat,amsterdam,POINT (121754.38199999928 485433.8720000014),POINT (4.899202054421544 52.35579710880751),4.899202054421544,52.35579710880751,1,1,2,1
1915,120595,20220211473,2022,Uitsluitend materiele schade,2,bromfiets,personenauto,Frontaal,"Kruispunt, 3 takken",Binnen,50.0,Brandend,Klinkers,Nat,Schemer,Mist,Maassluisstraat,amsterdam,POINT (117478.3638000004 484788.1871000007),POINT (4.8365103289942954 52.34971877958209),4.836510328994296,52.34971877958209,1,1,2,1
1916,120596,20220212134,2022,Uitsluitend materiele schade,2,personenauto,fiets,Flank,"Kruispunt, 4 takken",Binnen,Unknown,Brandend,Overig asfalt,Nat,Schemer,Regen,Gabriël Metsustraat,amsterdam,POINT (120455 485475),POINT (4.880125304703771 52.356086574937564),4.880125304703771,52.35608657493757,1,1,2,1
1917,120623,20220211515,2022,Uitsluitend materiele schade,3,personenauto,fiets,Onbekend,Rechte weg,Binnen,30.0,Niet aanwezig,ZOAB,Unknown,Daglicht,Regen,Sixhavenweg,amsterdam,POINT (122539.16099999845 488480.2980000004),POINT (4.910427027885013 52.38322322770163),4.910427027885013,52.38322322770163,1,1,2,1
1918,120975,20230111305,2023,Uitsluitend materiele schade,2,personenauto,bromfiets,Flank,"Kruispunt, 4 takken",Binnen,30.0,Niet brandend,Overig asfalt,Nat,Daglicht,Droog,De Alpen,amsterdam,POINT (113177.81419999897 485203.17379999906),POINT (4.773344150404733 52.35313784846286),4.773344150404733,52.35313784846286,1,1,2,1
1919,121084,20230066913,2023,Uitsluitend materiele schade,1,fiets,unknown,Voetganger,Rechte weg,Binnen,30.0,Brandend,ZOAB,Droog,Duisternis,Regen,Wiltzanghlaan,amsterdam,POINT (117958.41699999943 488345.2049999982),POINT (4.843163739160383 52.38171914522986),4.843163739160383,52.38171914522986,1,1,2,1
1920,121102,20230020933,2023,Letsel,2,bromfiets,fiets,Flank,"Kruispunt, 4 takken",Binnen,50.0,Niet brandend,Overig asfalt,Droog,Daglicht,Droog,Ferdinand Bolstraat,amsterdam,POINT (121224.65199999884 484864.1429999992),POINT (4.8914837819115125 52.35064445949769),4.8914837819115125,52.35064445949769,1,1,1,1
1921,121114,20230036768,2023,Uitsluitend materiele schade,2,snorfiets,personenauto,Flank,"Kruispunt, 4 takken",Binnen,50.0,Niet brandend,ZOAB,Droog,Daglicht,Droog,President Steynplantsoen,amsterdam,POINT (122886.44750000164 484888.06489999965),POINT (4.915870843867834 52.35095908495948),4.915870843867834,52.35095908495948,1,1,2,1
1922,121143,20230067439,2023,Letsel,1,fiets,unknown,Eenzijdig,Rechte weg,Binnen,50.0,Niet brandend,Beton,Nat,Daglicht,Regen,Haarlemmerweg,amsterdam,POINT (120343.68299999833 488750.05700000003),POINT (4.878153701703012 52.38551341165871),4.878153701703012,52.38551341165871,1,1,1,1
1923,121173,20230077473,2023,Uitsluitend materiele schade,3,fiets,fiets,Onbekend,Rechte weg,Binnen,50.0,Niet brandend,Overig asfalt,Droog,Daglicht,Droog,Admiraal De Ruijterweg,amsterdam,POINT (118367.58799999952 488548.08999999985),POINT (4.849150973831041 52.38356997338708),4.849150973831041,52.38356997338708,1,1,2,1
1924,121216,20230068032,2023,Uitsluitend materiele schade,2,fiets,motor,Flank,"Kruispunt, 4 takken",Binnen,50.0,Niet brandend,Overig asfalt,Droog,Daglicht,Droog,Assumburg,amsterdam,POINT (119595.92799999937 482340.6790000014),POINT (4.8678452908706085 52.327862748280225),4.8678452908706085,52.32786274828023,1,1,2,1
1925,121258,20230024605,2023,Uitsluitend materiele schade,2,bromfiets,bromfiets,Kop/staart,Rechte weg,Binnen,30.0,Niet brandend,ZOAB,Droog,Daglicht,Droog,Meer en Vaart,amsterdam,POINT (115393.42889999971 486309.59750000015),POINT (4.805732689310797 52.363245699029235),4.805732689310797,52.36324569902924,1,1,2,1
1926,121327,20230024730,2023,Uitsluitend materiele schade,2,snorfiets,personenauto,Kop/staart,Rechte weg,Binnen,50.0,Niet brandend,ZOAB,Droog,Daglicht,Droog,Baarsjesweg,amsterdam,POINT (118938.78229999915 486445.8546000011),POINT (4.8577658483870945 52.3647144820596),4.857765848387095,52.3647144820596,1,1,2,1
1927,121353,20230020711,2023,Uitsluitend materiele schade,2,bromfiets,personenauto,Frontaal,"Kruispunt, 4 takken",Binnen,30.0,Niet brandend,Klinkers,Droog,Daglicht,Droog,Waarschapsstraat,amsterdam,POINT (130643.17220000178 480478.39189999923),POINT (5.030033340856173 52.311725725401864),5.030033340856173,52.31172572540186,-1,0,2,0
1928,121382,20230022977,2023,Uitsluitend materiele schade,1,fiets,unknown,Voetganger,Rechte weg,Buiten,Unknown,Niet brandend,Overig asfalt,Droog,Daglicht,Droog,Westpoortweg,amsterdam,POINT (110832.80999999866 492977.12000000104),POINT (4.7379041224491765 52.42281930826377),4.7379041224491765,52.42281930826377,-1,0,2,0
1929,121459,20230097497,2023,Letsel,2,personenauto,fiets,Frontaal,"Kruispunt, 4 takken",Binnen,50.0,Niet brandend,Beton,Nat,Daglicht,Droog,Arent Janszoon Ernststr,amsterdam,POINT (120200.5159999989 482806.3590000011),POINT (4.876665825128346 52.332086573183346),4.876665825128346,52.33208657318335,1,1,1,1
1930,121475,20230087579,2023,Uitsluitend materiele schade,2,bromfiets,fiets,Flank,"Kruispunt, 4 takken",Binnen,Unknown,Niet brandend,Overig asfalt,Droog,Daglicht,Droog,Entabeni,amsterdam,POINT (126001.71420000121 481756.89169999957),POINT (4.961862245507063 52.32299112753534),4.961862245507063,52.32299112753534,0,1,2,1
1931,121505,20230102613,2023,Letsel,2,fiets,fiets,Kop/staart,Rechte weg,Binnen,30.0,Niet brandend,Klinkers,Droog,Daglicht,Droog,Panamalaan,amsterdam,POINT (124119 486578),POINT (4.933805419022737 52.36621778882073),4.933805419022737,52.36621778882073,1,1,1,1
1932,121769,20210079149,2021,Uitsluitend materiele schade,2,fiets,e-bike,Onbekend,Rechte weg,Binnen,30.0,Niet brandend,Overig asfalt,Droog,Daglicht,Droog,Jan Pieter Heijestraat,amsterdam,POINT (119329.24300000072 486306.56799999997),POINT (4.863513003874354 52.3634881720036),4.863513003874354,52.3634881720036,1,1,2,1
1933,121792,20210078631,2021,Uitsluitend materiele schade,2,bromfiets,bestelauto,Flank,Rechte weg,Binnen,50.0,Niet brandend,Overig asfalt,Droog,Daglicht,Droog,Herculesstraat,amsterdam,POINT (119294.94000000134 484609.36199999973),POINT (4.863189555971554 52.34823266500407),4.863189555971554,52.34823266500407,1,1,2,1
1934,121896,20210085167,2021,Uitsluitend materiele schade,2,bromfiets,personenauto,Flank,Rechte weg,Binnen,50.0,Niet brandend,ZOAB,Droog,Daglicht,Droog,Kamerlingh Onneslaan,amsterdam,POINT (123790.28979999945 485081.7762000002),POINT (4.929118235882755 52.35275211789823),4.929118235882755,52.35275211789823,1,1,2,1
1935,121959,20210023483,2021,Uitsluitend materiele schade,3,fiets,bromfiets,Onbekend,Rechte weg,Binnen,50.0,Niet brandend,Beton,Droog,Daglicht,Droog,Heemstedestraat,amsterdam,POINT (118180.26399999857 484991.0179999992),POINT (4.8467892713222716 52.35158915753174),4.846789271322272,52.35158915753174,1,1,2,1
1936,121971,20210004665,2021,Uitsluitend materiele schade,2,fiets,personenauto,Flank,Rechte weg,Binnen,50.0,Brandend,ZOAB,Droog,Duisternis,Droog,Zuiderzeeweg,amsterdam,POINT (126400.34600000083 487948.88500000164),POINT (4.96718289992932 52.378661959382114),4.96718289992932,52.378661959382114,-1,0,2,0
1937,122049,20210020279,2021,Uitsluitend materiele schade,2,bromfiets,personenauto,Flank,"Kruispunt, 3 takken",Binnen,50.0,Niet brandend,Overig asfalt,Droog,Daglicht,Droog,Majoor Fransweg,amsterdam,POINT (117779 488351),POINT (4.840528061616333 52.38175909096163),4.840528061616333,52.38175909096163,1,1,2,1
1938,122150,20210021724,2021,Letsel,3,fiets,overig wegmeubilair,Vast voorwerp,Rechte weg,Binnen,Unknown,Brandend,Overig asfalt,Droog,Schemer,Droog,Linnaeusstraat,amsterdam,POINT (123649.32800000161 485609.1009999998),POINT (4.927000167250927 52.357483350519466),4.927000167250927,52.357483350519466,1,1,1,1
1939,122233,20210005081,2021,Letsel,2,personenauto,fiets,Geparkeerd voertuig,Rechte weg,Binnen,30.0,Brandend,Klinkers,Nat,Duisternis,Droog,Haarlemmerweg,amsterdam,POINT (118421 488689),POINT (4.84992010608058 52.38483992425116),4.84992010608058,52.38483992425116,1,1,1,1
1940,122241,20210011583,2021,Uitsluitend materiele schade,3,snorfiets,personenauto,Onbekend,Rotonde,Binnen,50.0,Niet brandend,Overig asfalt,Droog,Daglicht,Droog,Burgemeester Röellstraat,amsterdam,POINT (116314 487728),POINT (4.819083884160802 52.37605878778799),4.819083884160802,52.37605878778799,1,1,2,1
1941,122453,20210054761,2021,Uitsluitend materiele schade,2,snorfiets,personenauto,Frontaal,"Kruispunt, 3 takken",Binnen,50.0,Niet brandend,Overig asfalt,Droog,Daglicht,Droog,Kamerlingh Onneslaan,amsterdam,POINT (123790.28979999945 485081.7762000002),POINT (4.929118235882755 52.35275211789823),4.929118235882755,52.35275211789823,1,1,2,1
1942,122461,20210059670,2021,Uitsluitend materiele schade,2,personenauto,bromfiets,Onbekend,"Kruispunt, 4 takken",Binnen,30.0,Niet brandend,Klinkers,Droog,Daglicht,Droog,Dintelstraat,amsterdam,POINT (121331.95089999959 484154.8599999994),POINT (4.893129507250903 52.34427647922891),4.893129507250903,52.34427647922891,1,1,2,1
1943,122558,20210070834,2021,Uitsluitend materiele schade,2,personenauto,fiets,Flank,Rechte weg,Binnen,30.0,Niet brandend,Overig asfalt,Nat,Daglicht,Regen,Van Woustraat,amsterdam,POINT (121808.75 485500.4600000009),POINT (4.8999935078594 52.35639884421478),4.8999935078594,52.35639884421478,1,1,2,1
1944,122590,20210036188,2021,Letsel,2,bromfiets,fiets,Flank,"Kruispunt, 4 takken",Binnen,30.0,Brandend,Overig asfalt,Nat,Schemer,Droog,Haarlemmermeerstraat,amsterdam,POINT (118425.34540000185 485352.3557999991),POINT (4.850346975414561 52.3548529687905),4.850346975414561,52.3548529687905,1,1,1,1
1945,122680,20210072167,2021,Uitsluitend materiele schade,2,bestelauto,bromfiets,Flank,"Kruispunt, 3 takken",Binnen,50.0,Niet brandend,Overig asfalt,Nat,Daglicht,Regen,Daniël Goedkoopstraat,amsterdam,POINT (123350.73889999837 483053.6209000014),POINT (4.9228575407353565 52.33449918348598),4.9228575407353565,52.33449918348598,1,1,2,1
1946,122749,20210053533,2021,Uitsluitend materiele schade,1,bromfiets,unknown,Voetganger,Rechte weg,Binnen,50.0,Niet brandend,Beton,Droog,Daglicht,Droog,Slotermeerlaan,amsterdam,POINT (116277.04699999839 487667.9210000001),POINT (4.81854816230481 52.375516241098694),4.81854816230481,52.37551624109869,1,1,2,1
1947,122764,20210065490,2021,Uitsluitend materiele schade,3,bromfiets,fiets,Onbekend,Rechte weg,Binnen,30.0,Niet brandend,Beton,Droog,Daglicht,Unknown,Kormelinkweg,amsterdam,POINT (126632.15100000054 480982.19099999964),POINT (4.971174350273626 52.31606141187379),4.971174350273626,52.31606141187379,0,1,2,1
1948,122780,20210048755,2021,Uitsluitend materiele schade,2,fiets,fiets,Frontaal,Bocht,Binnen,30.0,Brandend,Overig asfalt,Droog,Duisternis,Droog,Varenweg,amsterdam,POINT (122937.68600000069 489206.7989999987),POINT (4.916210928550861 52.38977592303519),4.916210928550861,52.38977592303519,1,1,2,1
1949,122815,20210063740,2021,Uitsluitend materiele schade,2,personenauto,fiets,Flank,"Kruispunt, 4 takken",Binnen,50.0,Brandend,ZOAB,Droog,Duisternis,Droog,Van Leijenberghlaan,amsterdam,POINT (120388.19200000167 482347.38800000027),POINT (4.879466249768331 52.327973486253214),4.879466249768331,52.327973486253214,1,1,2,1
1950,122817,20210065543,2021,Uitsluitend materiele schade,2,fiets,e-bike,Flank,"Kruispunt, 3 takken",Binnen,50.0,Niet brandend,Klinkers,Droog,Daglicht,Unknown,Polderweg,amsterdam,POINT (123841.57569999993 485647.7740999982),POINT (4.929818548996935 52.357841856186624),4.929818548996935,52.357841856186624,1,1,2,1
1951,122869,20210042122,2021,Uitsluitend materiele schade,2,personenauto,fiets,Kop/staart,"Kruispunt, 4 takken",Binnen,50.0,Niet brandend,Overig asfalt,Droog,Daglicht,Droog,Rustenburgerstraat,amsterdam,POINT (121216.34769999981 484949.9483000003),POINT (4.891353289119221 52.351415109399326),4.891353289119221,52.351415109399326,1,1,2,1
1952,123063,20210076302,2021,Uitsluitend materiele schade,2,snorfiets,fiets,Flank,Rechte weg,Binnen,30.0,Niet brandend,Overig asfalt,Droog,Daglicht,Droog,Leidseplein,amsterdam,POINT (120652.5 486412.5),POINT (4.8829285141420735 52.36452455351917),4.8829285141420735,52.36452455351917,1,1,2,1
1953,123434,20220080675,2022,Letsel,2,personenauto,e-bike,Flank,"Kruispunt, 4 takken",Binnen,30.0,Niet brandend,Overig asfalt,Droog,Daglicht,Droog,Afrikanerplein,amsterdam,POINT (123019.4792000018 485051.45699999854),POINT (4.917807769132837 52.35243530632158),4.917807769132837,52.35243530632158,1,1,1,1
1954,123500,20220016754,2022,Uitsluitend materiele schade,2,personenauto,e-bike,Flank,"Kruispunt, 4 takken",Binnen,50.0,Niet brandend,Overig asfalt,Droog,Daglicht,Droog,Ruyschstraat,amsterdam,POINT (122496.7659999989 485619.4990000017),POINT (4.9100809785506305 52.357509822159905),4.910080978550631,52.35750982215991,1,1,2,1
1955,123521,20220080954,2022,Uitsluitend materiele schade,2,personenauto,fiets,Flank,"Kruispunt, 4 takken",Binnen,50.0,Niet brandend,Klinkers,Droog,Daglicht,Droog,Jan Evertsenstraat,amsterdam,POINT (118425.80900000036 487041.5069999993),POINT (4.850170063932973 52.3700338413985),4.850170063932973,52.3700338413985,1,1,2,1
1956,123522,20220080986,2022,Uitsluitend materiele schade,1,bromfiets,unknown,Onbekend,Bocht,Binnen,30.0,Brandend,Klinkers,Droog,Duisternis,Droog,Herengracht,amsterdam,POINT (120894.59600000083 486819.00400000066),POINT (4.886441501321419 52.3681930105821),4.886441501321419,52.3681930105821,1,1,2,1
1957,123583,20220035918,2022,Uitsluitend materiele schade,2,bromfiets,personenauto,Flank,"Kruispunt, 4 takken",Binnen,50.0,Brandend,Overig asfalt,Nat,Duisternis,Regen,Kamperfoelieweg,amsterdam,POINT (122589.36230000108 490351.14730000123),POINT (4.910983767772451 52.40004003191468),4.910983767772451,52.40004003191468,1,1,2,1
1958,123589,20220055422,2022,Uitsluitend materiele schade,2,bromfiets,personenauto,Kop/staart,Rechte weg,Binnen,50.0,Niet brandend,Overig asfalt,Droog,Daglicht,Droog,Van Nijenrodeweg,amsterdam,POINT (119653.70389999822 482350.77109999955),POINT (4.86869174035377 52.32795716652212),4.86869174035377,52.32795716652212,1,1,2,1
1959,123695,20220055673,2022,Letsel,2,bromfiets,motor,Flank,"Kruispunt, 4 takken",Binnen,50.0,Brandend,Overig asfalt,Droog,Duisternis,Droog,De Ruijterkade,amsterdam,POINT (122163.30579999834 487921.1838000007),POINT (4.904961385935026 52.37817595393588),4.904961385935026,52.37817595393588,1,1,1,1
1960,123752,20220102028,2022,Uitsluitend materiele schade,3,personenauto,fiets,Los voorwerp,Rechte weg,Binnen,30.0,Brandend,Klinkers,Droog,Duisternis,Droog,Herengracht,amsterdam,POINT (121608.10799999908 486436.6279999986),POINT (4.896955459697514 52.364800324958004),4.896955459697514,52.364800324958,1,1,2,1
1961,123763,20220054626,2022,Letsel,1,bromfiets,unknown,Eenzijdig,Rechte weg,Binnen,30.0,Brandend,Klinkers,Droog,Duisternis,Droog,Marnixstraat,amsterdam,POINT (120316.61699999869 486883.66000000015),POINT (4.877948799779006 52.36873789625751),4.877948799779006,52.36873789625751,1,1,1,1
1962,123774,20220102191,2022,Uitsluitend materiele schade,1,bromfiets,unknown,Voetganger,Rechte weg,Binnen,Unknown,Brandend,Overig asfalt,Droog,Duisternis,Droog,Plein '40-'45,amsterdam,POINT (116426.8535999991 488096.2952999994),POINT (4.820698829662089 52.37937666977862),4.820698829662089,52.37937666977862,1,1,2,1
1963,123775,20220102527,2022,Letsel,1,bromfiets,unknown,Eenzijdig,Bocht,Binnen,Unknown,Brandend,Overig asfalt,Droog,Duisternis,Droog,IJplein,amsterdam,POINT (122413.92700000107 488313.9600000009),POINT (4.908603815912748 52.381720880595445),4.908603815912748,52.381720880595445,1,1,1,1
1964,123787,20220054706,2022,Uitsluitend materiele schade,2,snorfiets,fiets,Flank,Rechte weg,Binnen,Unknown,Brandend,Overig asfalt,Droog,Schemer,Droog,Slotermeerlaan,amsterdam,POINT (116275.90900000185 487587.43299999833),POINT (4.818540726190668 52.374792799227045),4.818540726190668,52.374792799227045,1,1,2,1
1965,123808,20220102634,2022,Uitsluitend materiele schade,2,bromfiets,personenauto,Frontaal,Rechte weg,Binnen,50.0,Niet brandend,Overig asfalt,Droog,Daglicht,Droog,Slijterstraat,amsterdam,POINT (125166.37299999967 486889.9279999994),POINT (4.94915496870452 52.369079084791416),4.94915496870452,52.369079084791416,1,1,2,1
1966,123818,20220015358,2022,Uitsluitend materiele schade,1,bromfiets,unknown,Voetganger,Rechte weg,Binnen,50.0,Niet brandend,Overig asfalt,Nat,Daglicht,Droog,Zeilstraat,amsterdam,POINT (118748.24599999934 484932.73900000006),POINT (4.855131655489611 52.35110315443822),4.855131655489611,52.35110315443822,1,1,2,1
1967,123827,20220054846,2022,Uitsluitend materiele schade,2,personenauto,bromfiets,Flank,"Kruispunt, 3 takken",Binnen,50.0,Niet brandend,Overig asfalt,Droog,Daglicht,Droog,President Steynstraat,amsterdam,POINT (122842.98369999975 484861.5267000012),POINT (4.915235478772073 52.35071803493982),4.915235478772073,52.35071803493982,1,1,2,1
1968,123840,20220102479,2022,Uitsluitend materiele schade,1,e-bike,unknown,Flank,Rechte weg,Binnen,30.0,Niet brandend,Overig asfalt,Droog,Daglicht,Droog,Vondelpark,amsterdam,POINT (120029.1259999983 485835.31799999997),POINT (4.873836765510185 52.35929791677497),4.873836765510185,52.35929791677497,1,1,2,1
1969,123842,20220103003,2022,Uitsluitend materiele schade,2,bromfiets,fiets,Kop/staart,Rechte weg,Binnen,30.0,Niet brandend,Overig asfalt,Droog,Daglicht,Droog,Plesmanlaan,amsterdam,POINT (117242.42700000107 484980.4149999991),POINT (4.833026138911778 52.351430220446595),4.833026138911778,52.3514302204466,1,1,2,1
1970,123844,20220103233,2022,Uitsluitend materiele schade,1,bromfiets,unknown,Voetganger,Rechte weg,Binnen,50.0,Niet brandend,Unknown,Droog,Daglicht,Droog,Tussen Meer,amsterdam,POINT (114389.29699999839 485548.91699999943),POINT (4.79108344789713 52.35633599438581),4.79108344789713,52.35633599438581,1,1,2,1
1971,123845,20220103247,2022,Uitsluitend materiele schade,2,personenauto,fiets,Flank,"Kruispunt, 4 takken",Binnen,50.0,Niet brandend,Overig asfalt,Droog,Daglicht,Droog,Radarweg,amsterdam,POINT (117451.67749999836 489691.0789999999),POINT (4.835570957901807 52.39378035401911),4.835570957901807,52.39378035401911,1,1,2,1
1972,123879,20220103324,2022,Uitsluitend materiele schade,2,bromfiets,fiets,Kop/staart,Rechte weg,Binnen,Unknown,Niet aanwezig,ZOAB,Droog,Daglicht,Droog,Troelstralaan,amsterdam,POINT (115038.85300000012 487014.9439999983),POINT (4.800443515017261 52.36955910053329),4.800443515017261,52.36955910053329,1,1,2,1
1973,123915,20220016052,2022,Uitsluitend materiele schade,2,e-bike,personenauto,Kop/staart,Rechte weg,Binnen,30.0,Brandend,Klinkers,Nat,Duisternis,Droog,Pieter Calandlaan,amsterdam,POINT (116558.54300000146 485511.99500000104),POINT (4.8229283098146745 52.35616023862477),4.8229283098146745,52.35616023862477,1,1,2,1
1974,124130,20230003945,2023,Uitsluitend materiele schade,3,personenauto,bromfiets,Geparkeerd voertuig,Rechte weg,Binnen,30.0,Brandend,Klinkers,Nat,Duisternis,Droog,Raamplein,amsterdam,POINT (120471.6950000003 486615.8819999993),POINT (4.880253223511688 52.36634107045159),4.880253223511688,52.36634107045159,1,1,2,1
1975,124159,20230004580,2023,Letsel,2,bromfiets,personenauto,Onbekend,"Kruispunt, 3 takken",Binnen,50.0,Brandend,Overig asfalt,Droog,Duisternis,Droog,Marnixplein,amsterdam,POINT (120373.49579999968 487894.5238999985),POINT (4.878679772716584 52.37782639603906),4.878679772716584,52.37782639603906,1,1,1,1
1976,124227,20230006122,2023,Uitsluitend materiele schade,2,fiets,personenauto,Flank,"Kruispunt, 4 takken",Binnen,50.0,Niet brandend,Overig asfalt,Nat,Daglicht,Regen,Overtoom,amsterdam,POINT (118903.65509999916 485719.13599999994),POINT (4.8573281466550835 52.35818095797707),4.857328146655084,52.35818095797707,1,1,2,1
1977,124282,20230004128,2023,Uitsluitend materiele schade,2,bromfiets,fiets,Flank,"Kruispunt, 4 takken",Binnen,50.0,Brandend,ZOAB,Nat,Duisternis,Regen,Oostenburgervoorstraat,amsterdam,POINT (123314 486872),POINT (4.921958964128099 52.36881421481327),4.921958964128099,52.36881421481327,1,1,2,1
1978,124528,20210037341,2021,Letsel,2,bestelauto,fiets,Flank,"Kruispunt, 4 takken",Binnen,50.0,Niet brandend,Unknown,Droog,Daglicht,Droog,Pieter Baststraat,amsterdam,POINT (120794.30790000036 485057.25549999997),POINT (4.885148225004016 52.35235340324413),4.885148225004016,52.35235340324413,1,1,1,1
1979,124819,20210092243,2021,Letsel,1,snorfiets,unknown,Eenzijdig,Rechte weg,Binnen,50.0,Niet brandend,Overig asfalt,Droog,Daglicht,Unknown,Osdorperweg,amsterdam,POINT (114744.16600000113 484243.89400000125),POINT (4.796448403434373 52.34463359086023),4.796448403434373,52.34463359086023,1,1,1,1
1980,124885,20220176077,2022,Uitsluitend materiele schade,2,snorfiets,motor,Kop/staart,"Kruispunt, 4 takken",Binnen,50.0,Brandend,Unknown,Droog,Duisternis,Droog,Stadhouderskade,amsterdam,POINT (121764.0485999994 485649.38699999824),POINT (4.899322648948649 52.35773459736638),4.899322648948649,52.35773459736638,1,1,2,1
1981,124932,20220142077,2022,Uitsluitend materiele schade,2,personenauto,fiets,Onbekend,Unknown,Unknown,30.0,Unknown,Unknown,Unknown,Daglicht,Unknown,Nieuwezijds Voorburgwal,amsterdam,POINT (121340.76399999857 487648.80900000036),POINT (4.892909163951795 52.37567823577364),4.892909163951795,52.37567823577364,1,1,2,1
1982,124946,20220177593,2022,Uitsluitend materiele schade,2,bromfiets,e-bike,Flank,"Kruispunt, 4 takken",Binnen,50.0,Brandend,Overig asfalt,Droog,Duisternis,Droog,Pieter Calandlaan,amsterdam,POINT (115651.51830000058 485277.59059999883),POINT (4.809642299779437 52.35398937885913),4.809642299779437,52.35398937885913,1,1,2,1
1983,125053,20220123665,2022,Uitsluitend materiele schade,2,personenauto,fiets,Flank,Rotonde,Binnen,50.0,Niet brandend,Overig asfalt,Droog,Daglicht,Droog,Ookmeerweg,amsterdam,POINT (114136.15909999982 486261.9305000007),POINT (4.787281220336844 52.36272520867678),4.787281220336844,52.36272520867678,1,1,2,1
1984,125173,20220155375,2022,Letsel,3,personenauto,fiets,Vast voorwerp,"Kruispunt, 4 takken",Binnen,50.0,Niet brandend,Overig asfalt,Droog,Daglicht,Droog,Nassaukade,amsterdam,POINT (120049.61780000106 487217.34760000184),POINT (4.873993910507227 52.37171991157909),4.873993910507227,52.37171991157909,1,1,1,1
1985,125199,20220155507,2022,Uitsluitend materiele schade,2,fiets,fiets,Frontaal,Rechte weg,Binnen,30.0,Niet brandend,Klinkers,Droog,Daglicht,Droog,De Ruijterkade,amsterdam,POINT (122344.08199999854 487857.875),POINT (4.907622346415534 52.377617760564576),4.907622346415534,52.377617760564576,1,1,2,1
1986,125349,20220141875,2022,Letsel,2,personenauto,e-bike,Flank,Rotonde,Binnen,50.0,Niet brandend,Overig asfalt,Droog,Daglicht,Droog,FIETSPAD,amsterdam,POINT (114844.98209999874 484563.8883999996),POINT (4.797889628859285 52.347516827910184),4.797889628859285,52.34751682791018,1,1,1,1