,Unnamed: 0,accident_id,accident_year,outcome,num_parties,party1_type,party2_type,accident_nature,road_situation,built_up_area,speed_limit_kmh,street_lighting,road_surface,road_condition,light_condition,weather_condition,street_name,municipality,shape,geometry,longitude,latitude,cluster,future_hotspot_spatial,outcome_encoded,future_hotspot_pred
1987,125371,20230050059,2023,Letsel,2,motor,bromfiets,Eenzijdig,"Kruispunt, 4 takken",Binnen,50.0,Niet brandend,ZOAB,Droog,Daglicht,Droog,Duivendrechtselaan,amsterdam,POINT (124556.94739999995 483484.76000000164),POINT (4.940515098563718 52.33844212185402),4.940515098563718,52.33844212185402,1,1,1,1
1988,125390,20230040744,2023,Uitsluitend materiele schade,2,bromfiets,snorfiets,Flank,Rechte weg,Binnen,50.0,Niet brandend,ZOAB,Droog,Daglicht,Droog,Nobelweg,amsterdam,POINT (123607.88599999994 484692.5029999986),POINT (4.9264773709416065 52.34924318662679),4.926477370941607,52.34924318662679,1,1,2,1
1989,125400,20230050112,2023,Uitsluitend materiele schade,2,bromfiets,personenauto,Kop/staart,Rechte weg,Binnen,50.0,Niet brandend,Overig asfalt,Droog,Daglicht,Droog,Methaanweg,amsterdam,POINT (117834.61300000176 491275.41099999845),POINT (4.841021077784735 52.40804509581559),4.841021077784735,52.40804509581559,-1,0,2,0
1990,125401,20230050113,2023,Letsel,3,fiets,fiets,Onbekend,"Kruispunt, 4 takken",Binnen,30.0,Niet brandend,Klinkers,Droog,Daglicht,Droog,Nieuwezijds Voorburgwal,amsterdam,POINT (121186 487310),POINT (4.890670582121924 52.37262375374616),4.890670582121924,52.37262375374616,1,1,1,1
1991,125409,20230059473,2023,Uitsluitend materiele schade,2,personenauto,e-bike,Flank,"Kruispunt, 4 takken",Binnen,50.0,Niet brandend,Overig asfalt,Droog,Daglicht,Droog,Beemsterstraat,amsterdam,POINT (125350.33469999954 490036.73690000176),POINT (4.951578280684148 52.39737046382716),4.951578280684148,52.39737046382716,1,1,2,1
1992,125415,20230040800,2023,Uitsluitend materiele schade,2,personenauto,fiets,Onbekend,"Kruispunt, 4 takken",Binnen,50.0,Brandend,Overig asfalt,Droog,Duisternis,Droog,FIETSPAD,amsterdam,POINT (116453.0064000003 488318.14339999855),POINT (4.821057451187852 52.38137229807358),4.821057451187852,52.38137229807358,1,1,2,1
1993,125455,20230059549,2023,Uitsluitend materiele schade,2,personenauto,fiets,Flank,"Kruispunt, 4 takken",Binnen,30.0,Niet brandend,Overig asfalt,Droog,Daglicht,Droog,De Clercqstraat,amsterdam,POINT (119643.39600000158 487069.2061999999),POINT (4.868044777318915 52.370362521439),4.868044777318915,52.370362521439,1,1,2,1
1994,125475,20230058815,2023,Uitsluitend materiele schade,2,fiets,fiets,Kop/staart,"Kruispunt, 4 takken",Binnen,30.0,Niet brandend,ZOAB,Droog,Daglicht,Droog,Frederiksplein,amsterdam,POINT (121774.99830000103 486013.9188000001),POINT (4.899447367725417 52.36101142438511),4.899447367725417,52.36101142438511,1,1,2,1
1995,125476,20230059568,2023,Letsel,2,bromfiets,fiets,Voetganger,"Kruispunt, 3 takken",Binnen,50.0,Niet brandend,Overig asfalt,Droog,Daglicht,Droog,Zeilstraat,amsterdam,POINT (118680.16180000082 484897.09420000017),POINT (4.854136262152368 52.35077830834067),4.854136262152368,52.35077830834067,1,1,1,1
1996,125477,20230060026,2023,Uitsluitend materiele schade,2,motor,fiets,Flank,Rechte weg,Binnen,50.0,Niet brandend,Beton,Droog,Daglicht,Droog,Wethouder Frankeweg,amsterdam,POINT (124209.94799999893 484876.56700000167),POINT (4.935296435959113 52.35093150217412),4.935296435959113,52.35093150217412,1,1,2,1
1997,125563,20230048664,2023,Uitsluitend materiele schade,2,bestelauto,bromfiets,Flank,"Kruispunt, 3 takken",Binnen,50.0,Niet brandend,ZOAB,Droog,Daglicht,Droog,Willem Schermerhornstr,amsterdam,POINT (115233.85350000113 488454.8407999985),POINT (4.803136221159709 52.38251386291044),4.803136221159709,52.38251386291044,1,1,2,1
1998,125596,20230066182,2023,Letsel,2,personenauto,fiets,Flank,Rechte weg,Binnen,50.0,Niet brandend,Overig asfalt,Nat,Daglicht,Droog,Amsteldijk,amsterdam,POINT (122252.83100000024 485255.54399999976),POINT (4.906535743925911 52.354224350348595),4.906535743925911,52.3542243503486,1,1,1,1
1999,125607,20230049850,2023,Uitsluitend materiele schade,2,personenauto,snorfiets,Kop/staart,Rechte weg,Binnen,50.0,Niet brandend,Overig asfalt,Droog,Daglicht,Droog,Schipmolen,amsterdam,POINT (121160.52600000054 492395.0720000006),POINT (4.8897839520439135 52.41832297515711),4.8897839520439135,52.41832297515711,1,1,2,1
2000,125624,20230050454,2023,Letsel,3,fiets,fiets,Onbekend,Rechte weg,Binnen,15.0,Niet brandend,Klinkers,Droog,Daglicht,Droog,Van Baerlestraat,amsterdam,POINT (120525.9059999995 485303.6710000001),POINT (4.881183637721097 52.35455124204226),4.881183637721097,52.35455124204226,1,1,1,1
2001,125705,20230039576,2023,Uitsluitend materiele schade,2,bromfiets,fiets,Flank,"Kruispunt, 4 takken",Binnen,50.0,Brandend,Beton,Droog,Duisternis,Droog,Slatuinenweg,amsterdam,POINT (119321 487114.9770000018),POINT (4.863306198563006 52.37075302448818),4.863306198563006,52.37075302448818,1,1,2,1
2002,125890,20220211050,2022,Letsel,2,personenauto,fiets,Frontaal,"Kruispunt, 4 takken",Binnen,50.0,Brandend,Overig asfalt,Droog,Duisternis,Droog,Weteringlaan,amsterdam,POINT (121185.9849999994 485686.30999999866),POINT (4.890833651413056 52.358031160813745),4.890833651413056,52.35803116081375,1,1,1,1
2003,125954,20220210388,2022,Uitsluitend materiele schade,2,snorfiets,personenauto,Flank,"Kruispunt, 4 takken",Binnen,50.0,Niet brandend,Beton,Droog,Daglicht,Droog,Burgemeester Fockstraat,amsterdam,POINT (117201.97720000148 488087.54659999907),POINT (4.832083169231522 52.37935195557156),4.832083169231522,52.37935195557156,1,1,2,1
2004,125955,20220211168,2022,Letsel,2,bestelauto,fiets,Flank,"Kruispunt, 3 takken",Binnen,Unknown,Brandend,ZOAB,Droog,Schemer,Droog,Wibautstraat,amsterdam,POINT (122714.36470000073 484990.3808000013),POINT (4.913335434990385 52.35186855015265),4.913335434990385,52.35186855015265,1,1,1,1
2005,126027,20220211228,2022,Uitsluitend materiele schade,3,personenauto,fiets,Onbekend,Rechte weg,Binnen,30.0,Brandend,Overig asfalt,Nat,Duisternis,Regen,Bellamyplein,amsterdam,POINT (119619.80900000036 486840.73999999836),POINT (4.86772249636632 52.36830771528997),4.86772249636632,52.36830771528997,1,1,2,1
2006,126028,20220211233,2022,Letsel,1,fiets,unknown,Eenzijdig,Rechte weg,Binnen,50.0,Niet brandend,Overig asfalt,Nat,Daglicht,Regen,Amsteldijk,amsterdam,POINT (122103.35599999875 485634.4070000015),POINT (4.904304750009503 52.35762038936029),4.904304750009503,52.35762038936029,1,1,1,1
2007,126088,20220211964,2022,Uitsluitend materiele schade,2,personenauto,fiets,Flank,"Kruispunt, 4 takken",Binnen,50.0,Brandend,Overig asfalt,Nat,Duisternis,Regen,Van Nijenrodeweg,amsterdam,POINT (119678.19689999893 482324.7846999988),POINT (4.8690537509197815 52.327725191748144),4.8690537509197815,52.327725191748144,1,1,2,1
2008,126208,20220211450,2022,Uitsluitend materiele schade,3,personenauto,fiets,Kop/staart,"Kruispunt, 4 takken",Binnen,50.0,Brandend,Klinkers,Nat,Duisternis,Droog,Koningsplein,amsterdam,POINT (121070 486678),POINT (4.889031060127168 52.36693663029024),4.889031060127168,52.36693663029024,1,1,2,1
2009,126250,20220211500,2022,Uitsluitend materiele schade,2,snorfiets,personenauto,Flank,Rechte weg,Binnen,50.0,Niet brandend,Overig asfalt,Nat,Daglicht,Regen,Buikslotermeerplein,amsterdam,POINT (124548.75899999961 490127.76099999994),POINT (4.9397932548730115 52.39814463008229),4.939793254873012,52.39814463008229,1,1,2,1
2010,126646,20230112053,2023,Letsel,2,personenauto,fiets,Geparkeerd voertuig,Rechte weg,Binnen,30.0,Brandend,Overig asfalt,Nat,Duisternis,Regen,Vijzelgracht,amsterdam,POINT (121215.10500000045 485983.3289999999),POINT (4.891231265846725 52.36070235513075),4.891231265846725,52.36070235513075,1,1,1,1
2011,126679,20230066782,2023,Uitsluitend materiele schade,3,personenauto,bromfiets,Kop/staart,"Kruispunt, 4 takken",Binnen,30.0,Brandend,Overig asfalt,Droog,Duisternis,Unknown,FIETSPAD,amsterdam,POINT (122066.34710000083 490733.54190000147),POINT (4.903261660662016 52.403445565037444),4.903261660662016,52.40344556503744,1,1,2,1
2012,126680,20230067282,2023,Uitsluitend materiele schade,2,bromfiets,personenauto,Kop/staart,Rechte weg,Binnen,50.0,Niet brandend,Overig asfalt,Droog,Daglicht,Droog,Stationsplein,amsterdam,POINT (131546.90799999982 480394.9279999994),POINT (5.04329137683816 52.311014856211955),5.04329137683816,52.31101485621196,-1,0,2,0
2013,126711,20230066996,2023,Uitsluitend materiele schade,2,personenauto,fiets,Flank,"Kruispunt, 3 takken",Binnen,50.0,Brandend,Beton,Droog,Duisternis,Droog,Pieter Langendijkstraat,amsterdam,POINT (119212.83740000054 485863.68279999867),POINT (4.861851223066347 52.359500268710114),4.861851223066347,52.359500268710114,1,1,2,1
2014,126746,20230023789,2023,Letsel,2,personenauto,fiets,Flank,Rechte weg,Binnen,30.0,Brandend,Overig asfalt,Nat,Duisternis,Droog,Rustenburgerstraat,amsterdam,POINT (121985.01729999855 485136.73910000175),POINT (4.902616521571107 52.353140583639664),4.902616521571107,52.353140583639664,1,1,1,1
2015,126748,20230024362,2023,Letsel,2,personenauto,fiets,Flank,"Kruispunt, 3 takken",Binnen,50.0,Niet brandend,Overig asfalt,Nat,Daglicht,Droog,Oostenburgervoorstraat,amsterdam,POINT (123314 486872),POINT (4.921958964128099 52.36881421481327),4.921958964128099,52.36881421481327,1,1,1,1
2016,126805,20230020425,2023,Letsel,2,personenauto,fiets,Flank,"Kruispunt, 4 takken",Binnen,50.0,Niet brandend,Overig asfalt,Droog,Daglicht,Droog,Van Nijenrodeweg,amsterdam,POINT (119653.63360000029 482322.14020000026),POINT (4.868693713128946 52.327699846255506),4.868693713128946,52.32769984625551,1,1,1,1
2017,126822,20230077452,2023,Uitsluitend materiele schade,2,bromfiets,fiets,Frontaal,"Kruispunt, 3 takken",Binnen,50.0,Brandend,Overig asfalt,Droog,Duisternis,Droog,Nassaukade,amsterdam,POINT (120108.51850000024 487020.8359000012),POINT (4.874879171849185 52.36995755264135),4.874879171849185,52.36995755264135,1,1,2,1
2018,126846,20230036330,2023,Uitsluitend materiele schade,2,personenauto,bromfiets,Flank,"Kruispunt, 4 takken",Binnen,50.0,Niet aanwezig,Overig asfalt,Droog,Daglicht,Droog,1e C Huygensstr,amsterdam,POINT (120121.46299999952 486223.42599999905),POINT (4.87515195666482 52.36279182700701),4.87515195666482,52.36279182700701,1,1,2,1
2019,126850,20230078246,2023,Uitsluitend materiele schade,2,bromfiets,motor,Onbekend,Rotonde,Binnen,50.0,Niet brandend,Overig asfalt,Droog,Daglicht,Droog,Hoofddorpweg,amsterdam,POINT (118411.62200000137 484931.08300000057),POINT (4.850191360259789 52.35106595950772),4.850191360259789,52.35106595950772,1,1,2,1
2020,126887,20230024558,2023,Uitsluitend materiele schade,2,personenauto,fiets,Voetganger,Rechte weg,Binnen,50.0,Brandend,Klinkers,Droog,Duisternis,Droog,Huidenstraat,amsterdam,POINT (120842.08900000155 486889.06599999964),POINT (4.885663461097022 52.36881941498595),4.885663461097022,52.36881941498595,1,1,2,1
2021,126888,20230024565,2023,Letsel,2,bestelauto,bromfiets,Flank,"Kruispunt, 3 takken",Binnen,50.0,Niet brandend,Overig asfalt,Nat,Daglicht,Regen,Amsteldijk,amsterdam,POINT (122112.77400000021 485558.9970000014),POINT (4.9044503676480415 52.35694321856703),4.9044503676480415,52.35694321856703,1,1,1,1
2022,126900,20230036398,2023,Uitsluitend materiele schade,2,personenauto,fiets,Flank,"Kruispunt, 4 takken",Binnen,50.0,Niet brandend,Klinkers,Droog,Daglicht,Droog,Dolingadreef,amsterdam,POINT (124778.72089999914 481873.32290000096),POINT (4.9439136514110595 52.32397169948627),4.94391365141106,52.32397169948627,0,1,2,1
2023,127024,20230020736,2023,Letsel,2,fiets,fiets,Onbekend,Rechte weg,Binnen,50.0,Brandend,Overig asfalt,Droog,Duisternis,Droog,Max Euweplein,amsterdam,POINT (120644.55200000107 486159.6169999987),POINT (4.882837665645626 52.362251321955355),4.882837665645626,52.36225132195536,1,1,1,1
2024,127070,20230074533,2023,Uitsluitend materiele schade,2,snorfiets,bestelauto,Flank,Rechte weg,Binnen,50.0,Niet aanwezig,Klinkers,Droog,Daglicht,Droog,Tussen Meer,amsterdam,POINT (114989.5390000008 485756.1196000017),POINT (4.7998692512885155 52.35824220996628),4.799869251288516,52.35824220996628,1,1,2,1
2025,127084,20230020804,2023,Uitsluitend materiele schade,2,personenauto,fiets,Frontaal,"Kruispunt, 4 takken",Binnen,50.0,Brandend,Overig asfalt,Droog,Duisternis,Droog,Geldersekade,amsterdam,POINT (122024.31199999899 487694.05099999905),POINT (4.902942468163898 52.37612631461478),4.902942468163898,52.37612631461478,1,1,2,1
2026,127109,20230023644,2023,Uitsluitend materiele schade,2,fiets,bestelauto,Onbekend,Rotonde,Binnen,50.0,Brandend,ZOAB,Droog,Schemer,Droog,Ookmeerweg,amsterdam,POINT (114162.7873999998 486256.7879999988),POINT (4.787672755076778 52.3626809725063),4.787672755076778,52.3626809725063,1,1,2,1
2027,127189,20230097563,2023,Letsel,2,personenauto,fiets,Flank,"Kruispunt, 4 takken",Binnen,50.0,Brandend,ZOAB,Droog,Schemer,Droog,FIETSPAD,amsterdam,POINT (120513.70930000022 492603.3729999997),POINT (4.8802550525892805 52.42015472283193),4.8802550525892805,52.42015472283193,-1,0,1,0
2028,127209,20230086487,2023,Letsel,3,fiets,fiets,Onbekend,Rechte weg,Binnen,30.0,Brandend,Klinkers,Droog,Duisternis,Droog,Geldersekade,amsterdam,POINT (121870.03599999845 487420.0560000017),POINT (4.900703948889536 52.373654553922876),4.900703948889536,52.37365455392288,1,1,1,1
2029,127214,20230087649,2023,Letsel,2,fiets,fiets,Onbekend,Rechte weg,Binnen,Unknown,Brandend,ZOAB,Nat,Duisternis,Regen,Sarphatistraat,amsterdam,POINT (121915.08999999985 485883.07499999925),POINT (4.901516772908468 52.35984394421563),4.901516772908468,52.35984394421563,1,1,1,1
2030,127226,20230097003,2023,Uitsluitend materiele schade,2,fiets,personenauto,Flank,"Kruispunt, 3 takken",Binnen,50.0,Niet brandend,Overig asfalt,Nat,Duisternis,Regen,FIETSPAD,amsterdam,POINT (116453.0064000003 488318.14339999855),POINT (4.821057451187852 52.38137229807358),4.821057451187852,52.38137229807358,1,1,2,1
2031,127227,20230097014,2023,Uitsluitend materiele schade,2,bromfiets,fiets,Flank,Rechte weg,Binnen,30.0,Niet brandend,Klinkers,Droog,Daglicht,Droog,Burg Van Leeuwenlaan,amsterdam,POINT (115837.42500000075 487628.9470000006),POINT (4.812097056282616 52.375134794400424),4.812097056282616,52.37513479440042,1,1,2,1
2032,127229,20230097568,2023,Uitsluitend materiele schade,2,bromfiets,bromfiets,Flank,Rechte weg,Binnen,50.0,Unknown,Overig asfalt,Nat,Daglicht,Droog,Overtoom,amsterdam,POINT (119260.66600000113 485869.01399999857),POINT (4.8625527488289 52.35955129543026),4.8625527488289,52.35955129543026,1,1,2,1
2033,127230,20230097570,2023,Uitsluitend materiele schade,2,bromfiets,personenauto,Flank,Rechte weg,Binnen,50.0,Brandend,Beton,Nat,Duisternis,Regen,Jan Tooropstraat,amsterdam,POINT (117488.54100000113 486530.41899999976),POINT (4.836465392813916 52.3653773527881),4.836465392813916,52.3653773527881,1,1,2,1
2034,127231,20230097577,2023,Uitsluitend materiele schade,2,bromfiets,personenauto,Kop/staart,"Kruispunt, 3 takken",Binnen,50.0,Brandend,Overig asfalt,Droog,Duisternis,Droog,Meer en Vaart,amsterdam,POINT (115629.45969999954 485545.36300000176),POINT (4.809287197548424 52.35639432880896),4.809287197548424,52.35639432880896,1,1,2,1
2035,127317,20230087784,2023,Uitsluitend materiele schade,2,personenauto,bromfiets,Flank,"Kruispunt, 3 takken",Binnen,50.0,Brandend,ZOAB,Nat,Duisternis,Droog,Bos en Lommerplein,amsterdam,POINT (118147.39400000125 487921.0753999986),POINT (4.845985703367559 52.37792011604297),4.845985703367559,52.37792011604297,1,1,2,1
2036,127338,20230087834,2023,Uitsluitend materiele schade,2,e-bike,bromfiets,Kop/staart,Rechte weg,Binnen,30.0,Niet brandend,Klinkers,Droog,Daglicht,Droog,Sneeuwbalweg,amsterdam,POINT (123134.06399999931 490237.39400000125),POINT (4.918997798565373 52.39904960373521),4.918997798565373,52.39904960373521,1,1,2,1
2037,127385,20230087335,2023,Uitsluitend materiele schade,2,bromfiets,voetganger,Voetganger,Rechte weg,Binnen,30.0,Brandend,Overig asfalt,Nat,Schemer,Droog,FIETSPAD,amsterdam,POINT (112819.76000000164 485060.7259999998),POINT (4.76810683376913 52.3518302735393),4.76810683376913,52.3518302735393,1,1,2,1
2038,127437,20230086857,2023,Uitsluitend materiele schade,2,personenauto,fiets,Flank,"Kruispunt, 4 takken",Binnen,50.0,Niet brandend,Overig asfalt,Droog,Daglicht,Droog,Transformatorweg,amsterdam,POINT (118224.29989999905 489455.33779999986),POINT (4.846947113327064 52.391714019788765),4.846947113327064,52.391714019788765,1,1,2,1
2039,127486,20210087327,2021,Uitsluitend materiele schade,2,snorfiets,personenauto,Onbekend,Unknown,Unknown,30.0,Unknown,Unknown,Unknown,Daglicht,Unknown,Viermasterstraat,amsterdam,POINT (122589.73640000075 490824.02870000154),POINT (4.910943595795047 52.40428996014597),4.910943595795047,52.40428996014597,1,1,2,1
2040,127493,20210080804,2021,Letsel,2,trekker,fiets,Flank,"Kruispunt, 3 takken",Binnen,50.0,Niet brandend,Overig asfalt,Droog,Daglicht,Droog,Anton Schleperspad,amsterdam,POINT (115648.48070000112 482767.52160000056),POINT (4.809891153204743 52.331430554555325),4.809891153204743,52.331430554555325,-1,0,1,0
2041,127546,20210087371,2021,Uitsluitend materiele schade,2,bromfiets,fiets,Kop/staart,Rechte weg,Binnen,50.0,Niet brandend,Overig asfalt,Droog,Daglicht,Droog,Westerdoksdijk,amsterdam,POINT (121355.32200000063 488530.86300000176),POINT (4.8930346178994695 52.383606392674956),4.8930346178994695,52.38360639267496,1,1,2,1
2042,127553,20210081703,2021,Uitsluitend materiele schade,2,e-bike,personenauto,Onbekend,Rechte weg,Binnen,30.0,Niet brandend,Overig asfalt,Droog,Daglicht,Droog,Weteringschans,amsterdam,POINT (120791.8440000005 486125.0089999996),POINT (4.885003475602133 52.361949481826684),4.885003475602133,52.36194948182669,1,1,2,1
2043,127579,20210078276,2021,Uitsluitend materiele schade,1,bromfiets,unknown,Eenzijdig,Bocht,Binnen,50.0,Brandend,Overig asfalt,Nat,Duisternis,Regen,Stadionweg,amsterdam,POINT (119022.2650000006 484289.03599999845),POINT (4.859222128111923 52.345336014761756),4.859222128111923,52.34533601476176,1,1,2,1
2044,127595,20210087289,2021,Letsel,3,bromfiets,fiets,Flank,"Kruispunt, 4 takken",Binnen,30.0,Niet brandend,Overig asfalt,Nat,Daglicht,Droog,IJburglaan,amsterdam,POINT (126717.84109999985 486882.866799999),POINT (4.971935293496908 52.36909770641528),4.971935293496908,52.36909770641528,1,1,1,1
2045,127602,20210086176,2021,Uitsluitend materiele schade,2,motor,fiets,Flank,"Kruispunt, 4 takken",Binnen,50.0,Niet brandend,ZOAB,Droog,Daglicht,Droog,Eerste Sweelinckstraat,amsterdam,POINT (121653.75659999996 485467.24500000104),POINT (4.89772174854386 52.3560909446924),4.89772174854386,52.3560909446924,1,1,2,1
2046,127603,20210086179,2021,Letsel,2,bestelauto,fiets,Onbekend,Unknown,Unknown,30.0,Unknown,Unknown,Unknown,Daglicht,Unknown,Leidseplein,amsterdam,POINT (120652.5 486412.5),POINT (4.8829285141420735 52.36452455351917),4.8829285141420735,52.36452455351917,1,1,1,1
2047,127664,20210009882,2021,Letsel,2,bromfiets,personenauto,Flank,"Kruispunt, 4 takken",Binnen,50.0,Brandend,ZOAB,Nat,Duisternis,Regen,Diemerparklaan,amsterdam,POINT (128302.99379999936 485338.41149999946),POINT (4.99533226877749 52.35529638970587),4.99533226877749,52.35529638970587,-1,0,1,0
2048,127695,20210020920,2021,Uitsluitend materiele schade,1,fiets,unknown,Voetganger,Rechte weg,Binnen,50.0,Niet brandend,Overig asfalt,Droog,Daglicht,Droog,Borneolaan,amsterdam,POINT (124311.64999999851 487122.3049999997),POINT (4.936584161206899 52.37112044262807),4.936584161206899,52.37112044262807,1,1,2,1
2049,127770,20210028964,2021,Letsel,2,personenauto,e-bike,Flank,Rotonde,Binnen,50.0,Niet brandend,Overig asfalt,Droog,Daglicht,Droog,Louis Bouwmeesterstraat,amsterdam,POINT (116442.85300000012 485511.07840000093),POINT (4.821230299325375 52.35614389370124),4.821230299325375,52.35614389370124,1,1,1,1
2050,127879,20210033829,2021,Uitsluitend materiele schade,2,personenauto,snorfiets,Flank,"Kruispunt, 4 takken",Binnen,50.0,Niet brandend,Overig asfalt,Droog,Daglicht,Droog,Daguerrestraat,amsterdam,POINT (128256.1688000001 485892.69739999995),POINT (4.994600896956952 52.360275711803354),4.994600896956952,52.36027571180336,-1,0,2,0
2051,127927,20210029325,2021,Letsel,3,snorfiets,snorfiets,Frontaal,Rechte weg,Binnen,50.0,Brandend,Overig asfalt,Droog,Duisternis,Droog,Heemstedestraat,amsterdam,POINT (118055.53299999982 484997.4389999993),POINT (4.844957928198967 52.35163849240632),4.844957928198967,52.35163849240632,1,1,1,1
2052,127980,20210005190,2021,Uitsluitend materiele schade,2,personenauto,bromfiets,Onbekend,"Kruispunt, 3 takken",Binnen,30.0,Niet brandend,ZOAB,Droog,Daglicht,Droog,Ookmeerweg,amsterdam,POINT (114802.13369999826 486470.83249999955),POINT (4.797032934595274 52.36465179331012),4.797032934595274,52.36465179331012,1,1,2,1
2053,128009,20210009801,2021,Uitsluitend materiele schade,2,bromfiets,personenauto,Frontaal,Bocht,Binnen,50.0,Niet brandend,Overig asfalt,Droog,Daglicht,Unknown,Galantstraat,amsterdam,POINT (127134.05099999905 481707.41800000146),POINT (4.978474845415501 52.32260502345704),4.978474845415501,52.32260502345704,0,1,2,1
2054,128082,20210045952,2021,Letsel,2,motor,fiets,Flank,"Kruispunt, 4 takken",Binnen,50.0,Niet brandend,Overig asfalt,Droog,Daglicht,Droog,Nassauplein,amsterdam,POINT (120559.26000000164 488705.3819999993),POINT (4.881324675050844 52.38512547396809),4.881324675050844,52.38512547396809,1,1,1,1
2055,128083,20210045959,2021,Uitsluitend materiele schade,2,personenauto,fiets,Flank,Rechte weg,Binnen,50.0,Niet brandend,Overig asfalt,Droog,Daglicht,Droog,2e Van der Helststraat,amsterdam,POINT (121441.1640000008 484892.0309999995),POINT (4.894658632188892 52.35090836373685),4.894658632188892,52.35090836373685,1,1,2,1
2056,128095,20210055412,2021,Uitsluitend materiele schade,2,bromfiets,bromfiets,Flank,"Kruispunt, 4 takken",Binnen,30.0,Niet brandend,Klinkers,Nat,Daglicht,Droog,Noordzijde,amsterdam,POINT (116534.10300000012 487492.66699999943),POINT (4.822342976942089 52.37395926613725),4.822342976942089,52.37395926613725,1,1,2,1
2057,128112,20210065653,2021,Letsel,2,bromfiets,voetganger,Voetganger,Bocht,Binnen,30.0,Niet brandend,Overig asfalt,Droog,Daglicht,Droog,Gentiaanplein,amsterdam,POINT (122687.52299999818 489314.1400000006),POINT (4.91252584086585 52.390725956498734),4.91252584086585,52.390725956498734,1,1,1,1
2058,128152,20210053853,2021,Uitsluitend materiele schade,2,fiets,scootmobiel,Onbekend,"Kruispunt, 4 takken",Binnen,Unknown,Niet brandend,Overig asfalt,Droog,Daglicht,Droog,Admiraal De Ruijterweg,amsterdam,POINT (118729 488220),POINT (4.85449456192187 52.38064535173815),4.85449456192187,52.38064535173815,1,1,2,1
2059,128177,20210044766,2021,Uitsluitend materiele schade,2,personenauto,fiets,Flank,"Kruispunt, 4 takken",Binnen,50.0,Niet brandend,Overig asfalt,Droog,Daglicht,Droog,Jan Tooropstraat,amsterdam,POINT (117515.29540000111 486881.8187999986),POINT (4.836819000451435 52.36853729231404),4.836819000451435,52.36853729231404,1,1,2,1
2060,128274,20210056647,2021,Uitsluitend materiele schade,1,bromfiets,unknown,Eenzijdig,"Kruispunt, 4 takken",Binnen,Unknown,Brandend,Overig asfalt,Droog,Duisternis,Unknown,Admiralengracht,amsterdam,POINT (118883.23800000176 487159.80900000036),POINT (4.856873697763763 52.371127325200916),4.856873697763763,52.37112732520092,1,1,2,1
2061,128366,20210043793,2021,Letsel,2,personenauto,fiets,Flank,"Kruispunt, 4 takken",Binnen,50.0,Niet brandend,Overig asfalt,Droog,Daglicht,Droog,Houtmankade,amsterdam,POINT (120873.65480000153 489283.816300001),POINT (4.885883687201126 52.39034364597169),4.885883687201126,52.39034364597169,1,1,1,1
2062,128466,20210064801,2021,Letsel,2,bromfiets,overig wegmeubilair,Vast voorwerp,"Kruispunt, 4 takken",Binnen,50.0,Niet brandend,Overig asfalt,Nat,Duisternis,Droog,Insulindeweg,amsterdam,POINT (124523.59800000116 486050.33900000155),POINT (4.9397934270504384 52.3614981101613),4.9397934270504384,52.3614981101613,1,1,1,1
2063,128470,20210065553,2021,Uitsluitend materiele schade,2,personenauto,fiets,Flank,"Kruispunt, 3 takken",Binnen,50.0,Niet brandend,Overig asfalt,Droog,Daglicht,Unknown,Baden Powellweg,amsterdam,POINT (114521.12000000104 485113.3740000017),POINT (4.793070773390239 52.35243140981168),4.793070773390239,52.35243140981168,1,1,2,1
2064,128530,20210069168,2021,Letsel,2,bestelauto,fiets,Flank,"Kruispunt, 4 takken",Binnen,30.0,Niet brandend,Klinkers,Nat,Daglicht,Droog,George Gershwinlaan,amsterdam,POINT (119977.14759999886 483239.22679999843),POINT (4.873343928766941 52.33596271878683),4.873343928766941,52.33596271878683,1,1,1,1
2065,128687,20230004348,2023,Letsel,1,fiets,unknown,Eenzijdig,Unknown,Unknown,50.0,Unknown,Unknown,Unknown,Daglicht,Unknown,Olympiaplein,amsterdam,POINT (119395.4028000012 484808.2083999999),POINT (4.8646428704878035 52.350026275881106),4.864642870487804,52.35002627588111,1,1,1,1
2066,128818,20210091240,2021,Uitsluitend materiele schade,2,bromfiets,fiets,Onbekend,Rechte weg,Binnen,50.0,Niet brandend,Overig asfalt,Nat,Daglicht,Droog,Weesperstraat,amsterdam,POINT (122249.77499999851 486341.8020000011),POINT (4.906385119283961 52.36398672742521),4.906385119283961,52.36398672742521,1,1,2,1
2067,129124,20220080571,2022,Letsel,1,bromfiets,unknown,Eenzijdig,"Kruispunt, 4 takken",Binnen,50.0,Niet brandend,Beton,Nat,Daglicht,Regen,Beethovenstraat,amsterdam,POINT (120218.59899999946 484457.38899999857),POINT (4.876760545924537 52.34692607325218),4.876760545924537,52.34692607325218,1,1,1,1
2068,129125,20220081373,2022,Uitsluitend materiele schade,1,bromfiets,unknown,Voetganger,Rechte weg,Binnen,50.0,Unknown,Unknown,Droog,Daglicht,Droog,De Ruijterkade,amsterdam,POINT (121488.5549999997 488398.7010000013),POINT (4.895004646066382 52.3824267658551),4.895004646066382,52.3824267658551,1,1,2,1