,Unnamed: 0,accident_id,accident_year,outcome,num_parties,party1_type,party2_type,accident_nature,road_situation,built_up_area,speed_limit_kmh,street_lighting,road_surface,road_condition,light_condition,weather_condition,street_name,municipality,shape,geometry,longitude,latitude,cluster,future_hotspot_spatial,outcome_encoded,future_hotspot_pred
2069,129157,20220080579,2022,Uitsluitend materiele schade,2,bromfiets,personenauto,Flank,"Kruispunt, 4 takken",Binnen,50.0,Niet brandend,Overig asfalt,Droog,Daglicht,Droog,Burgemeester Röellstraat,amsterdam,POINT (116866.16279999912 487520.4884000011),POINT (4.827215804601285 52.374232464164),4.827215804601285,52.374232464164,1,1,2,1
2070,129248,20220035713,2022,Uitsluitend materiele schade,2,personenauto,fiets,Flank,"Kruispunt, 3 takken",Unknown,50.0,Niet brandend,Klinkers,Droog,Schemer,Droog,Zuid-Hollandstraat,amsterdam,POINT (119853.59299999848 482234.0432999991),POINT (4.871636076692238 52.326920906403444),4.871636076692238,52.32692090640344,1,1,2,1
2071,129322,20220055460,2022,Uitsluitend materiele schade,2,bromfiets,bromfiets,Flank,Bocht,Binnen,Unknown,Niet brandend,ZOAB,Droog,Daglicht,Droog,De Ruijterkade,amsterdam,POINT (121497.99599999934 488399.33100000024),POINT (4.895143243124019 52.38243300405771),4.895143243124019,52.38243300405771,1,1,2,1
2072,129428,20220055668,2022,Uitsluitend materiele schade,2,personenauto,fiets,Kop/staart,Rechte weg,Binnen,30.0,Unknown,Unknown,Droog,Daglicht,Droog,Kadoelenweg,amsterdam,POINT (122320.87200000137 492460.3680000007),POINT (4.906833412820625 52.41898017541491),4.906833412820625,52.41898017541491,-1,0,2,0
2073,129552,20220103232,2022,Letsel,2,personenauto,fiets,Onbekend,Rechte weg,Binnen,50.0,Niet brandend,Overig asfalt,Droog,Daglicht,Droog,De Lairessestraat,amsterdam,POINT (119995.83900000155 485251.4670000002),POINT (4.8734088919797545 52.354048553887445),4.8734088919797545,52.354048553887445,1,1,1,1
2074,129571,20220103015,2022,Letsel,2,bromfiets,personenauto,Geparkeerd voertuig,Rechte weg,Binnen,30.0,Niet brandend,Overig asfalt,Droog,Daglicht,Droog,IJplein,amsterdam,POINT (122678.37900000066 488404.73000000045),POINT (4.912479033124014 52.38255229014262),4.912479033124014,52.38255229014262,1,1,1,1
2075,129623,20220015935,2022,Uitsluitend materiele schade,2,bromfiets,personenauto,Flank,"Kruispunt, 4 takken",Binnen,50.0,Brandend,Beton,Droog,Duisternis,Droog,Jacob Marisstraat,amsterdam,POINT (131167.88159999996 480465.85170000046),POINT (5.037728475093458 52.31163599856853),5.037728475093458,52.31163599856853,-1,0,2,0
2076,129693,20230022871,2023,Uitsluitend materiele schade,2,personenauto,bromfiets,Onbekend,Unknown,Unknown,Unknown,Unknown,Unknown,Unknown,Daglicht,Unknown,Jan Tooropstraat,amsterdam,POINT (117496.66000000015 485891.16600000113),POINT (4.836655883461319 52.35963278465537),4.836655883461319,52.35963278465537,1,1,2,1
2077,129849,20230003974,2023,Uitsluitend materiele schade,2,bromfiets,fiets,Flank,"Kruispunt, 4 takken",Binnen,50.0,Niet brandend,Overig asfalt,Droog,Schemer,Droog,Van Woustraat,amsterdam,POINT (121923.39440000057 485263.5421999991),POINT (4.901699596797216 52.3542764993919),4.901699596797216,52.3542764993919,1,1,2,1
2078,129931,20230006078,2023,Uitsluitend materiele schade,2,personenauto,fiets,Flank,"Kruispunt, 4 takken",Binnen,50.0,Brandend,Overig asfalt,Droog,Duisternis,Droog,Heemstedestraat,amsterdam,POINT (117772.19090000167 484979.4098000005),POINT (4.840801396720831 52.35145733489363),4.840801396720831,52.35145733489363,1,1,2,1
2079,129964,20230004070,2023,Uitsluitend materiele schade,3,bromfiets,fiets,Onbekend,Rechte weg,Binnen,30.0,Niet brandend,Overig asfalt,Droog,Daglicht,Droog,Bos en Lommerweg,amsterdam,POINT (117750.21299999952 488002.94099999964),POINT (4.840143867264719 52.37862905708369),4.840143867264719,52.37862905708369,1,1,2,1
2080,129999,20230004117,2023,Uitsluitend materiele schade,2,personenauto,bromfiets,Flank,Rechte weg,Binnen,50.0,Brandend,Overig asfalt,Nat,Duisternis,Regen,Nassaukade,amsterdam,POINT (120259.34699999914 486653.3379999995),POINT (4.877131737955176 52.366664307714544),4.877131737955176,52.366664307714544,1,1,2,1
2081,130192,20230004286,2023,Letsel,2,personenauto,e-bike,Onbekend,Rotonde,Binnen,50.0,Brandend,Overig asfalt,Droog,Duisternis,Droog,Oostoever,amsterdam,POINT (117099.53539999947 487087.6383999996),POINT (4.830691494056684 52.37035850428278),4.830691494056684,52.37035850428278,1,1,1,1
2082,130603,20220178312,2022,Letsel,2,fiets,fiets,Onbekend,Rechte weg,Binnen,50.0,Niet brandend,Overig asfalt,Droog,Daglicht,Droog,Meeuwenlaan,amsterdam,POINT (123347.80200000107 488771.14499999955),POINT (4.922276374740152 52.38588437571849),4.922276374740152,52.38588437571849,1,1,1,1
2083,130707,20220123384,2022,Uitsluitend materiele schade,2,personenauto,bromfiets,Geparkeerd voertuig,Rechte weg,Binnen,30.0,Niet brandend,Overig asfalt,Droog,Daglicht,Droog,Keienbergweg,amsterdam,POINT (124260.16099999845 480235.68299999833),POINT (4.936456893796312 52.30922477315801),4.936456893796312,52.30922477315801,0,1,2,1
2084,130835,20220123762,2022,Letsel,1,fiets,unknown,Eenzijdig,Rechte weg,Binnen,50.0,Brandend,Overig asfalt,Droog,Duisternis,Droog,Casparuslaan,amsterdam,POINT (131000.8471999988 480181.0956000015),POINT (5.035299381062217 52.309069482258046),5.035299381062217,52.309069482258046,-1,0,1,0
2085,130841,20220142503,2022,Uitsluitend materiele schade,3,fiets,fiets,Onbekend,Rechte weg,Binnen,30.0,Niet brandend,ZOAB,Droog,Daglicht,Droog,Middenweg,amsterdam,POINT (124949.69399999827 484071.4690000005),POINT (4.94622531322626 52.343736722326234),4.94622531322626,52.34373672232624,1,1,2,1
2086,130902,20220141231,2022,Uitsluitend materiele schade,2,personenauto,fiets,Kop/staart,"Kruispunt, 4 takken",Binnen,30.0,Niet brandend,Klinkers,Droog,Daglicht,Droog,Radboud,amsterdam,POINT (119481.48570000008 482104.2767999992),POINT (4.866191472959905 52.325730739957066),4.866191472959905,52.325730739957066,1,1,2,1
2087,130943,20220155442,2022,Uitsluitend materiele schade,2,personenauto,e-bike,Flank,"Kruispunt, 4 takken",Buiten,70.0,Niet brandend,Overig asfalt,Droog,Daglicht,Droog,FIETSPAD,amsterdam,POINT (115062.72789999843 490077.96599999815),POINT (4.800429881445288 52.39708870668471),4.800429881445288,52.39708870668471,-1,0,2,0
2088,131091,20220141855,2022,Uitsluitend materiele schade,2,personenauto,fiets,Flank,Rechte weg,Binnen,30.0,Niet brandend,Klinkers,Droog,Daglicht,Droog,Louis Couperusstraat,amsterdam,POINT (116780.00899999961 487705.1090000011),POINT (4.825929712378789 52.375885697860554),4.825929712378789,52.37588569786056,1,1,2,1
2089,131118,20230058668,2023,Uitsluitend materiele schade,2,fiets,fiets,Flank,Rechte weg,Binnen,30.0,Brandend,ZOAB,Droog,Duisternis,Droog,Amstelveenseweg,amsterdam,POINT (118814.00800000131 485135.0700000003),POINT (4.856075054130451 52.35292589576932),4.856075054130451,52.35292589576932,1,1,2,1
2090,131170,20230050705,2023,Uitsluitend materiele schade,2,bromfiets,personenauto,Flank,"Kruispunt, 3 takken",Binnen,30.0,Niet brandend,Overig asfalt,Droog,Daglicht,Droog,Wibautstraat,amsterdam,POINT (122597.97179999948 485414.8781999983),POINT (4.9115862648239 52.35567680367733),4.9115862648239,52.35567680367733,1,1,2,1
2091,131194,20230049043,2023,Uitsluitend materiele schade,2,fiets,personenauto,Geparkeerd voertuig,Rechte weg,Binnen,50.0,Niet brandend,Klinkers,Droog,Daglicht,Droog,Admiralengracht,amsterdam,POINT (118854.72300000116 487060.69299999997),POINT (4.856465665156466 52.37023466853756),4.856465665156466,52.37023466853756,1,1,2,1
2092,131205,20230059134,2023,Uitsluitend materiele schade,2,snorfiets,fiets,Onbekend,Rechte weg,Binnen,50.0,Niet brandend,Overig asfalt,Droog,Daglicht,Droog,Pieter Calandlaan,amsterdam,POINT (116195.69999999925 485456.4120000005),POINT (4.81760885892028 52.35563519267615),4.81760885892028,52.35563519267615,1,1,2,1
2093,131235,20230059192,2023,Letsel,3,fiets,fiets,Onbekend,Rechte weg,Binnen,Unknown,Niet brandend,ZOAB,Droog,Daglicht,Droog,Jan van Galenstraat,amsterdam,POINT (117458.12200000137 487363.2289999984),POINT (4.835925796558241 52.37285993028366),4.835925796558241,52.37285993028366,1,1,1,1
2094,131256,20230058851,2023,Uitsluitend materiele schade,2,fiets,personenauto,Flank,"Kruispunt, 4 takken",Binnen,50.0,Niet brandend,Overig asfalt,Droog,Daglicht,Droog,Postjesweg,amsterdam,POINT (118631.1259999983 486402.3440000005),POINT (4.853253837492571 52.36430315579455),4.853253837492571,52.36430315579455,1,1,2,1
2095,131276,20230048618,2023,Uitsluitend materiele schade,2,fiets,personenauto,Flank,"Kruispunt, 4 takken",Binnen,50.0,Niet brandend,Overig asfalt,Droog,Daglicht,Droog,Sarphatistraat,amsterdam,POINT (122346.43189999834 486036.90890000015),POINT (4.907833735646644 52.361252308468266),4.907833735646644,52.361252308468266,1,1,2,1
2096,131300,20230039833,2023,Letsel,3,personenauto,fiets,Onbekend,"Kruispunt, 4 takken",Binnen,30.0,Niet brandend,Overig asfalt,Droog,Daglicht,Droog,WILHELMUS JOHANNES KRAANST,amsterdam,POINT (116674.58359999955 488264.63049999997),POINT (4.824317750803116 52.38090688065899),4.824317750803116,52.38090688065899,1,1,1,1
2097,131355,20230049286,2023,Uitsluitend materiele schade,2,bestelauto,e-bike,Onbekend,"Kruispunt, 4 takken",Binnen,30.0,Niet brandend,Overig asfalt,Droog,Daglicht,Droog,Rozengracht,amsterdam,POINT (120155.35099999979 487268.7289999984),POINT (4.875541107682565 52.37218840937125),4.875541107682565,52.37218840937125,1,1,2,1
2098,131434,20230049954,2023,Uitsluitend materiele schade,2,personenauto,fiets,Geparkeerd voertuig,Rechte weg,Binnen,30.0,Niet brandend,Klinkers,Droog,Daglicht,Droog,Buziaustraat,amsterdam,POINT (115815.25 485239.8040000014),POINT (4.812049859119862 52.35366148389691),4.812049859119862,52.35366148389691,1,1,2,1
2099,131437,20230050542,2023,Uitsluitend materiele schade,2,vrachtauto,bromfiets,Geparkeerd voertuig,Rechte weg,Binnen,30.0,Niet brandend,Klinkers,Droog,Daglicht,Droog,Gerard Douplein,amsterdam,POINT (121300.03400000185 485455.9270000011),POINT (4.89253084708061 52.35596764320783),4.89253084708061,52.35596764320783,1,1,2,1
2100,131754,20220210515,2022,Uitsluitend materiele schade,3,bromfiets,personenauto,Frontaal,"Kruispunt, 3 takken",Binnen,50.0,Niet brandend,ZOAB,Droog,Daglicht,Droog,Willem de Zwijgerlaan,amsterdam,POINT (119323.05900000036 487127.9290000014),POINT (4.863335056278083 52.37086956125721),4.863335056278083,52.37086956125721,1,1,2,1
2101,131812,20220211288,2022,Letsel,2,bestelauto,bromfiets,Geparkeerd voertuig,Rechte weg,Binnen,50.0,Niet brandend,Overig asfalt,Droog,Daglicht,Droog,De Clercqstraat,amsterdam,POINT (119614.0549999997 487061.811999999),POINT (4.867614743419443 52.370294177983176),4.867614743419443,52.370294177983176,1,1,1,1
2102,131846,20220211327,2022,Uitsluitend materiele schade,3,fiets,trein/tram,Onbekend,Rechte weg,Binnen,50.0,Niet brandend,ZOAB,Droog,Daglicht,Droog,Overtoom,amsterdam,POINT (119153.44000000134 485837.86499999836),POINT (4.860982060294046 52.359264364266295),4.860982060294046,52.359264364266295,1,1,2,1
2103,131887,20220212043,2022,Letsel,2,bromfiets,bromfiets,Frontaal,Rechte weg,Binnen,50.0,Niet brandend,Overig asfalt,Nat,Daglicht,Droog,Oostoever,amsterdam,POINT (116861.52400000021 486604.4050000012),POINT (4.827251627201176 52.365999100448974),4.827251627201176,52.365999100448974,1,1,1,1
2104,132365,20230111423,2023,Uitsluitend materiele schade,2,fiets,personenauto,Kop/staart,"Kruispunt, 3 takken",Binnen,30.0,Brandend,Overig asfalt,Nat,Duisternis,Droog,Johan Huizingalaan,amsterdam,POINT (116863.84340000153 485762.6383000016),POINT (4.827381141760638 52.358434108150625),4.827381141760638,52.35843410815063,1,1,2,1
2105,132390,20230023655,2023,Uitsluitend materiele schade,2,personenauto,fiets,Onbekend,Rotonde,Buiten,50.0,Unknown,Overig asfalt,Nat,Daglicht,Regen,Liergouw,amsterdam,POINT (126685.20199999958 488390.2842000015),POINT (4.971329059740767 52.38264373424684),4.971329059740767,52.38264373424684,-1,0,2,0
2106,132549,20230023898,2023,Uitsluitend materiele schade,2,bromfiets,personenauto,Kop/staart,Rechte weg,Binnen,50.0,Niet brandend,Overig asfalt,Droog,Daglicht,Droog,Linnaeusstraat,amsterdam,POINT (123649.32800000161 485609.1009999998),POINT (4.927000167250927 52.357483350519466),4.927000167250927,52.357483350519466,1,1,2,1
2107,132584,20230020506,2023,Uitsluitend materiele schade,2,fiets,fiets,Flank,Rechte weg,Binnen,50.0,Brandend,Overig asfalt,Droog,Duisternis,Droog,Haarlemmerweg,amsterdam,POINT (120343.68299999833 488750.05700000003),POINT (4.878153701703012 52.38551341165871),4.878153701703012,52.38551341165871,1,1,2,1
2108,132615,20230036406,2023,Letsel,2,personenauto,e-bike,Flank,Rotonde,Binnen,50.0,Niet brandend,Overig asfalt,Nat,Daglicht,Regen,FIETSPAD,amsterdam,POINT (114884.39759999886 484602.1548999995),POINT (4.798463499439148 52.34786361625463),4.798463499439148,52.34786361625463,1,1,1,1
2109,132643,20230079056,2023,Letsel,2,personenauto,fiets,Flank,"Kruispunt, 4 takken",Binnen,50.0,Brandend,Overig asfalt,Droog,Duisternis,Droog,Ruyschstraat,amsterdam,POINT (122515.16200000048 485618.28500000015),POINT (4.910351126411883 52.35749999957362),4.910351126411883,52.35749999957362,1,1,1,1
2110,132669,20230077019,2023,Uitsluitend materiele schade,2,bromfiets,personenauto,Frontaal,"Kruispunt, 4 takken",Binnen,60.0,Niet brandend,ZOAB,Droog,Daglicht,Droog,Hoofdweg,amsterdam,POINT (118330.6400000006 487342.97300000116),POINT (4.848739827767922 52.37273684301068),4.848739827767922,52.37273684301068,1,1,2,1
2111,132738,20230020170,2023,Uitsluitend materiele schade,3,bromfiets,fiets,Onbekend,Rechte weg,Binnen,30.0,Niet brandend,Beton,Nat,Schemer,Droog,Stadhouderskade,amsterdam,POINT (120491.23930000141 486171.28649999946),POINT (4.880585794069666 52.36234658910481),4.880585794069666,52.36234658910481,1,1,2,1
2112,132739,20230020735,2023,Uitsluitend materiele schade,2,bestelauto,fiets,Flank,"Kruispunt, 3 takken",Binnen,50.0,Niet aanwezig,Overig asfalt,Droog,Daglicht,Droog,Zeeburgerdijk,amsterdam,POINT (124312.73440000042 486555.28180000186),POINT (4.936651841671581 52.36602447053929),4.936651841671581,52.36602447053929,1,1,2,1
2113,132815,20230078207,2023,Letsel,1,fiets,unknown,Eenzijdig,Rechte weg,Binnen,30.0,Niet aanwezig,Klinkers,Droog,Daglicht,Regen,Stromarkt,amsterdam,POINT (121432.58999999985 487967.9120000005),POINT (4.8942257295926 52.37855172631021),4.8942257295926,52.37855172631021,1,1,1,1
2114,132913,20230097012,2023,Uitsluitend materiele schade,2,snorfiets,bestelauto,Flank,"Kruispunt, 3 takken",Binnen,50.0,Niet brandend,Overig asfalt,Nat,Daglicht,Regen,Velserweg,amsterdam,POINT (118107.6015000008 488848.50670000166),POINT (4.8452994831748 52.3862524715857),4.8452994831748,52.3862524715857,1,1,2,1
2115,132930,20230087687,2023,Uitsluitend materiele schade,2,bestelauto,fiets,Flank,"Kruispunt, 3 takken",Binnen,50.0,Niet brandend,Klinkers,Nat,Daglicht,Regen,Joan Muyskenweg,amsterdam,POINT (122775 482668),POINT (4.914447674037143 52.331000013550984),4.914447674037143,52.33100001355098,-1,0,2,1
2116,133041,20230097175,2023,Uitsluitend materiele schade,3,bromfiets,personenauto,Kop/staart,"Kruispunt, 4 takken",Binnen,50.0,Niet brandend,ZOAB,Unknown,Daglicht,Droog,Johan Huizingalaan,amsterdam,POINT (116848.79369999841 485537.30889999866),POINT (4.827185786180342 52.35640797348618),4.827185786180342,52.35640797348618,1,1,2,1
2117,133062,20230097830,2023,Letsel,2,bromfiets,voetganger,Voetganger,"Kruispunt, 3 takken",Binnen,50.0,Brandend,Overig asfalt,Nat,Duisternis,Droog,Meer en Vaart,amsterdam,POINT (115508.65300000086 485875.9594999999),POINT (4.807475156408206 52.359356800057014),4.807475156408206,52.35935680005701,1,1,1,1
2118,133140,20230098017,2023,Uitsluitend materiele schade,2,personenauto,bromfiets,Flank,"Kruispunt, 4 takken",Binnen,30.0,Niet brandend,Overig asfalt,Droog,Daglicht,Droog,Amstelveenseweg,amsterdam,POINT (118904.997299999 482345.8847000003),POINT (4.8577095588882635 52.32786461141353),4.857709558888264,52.32786461141353,1,1,2,1
2119,133181,20210080787,2021,Letsel,3,personenauto,e-bike,Onbekend,Rechte weg,Binnen,30.0,Niet brandend,Klinkers,Droog,Daglicht,Droog,De Rijpgracht,amsterdam,POINT (119175.14299999923 487879.1499999985),POINT (4.861083111600513 52.377611344096835),4.861083111600513,52.37761134409684,1,1,1,1
2120,133201,20210088980,2021,Uitsluitend materiele schade,3,bromfiets,fiets,Flank,Unknown,Binnen,15.0,Niet brandend,Unknown,Droog,Daglicht,Droog,Oostenburgergracht,amsterdam,POINT (123457.48999999836 486790.9310000017),POINT (4.9240733670102985 52.3680938804744),4.9240733670102985,52.3680938804744,1,1,2,1
2121,133203,20210080841,2021,Uitsluitend materiele schade,2,personenauto,snorfiets,Frontaal,"Kruispunt, 4 takken",Binnen,50.0,Brandend,Overig asfalt,Nat,Duisternis,Droog,Burg Rendorpstraat,amsterdam,POINT (116861.63019999862 487505.94469999894),POINT (4.827150897716152 52.37410144206497),4.827150897716152,52.37410144206497,1,1,2,1
2122,133224,20210089613,2021,Letsel,2,fiets,voetganger,Voetganger,Rechte weg,Binnen,50.0,Niet brandend,Overig asfalt,Nat,Daglicht,Droog,Haarlemmerplein,amsterdam,POINT (120758.66099999845 488656.1499999985),POINT (4.884258468872214 52.38469548754357),4.884258468872214,52.38469548754357,1,1,1,1
2123,133230,20210087311,2021,Letsel,2,bestelauto,bromfiets,Flank,"Kruispunt, 4 takken",Binnen,50.0,Niet brandend,Overig asfalt,Droog,Daglicht,Droog,Nieuwe Kerkstraat,amsterdam,POINT (122227 486374),POINT (4.906047623547992 52.36427474278235),4.906047623547992,52.36427474278235,1,1,1,1
2124,133244,20210081689,2021,Letsel,2,bromfiets,overig vast object,Vast voorwerp,Rechte weg,Binnen,Unknown,Niet brandend,Klinkers,Droog,Daglicht,Droog,Abcouderpad,amsterdam,POINT (125373.33799999952 480569.80099999905),POINT (4.95274991774183 52.3122887162532),4.95274991774183,52.3122887162532,0,1,1,1
2125,133262,20210090039,2021,Uitsluitend materiele schade,1,snorfiets,unknown,Onbekend,Unknown,Unknown,30.0,Unknown,Unknown,Unknown,Daglicht,Unknown,De Ruijterkade,amsterdam,POINT (121891.53500000015 488105.2120000012),POINT (4.900952136476769 52.37981354772939),4.900952136476769,52.37981354772939,1,1,2,1
2126,133321,20210084846,2021,Uitsluitend materiele schade,2,bromfiets,personenauto,Kop/staart,Rechte weg,Binnen,50.0,Niet brandend,Klinkers,Droog,Schemer,Droog,Cornelis Schuytstraat,amsterdam,POINT (119829.63699999824 485429.26900000125),POINT (4.870950865020331 52.35563589972981),4.870950865020331,52.35563589972981,1,1,2,1
2127,133381,20210007891,2021,Uitsluitend materiele schade,2,bromfiets,personenauto,Frontaal,"Kruispunt, 3 takken",Binnen,30.0,Niet brandend,Klinkers,Droog,Daglicht,Droog,Bijlmerdreef,amsterdam,POINT (126071.61620000005 481300.07510000095),POINT (4.962926739529487 52.31888919022789),4.962926739529487,52.31888919022789,0,1,2,1
2128,133392,20210021482,2021,Uitsluitend materiele schade,2,bromfiets,personenauto,Onbekend,Unknown,Unknown,30.0,Unknown,Unknown,Unknown,Daglicht,Unknown,Holbeinstraat,amsterdam,POINT (120131.02100000158 484260.9770000018),POINT (4.8754956694715395 52.34515530600266),4.87549566947154,52.34515530600266,1,1,2,1
2129,133468,20210023979,2021,Uitsluitend materiele schade,2,personenauto,fiets,Flank,"Kruispunt, 3 takken",Binnen,30.0,Niet brandend,Klinkers,Droog,Daglicht,Droog,Stadionkade,amsterdam,POINT (119417.86290000007 484095.84319999814),POINT (4.865047814978194 52.34362548671909),4.865047814978194,52.34362548671909,1,1,2,1
2130,133482,20210010698,2021,Letsel,1,fiets,unknown,Eenzijdig,Rechte weg,Binnen,30.0,Niet brandend,Klinkers,Sneeuw/ijzel,Daglicht,Regen,Zuidelijke Wandelweg,amsterdam,POINT (121432.60700000077 483497.4699999988),POINT (4.894672119161969 52.338374442639335),4.894672119161969,52.338374442639335,1,1,1,1
2131,133492,20210016537,2021,Uitsluitend materiele schade,2,motor,e-bike,Flank,"Kruispunt, 4 takken",Binnen,50.0,Niet brandend,Overig asfalt,Droog,Daglicht,Droog,Stadionweg,amsterdam,POINT (118936.43400000036 484280.85500000045),POINT (4.857963465146955 52.34525686398905),4.857963465146955,52.34525686398905,1,1,2,1
2132,133547,20210004886,2021,Uitsluitend materiele schade,2,personenauto,fiets,Flank,"Kruispunt, 3 takken",Binnen,50.0,Niet brandend,Overig asfalt,Nat,Daglicht,Droog,Radarweg,amsterdam,POINT (117375.74670000002 488692.50189999864),POINT (4.834567368340611 52.38480074920092),4.834567368340611,52.38480074920092,1,1,2,1
2133,133805,20210074233,2021,Letsel,2,fiets,fiets,Flank,Rechte weg,Binnen,50.0,Niet brandend,Overig asfalt,Droog,Daglicht,Droog,Admiraal De Ruijterweg,amsterdam,POINT (118627.35000000149 488329.6070000008),POINT (4.852989830290551 52.38162368987951),4.852989830290551,52.38162368987951,1,1,1,1
2134,133825,20210034681,2021,Uitsluitend materiele schade,2,snorfiets,personenauto,Onbekend,Bocht,Binnen,50.0,Brandend,Overig asfalt,Nat,Schemer,Droog,Insulindeweg,amsterdam,POINT (125129.37700000033 486439.5920000002),POINT (4.948651778171193 52.36502974268755),4.948651778171193,52.36502974268755,1,1,2,1
2135,133977,20210050925,2021,Uitsluitend materiele schade,2,bromfiets,fiets,Flank,"Kruispunt, 3 takken",Binnen,15.0,Niet brandend,Klinkers,Nat,Daglicht,Droog,Hoekenrode,amsterdam,POINT (125055.22500000149 480645.95699999854),POINT (4.948078381127792 52.31295594134433),4.948078381127792,52.31295594134433,0,1,2,1
2136,134048,20210056252,2021,Uitsluitend materiele schade,2,personenauto,fiets,Onbekend,"Kruispunt, 3 takken",Binnen,50.0,Brandend,Unknown,Droog,Duisternis,Droog,Wilhelmina Druckerstraat,amsterdam,POINT (116867.12669999897 484820.29630000144),POINT (4.827536151874678 52.349965275253155),4.827536151874678,52.34996527525316,1,1,2,1
2137,134062,20210066128,2021,Uitsluitend materiele schade,2,personenauto,fiets,Flank,Rotonde,Binnen,50.0,Niet brandend,Overig asfalt,Nat,Daglicht,Regen,OOSTOEVER NOORDZIJDE,amsterdam,POINT (117149 487101),POINT (4.8314162718754226 52.370481999550314),4.831416271875423,52.37048199955032,1,1,2,1
2138,134102,20210052869,2021,Letsel,2,e-bike,bromfiets,Onbekend,Unknown,Unknown,30.0,Unknown,Unknown,Unknown,Daglicht,Unknown,Leidseplein,amsterdam,POINT (120652.5 486412.5),POINT (4.8829285141420735 52.36452455351917),4.8829285141420735,52.36452455351917,1,1,1,1
2139,134170,20210050539,2021,Uitsluitend materiele schade,2,personenauto,bromfiets,Kop/staart,Rechte weg,Binnen,50.0,Niet brandend,Overig asfalt,Droog,Daglicht,Droog,Mauritskade,amsterdam,POINT (122689.57499999925 486003.5020000003),POINT (4.9128742893211825 52.36097235959568),4.912874289321183,52.36097235959568,1,1,2,1
2140,134190,20210075861,2021,Letsel,2,bromfiets,personenauto,Onbekend,Rechte weg,Binnen,50.0,Brandend,Overig asfalt,Nat,Duisternis,Droog,Burg Vening Meineszlaan,amsterdam,POINT (117479.57200000063 488428.9290000014),POINT (4.836121760647047 52.38243907209076),4.836121760647047,52.38243907209076,1,1,1,1
2141,134192,20210048753,2021,Uitsluitend materiele schade,2,snorfiets,bestelauto,Flank,"Kruispunt, 3 takken",Binnen,Unknown,Niet brandend,Overig asfalt,Droog,Daglicht,Droog,President Kennedylaan,amsterdam,POINT (121621.47619999945 483722.64389999956),POINT (4.897420963489852 52.34040966158747),4.897420963489852,52.34040966158747,1,1,2,1
2142,134200,20210054184,2021,Uitsluitend materiele schade,2,bromfiets,personenauto,Frontaal,"Kruispunt, 3 takken",Binnen,50.0,Niet brandend,ZOAB,Nat,Daglicht,Regen,Cornelis Lelylaan,amsterdam,POINT (116454.9653000012 485728.0929999985),POINT (4.821383217052673 52.35809510477066),4.821383217052673,52.35809510477066,1,1,2,1
2143,134223,20210038291,2021,Uitsluitend materiele schade,2,personenauto,fiets,Flank,"Kruispunt, 4 takken",Binnen,50.0,Brandend,Overig asfalt,Droog,Schemer,Droog,Wibautstraat,amsterdam,POINT (122541.01099999994 485490.41800000146),POINT (4.910742896172171 52.35635234335688),4.910742896172171,52.35635234335688,1,1,2,1
2144,134301,20210087210,2021,Letsel,2,personenauto,fiets,Frontaal,"Kruispunt, 4 takken",Binnen,50.0,Niet brandend,Klinkers,Droog,Daglicht,Droog,Christoffel Plantijnpad,amsterdam,POINT (116413.40239999816 484975.1057999991),POINT (4.820859493375479 52.35132491158694),4.820859493375479,52.35132491158694,1,1,1,1
2145,134931,20220080668,2022,Uitsluitend materiele schade,2,motor,fiets,Flank,"Kruispunt, 4 takken",Binnen,50.0,Brandend,Overig asfalt,Nat,Duisternis,Regen,Hemonystraat,amsterdam,POINT (121928.95279999822 485715.1671999991),POINT (4.9017367817279744 52.35833573695349),4.9017367817279744,52.35833573695349,1,1,2,1
2146,134945,20220016509,2022,Letsel,2,fiets,voetganger,Voetganger,"Kruispunt, 4 takken",Binnen,30.0,Brandend,Klinkers,Droog,Duisternis,Droog,Berenstraat,amsterdam,POINT (120661.00059999898 487068.5938999988),POINT (4.882986298252985 52.37042159068884),4.882986298252985,52.37042159068884,1,1,1,1
2147,135129,20220054190,2022,Uitsluitend materiele schade,3,bromfiets,dier,Dier,Rechte weg,Binnen,30.0,Niet brandend,Klinkers,Droog,Daglicht,Droog,Burg Van Tienhovengracht,amsterdam,POINT (117044.31599999964 487843.063000001),POINT (4.829795398649352 52.37714385381395),4.829795398649352,52.37714385381395,1,1,2,1
2148,135229,20220054552,2022,Uitsluitend materiele schade,2,personenauto,fiets,Onbekend,Bocht,Binnen,30.0,Unknown,Unknown,Unknown,Duisternis,Unknown,Bloemstraat,amsterdam,POINT (120609.54100000113 487506.63599999994),POINT (4.882185897169418 52.374355177338465),4.882185897169418,52.37435517733847,1,1,2,1
2149,135260,20220055773,2022,Uitsluitend materiele schade,1,fiets,unknown,Onbekend,Unknown,Unknown,30.0,Unknown,Unknown,Unknown,Daglicht,Unknown,Jasonstraat,amsterdam,POINT (119048.96499999985 484297.2670000009),POINT (4.859613062048678 52.34541173652505),4.859613062048678,52.34541173652505,1,1,2,1
2150,135274,20220102298,2022,Uitsluitend materiele schade,1,bromfiets,unknown,Voetganger,Rechte weg,Binnen,30.0,Niet brandend,Klinkers,Unknown,Daglicht,Droog,Binnen Oranjestraat,amsterdam,POINT (120927.72800000012 488353.91600000113),POINT (4.886772334496998 52.38198975041753),4.886772334496998,52.38198975041753,1,1,2,1