,Unnamed: 0,accident_id,accident_year,outcome,num_parties,party1_type,party2_type,accident_nature,road_situation,built_up_area,speed_limit_kmh,street_lighting,road_surface,road_condition,light_condition,weather_condition,street_name,municipality,shape,geometry,longitude,latitude,cluster,future_hotspot_spatial,outcome_encoded,future_hotspot_pred
2151,135311,20220102587,2022,Uitsluitend materiele schade,1,fiets,unknown,Onbekend,Rechte weg,Binnen,30.0,Niet brandend,Overig asfalt,Droog,Daglicht,Droog,De Ruijterkade,amsterdam,POINT (121488.5549999997 488398.7010000013),POINT (4.895004646066382 52.3824267658551),4.895004646066382,52.3824267658551,1,1,2,1
2152,135329,20220102480,2022,Letsel,2,personenauto,e-bike,Flank,"Kruispunt, 4 takken",Binnen,50.0,Niet brandend,Overig asfalt,Droog,Daglicht,Droog,Th. Weeversweg,amsterdam,POINT (124803.65320000052 490042.45259999856),POINT (4.943545906483335 52.3973920233973),4.943545906483335,52.3973920233973,1,1,1,1
2153,135332,20220102744,2022,Uitsluitend materiele schade,2,personenauto,fiets,Frontaal,"Kruispunt, 4 takken",Binnen,30.0,Niet aanwezig,Klinkers,Droog,Daglicht,Droog,Burg Van de Pollstraat,amsterdam,POINT (117286.28610000014 487564.2917999998),POINT (4.833380045929362 52.37465515095209),4.833380045929362,52.37465515095209,1,1,2,1
2154,135350,20220054964,2022,Uitsluitend materiele schade,2,personenauto,fiets,Flank,"Kruispunt, 3 takken",Binnen,30.0,Niet brandend,Overig asfalt,Droog,Daglicht,Droog,Aalbersestraat,amsterdam,POINT (114870.38919999823 488095.9182999991),POINT (4.797840956918358 52.37926171915457),4.797840956918358,52.37926171915457,1,1,2,1
2155,135418,20230087735,2023,Letsel,1,fiets,unknown,Eenzijdig,Unknown,Unknown,Unknown,Unknown,Unknown,Unknown,Daglicht,Unknown,Rijnstraat,amsterdam,POINT (122230.56799999997 484048.0379999988),POINT (4.906326556643306 52.34337074579366),4.906326556643306,52.34337074579366,1,1,1,1
2156,135740,20230004436,2023,Uitsluitend materiele schade,2,bromfiets,bestelauto,Flank,Rechte weg,Binnen,50.0,Niet brandend,Overig asfalt,Droog,Daglicht,Droog,Ceintuurbaan,amsterdam,POINT (121319.80999999866 485122.8660000004),POINT (4.892854467245355 52.35297552886028),4.892854467245355,52.35297552886028,1,1,2,1
2157,136087,20210071666,2021,Letsel,2,e-bike,fiets,Frontaal,"Kruispunt, 4 takken",Binnen,30.0,Niet brandend,Overig asfalt,Nat,Daglicht,Unknown,Haarlemmermeerstraat,amsterdam,POINT (118425.34540000185 485352.3557999991),POINT (4.850346975414561 52.3548529687905),4.850346975414561,52.3548529687905,1,1,1,1
2158,136110,20220123645,2022,Letsel,1,fiets,unknown,Eenzijdig,Unknown,Unknown,30.0,Unknown,Unknown,Unknown,Daglicht,Unknown,Vijzelgracht,amsterdam,POINT (121212.40100000054 486060.62999999896),POINT (4.891183805565125 52.36139691687524),4.891183805565125,52.36139691687524,1,1,1,1
2159,136372,20220178008,2022,Letsel,2,personenauto,bromfiets,Frontaal,"Kruispunt, 4 takken",Binnen,30.0,Niet brandend,ZOAB,Droog,Daglicht,Droog,Dolingadreef,amsterdam,POINT (124832.85300000012 481742.3583999984),POINT (4.944719371129678 52.322797636890364),4.944719371129678,52.32279763689037,0,1,1,1
2160,136416,20220141997,2022,Uitsluitend materiele schade,2,bestelauto,fiets,Flank,"Kruispunt, 4 takken",Binnen,50.0,Niet brandend,Overig asfalt,Droog,Daglicht,Droog,Bloemgracht,amsterdam,POINT (120206.20100000128 487469.3680000007),POINT (4.8762669961352305 52.37399483073155),4.876266996135231,52.37399483073155,1,1,2,1
2161,136438,20220177461,2022,Uitsluitend materiele schade,2,personenauto,bromfiets,Geparkeerd voertuig,Rechte weg,Binnen,30.0,Niet brandend,Overig asfalt,Droog,Daglicht,Droog,De Ruijterkade,amsterdam,POINT (122075.42199999839 487976.813000001),POINT (4.903665308764588 52.37867064683632),4.903665308764588,52.37867064683632,1,1,2,1
2162,136458,20220142082,2022,Uitsluitend materiele schade,2,personenauto,fiets,Kop/staart,"Kruispunt, 4 takken",Binnen,50.0,Niet brandend,Overig asfalt,Droog,Daglicht,Droog,Spuistraat,amsterdam,POINT (121119.07019999996 487385.3942999989),POINT (4.889680202496798 52.37329721858644),4.889680202496798,52.37329721858644,1,1,2,1
2163,136464,20220178160,2022,Uitsluitend materiele schade,1,snorfiets,unknown,Eenzijdig,Rechte weg,Binnen,30.0,Niet brandend,Overig asfalt,Droog,Daglicht,Droog,Broekzijdschepad,amsterdam,POINT (126572.17500000075 477554.63899999857),POINT (4.970583596894739 52.285253201332274),4.970583596894739,52.285253201332274,-1,0,2,0
2164,136560,20220123554,2022,Uitsluitend materiele schade,2,fiets,snorfiets,Flank,Rechte weg,Binnen,50.0,Niet brandend,Klinkers,Droog,Daglicht,Droog,Amstel,amsterdam,POINT (121454.97500000149 486686.86199999973),POINT (4.894682324769206 52.3670399234467),4.894682324769206,52.3670399234467,1,1,2,1
2165,136667,20220142594,2022,Letsel,1,snorfiets,unknown,Eenzijdig,Unknown,Unknown,50.0,Unknown,Unknown,Unknown,Daglicht,Unknown,Wolbrantskerkweg,amsterdam,POINT (114800.86199999973 485687.23699999973),POINT (4.797107933552035 52.35760937382095),4.797107933552035,52.35760937382095,1,1,1,1
2166,136845,20220141656,2022,Letsel,2,bestelauto,fiets,Flank,"Kruispunt, 4 takken",Binnen,30.0,Niet brandend,Klinkers,Droog,Daglicht,Droog,Korte Prinsengracht,amsterdam,POINT (121087.87220000103 488308.40019999817),POINT (4.889128940581713 52.38159060336896),4.889128940581713,52.38159060336896,1,1,1,1
2167,136846,20220141669,2022,Uitsluitend materiele schade,2,bestelauto,bromfiets,Flank,Rechte weg,Binnen,50.0,Niet brandend,ZOAB,Droog,Daglicht,Droog,Willem de Zwijgerlaan,amsterdam,POINT (119317.80299999937 487377.19999999925),POINT (4.863231418875118 52.37310948266224),4.863231418875118,52.37310948266224,1,1,2,1
2168,136883,20220155704,2022,Letsel,2,bromfiets,snorfiets,Kop/staart,"Kruispunt, 3 takken",Binnen,50.0,Niet brandend,Overig asfalt,Nat,Daglicht,Droog,Zeilstraat,amsterdam,POINT (118680.16180000082 484897.09420000017),POINT (4.854136262152368 52.35077830834067),4.854136262152368,52.35077830834067,1,1,1,1
2169,136973,20230048988,2023,Uitsluitend materiele schade,1,fiets,unknown,Voetganger,Rechte weg,Binnen,30.0,Brandend,Klinkers,Droog,Duisternis,Droog,Nieuwendijk,amsterdam,POINT (121509.52800000086 487674.2809999995),POINT (4.8953848835923885 52.37591747918243),4.8953848835923885,52.37591747918243,1,1,2,1
2170,136996,20230040233,2023,Uitsluitend materiele schade,2,personenauto,fiets,Flank,"Kruispunt, 4 takken",Binnen,50.0,Brandend,Overig asfalt,Droog,Duisternis,Droog,Westeinde,amsterdam,POINT (121762 485657),POINT (4.899291825636309 52.3578028939327),4.899291825636309,52.3578028939327,1,1,2,1
2171,137081,20230050249,2023,Letsel,3,fiets,personenauto,Onbekend,"Kruispunt, 4 takken",Binnen,50.0,Niet aanwezig,ZOAB,Droog,Daglicht,Droog,Insulindeweg,amsterdam,POINT (124798.65080000088 486111.02809999883),POINT (4.9438257915562405 52.36205873574254),4.9438257915562405,52.36205873574254,1,1,1,1
2172,137133,20230058340,2023,Letsel,2,personenauto,fiets,Onbekend,"Kruispunt, 4 takken",Binnen,50.0,Niet aanwezig,Klinkers,Droog,Daglicht,Droog,Johan Huizingalaan,amsterdam,POINT (116864.49969999865 486235.9646999985),POINT (4.827337102408386 52.362688049727915),4.827337102408386,52.36268804972792,1,1,1,1
2173,137146,20230049224,2023,Letsel,3,fiets,personenauto,Onbekend,Rechte weg,Buiten,50.0,Niet brandend,Overig asfalt,Droog,Daglicht,Droog,Abcouderstraatweg,amsterdam,POINT (125974.23299999908 477833.70699999854),POINT (4.961796771100796 52.287730130404995),4.961796771100796,52.287730130405,-1,0,1,0
2174,137185,20230039348,2023,Uitsluitend materiele schade,2,bromfiets,personenauto,Flank,"Kruispunt, 4 takken",Binnen,50.0,Niet brandend,ZOAB,Droog,Daglicht,Droog,Baden Powellweg,amsterdam,POINT (114565.1783999987 484942.62370000035),POINT (4.793737933019001 52.35090008538153),4.793737933019001,52.35090008538153,1,1,2,1
2175,137211,20230050474,2023,Uitsluitend materiele schade,2,fiets,fiets,Flank,"Kruispunt, 4 takken",Binnen,30.0,Niet brandend,Beton,Droog,Daglicht,Droog,Weesperzijde,amsterdam,POINT (122284 485532),POINT (4.906966346896057 52.35671081046688),4.906966346896057,52.35671081046688,1,1,2,1
2176,137322,20220211519,2022,Letsel,2,bromfiets,bestelauto,Eenzijdig,"Kruispunt, 4 takken",Binnen,50.0,Niet brandend,Overig asfalt,Nat,Daglicht,Droog,President Kennedylaan,amsterdam,POINT (121925.9162000008 483755.73739999905),POINT (4.9018847900627955 52.340725487753694),4.901884790062796,52.340725487753694,1,1,1,1
2177,137353,20220211586,2022,Uitsluitend materiele schade,2,fiets,bromfiets,Flank,"Kruispunt, 4 takken",Binnen,50.0,Niet brandend,ZOAB,Droog,Daglicht,Droog,Willem de Zwijgerlaan,amsterdam,POINT (119280.27749999985 487595.18829999864),POINT (4.862657231386361 52.3750661591738),4.862657231386361,52.3750661591738,1,1,2,1
2178,137390,20220212322,2022,Uitsluitend materiele schade,2,personenauto,fiets,Flank,"Kruispunt, 4 takken",Binnen,50.0,Niet brandend,Overig asfalt,Nat,Daglicht,Droog,Slotermeerlaan,amsterdam,POINT (116421.39999999851 488106.1713999994),POINT (4.820617604947702 52.379465045004245),4.820617604947702,52.379465045004245,1,1,2,1
2179,137466,20220210120,2022,Letsel,1,e-bike,unknown,Eenzijdig,Unknown,Unknown,Unknown,Unknown,Unknown,Unknown,Daglicht,Unknown,Holterbergweg,amsterdam,POINT (124514.28299999982 480148.314100001),POINT (4.9401909475329715 52.30845368900841),4.940190947532972,52.30845368900841,0,1,1,1
2180,137535,20220211161,2022,Uitsluitend materiele schade,2,snorfiets,personenauto,Flank,"Kruispunt, 4 takken",Binnen,30.0,Niet aanwezig,Klinkers,Nat,Daglicht,Droog,Trijn Hullemanlaan,amsterdam,POINT (113788.33749999851 485157.17229999974),POINT (4.782310477377567 52.35277055823527),4.782310477377567,52.35277055823527,1,1,2,1
2181,137600,20220210505,2022,Uitsluitend materiele schade,2,personenauto,e-bike,Flank,"Kruispunt, 4 takken",Binnen,50.0,Niet brandend,Klinkers,Droog,Daglicht,Droog,Isaäc Asscherpad,amsterdam,POINT (122971.28420000151 483021.7023999989),POINT (4.91729353104297 52.33419034387411),4.91729353104297,52.33419034387411,1,1,2,1
2182,137601,20220211896,2022,Uitsluitend materiele schade,2,personenauto,fiets,Frontaal,"Kruispunt, 4 takken",Binnen,50.0,Brandend,ZOAB,Nat,Duisternis,Regen,Beethovenstraat,amsterdam,POINT (120222.46240000054 483892.6114999987),POINT (4.876875595634456 52.34185047941958),4.876875595634456,52.34185047941958,1,1,2,1
2183,137639,20220211271,2022,Uitsluitend materiele schade,3,personenauto,fiets,Flank,Rechte weg,Binnen,50.0,Niet brandend,Overig asfalt,Nat,Daglicht,Droog,Zeilstraat,amsterdam,POINT (118748.24599999934 484932.73900000006),POINT (4.855131655489611 52.35110315443822),4.855131655489611,52.35110315443822,1,1,2,1
2184,137714,20220211325,2022,Letsel,2,fiets,fiets,Flank,Rechte weg,Binnen,30.0,Niet brandend,Klinkers,Droog,Daglicht,Droog,Damrak,amsterdam,POINT (121725.39600000158 487823.48699999973),POINT (4.898540096384547 52.37727156062918),4.898540096384547,52.37727156062918,1,1,1,1
2185,138181,20230111203,2023,Uitsluitend materiele schade,2,bromfiets,unknown,Kop/staart,Rechte weg,Binnen,50.0,Brandend,Overig asfalt,Droog,Duisternis,Droog,Marcantilaan,amsterdam,POINT (119658.06100000069 487640.17599999905),POINT (4.868200062923961 52.37549492086593),4.868200062923961,52.37549492086593,1,1,2,1
2186,138191,20230111284,2023,Uitsluitend materiele schade,2,fiets,personenauto,Flank,"Kruispunt, 3 takken",Binnen,50.0,Brandend,Overig asfalt,Nat,Duisternis,Droog,Marnixstraat,amsterdam,POINT (120418.5262000002 486647.1046999991),POINT (4.879469407092087 52.36661833275288),4.879469407092087,52.36661833275288,1,1,2,1
2187,138251,20230036649,2023,Letsel,2,bromfiets,fiets,Flank,"Kruispunt, 4 takken",Binnen,50.0,Niet brandend,Overig asfalt,Droog,Daglicht,Droog,Buiksloterweg,amsterdam,POINT (122273.28649999946 488631.8984999992),POINT (4.906507285844107 52.384569919216716),4.906507285844107,52.38456991921672,1,1,1,1
2188,138254,20230066962,2023,Uitsluitend materiele schade,2,bromfiets,personenauto,Kop/staart,"Kruispunt, 4 takken",Binnen,50.0,Niet brandend,Overig asfalt,Droog,Daglicht,Droog,1e C Huygensstr,amsterdam,POINT (120126.92139999941 486225.67350000143),POINT (4.875231855375166 52.36281237250374),4.875231855375166,52.36281237250374,1,1,2,1
2189,138374,20230077145,2023,Uitsluitend materiele schade,2,personenauto,fiets,Frontaal,"Kruispunt, 4 takken",Binnen,50.0,Niet brandend,Beton,Droog,Daglicht,Droog,Ruyschstraat,amsterdam,POINT (122496.7659999989 485619.4990000017),POINT (4.9100809785506305 52.357509822159905),4.910080978550631,52.35750982215991,1,1,2,1
2190,138382,20230020442,2023,Uitsluitend materiele schade,3,fiets,bus,Los voorwerp,"Kruispunt, 3 takken",Binnen,30.0,Niet brandend,ZOAB,Droog,Daglicht,Droog,Haparandaweg,amsterdam,POINT (120164.49179999903 489754.7008000016),POINT (4.8754175246450675 52.39453104366427),4.875417524645068,52.39453104366427,1,1,2,1
2191,138403,20230077614,2023,Uitsluitend materiele schade,2,personenauto,fiets,Flank,Rechte weg,Binnen,50.0,Brandend,Overig asfalt,Droog,Duisternis,Droog,Seineweg,amsterdam,POINT (116309.26999999955 489207.69099999964),POINT (4.818843995637801 52.38935671110991),4.818843995637801,52.38935671110991,1,1,2,1
2192,138441,20230023906,2023,Uitsluitend materiele schade,2,fiets,overig vast object,Vast voorwerp,Rechte weg,Binnen,50.0,Niet brandend,Beton,Droog,Daglicht,Droog,Marnixplein,amsterdam,POINT (120371.56700000167 487957.21400000155),POINT (4.878644986716202 52.378389686931705),4.878644986716202,52.378389686931705,1,1,2,1
2193,138484,20230074668,2023,Uitsluitend materiele schade,1,fiets,unknown,Flank,Unknown,Binnen,50.0,Niet brandend,Overig asfalt,Droog,Daglicht,Droog,Werengouw,amsterdam,POINT (125645.17500000075 489175.22199999914),POINT (4.955985408604679 52.38964360673766),4.955985408604679,52.38964360673766,1,1,2,1
2194,138498,20230022803,2023,Letsel,2,fiets,personenauto,Flank,Rechte weg,Binnen,30.0,Niet brandend,Beton,Nat,Daglicht,Regen,Sarphatistraat,amsterdam,POINT (121972.13399999961 485888.4519999996),POINT (4.902353623797501 52.35989570159833),4.902353623797501,52.35989570159833,1,1,1,1
2195,138517,20230077184,2023,Uitsluitend materiele schade,2,bestelauto,e-bike,Flank,"Kruispunt, 3 takken",Binnen,30.0,Niet brandend,Unknown,Droog,Daglicht,Droog,Raamplein,amsterdam,POINT (120438.01429999992 486638.08260000125),POINT (4.879756453538558 52.36653847523284),4.879756453538558,52.36653847523284,1,1,2,1
2196,138521,20230020636,2023,Letsel,3,bestelauto,fiets,Onbekend,"Kruispunt, 4 takken",Binnen,30.0,Brandend,Klinkers,Droog,Duisternis,Droog,Robert Scottstraat,amsterdam,POINT (118127.65610000119 487508.98970000073),POINT (4.845741061135738 52.374215281811),4.845741061135738,52.374215281811,1,1,1,1
2197,138522,20230022852,2023,Uitsluitend materiele schade,2,snorfiets,fiets,Flank,Rechte weg,Binnen,50.0,Niet brandend,Overig asfalt,Droog,Daglicht,Droog,Europaboulevard,amsterdam,POINT (121180.1259999983 483263.4670000002),POINT (4.890991118182184 52.33625589925066),4.890991118182184,52.33625589925066,1,1,2,1
2198,138523,20230022860,2023,Uitsluitend materiele schade,2,personenauto,bromfiets,Flank,"Kruispunt, 4 takken",Binnen,Unknown,Brandend,Overig asfalt,Nat,Schemer,Regen,Zuiderzeeweg,amsterdam,POINT (125118.73279999942 486473.6810000017),POINT (4.948492477904325 52.36533553393321),4.948492477904325,52.36533553393321,1,1,2,1
2199,138590,20230020720,2023,Uitsluitend materiele schade,1,fiets,unknown,Eenzijdig,Rechte weg,Binnen,50.0,Brandend,Overig asfalt,Droog,Duisternis,Droog,Prins Hendrikkade,amsterdam,POINT (121565.63199999928 487992.97300000116),POINT (4.896177051982896 52.37878507433459),4.896177051982896,52.37878507433459,1,1,2,1
2200,138619,20230023542,2023,Letsel,1,fiets,unknown,Eenzijdig,Rechte weg,Binnen,50.0,Brandend,Klinkers,Droog,Duisternis,Droog,Methaanweg,amsterdam,POINT (117834.61300000176 491275.41099999845),POINT (4.841021077784735 52.40804509581559),4.841021077784735,52.40804509581559,-1,0,1,0
2201,138641,20230020785,2023,Uitsluitend materiele schade,2,personenauto,fiets,Flank,Rechte weg,Binnen,30.0,Brandend,Overig asfalt,Droog,Duisternis,Droog,Rozengracht,amsterdam,POINT (120318 487326),POINT (4.877923465754311 52.37271341598058),4.877923465754311,52.37271341598058,1,1,2,1
2202,138750,20230086443,2023,Letsel,2,brommobiel,e-bike,Flank,"Kruispunt, 3 takken",Binnen,50.0,Niet brandend,Overig asfalt,Droog,Daglicht,Droog,Jan Evertsenstraat,amsterdam,POINT (119022.74799999967 487196.48699999973),POINT (4.858918222518671 52.371466117273414),4.858918222518671,52.37146611727341,1,1,1,1
2203,138774,20230087652,2023,Uitsluitend materiele schade,2,bromfiets,fiets,Frontaal,"Kruispunt, 4 takken",Binnen,30.0,Niet brandend,Overig asfalt,Nat,Daglicht,Regen,Arie Biemondstraat,amsterdam,POINT (119575.71680000052 486271.05579999834),POINT (4.867135144910935 52.36318496490887),4.867135144910935,52.36318496490887,1,1,2,1
2204,138807,20230087092,2023,Uitsluitend materiele schade,2,bromfiets,fiets,Flank,"Kruispunt, 3 takken",Binnen,50.0,Niet brandend,Overig asfalt,Droog,Daglicht,Droog,Buikslotermeerdijk,amsterdam,POINT (123672.92779999971 491228.7831000015),POINT (4.9268225352414925 52.40799051341604),4.9268225352414925,52.40799051341604,1,1,2,1
2205,138862,20230102760,2023,Letsel,1,fiets,unknown,Eenzijdig,Unknown,Binnen,30.0,Unknown,Klinkers,Droog,Daglicht,Unknown,Leidsegracht,amsterdam,POINT (120565.85399999842 486564.2340000011),POINT (4.881640921591061 52.36588280618487),4.881640921591061,52.36588280618487,1,1,1,1
2206,139018,20230087500,2023,Uitsluitend materiele schade,2,personenauto,fiets,Onbekend,Rotonde,Binnen,50.0,Niet brandend,ZOAB,Nat,Daglicht,Droog,Bijlmerdreef,amsterdam,POINT (126471.19849999994 481496.9567999989),POINT (4.968770387360563 52.3206795275601),4.968770387360563,52.3206795275601,0,1,2,1
2207,139019,20230088079,2023,Letsel,2,bestelauto,bromfiets,Eenzijdig,"Kruispunt, 3 takken",Binnen,50.0,Brandend,Overig asfalt,Droog,Duisternis,Droog,Turbinestraat,amsterdam,POINT (118636.71920000017 489462.9521000013),POINT (4.853004723723483 52.391809931618965),4.853004723723483,52.391809931618965,1,1,1,1
2208,139052,20210084451,2021,Letsel,2,bromfiets,fiets,Flank,"Kruispunt, 4 takken",Binnen,50.0,Niet brandend,Overig asfalt,Droog,Daglicht,Droog,Hobbemakade,amsterdam,POINT (120862.1099999994 485113.71400000155),POINT (4.886137629244646 52.35286503051373),4.886137629244646,52.35286503051373,1,1,1,1
2209,139070,20210080845,2021,Uitsluitend materiele schade,2,personenauto,bromfiets,Flank,Rechte weg,Binnen,50.0,Niet brandend,ZOAB,Droog,Daglicht,Droog,De Boelelaan,amsterdam,POINT (119497.92700000107 483116.8359999992),POINT (4.8663259158828405 52.334832012452765),4.8663259158828405,52.334832012452765,1,1,2,1
2210,139083,20210089330,2021,Uitsluitend materiele schade,2,unknown,bromfiets,Flank,Rechte weg,Binnen,50.0,Brandend,Overig asfalt,Nat,Duisternis,Regen,Slotermeerlaan,amsterdam,POINT (116277.04699999839 487667.9210000001),POINT (4.81854816230481 52.375516241098694),4.81854816230481,52.37551624109869,1,1,2,1
2211,139185,20210087301,2021,Uitsluitend materiele schade,2,bromfiets,personenauto,Flank,"Kruispunt, 3 takken",Binnen,50.0,Brandend,Overig asfalt,Droog,Duisternis,Droog,Haarlemmerweg,amsterdam,POINT (118798.84849999845 488706.7250000015),POINT (4.855467927114895 52.38502427122843),4.855467927114895,52.38502427122843,1,1,2,1
2212,139205,20210084836,2021,Letsel,2,motor,fiets,Flank,"Kruispunt, 4 takken",Binnen,50.0,Niet brandend,Overig asfalt,Droog,Daglicht,Droog,Rijnstraat,amsterdam,POINT (122290.4290000014 483774.98000000045),POINT (4.907231493594719 52.340920240662236),4.907231493594719,52.34092024066224,1,1,1,1
2213,139232,20210088976,2021,Uitsluitend materiele schade,2,fiets,personenauto,Onbekend,"Kruispunt, 3 takken",Binnen,50.0,Niet brandend,Klinkers,Droog,Daglicht,Droog,Teilingen,amsterdam,POINT (119852.12900000066 482333.2789000012),POINT (4.871604248659796 52.32781267771421),4.871604248659796,52.32781267771421,1,1,2,1
2214,139347,20210023981,2021,Uitsluitend materiele schade,2,snorfiets,fiets,Flank,"Kruispunt, 4 takken",Buiten,50.0,Niet brandend,Overig asfalt,Nat,Daglicht,Unknown,Warmondstraat,amsterdam,POINT (118364.50869999826 485354.2644999996),POINT (4.849453820025584 52.354866069508994),4.849453820025584,52.354866069508994,1,1,2,1
2215,139368,20210028750,2021,Uitsluitend materiele schade,2,snorfiets,bestelauto,Flank,"Kruispunt, 4 takken",Binnen,50.0,Niet aanwezig,ZOAB,Droog,Daglicht,Droog,Rozengracht,amsterdam,POINT (120285 487313),POINT (4.877440244996427 52.37259449624117),4.877440244996427,52.37259449624117,1,1,2,1
2216,139369,20210028756,2021,Uitsluitend materiele schade,2,personenauto,fiets,Flank,Rechte weg,Binnen,50.0,Niet brandend,Klinkers,Droog,Daglicht,Droog,Korte Prinsengracht,amsterdam,POINT (121086.22399999946 488236.88699999824),POINT (4.889111953013527 52.38094779305832),4.889111953013527,52.38094779305832,1,1,2,1
2217,139676,20210073532,2021,Uitsluitend materiele schade,2,snorfiets,personenauto,Flank,"Kruispunt, 4 takken",Binnen,Unknown,Niet brandend,Unknown,Droog,Duisternis,Droog,Olympiaweg,amsterdam,POINT (119206.79800000042 484587.3887999989),POINT (4.861898355299339 52.34802945120175),4.861898355299339,52.34802945120175,1,1,2,1
2218,139736,20210059443,2021,Uitsluitend materiele schade,2,personenauto,bromfiets,Flank,Rechte weg,Binnen,50.0,Niet brandend,Overig asfalt,Droog,Daglicht,Droog,Linnaeusstraat,amsterdam,POINT (123592.19999999925 485733.24599999934),POINT (4.9261500057376635 52.35859582251852),4.926150005737664,52.35859582251852,1,1,2,1
2219,139746,20210065654,2021,Uitsluitend materiele schade,2,bromfiets,fiets,Onbekend,Bocht,Binnen,50.0,Brandend,Overig asfalt,Droog,Duisternis,Droog,Prins Hendrikkade,amsterdam,POINT (121780.42799999937 487762.5859999992),POINT (4.8993542778875385 52.376727557957345),4.8993542778875385,52.37672755795735,1,1,2,1
2220,139758,20210052022,2021,Letsel,2,personenauto,fiets,Onbekend,Rotonde,Binnen,50.0,Niet brandend,Overig asfalt,Droog,Daglicht,Droog,Elsrijkdreef,amsterdam,POINT (126797.59849999845 481720.95639999956),POINT (4.973538851739545 52.322709549269085),4.973538851739545,52.322709549269085,0,1,1,1
2221,139767,20210060253,2021,Uitsluitend materiele schade,2,personenauto,e-bike,Flank,"Kruispunt, 4 takken",Binnen,50.0,Niet brandend,ZOAB,Droog,Daglicht,Droog,Hemonystraat,amsterdam,POINT (121928.95279999822 485715.1671999991),POINT (4.9017367817279744 52.35833573695349),4.9017367817279744,52.35833573695349,1,1,2,1
2222,139800,20210042932,2021,Uitsluitend materiele schade,1,bromfiets,unknown,Onbekend,Rechte weg,Binnen,50.0,Niet brandend,Beton,Nat,Daglicht,Droog,Admiraal De Ruijterweg,amsterdam,POINT (119060.34499999881 487246.6710000001),POINT (4.859464904371159 52.37191959551173),4.859464904371159,52.37191959551173,1,1,2,1
2223,139840,20210050920,2021,Letsel,2,fiets,voetganger,Voetganger,Unknown,Unknown,50.0,Unknown,Unknown,Unknown,Daglicht,Unknown,Admiraal De Ruijterweg,amsterdam,POINT (118627.35000000149 488329.6070000008),POINT (4.852989830290551 52.38162368987951),4.852989830290551,52.38162368987951,1,1,1,1
2224,139857,20210070833,2021,Uitsluitend materiele schade,2,fiets,fiets,Flank,Rechte weg,Binnen,Unknown,Niet brandend,Klinkers,Droog,Daglicht,Droog,Rubensstraat,amsterdam,POINT (120005.48889999837 484610.03379999846),POINT (4.873617239654804 52.34828441082652),4.873617239654804,52.34828441082652,1,1,2,1
2225,140006,20210059153,2021,Letsel,4,snorfiets,personenauto,Onbekend,Rechte weg,Binnen,50.0,Brandend,Overig asfalt,Droog,Duisternis,Droog,Burg De Vlugtlaan,amsterdam,POINT (116343.70399999991 488379.69200000167),POINT (4.8194450994467735 52.38191776127794),4.8194450994467735,52.38191776127794,1,1,1,1
2226,140026,20210038879,2021,Uitsluitend materiele schade,3,bromfiets,fiets,Onbekend,Rechte weg,Binnen,50.0,Brandend,ZOAB,Nat,Schemer,Unknown,Zeeburgerdijk,amsterdam,POINT (123818.8209999986 486560.94000000134),POINT (4.9293998680597255 52.36604750583698),4.9293998680597255,52.36604750583698,1,1,2,1
2227,140089,20210065509,2021,Uitsluitend materiele schade,2,personenauto,fiets,Onbekend,Rotonde,Binnen,Unknown,Niet brandend,Beton,Droog,Daglicht,Unknown,Osdorper Ban,amsterdam,POINT (113687.12570000067 485898.46279999986),POINT (4.780733953734816 52.359425070959816),4.780733953734816,52.359425070959816,1,1,2,1
2228,140120,20210067144,2021,Uitsluitend materiele schade,2,bestelauto,fiets,Flank,"Kruispunt, 4 takken",Binnen,50.0,Niet brandend,Overig asfalt,Nat,Daglicht,Regen,Spaarndammerstraat,amsterdam,POINT (120671.3051000014 488844.8997000009),POINT (4.882956118543474 52.38638637354619),4.882956118543474,52.38638637354619,1,1,2,1
2229,140531,20210092467,2021,Letsel,2,personenauto,bromfiets,Frontaal,Rechte weg,Binnen,50.0,Niet brandend,Overig asfalt,Nat,Daglicht,Droog,Willem de Zwijgerlaan,amsterdam,POINT (119295.17199999839 487810.8060000017),POINT (4.86285303992732 52.37700493818896),4.86285303992732,52.37700493818896,1,1,1,1
2230,140705,20220080539,2022,Uitsluitend materiele schade,2,bromfiets,personenauto,Onbekend,"Kruispunt, 3 takken",Binnen,50.0,Niet brandend,Overig asfalt,Nat,Daglicht,Regen,ms. Oslofjordweg,amsterdam,POINT (121151.5914000012 491018.1983000003),POINT (4.8897915693701846 52.40594816496128),4.8897915693701846,52.40594816496128,1,1,2,1
2231,140706,20220080548,2022,Uitsluitend materiele schade,2,e-bike,fiets,Frontaal,"Kruispunt, 4 takken",Binnen,30.0,Niet brandend,Overig asfalt,Droog,Daglicht,Unknown,Vijzelstraat,amsterdam,POINT (121288.50979999825 486316.9237000011),POINT (4.892275391659281 52.36370498343699),4.892275391659281,52.36370498343699,1,1,2,1
2232,140708,20220081380,2022,Letsel,2,bromfiets,fiets,Frontaal,"Kruispunt, 4 takken",Binnen,30.0,Brandend,Beton,Droog,Duisternis,Droog,Westzaanstraat,amsterdam,POINT (120700.89490000159 488932.2663999982),POINT (4.883381819658502 52.38717341000598),4.883381819658502,52.38717341000598,1,1,1,1
2233,140773,20220080801,2022,Uitsluitend materiele schade,2,bestelauto,e-bike,Flank,"Kruispunt, 4 takken",Binnen,Unknown,Niet brandend,Klinkers,Droog,Daglicht,Droog,Brantasgracht,amsterdam,POINT (123555.36360000074 488038.22679999843),POINT (4.9253936811229595 52.37930934357826),4.92539368112296,52.37930934357826,1,1,2,1