,Unnamed: 0,accident_id,accident_year,outcome,num_parties,party1_type,party2_type,accident_nature,road_situation,built_up_area,speed_limit_kmh,street_lighting,road_surface,road_condition,light_condition,weather_condition,street_name,municipality,shape,geometry,longitude,latitude,cluster,future_hotspot_spatial,outcome_encoded,future_hotspot_pred
2234,140944,20220054115,2022,Uitsluitend materiele schade,1,snorfiets,unknown,Flank,Rechte weg,Binnen,30.0,Niet brandend,Overig asfalt,Droog,Daglicht,Droog,Spaarndammerdijk,amsterdam,POINT (119077.70100000128 489499.6270000003),POINT (4.859478837319962 52.39216857774528),4.859478837319962,52.39216857774528,1,1,2,1
2235,140987,20220055574,2022,Letsel,2,motor,fiets,Flank,"Kruispunt, 4 takken",Binnen,50.0,Niet brandend,Overig asfalt,Droog,Daglicht,Droog,Jodenbreestraat,amsterdam,POINT (122097.06410000101 486845.7395000011),POINT (4.9040938697595315 52.36850664596971),4.904093869759532,52.36850664596971,1,1,1,1
2236,140991,20220081278,2022,Letsel,2,fiets,overig vast object,Vast voorwerp,"Kruispunt, 4 takken",Binnen,50.0,Brandend,Overig asfalt,Droog,Duisternis,Droog,De Clercqstraat,amsterdam,POINT (120053.28599999845 487229.0769999996),POINT (4.874046552655166 52.37182556032683),4.874046552655166,52.37182556032683,1,1,1,1
2237,141058,20220055750,2022,Uitsluitend materiele schade,2,bestelauto,fiets,Onbekend,"Kruispunt, 3 takken",Binnen,50.0,Niet brandend,Overig asfalt,Droog,Daglicht,Droog,Stationsplein,amsterdam,POINT (122096.11210000142 487803.02010000125),POINT (4.903986176994388 52.37710995939436),4.903986176994388,52.37710995939436,1,1,2,1
2238,141077,20220102139,2022,Uitsluitend materiele schade,3,motor,fiets,Onbekend,"Kruispunt, 4 takken",Binnen,50.0,Niet brandend,Overig asfalt,Droog,Daglicht,Droog,Bloemendalerweg,amsterdam,POINT (130556.36699999869 481235.9270000011),POINT (5.028705523724834 52.31853023940172),5.028705523724834,52.31853023940172,-1,0,2,0
2239,141089,20220055806,2022,Uitsluitend materiele schade,1,fiets,unknown,Voetganger,Rechte weg,Binnen,Unknown,Niet brandend,Overig asfalt,Droog,Daglicht,Droog,Meibergpad,amsterdam,POINT (124819.70499999821 478417.7170000002),POINT (4.944824044985882 52.292916833328356),4.944824044985882,52.29291683332836,-1,0,2,0
2240,141133,20220102589,2022,Uitsluitend materiele schade,2,bromfiets,bestelauto,Flank,"Kruispunt, 4 takken",Binnen,50.0,Niet brandend,Overig asfalt,Droog,Daglicht,Droog,Arlandaweg,amsterdam,POINT (117437.97540000081 488814.4395999983),POINT (4.835467725873546 52.385900889472026),4.835467725873546,52.385900889472026,1,1,2,1
2241,141134,20220102632,2022,Letsel,2,trekker met oplegger,fiets,Flank,"Kruispunt, 4 takken",Binnen,50.0,Niet aanwezig,Overig asfalt,Droog,Daglicht,Droog,Stadionweg,amsterdam,POINT (120231.60920000076 484465.8715999983),POINT (4.876950596988415 52.347003132360676),4.876950596988415,52.34700313236068,1,1,1,1
2242,141136,20220103197,2022,Uitsluitend materiele schade,2,bromfiets,personenauto,Kop/staart,Rotonde,Binnen,50.0,Brandend,Overig asfalt,Nat,Duisternis,Droog,Derde Schinkelstraat,amsterdam,POINT (118808.4189000018 485163.24230000004),POINT (4.8559899915124625 52.353178720115196),4.855989991512463,52.3531787201152,1,1,2,1
2243,141168,20220102679,2022,Letsel,2,brommobiel,fiets,Flank,Rechte weg,Binnen,50.0,Brandend,Beton,Droog,Duisternis,Droog,Mauritskade,amsterdam,POINT (123498.13500000164 486423.5799999982),POINT (4.9247045473427145 52.36479470638551),4.9247045473427145,52.36479470638551,1,1,1,1
2244,141169,20220102716,2022,Letsel,2,fiets,fiets,Flank,Rechte weg,Binnen,50.0,Niet brandend,Overig asfalt,Droog,Daglicht,Droog,Stadhouderskade,amsterdam,POINT (121191.23299999908 485686.4759999998),POINT (4.890910669628786 52.358032975696744),4.890910669628786,52.35803297569674,1,1,1,1
2245,141195,20220103069,2022,Uitsluitend materiele schade,2,bromfiets,personenauto,Kop/staart,Rechte weg,Binnen,50.0,Niet brandend,Overig asfalt,Droog,Daglicht,Droog,Slotermeerlaan,amsterdam,POINT (116268 487503),POINT (4.818434319063365 52.37403342517619),4.818434319063365,52.37403342517619,1,1,2,1
2246,141197,20220103287,2022,Uitsluitend materiele schade,2,personenauto,fiets,Flank,"Kruispunt, 3 takken",Binnen,30.0,Niet brandend,Klinkers,Droog,Daglicht,Unknown,Waterlandplein,amsterdam,POINT (125604.0009999983 489398.8016999997),POINT (4.955361012077859 52.39165078600958),4.955361012077859,52.39165078600958,1,1,2,1
2247,141641,20230004131,2023,Uitsluitend materiele schade,2,personenauto,fiets,Onbekend,"Kruispunt, 3 takken",Binnen,30.0,Niet brandend,Beton,Droog,Daglicht,Droog,Haarlemmerweg,amsterdam,POINT (119576.72569999844 488728.93030000106),POINT (4.8668908881323025 52.38527458391931),4.866890888132303,52.38527458391931,1,1,2,1
2248,141673,20230078766,2023,Uitsluitend materiele schade,2,personenauto,fiets,Onbekend,Unknown,Unknown,Unknown,Unknown,Unknown,Unknown,Daglicht,Unknown,Wittenburgergracht,amsterdam,POINT (123106.18299999833 486973.05999999866),POINT (4.918898097879345 52.36971044489989),4.918898097879345,52.36971044489989,1,1,2,1
2249,141974,20230004274,2023,Letsel,2,personenauto,fiets,Flank,"Kruispunt, 3 takken",Binnen,50.0,Brandend,Overig asfalt,Nat,Duisternis,Regen,Willem de Zwijgerlaan,amsterdam,POINT (118815.92599999905 488415.61199999973),POINT (4.855750116562582 52.38240909826044),4.855750116562582,52.38240909826044,1,1,1,1
2250,142050,20210064498,2021,Letsel,2,fiets,fiets,Flank,Rechte weg,Binnen,50.0,Niet brandend,ZOAB,Droog,Daglicht,Droog,Haarlemmerweg,amsterdam,POINT (119936.41299999878 488742.16099999845),POINT (4.872172555081724 52.385416584646684),4.872172555081724,52.38541658464669,1,1,1,1
2251,142119,20210056249,2021,Letsel,2,motor,fiets,Flank,Bocht,Binnen,50.0,Niet brandend,ZOAB,Droog,Daglicht,Droog,Ringweg-West,amsterdam,POINT (118024.23119999841 489610.33769999817),POINT (4.843991039611155 52.39309359185047),4.843991039611155,52.39309359185047,1,1,1,1
2252,142198,20220178004,2022,Letsel,2,trein/tram,snorfiets,Flank,Bocht,Binnen,50.0,Niet brandend,Overig asfalt,Nat,Daglicht,Droog,Julianaplein,amsterdam,POINT (123109.56899999827 484435.7329999991),POINT (4.919188376953401 52.34690680876096),4.919188376953401,52.34690680876096,1,1,1,1
2253,142255,20220142047,2022,Uitsluitend materiele schade,2,fiets,bestelauto,Flank,Rotonde,Binnen,50.0,Niet brandend,ZOAB,Droog,Daglicht,Droog,Nieuwe Purmerweg,amsterdam,POINT (123597.25160000101 490056.00470000133),POINT (4.925820176440674 52.39744611028162),4.925820176440674,52.39744611028162,1,1,2,1
2254,142265,20220177491,2022,Uitsluitend materiele schade,2,motor,fiets,Flank,"Kruispunt, 3 takken",Binnen,50.0,Niet brandend,Overig asfalt,Droog,Daglicht,Droog,1e C Huygensstr,amsterdam,POINT (120259.55959999934 485925.81230000034),POINT (4.877210021986256 52.36012583665984),4.877210021986256,52.36012583665984,1,1,2,1
2255,142289,20220142160,2022,Uitsluitend materiele schade,1,bromfiets,unknown,Onbekend,Unknown,Unknown,30.0,Unknown,Unknown,Unknown,Daglicht,Unknown,Javastraat,amsterdam,POINT (124095.16600000113 486294.7710000016),POINT (4.933481527238447 52.36367097080379),4.933481527238447,52.36367097080379,1,1,2,1
2256,142364,20220142289,2022,Letsel,3,bromfiets,personenauto,Geparkeerd voertuig,Rechte weg,Binnen,50.0,Brandend,Overig asfalt,Droog,Duisternis,Unknown,Admiraal De Ruijterweg,amsterdam,POINT (118995.97399999946 487558.07499999925),POINT (4.8584863567344545 52.37471404460115),4.858486356734455,52.37471404460115,1,1,1,1
2257,142415,20220123660,2022,Uitsluitend materiele schade,2,fiets,personenauto,Flank,Rechte weg,Binnen,50.0,Niet brandend,Overig asfalt,Droog,Daglicht,Droog,Amstelveenseweg,amsterdam,POINT (118890.11899999902 482953.6959999986),POINT (4.857426151185545 52.33332623282584),4.857426151185545,52.33332623282584,1,1,2,1
2258,142416,20220123691,2022,Letsel,2,personenauto,fiets,Flank,Rotonde,Binnen,50.0,Niet aanwezig,Overig asfalt,Droog,Daglicht,Droog,Bijlmerdreef,amsterdam,POINT (126624.59019999951 481586.14090000093),POINT (4.971012627399237 52.321489001319186),4.971012627399237,52.32148900131919,0,1,1,1
2259,142484,20220142607,2022,Letsel,3,bromfiets,bromfiets,Los voorwerp,Rechte weg,Binnen,50.0,Niet brandend,ZOAB,Droog,Daglicht,Droog,Pieter Calandlaan,amsterdam,POINT (114847.0709999986 485012.51300000027),POINT (4.797866750594115 52.351548867671404),4.797866750594115,52.35154886767141,1,1,1,1
2260,142641,20220155683,2022,Letsel,2,personenauto,fiets,Flank,"Kruispunt, 4 takken",Binnen,50.0,Niet brandend,Overig asfalt,Droog,Daglicht,Droog,Nieuwe Keizersgracht,amsterdam,POINT (122192.13010000065 486496.09230000153),POINT (4.905523785915844 52.3653699435766),4.905523785915844,52.3653699435766,1,1,1,1
2261,142696,20220124210,2022,Letsel,1,fiets,unknown,Eenzijdig,Unknown,Unknown,Unknown,Unknown,Unknown,Unknown,Daglicht,Unknown,Lascarpad,amsterdam,POINT (112182.20399999991 487021.0929999985),POINT (4.75850008889069 52.369399061132334),4.75850008889069,52.369399061132334,-1,0,1,0
2262,142697,20220124240,2022,Letsel,2,personenauto,fiets,Geparkeerd voertuig,Rechte weg,Binnen,30.0,Niet brandend,Klinkers,Droog,Daglicht,Droog,Bijlmerdreef,amsterdam,POINT (127161.60300000012 481854.86499999836),POINT (4.978866779550576 52.32393159359747),4.978866779550576,52.32393159359747,0,1,1,1
2263,142739,20230040181,2023,Letsel,2,bromfiets,fiets,Onbekend,"Kruispunt, 3 takken",Binnen,30.0,Niet brandend,Klinkers,Droog,Daglicht,Droog,Kleine Wittenburgerstr,amsterdam,POINT (123126.59010000154 486969.2917000018),POINT (4.919198088981462 52.36967776269319),4.919198088981462,52.36967776269319,1,1,1,1
2264,142746,20230050677,2023,Uitsluitend materiele schade,2,snorfiets,personenauto,Frontaal,"Kruispunt, 4 takken",Binnen,50.0,Niet brandend,ZOAB,Droog,Daglicht,Droog,Slotermeerlaan,amsterdam,POINT (116268 487503),POINT (4.818434319063365 52.37403342517619),4.818434319063365,52.37403342517619,1,1,2,1
2265,142827,20230050289,2023,Uitsluitend materiele schade,2,fiets,fiets,Kop/staart,Rechte weg,Binnen,50.0,Brandend,Klinkers,Droog,Duisternis,Droog,Kloveniersburgwal,amsterdam,POINT (121686.11699999869 487007.8229999989),POINT (4.89804412281507 52.369938566141364),4.89804412281507,52.36993856614136,1,1,2,1
2266,142914,20230039866,2023,Uitsluitend materiele schade,4,bestelauto,fiets,Vast voorwerp,Rechte weg,Binnen,50.0,Niet brandend,Klinkers,Droog,Daglicht,Droog,Gerard Douplein,amsterdam,POINT (121342.5309999995 485457.79199999943),POINT (4.893154441120494 52.35598700962152),4.893154441120494,52.35598700962152,1,1,2,1
2267,142930,20230058652,2023,Letsel,1,bromfiets,unknown,Eenzijdig,Rechte weg,Binnen,50.0,Niet brandend,Overig asfalt,Nat,Daglicht,Droog,De Clercqstraat,amsterdam,POINT (119551.80200000107 487048.6039999984),POINT (4.866702080402962 52.37017145937156),4.866702080402962,52.37017145937156,1,1,1,1
2268,142948,20230050379,2023,Uitsluitend materiele schade,2,bestelauto,fiets,Flank,"Kruispunt, 4 takken",Binnen,50.0,Niet brandend,Overig asfalt,Droog,Daglicht,Droog,Surinameplein,amsterdam,POINT (118667.68609999865 485737.95369999856),POINT (4.853862351583359 52.35833452252929),4.853862351583359,52.35833452252929,1,1,2,1
2269,142987,20230049894,2023,Letsel,2,unknown,fiets,Eenzijdig,"Kruispunt, 4 takken",Binnen,30.0,Niet brandend,Overig asfalt,Droog,Daglicht,Droog,Eva Besnyöstraat,amsterdam,POINT (129001.27910000086 484879.03660000116),POINT (5.0056173228957 52.351201271073364),5.0056173228957,52.35120127107336,-1,0,1,0
2270,143037,20230049435,2023,Letsel,1,fiets,unknown,Eenzijdig,Rechte weg,Binnen,50.0,Niet brandend,Overig asfalt,Nat,Daglicht,Droog,Hoofddorpweg,amsterdam,POINT (118478.05700000003 484930.6770000011),POINT (4.851166439424367 52.351066730428),4.851166439424367,52.351066730428,1,1,1,1
2271,143090,20220211425,2022,Dodelijk,3,snorfiets,personenauto,Frontaal,Rechte weg,Binnen,50.0,Brandend,ZOAB,Droog,Duisternis,Droog,2e Hugo de Grootstraat,amsterdam,POINT (119908.25400000066 487569.38599999994),POINT (4.871881452031404 52.37487475912946),4.871881452031404,52.37487475912946,1,1,0,1
2272,143130,20220212279,2022,Uitsluitend materiele schade,2,bestelauto,fiets,Flank,"Kruispunt, 4 takken",Binnen,50.0,Niet brandend,Overig asfalt,Nat,Daglicht,Droog,Kinkerstraat,amsterdam,POINT (119914.1314000003 486722.00459999964),POINT (4.872056209655045 52.36725948907594),4.872056209655045,52.36725948907594,1,1,2,1
2273,143235,20220210139,2022,Uitsluitend materiele schade,2,personenauto,fiets,Flank,"Kruispunt, 4 takken",Binnen,50.0,Brandend,Overig asfalt,Droog,Duisternis,Droog,Weteringlaan,amsterdam,POINT (121185.9849999994 485686.30999999866),POINT (4.890833651413056 52.358031160813745),4.890833651413056,52.35803116081375,1,1,2,1
2274,143275,20220211105,2022,Uitsluitend materiele schade,2,bromfiets,personenauto,Flank,"Kruispunt, 4 takken",Binnen,Unknown,Niet brandend,ZOAB,Droog,Daglicht,Droog,Foppingadreef,amsterdam,POINT (125219.0540000014 480513.02699999884),POINT (4.950492528623908 52.311770131875264),4.950492528623908,52.311770131875264,0,1,2,1
2275,143276,20220212448,2022,Letsel,2,bromfiets,fiets,Onbekend,Rechte weg,Binnen,50.0,Brandend,Overig asfalt,Droog,Duisternis,Droog,Van Woustraat,amsterdam,POINT (121906.12900000066 485286.45699999854),POINT (4.901443926631697 52.35448140267752),4.901443926631697,52.35448140267752,1,1,1,1
2276,143540,20220212097,2022,Letsel,2,e-bike,voetganger,Voetganger,"Kruispunt, 4 takken",Binnen,Unknown,Brandend,ZOAB,Nat,Daglicht,Droog,Nieuwe Purmerweg,amsterdam,POINT (123863.96999999881 489910.4589000009),POINT (4.929752310297031 52.39615324677409),4.929752310297031,52.39615324677409,1,1,1,1
2277,143576,20220210749,2022,Uitsluitend materiele schade,2,bromfiets,personenauto,Onbekend,Unknown,Unknown,Unknown,Unknown,Unknown,Unknown,Schemer,Unknown,Wittenburgergracht,amsterdam,POINT (123113.76399999857 486985.04300000146),POINT (4.919008271719144 52.36981858020505),4.919008271719144,52.36981858020505,1,1,2,1
2278,143578,20220211457,2022,Uitsluitend materiele schade,2,bromfiets,boom,Vast voorwerp,Bocht,Binnen,50.0,Brandend,Overig asfalt,Droog,Duisternis,Droog,Jan van Galenstraat,amsterdam,POINT (117624.3601000011 487349.8958999999),POINT (4.8383682720973376 52.37275144274491),4.8383682720973376,52.37275144274491,1,1,2,1
2279,143972,20230111157,2023,Letsel,1,fiets,unknown,Eenzijdig,Rechte weg,Binnen,30.0,Niet brandend,Overig asfalt,Nat,Daglicht,Droog,Vijzelstraat,amsterdam,POINT (121281.02199999988 486274.75400000066),POINT (4.892169693424016 52.363325531810226),4.892169693424016,52.36332553181023,1,1,1,1
2280,143998,20230111368,2023,Uitsluitend materiele schade,2,bromfiets,personenauto,Flank,Rechte weg,Binnen,30.0,Niet brandend,Overig asfalt,Nat,Daglicht,Droog,Gulden Winckelplantsoen,amsterdam,POINT (118234.71599999815 487963.58999999985),POINT (4.847263410660104 52.37830805869515),4.847263410660104,52.37830805869515,1,1,2,1
2281,144065,20230036685,2023,Uitsluitend materiele schade,2,scootmobiel,fiets,Flank,Rechte weg,Binnen,30.0,Brandend,Klinkers,Droog,Duisternis,Droog,Spaarndammerstraat,amsterdam,POINT (120403.62900000066 489241.5940000005),POINT (4.8789835523661065 52.389934757763264),4.8789835523661065,52.389934757763264,1,1,2,1
2282,144066,20230066796,2023,Uitsluitend materiele schade,2,bestelauto,bromfiets,Flank,"Kruispunt, 4 takken",Binnen,30.0,Niet brandend,Klinkers,Droog,Schemer,Droog,0024 BRUG,amsterdam,POINT (120956.86279999837 487270.6695000008),POINT (4.887309976743331 52.37225612216076),4.887309976743331,52.37225612216076,1,1,2,1
2283,144100,20230067348,2023,Uitsluitend materiele schade,2,personenauto,fiets,Kop/staart,"Kruispunt, 3 takken",Binnen,50.0,Niet brandend,Klinkers,Droog,Daglicht,Droog,Kruitberg,amsterdam,POINT (127147.07550000027 481067.8044999987),POINT (4.978718735708162 52.3168571749825),4.978718735708162,52.3168571749825,0,1,2,1
2284,144140,20230067619,2023,Uitsluitend materiele schade,3,trein/tram,fiets,Flank,Rechte weg,Binnen,30.0,Brandend,ZOAB,Droog,Duisternis,Droog,Van Woustraat,amsterdam,POINT (121934.88199999928 485241.7199999988),POINT (4.901870352887828 52.35408106743031),4.901870352887828,52.35408106743031,1,1,2,1
2285,144158,20230020420,2023,Uitsluitend materiele schade,2,bromfiets,personenauto,Flank,"Kruispunt, 4 takken",Binnen,30.0,Niet brandend,Overig asfalt,Droog,Daglicht,Droog,Grote Wittenburgerstraat,amsterdam,POINT (123355.32070000097 487249.6783999987),POINT (4.92253010255596 52.37221091622106),4.92253010255596,52.37221091622106,1,1,2,1
2286,144405,20230020733,2023,Uitsluitend materiele schade,2,motor,fiets,Flank,"Kruispunt, 4 takken",Binnen,50.0,Brandend,Overig asfalt,Droog,Duisternis,Droog,KOEKJESBRUG 0170,amsterdam,POINT (120308.97320000082 486589.253800001),POINT (4.877866949224664 52.36609150148132),4.877866949224664,52.36609150148132,1,1,2,1
2287,144406,20230020743,2023,Uitsluitend materiele schade,2,bromfiets,personenauto,Onbekend,Rechte weg,Binnen,50.0,Niet brandend,ZOAB,Unknown,Daglicht,Droog,Meibergdreef,amsterdam,POINT (125420.65399999917 478359.76099999994),POINT (4.953637535011624 52.2924285756358),4.953637535011624,52.2924285756358,-1,0,2,0
2288,144409,20230024740,2023,Uitsluitend materiele schade,2,personenauto,bromfiets,Flank,Rechte weg,Binnen,30.0,Niet brandend,Klinkers,Droog,Daglicht,Droog,Uiterwaardenstraat,amsterdam,POINT (121972.85799999908 483991.2670000009),POINT (4.902550469748248 52.342845098952395),4.902550469748248,52.3428450989524,1,1,2,1
2289,144441,20230036622,2023,Letsel,2,bromfiets,fiets,Flank,"Kruispunt, 4 takken",Binnen,50.0,Niet brandend,ZOAB,Droog,Daglicht,Droog,Jan Evertsenstraat,amsterdam,POINT (119058.48180000111 487193.496199999),POINT (4.859443232244766 52.37144157810615),4.859443232244766,52.37144157810615,1,1,1,1
2290,144572,20230088215,2023,Letsel,3,personenauto,fiets,Los voorwerp,"Kruispunt, 4 takken",Binnen,50.0,Niet brandend,Klinkers,Nat,Daglicht,Droog,IJburglaan,amsterdam,POINT (127308.1810999997 486222.1634999998),POINT (4.980657500712102 52.3631897893157),4.980657500712102,52.3631897893157,1,1,1,1
2291,144730,20230097825,2023,Letsel,3,fiets,fiets,Flank,"Kruispunt, 4 takken",Binnen,50.0,Niet brandend,Overig asfalt,Nat,Daglicht,Regen,De Clercqstraat,amsterdam,POINT (120055.81700000167 487219.61199999973),POINT (4.874084700465917 52.37174065686559),4.874084700465917,52.37174065686559,1,1,1,1
2292,144935,20210087374,2021,Letsel,2,snorfiets,personenauto,Flank,"Kruispunt, 3 takken",Binnen,50.0,Niet brandend,Overig asfalt,Droog,Daglicht,Droog,Saxen-Weimarlaan,amsterdam,POINT (118920.41299999878 485009.5892999992),POINT (4.857650232742542 52.351805162081995),4.857650232742542,52.351805162082,1,1,1,1
2293,144936,20210087377,2021,Uitsluitend materiele schade,2,snorfiets,personenauto,Frontaal,"Kruispunt, 4 takken",Binnen,50.0,Brandend,Overig asfalt,Droog,Duisternis,Droog,Jan van Galenstraat,amsterdam,POINT (119278.84059999883 487601.57140000165),POINT (4.862635452748656 52.375123432227056),4.862635452748656,52.375123432227056,1,1,2,1
2294,144937,20210087385,2021,Letsel,2,bestelauto,bromfiets,Onbekend,Unknown,Unknown,30.0,Unknown,Unknown,Unknown,Daglicht,Unknown,Johan van Hasseltweg,amsterdam,POINT (123789.75400000066 488747.91699999943),POINT (4.928770009765756 52.385700923741695),4.928770009765756,52.385700923741695,1,1,1,1
2295,144992,20210080064,2021,Uitsluitend materiele schade,2,snorfiets,personenauto,Kop/staart,Rechte weg,Binnen,50.0,Niet brandend,Overig asfalt,Nat,Daglicht,Droog,Arent Janszoon Ernststr,amsterdam,POINT (120266.57400000095 482806),POINT (4.877634953025529 52.332087523991596),4.877634953025529,52.3320875239916,1,1,2,1
2296,145000,20210087278,2021,Uitsluitend materiele schade,2,snorfiets,fiets,Frontaal,"Kruispunt, 4 takken",Binnen,50.0,Brandend,Overig asfalt,Droog,Duisternis,Droog,Javastraat,amsterdam,POINT (123892.3440000005 486255.19299999997),POINT (4.930507590715959 52.36330382094795),4.930507590715959,52.36330382094795,1,1,2,1
2297,145001,20210087290,2021,Uitsluitend materiele schade,2,snorfiets,personenauto,Flank,"Kruispunt, 3 takken",Binnen,50.0,Niet brandend,Overig asfalt,Droog,Daglicht,Droog,Lange Vonder,amsterdam,POINT (121614.92350000143 492864.24240000173),POINT (4.896416375977293 52.42256735620681),4.896416375977293,52.42256735620681,-1,0,2,0
2298,145002,20210087296,2021,Uitsluitend materiele schade,2,motor,fiets,Flank,"Kruispunt, 4 takken",Binnen,50.0,Brandend,Overig asfalt,Droog,Duisternis,Droog,Insulindeweg,amsterdam,POINT (124517 486075),POINT (4.939694332244337 52.36171938135959),4.939694332244337,52.36171938135959,1,1,2,1
2299,145047,20210021470,2021,Uitsluitend materiele schade,2,bromfiets,personenauto,Flank,Rechte weg,Binnen,50.0,Niet brandend,Overig asfalt,Droog,Daglicht,Droog,Vijzelstraat,amsterdam,POINT (121361.54300000146 486630.02899999917),POINT (4.893316252440499 52.36652343370171),4.893316252440499,52.36652343370171,1,1,2,1
2300,145066,20210018311,2021,Uitsluitend materiele schade,1,bromfiets,unknown,Voetganger,Rechte weg,Binnen,50.0,Niet brandend,ZOAB,Droog,Daglicht,Droog,Marnixplein,amsterdam,POINT (120379.80900000036 487910.8929999992),POINT (4.878770798271449 52.377973907595454),4.878770798271449,52.377973907595454,1,1,2,1
2301,145096,20210015138,2021,Letsel,2,personenauto,bromfiets,Frontaal,"Kruispunt, 4 takken",Binnen,30.0,Niet brandend,Overig asfalt,Droog,Daglicht,Droog,Orteliusstraat,amsterdam,POINT (118366.25930000097 487023.53449999914),POINT (4.849297666204842 52.36986834894942),4.849297666204842,52.36986834894942,1,1,1,1
2302,145131,20210008714,2021,Letsel,3,bestelauto,fiets,Onbekend,"Kruispunt, 4 takken",Binnen,50.0,Niet brandend,Beton,Droog,Daglicht,Droog,Vrijheidslaan,amsterdam,POINT (122149.08300000057 484381.6169999987),POINT (4.905098282343918 52.34636387407573),4.905098282343918,52.34636387407573,1,1,1,1
2303,145132,20210009996,2021,Letsel,1,fiets,unknown,Eenzijdig,Rechte weg,Binnen,50.0,Niet aanwezig,Overig asfalt,Droog,Daglicht,Droog,Ouderkerkerdijk,amsterdam,POINT (122226.07200000063 482925.51300000027),POINT (4.906369844328451 52.333281933308896),4.906369844328451,52.333281933308896,1,1,1,1
2304,145196,20210015292,2021,Uitsluitend materiele schade,2,snorfiets,personenauto,Flank,"Kruispunt, 3 takken",Binnen,50.0,Niet brandend,Overig asfalt,Nat,Daglicht,Regen,Stadhouderskade,amsterdam,POINT (121703.57899999991 485634.44299999997),POINT (4.898436505727996 52.35759662924934),4.898436505727996,52.35759662924934,1,1,2,1
2305,145253,20210027987,2021,Letsel,3,fiets,personenauto,Onbekend,Rechte weg,Binnen,50.0,Niet brandend,Overig asfalt,Droog,Daglicht,Droog,Rijnstraat,amsterdam,POINT (122135.51000000164 484448.13500000164),POINT (4.904892602277151 52.34696088317261),4.904892602277151,52.34696088317261,1,1,1,1
2306,145294,20210010916,2021,Uitsluitend materiele schade,1,bromfiets,unknown,Onbekend,"Kruispunt, 3 takken",Binnen,30.0,Niet aanwezig,Klinkers,Nat,Daglicht,Unknown,Geldershoofd,amsterdam,POINT (126589.10350000113 481708.8476999998),POINT (4.97048180090852 52.32258999181005),4.97048180090852,52.32258999181005,0,1,2,1
2307,145352,20210007042,2021,Uitsluitend materiele schade,2,personenauto,e-bike,Flank,Rotonde,Binnen,50.0,Brandend,Overig asfalt,Droog,Duisternis,Unknown,Baden Powellweg,amsterdam,POINT (114250.70630000159 485956.58089999855),POINT (4.788999803315931 52.35998948530024),4.788999803315931,52.35998948530024,1,1,2,1
2308,145405,20210003146,2021,Uitsluitend materiele schade,2,personenauto,fiets,Flank,Rechte weg,Binnen,50.0,Niet brandend,Klinkers,Droog,Daglicht,Droog,Meer en Vaart,amsterdam,POINT (115436.9459999986 486122.8289999999),POINT (4.806393514484166 52.3615703082678),4.806393514484166,52.3615703082678,1,1,2,1
2309,145423,20210030619,2021,Uitsluitend materiele schade,2,bromfiets,overig vast object,Vast voorwerp,Rechte weg,Binnen,30.0,Niet brandend,Overig asfalt,Droog,Schemer,Droog,Willem Kloosstraat,amsterdam,POINT (116536.93100000173 487687.8779999986),POINT (4.822362160629554 52.37571386525791),4.822362160629554,52.37571386525791,1,1,2,1
2310,145491,20210059943,2021,Letsel,1,fiets,unknown,Eenzijdig,Rechte weg,Binnen,50.0,Brandend,Overig asfalt,Nat,Duisternis,Droog,Overtoom,amsterdam,POINT (119821.79600000009 486094.8020000011),POINT (4.870766166693942 52.361616736757576),4.870766166693942,52.361616736757576,1,1,1,1
2311,145497,20210037842,2021,Uitsluitend materiele schade,2,personenauto,snorfiets,Onbekend,"Kruispunt, 3 takken",Binnen,Unknown,Niet brandend,Overig asfalt,Droog,Daglicht,Droog,Daniël Goedkoopstraat,amsterdam,POINT (123350.73889999837 483053.6209000014),POINT (4.9228575407353565 52.33449918348598),4.9228575407353565,52.33449918348598,1,1,2,1
2312,145535,20210060251,2021,Uitsluitend materiele schade,2,personenauto,e-bike,Flank,"Kruispunt, 4 takken",Binnen,50.0,Niet brandend,Klinkers,Droog,Daglicht,Droog,Gerrit van der Veenstr,amsterdam,POINT (120001.55040000007 484678.0144999996),POINT (4.873552369585401 52.34889512380902),4.873552369585401,52.34889512380902,1,1,2,1
2313,145622,20210078623,2021,Letsel,2,snorfiets,personenauto,Flank,"Kruispunt, 4 takken",Binnen,30.0,Niet brandend,Overig asfalt,Droog,Daglicht,Droog,0406 BRUG,amsterdam,POINT (120902.17990000173 484766.86030000076),POINT (4.886760892079399 52.34975023248967),4.886760892079399,52.34975023248967,1,1,1,1
2314,145645,20210036768,2021,Uitsluitend materiele schade,2,personenauto,bromfiets,Onbekend,"Kruispunt, 4 takken",Binnen,50.0,Niet brandend,Beton,Droog,Daglicht,Droog,Amstelveenseweg,amsterdam,POINT (118921.80090000108 484278.2357000001),POINT (4.857749010742779 52.34523236311245),4.857749010742779,52.34523236311245,1,1,2,1
2315,145722,20210066130,2021,Letsel,3,bromfiets,overig wegmeubilair,Vast voorwerp,"Kruispunt, 4 takken",Binnen,30.0,Brandend,Overig asfalt,Nat,Duisternis,Regen,Nieuwe Osdorpergracht,amsterdam,POINT (115234.62420000136 485474.2096000016),POINT (4.80350013665474 52.355726420636685),4.80350013665474,52.355726420636685,1,1,1,1