,Unnamed: 0,accident_id,accident_year,outcome,num_parties,party1_type,party2_type,accident_nature,road_situation,built_up_area,speed_limit_kmh,street_lighting,road_surface,road_condition,light_condition,weather_condition,street_name,municipality,shape,geometry,longitude,latitude,cluster,future_hotspot_spatial,outcome_encoded,future_hotspot_pred
2316,145732,20210040605,2021,Uitsluitend materiele schade,1,bromfiets,unknown,Eenzijdig,Rechte weg,Binnen,50.0,Niet brandend,Overig asfalt,Droog,Daglicht,Droog,Jan Evertsenstraat,amsterdam,POINT (118610.4459999986 487085.38500000164),POINT (4.852876303340045 52.370440449511406),4.852876303340045,52.370440449511406,1,1,2,1
2317,145807,20210039447,2021,Letsel,2,bromfiets,unknown,Eenzijdig,Rechte weg,Binnen,50.0,Niet brandend,Overig asfalt,Droog,Daglicht,Droog,Amstelveenseweg,amsterdam,POINT (118803.17399999872 485188.9620000012),POINT (4.855910243727339 52.35340952485037),4.855910243727339,52.35340952485037,1,1,1,1
2318,145840,20210038875,2021,Uitsluitend materiele schade,2,personenauto,fiets,Flank,Rotonde,Binnen,50.0,Niet brandend,ZOAB,Droog,Daglicht,Droog,Meeuwenlaan,amsterdam,POINT (123452.71449999884 488946.76300000027),POINT (4.923800853800712 52.387468746282565),4.923800853800712,52.387468746282565,1,1,2,1
2319,145859,20210068278,2021,Uitsluitend materiele schade,2,bromfiets,fiets,Frontaal,Rechte weg,Binnen,50.0,Brandend,Unknown,Nat,Duisternis,Droog,Oderweg,amsterdam,POINT (116455.24700000137 489362.7250000015),POINT (4.820970476783933 52.39076029968779),4.820970476783933,52.39076029968779,1,1,2,1
2320,145912,20210038314,2021,Uitsluitend materiele schade,2,personenauto,snorfiets,Flank,"Kruispunt, 4 takken",Binnen,50.0,Niet brandend,Overig asfalt,Droog,Daglicht,Droog,Burgemeester Röellstraat,amsterdam,POINT (116869 487529),POINT (4.827256500713457 52.374309156738995),4.827256500713457,52.374309156739,1,1,2,1
2321,145938,20210067137,2021,Uitsluitend materiele schade,2,personenauto,bromfiets,Kop/staart,Rechte weg,Binnen,50.0,Brandend,ZOAB,Nat,Duisternis,Unknown,Zeeburgerdijk,amsterdam,POINT (124780.53700000048 486567.74500000104),POINT (4.943518831135586 52.366162418418924),4.943518831135586,52.36616241841893,1,1,2,1
2322,145949,20210043331,2021,Uitsluitend materiele schade,2,personenauto,fiets,Flank,"Kruispunt, 4 takken",Binnen,50.0,Niet brandend,Overig asfalt,Droog,Daglicht,Droog,Boris Pasternakstraat,amsterdam,POINT (124869.28440000117 480938.87359999865),POINT (4.945325550622399 52.31557836178791),4.945325550622399,52.31557836178791,0,1,2,1
2323,145962,20210065572,2021,Uitsluitend materiele schade,2,snorfiets,scootmobiel,Frontaal,"Kruispunt, 3 takken",Binnen,Unknown,Brandend,Overig asfalt,Nat,Schemer,Unknown,Meer en Vaart,amsterdam,POINT (115646.07499999925 485514.9970000014),POINT (4.809534632967224 52.356122613318746),4.809534632967224,52.356122613318746,1,1,2,1
2324,145970,20210068735,2021,Letsel,2,snorfiets,fiets,Kop/staart,Rechte weg,Binnen,30.0,Niet brandend,Overig asfalt,Droog,Schemer,Droog,Tussen Meer,amsterdam,POINT (114698.6409999989 485647.1499999985),POINT (4.795612277692562 52.3572416143508),4.795612277692562,52.3572416143508,1,1,1,1
2325,145975,20210069653,2021,Uitsluitend materiele schade,2,personenauto,fiets,Onbekend,Rechte weg,Binnen,30.0,Niet brandend,Overig asfalt,Droog,Daglicht,Droog,Ridderspoorweg,amsterdam,POINT (122156.77199999988 489951.8570000008),POINT (4.9046668532056925 52.396425785294184),4.9046668532056925,52.39642578529418,1,1,2,1
2326,145995,20210087206,2021,Letsel,2,personenauto,fiets,Flank,"Kruispunt, 4 takken",Binnen,50.0,Niet brandend,Overig asfalt,Droog,Daglicht,Droog,Mercatorstraat,amsterdam,POINT (118413.65019999817 487364.05959999934),POINT (4.849956428965846 52.37293189031246),4.849956428965846,52.37293189031246,1,1,1,1
2327,145999,20210087676,2021,Letsel,2,fiets,bromfiets,Onbekend,"Kruispunt, 4 takken",Binnen,50.0,Niet brandend,Klinkers,Nat,Daglicht,Droog,Kerkstraat,amsterdam,POINT (121271.43510000035 486232.1684000008),POINT (4.892033222790585 52.362942213353975),4.892033222790585,52.362942213353975,1,1,1,1
2328,146608,20220016499,2022,Letsel,2,personenauto,bromfiets,Kop/staart,"Kruispunt, 3 takken",Binnen,50.0,Brandend,Overig asfalt,Nat,Duisternis,Droog,Meer en Vaart,amsterdam,POINT (115646.07499999925 485514.9970000014),POINT (4.809534632967224 52.356122613318746),4.809534632967224,52.356122613318746,1,1,1,1
2329,146651,20220055227,2022,Uitsluitend materiele schade,2,personenauto,fiets,Flank,Rotonde,Binnen,50.0,Niet brandend,Overig asfalt,Droog,Daglicht,Droog,Louis Bouwmeesterstraat,amsterdam,POINT (116458.0524000004 485498.2930999994),POINT (4.821454863279112 52.3560300557057),4.821454863279112,52.3560300557057,1,1,2,1
2330,146742,20220081124,2022,Uitsluitend materiele schade,2,personenauto,fiets,Kop/staart,Rechte weg,Binnen,30.0,Brandend,Overig asfalt,Droog,Duisternis,Droog,Spuistraat,amsterdam,POINT (121140.53700000048 487445.1330000013),POINT (4.889989401701095 52.37383543142805),4.889989401701095,52.37383543142805,1,1,2,1
2331,146743,20220081135,2022,Uitsluitend materiele schade,2,snorfiets,personenauto,Kop/staart,"Kruispunt, 4 takken",Binnen,Unknown,Niet brandend,Overig asfalt,Droog,Daglicht,Droog,Westeinde,amsterdam,POINT (121762 485657),POINT (4.899291825636309 52.3578028939327),4.899291825636309,52.3578028939327,1,1,2,1
2332,146754,20220036028,2022,Uitsluitend materiele schade,2,personenauto,fiets,Flank,"Kruispunt, 4 takken",Binnen,50.0,Niet brandend,ZOAB,Nat,Daglicht,Regen,Wibautstraat,amsterdam,POINT (122565.02809999883 485499.5122999996),POINT (4.911094551582275 52.35643549532107),4.911094551582275,52.35643549532107,1,1,2,1
2333,146755,20220036065,2022,Letsel,2,fiets,e-bike,Flank,"Kruispunt, 3 takken",Binnen,30.0,Niet brandend,Overig asfalt,Droog,Daglicht,Droog,Eerste Oosterparkstraat,amsterdam,POINT (122482.00620000064 485467.06069999933),POINT (4.909879058866796 52.35613893422875),4.909879058866796,52.35613893422875,1,1,1,1
2334,146797,20220055582,2022,Uitsluitend materiele schade,2,motor,snorfiets,Flank,"Kruispunt, 3 takken",Binnen,50.0,Brandend,Overig asfalt,Droog,Duisternis,Droog,Stadhouderskade,amsterdam,POINT (120914.51999999955 485922.936999999),POINT (4.886824863656835 52.36014102499891),4.886824863656835,52.36014102499891,1,1,2,1
2335,146867,20220054478,2022,Uitsluitend materiele schade,2,personenauto,fiets,Flank,"Kruispunt, 4 takken",Binnen,50.0,Niet brandend,Overig asfalt,Droog,Daglicht,Droog,President Kennedylaan,amsterdam,POINT (121304.23759999871 483758.8830000013),POINT (4.892762468241394 52.34071599888309),4.892762468241394,52.34071599888309,1,1,2,1
2336,146869,20220054514,2022,Uitsluitend materiele schade,1,bromfiets,unknown,Onbekend,Rechte weg,Binnen,Unknown,Niet brandend,Beton,Droog,Daglicht,Droog,IJpromenade,amsterdam,POINT (121813.0540000014 488738.1319999993),POINT (4.899737027730784 52.38549703869737),4.899737027730784,52.38549703869737,1,1,2,1
2337,146897,20220054610,2022,Uitsluitend materiele schade,2,motor,bromfiets,Flank,Rechte weg,Binnen,50.0,Brandend,Overig asfalt,Droog,Duisternis,Droog,Bos en Lommerweg,amsterdam,POINT (118800.89600000158 488625.01900000125),POINT (4.855506805858343 52.38429009595844),4.855506805858343,52.38429009595844,1,1,2,1
2338,146914,20220102229,2022,Uitsluitend materiele schade,2,bromfiets,personenauto,Frontaal,"Kruispunt, 3 takken",Binnen,30.0,Niet brandend,Klinkers,Droog,Daglicht,Droog,Rustenburgerdwarsstraat,amsterdam,POINT (122129.86169999838 485123.15199999884),POINT (4.904743775522792 52.35302715584874),4.904743775522792,52.35302715584874,1,1,2,1
2339,146915,20220102262,2022,Uitsluitend materiele schade,3,vrachtauto,fiets,Onbekend,Rechte weg,Binnen,30.0,Niet aanwezig,Klinkers,Droog,Daglicht,Droog,Jan Hanzenstraat,amsterdam,POINT (119549.81100000069 486834.5540000014),POINT (4.866695419624578 52.368247606247934),4.866695419624578,52.368247606247934,1,1,2,1
2340,146918,20220102844,2022,Uitsluitend materiele schade,2,fiets,scootmobiel,Frontaal,Rechte weg,Binnen,Unknown,Niet brandend,Overig asfalt,Droog,Daglicht,Droog,Vondelpark,amsterdam,POINT (119765.32499999925 485807.2989999987),POINT (4.869967289959402 52.35902924533618),4.869967289959402,52.35902924533618,1,1,2,1
2341,146939,20220055818,2022,Uitsluitend materiele schade,1,fiets,unknown,Voetganger,Rechte weg,Binnen,30.0,Niet aanwezig,Overig asfalt,Droog,Daglicht,Droog,Damstraat,amsterdam,POINT (121495.88899999857 487245.5799999982),POINT (4.895227334216948 52.37206378653994),4.895227334216948,52.37206378653994,1,1,2,1
2342,146941,20220055851,2022,Uitsluitend materiele schade,2,personenauto,bromfiets,Frontaal,"Kruispunt, 4 takken",Binnen,50.0,Brandend,ZOAB,Nat,Duisternis,Regen,Oostenburgergracht,amsterdam,POINT (123550.55900000036 486720.4266999997),POINT (4.925446428954504 52.367465571887514),4.925446428954504,52.36746557188752,1,1,2,1
2343,146981,20220102381,2022,Letsel,2,bromfiets,fiets,Kop/staart,Rechte weg,Binnen,50.0,Brandend,Overig asfalt,Droog,Schemer,Droog,Meer en Vaart,amsterdam,POINT (115508.07699999958 485892.5179999992),POINT (4.807464756848447 52.359505573409756),4.807464756848447,52.35950557340976,1,1,1,1
2344,146982,20220103222,2022,Uitsluitend materiele schade,2,personenauto,fiets,Flank,"Kruispunt, 3 takken",Binnen,Unknown,Niet brandend,Overig asfalt,Droog,Daglicht,Droog,FIETSPAD,amsterdam,POINT (120081.67810000107 487343.57499999925),POINT (4.874451551204037 52.37285639092754),4.874451551204037,52.37285639092754,1,1,2,1
2345,147075,20220055141,2022,Letsel,2,personenauto,bromfiets,Geparkeerd voertuig,Rechte weg,Binnen,50.0,Niet brandend,Overig asfalt,Droog,Daglicht,Droog,Van Mourik Broekmanstr,amsterdam,POINT (116574.19049999863 485649.2347000018),POINT (4.8231423084697695 52.35739473906039),4.8231423084697695,52.35739473906039,1,1,1,1
2346,147213,20230097024,2023,Uitsluitend materiele schade,2,personenauto,bromfiets,Onbekend,Unknown,Unknown,Unknown,Unknown,Unknown,Unknown,Duisternis,Unknown,Slotermeerlaan,amsterdam,POINT (116362.0159999989 487797.0300000012),POINT (4.819781049102534 52.37668255504472),4.819781049102534,52.37668255504472,1,1,2,1
2347,147272,20230024355,2023,Uitsluitend materiele schade,2,personenauto,bromfiets,Onbekend,Unknown,Unknown,30.0,Unknown,Unknown,Unknown,Daglicht,Unknown,Piet Mondriaanstraat,amsterdam,POINT (117666.12110000104 486583.70010000095),POINT (4.839066572283595 52.36586830233537),4.839066572283595,52.36586830233537,1,1,2,1
2348,147413,20230004687,2023,Uitsluitend materiele schade,2,bus,fiets,Flank,Rechte weg,Binnen,50.0,Niet brandend,ZOAB,Nat,Daglicht,Regen,Klaprozenweg,amsterdam,POINT (122565.68699999899 490020.7899999991),POINT (4.910667831968458 52.39706962528632),4.910667831968458,52.39706962528632,1,1,2,1
2349,147456,20230086373,2023,Uitsluitend materiele schade,2,personenauto,bromfiets,Onbekend,Unknown,Unknown,Unknown,Unknown,Unknown,Unknown,Daglicht,Unknown,Bijlmerdreef,amsterdam,POINT (124995.28799999878 480662.62900000066),POINT (4.947197974993284 52.3131025143448),4.947197974993284,52.3131025143448,0,1,2,1
2350,147658,20210048388,2021,Letsel,2,fiets,bestelauto,Flank,"Kruispunt, 4 takken",Binnen,50.0,Niet brandend,Overig asfalt,Droog,Daglicht,Droog,Noorderakerweg,amsterdam,POINT (113530.49740000069 484973.745099999),POINT (4.778548782005245 52.35110266288342),4.778548782005245,52.35110266288342,1,1,1,1
2351,147879,20210091244,2021,Letsel,2,personenauto,fiets,Flank,"Kruispunt, 4 takken",Binnen,50.0,Niet brandend,Overig asfalt,Nat,Daglicht,Droog,IJ-tunnel,amsterdam,POINT (122557.7809999995 488548.6099999994),POINT (4.910693907725686 52.38383826813548),4.910693907725686,52.38383826813548,1,1,1,1
2352,147993,20220178306,2022,Uitsluitend materiele schade,2,personenauto,e-bike,Flank,"Kruispunt, 4 takken",Binnen,50.0,Niet brandend,Overig asfalt,Nat,Daglicht,Regen,Waddenweg,amsterdam,POINT (123816.23220000044 489790.875),POINT (4.9290620735208375 52.395075801398725),4.9290620735208375,52.395075801398725,1,1,2,1
2353,148023,20220177401,2022,Uitsluitend materiele schade,2,fiets,personenauto,Onbekend,"Kruispunt, 4 takken",Binnen,15.0,Brandend,Overig asfalt,Droog,Duisternis,Droog,Loenermark,amsterdam,POINT (124035.0260999985 490305.2650000006),POINT (4.9322289792269025 52.399711160515594),4.932228979226903,52.3997111605156,1,1,2,1
2354,148025,20220178034,2022,Uitsluitend materiele schade,2,bromfiets,fiets,Onbekend,Rechte weg,Binnen,30.0,Brandend,Overig asfalt,Droog,Duisternis,Droog,Belgiëplein,amsterdam,POINT (115736.05700000003 484401.41000000015),POINT (4.810985349267485 52.34612098677435),4.810985349267485,52.34612098677435,1,1,2,1
2355,148063,20220177809,2022,Uitsluitend materiele schade,2,bestelauto,bromfiets,Onbekend,Rechte weg,Binnen,50.0,Niet brandend,Overig asfalt,Nat,Daglicht,Droog,Heemstedestraat,amsterdam,POINT (118265.69700000063 484991.1279999986),POINT (4.848043133334156 52.351595864371355),4.848043133334156,52.35159586437136,1,1,2,1
2356,148121,20220178189,2022,Uitsluitend materiele schade,2,personenauto,fiets,Flank,"Kruispunt, 3 takken",Binnen,30.0,Niet brandend,Overig asfalt,Droog,Daglicht,Droog,Stadhouderskade,amsterdam,POINT (120751.45549999923 486049.8295999989),POINT (4.884418220965027 52.36127130522954),4.884418220965027,52.36127130522954,1,1,2,1
2357,148140,20220142281,2022,Uitsluitend materiele schade,3,personenauto,fiets,Flank,"Kruispunt, 4 takken",Binnen,50.0,Niet brandend,ZOAB,Droog,Daglicht,Droog,Jasper Leijnsenstraat,amsterdam,POINT (119292.51720000058 487767.2278999984),POINT (4.862818684586613 52.37661311830425),4.862818684586613,52.37661311830425,1,1,2,1
2358,148272,20220123925,2022,Letsel,1,bromfiets,unknown,Eenzijdig,Unknown,Unknown,50.0,Unknown,Unknown,Unknown,Daglicht,Unknown,Meer en Vaart,amsterdam,POINT (115436.9459999986 486122.8289999999),POINT (4.806393514484166 52.3615703082678),4.806393514484166,52.3615703082678,1,1,1,1
2359,148342,20220155595,2022,Letsel,1,bromfiets,unknown,Eenzijdig,Rechte weg,Binnen,50.0,Brandend,Overig asfalt,Droog,Duisternis,Droog,Mauritskade,amsterdam,POINT (122379.20800000057 485931.4140000008),POINT (4.908325121284764 52.360306138398954),4.908325121284764,52.36030613839896,1,1,1,1
2360,148380,20220141612,2022,Uitsluitend materiele schade,2,personenauto,fiets,Flank,Rotonde,Binnen,50.0,Niet brandend,ZOAB,Droog,Daglicht,Droog,Jan Tooropstraat,amsterdam,POINT (131121.74980000034 480378.31610000134),POINT (5.037058205955147 52.31084726905262),5.037058205955147,52.31084726905262,-1,0,2,0
2361,148385,20220155626,2022,Letsel,2,e-bike,unknown,Eenzijdig,"Kruispunt, 4 takken",Binnen,Unknown,Niet brandend,ZOAB,Droog,Daglicht,Droog,Sarphatistraat,amsterdam,POINT (122339.34710000083 486031.70149999857),POINT (4.907730236483332 52.361205086674495),4.907730236483332,52.361205086674495,1,1,1,1
2362,148386,20220155632,2022,Letsel,2,bromfiets,fiets,Flank,"Kruispunt, 3 takken",Binnen,50.0,Niet brandend,Overig asfalt,Nat,Daglicht,Regen,Weteringschans,amsterdam,POINT (121628.23779999837 485820.95490000024),POINT (4.8973120843387115 52.359268300309054),4.897312084338712,52.359268300309054,1,1,1,1
2363,148547,20230050130,2023,Uitsluitend materiele schade,3,bromfiets,bromfiets,Geparkeerd voertuig,Rechte weg,Binnen,30.0,Niet brandend,Klinkers,Droog,Daglicht,Droog,Herengracht,amsterdam,POINT (120960.6649999991 487328.7030000016),POINT (4.887359929414551 52.37277792145656),4.887359929414551,52.37277792145656,1,1,2,1
2364,148580,20230059126,2023,Letsel,2,personenauto,e-bike,Frontaal,"Kruispunt, 3 takken",Binnen,50.0,Niet brandend,Overig asfalt,Droog,Daglicht,Droog,Osdorpplein,amsterdam,POINT (115550.9235999994 485760.9488000013),POINT (4.808109144133379 52.3583262114241),4.808109144133379,52.3583262114241,1,1,1,1
2365,148660,20230059681,2023,Uitsluitend materiele schade,3,fiets,fiets,Onbekend,Rechte weg,Binnen,50.0,Niet brandend,Klinkers,Droog,Daglicht,Droog,Pijnackerstraat,amsterdam,POINT (121157.47700000182 484856.0399999991),POINT (4.890498705522084 52.35056750207573),4.890498705522084,52.35056750207573,1,1,2,1
2366,148672,20230048631,2023,Uitsluitend materiele schade,2,fiets,fiets,Kop/staart,"Kruispunt, 4 takken",Binnen,50.0,Niet brandend,ZOAB,Droog,Daglicht,Droog,Haarlemmermeerstraat,amsterdam,POINT (118425.34540000185 485352.3557999991),POINT (4.850346975414561 52.3548529687905),4.850346975414561,52.3548529687905,1,1,2,1
2367,148689,20230039852,2023,Letsel,2,bromfiets,personenauto,Flank,"Kruispunt, 3 takken",Binnen,50.0,Niet brandend,Overig asfalt,Droog,Daglicht,Droog,Daniël Goedkoopstraat,amsterdam,POINT (123344.01979999989 483056.7036000006),POINT (4.9227586738450695 52.334526502065685),4.9227586738450695,52.334526502065685,1,1,1,1
2368,148794,20230049974,2023,Uitsluitend materiele schade,2,personenauto,fiets,Flank,"Kruispunt, 4 takken",Binnen,30.0,Niet brandend,Overig asfalt,Droog,Schemer,Droog,Pieter Calandlaan,amsterdam,POINT (114269.41519999877 484851.68939999864),POINT (4.789408217470487 52.350060995370285),4.789408217470487,52.350060995370285,1,1,2,1
2369,148805,20230066356,2023,Uitsluitend materiele schade,2,personenauto,fiets,Flank,"Kruispunt, 3 takken",Binnen,50.0,Niet brandend,Overig asfalt,Droog,Daglicht,Droog,Th. Weeversweg,amsterdam,POINT (124701 489888),POINT (4.942051662727154 52.395998253691985),4.942051662727154,52.39599825369199,1,1,2,1
2370,148815,20230049440,2023,Uitsluitend materiele schade,2,personenauto,fiets,Flank,Rechte weg,Binnen,50.0,Niet brandend,ZOAB,Unknown,Duisternis,Unknown,Herengracht,amsterdam,POINT (121336.78860000148 486494.14620000124),POINT (4.892966420016601 52.365300697134636),4.892966420016601,52.36530069713464,1,1,2,1
2371,148903,20220210920,2022,Uitsluitend materiele schade,2,personenauto,fiets,Flank,Rotonde,Binnen,50.0,Niet brandend,Overig asfalt,Droog,Daglicht,Droog,Nieuwe Purmerweg,amsterdam,POINT (123597.25160000101 490056.00470000133),POINT (4.925820176440674 52.39744611028162),4.925820176440674,52.39744611028162,1,1,2,1
2372,148904,20220212259,2022,Letsel,3,personenauto,bromfiets,Flank,"Kruispunt, 4 takken",Binnen,30.0,Niet brandend,Klinkers,Droog,Daglicht,Droog,Kelbergen,amsterdam,POINT (126868 480393),POINT (4.974682277139597 52.310778182323624),4.974682277139597,52.31077818232362,0,1,1,1
2373,148906,20220212265,2022,Uitsluitend materiele schade,1,snorfiets,unknown,Voetganger,Rechte weg,Binnen,50.0,Brandend,Overig asfalt,Nat,Duisternis,Droog,Piet Heinkade,amsterdam,POINT (122814.61699999869 487814.3839999996),POINT (4.914536521344987 52.37725467710844),4.914536521344987,52.37725467710844,1,1,2,1
2374,149122,20220210415,2022,Uitsluitend materiele schade,2,personenauto,fiets,Flank,"Kruispunt, 4 takken",Binnen,50.0,Niet brandend,Overig asfalt,Nat,Schemer,Droog,Tussen Meer,amsterdam,POINT (114370.61129999906 485543.0291999988),POINT (4.790809887616024 52.356281697972044),4.790809887616024,52.35628169797205,1,1,2,1
2375,149189,20220210550,2022,Uitsluitend materiele schade,2,bromfiets,personenauto,Flank,"Kruispunt, 4 takken",Binnen,50.0,Niet brandend,Overig asfalt,Droog,Daglicht,Droog,President Allendelaan,amsterdam,POINT (115419.61430000141 486662.8273999989),POINT (4.806075521235346 52.366422134747715),4.806075521235346,52.36642213474772,1,1,2,1
2376,149333,20220211410,2022,Letsel,2,personenauto,fiets,Flank,"Kruispunt, 4 takken",Binnen,50.0,Brandend,Overig asfalt,Droog,Duisternis,Droog,Burg Cramergracht,amsterdam,POINT (117173.79250000045 487315.25719999894),POINT (4.8317561857037274 52.37240928476049),4.831756185703728,52.37240928476049,1,1,1,1
2377,149335,20220212075,2022,Uitsluitend materiele schade,3,fiets,scootmobiel,Onbekend,"Kruispunt, 4 takken",Binnen,50.0,Niet brandend,Overig asfalt,Droog,Daglicht,Droog,Heemstedestraat,amsterdam,POINT (118124.82389999926 484990.3856999986),POINT (4.845975663421021 52.351579757028226),4.845975663421021,52.35157975702823,1,1,2,1
2378,149366,20220210778,2022,Uitsluitend materiele schade,2,bromfiets,fiets,Flank,Rechte weg,Binnen,50.0,Brandend,ZOAB,Nat,Duisternis,Droog,Elandsgracht,amsterdam,POINT (120268.21200000122 486861.40199999884),POINT (4.877240396569333 52.368534798333265),4.877240396569333,52.36853479833327,1,1,2,1
2379,149367,20220212150,2022,Uitsluitend materiele schade,2,personenauto,fiets,Flank,"Kruispunt, 4 takken",Binnen,50.0,Niet brandend,Overig asfalt,Droog,Daglicht,Droog,Nassauplein,amsterdam,POINT (120562 488692),POINT (4.881366291822203 52.3850053784211),4.881366291822203,52.3850053784211,1,1,2,1
2380,149732,20230111189,2023,Uitsluitend materiele schade,1,fiets,unknown,Voetganger,Rechte weg,Binnen,30.0,Brandend,Overig asfalt,Nat,Schemer,Droog,Sarphatistraat,amsterdam,POINT (121915.08999999985 485883.07499999925),POINT (4.901516772908468 52.35984394421563),4.901516772908468,52.35984394421563,1,1,2,1
2381,149747,20230111322,2023,Uitsluitend materiele schade,2,personenauto,e-bike,Frontaal,"Kruispunt, 4 takken",Binnen,50.0,Brandend,ZOAB,Nat,Duisternis,Droog,Papaverweg,amsterdam,POINT (122189.9112999998 490020.4582999982),POINT (4.905147019115312 52.39704430535487),4.905147019115312,52.39704430535487,1,1,2,1
2382,149762,20230111385,2023,Letsel,2,bromfiets,personenauto,Flank,"Kruispunt, 4 takken",Binnen,30.0,Niet brandend,Klinkers,Droog,Daglicht,Droog,Prinsengracht,amsterdam,POINT (121043.253800001 488160.44790000096),POINT (4.888488597444269 52.38025815805398),4.888488597444269,52.38025815805398,1,1,1,1
2383,149770,20230112029,2023,Uitsluitend materiele schade,2,personenauto,fiets,Flank,Rechte weg,Binnen,30.0,Brandend,Klinkers,Droog,Schemer,Droog,Oudebrugsteeg,amsterdam,POINT (121661.5540000014 487599.6959999986),POINT (4.897624760147216 52.37525641350973),4.897624760147216,52.37525641350973,1,1,2,1
2384,149778,20230112094,2023,Letsel,1,fiets,unknown,Eenzijdig,Rechte weg,Binnen,Unknown,Niet brandend,Overig asfalt,Droog,Daglicht,Droog,De Ruijterkade,amsterdam,POINT (121488.5549999997 488398.7010000013),POINT (4.895004646066382 52.3824267658551),4.895004646066382,52.3824267658551,1,1,1,1
2385,149800,20230066957,2023,Letsel,2,personenauto,fiets,Flank,"Kruispunt, 3 takken",Binnen,50.0,Niet brandend,Overig asfalt,Droog,Daglicht,Droog,ms. Oslofjordweg,amsterdam,POINT (121151.5914000012 491018.1983000003),POINT (4.8897915693701846 52.40594816496128),4.8897915693701846,52.40594816496128,1,1,1,1
2386,149933,20230077528,2023,Uitsluitend materiele schade,3,personenauto,fiets,Onbekend,Rechte weg,Binnen,50.0,Brandend,Overig asfalt,Nat,Duisternis,Regen,Prins Hendrikkade,amsterdam,POINT (121780.42799999937 487762.5859999992),POINT (4.8993542778875385 52.376727557957345),4.8993542778875385,52.37672755795735,1,1,2,1
2387,150010,20230078984,2023,Letsel,1,fiets,unknown,Eenzijdig,Rechte weg,Binnen,50.0,Niet brandend,Overig asfalt,Nat,Daglicht,Droog,Sarphatistraat,amsterdam,POINT (121915.08999999985 485883.07499999925),POINT (4.901516772908468 52.35984394421563),4.901516772908468,52.35984394421563,1,1,1,1
2388,150077,20230024668,2023,Uitsluitend materiele schade,2,personenauto,fiets,Los voorwerp,"Kruispunt, 3 takken",Binnen,30.0,Niet brandend,Klinkers,Droog,Daglicht,Droog,Rombout Hogerbeetsstraat,amsterdam,POINT (119977.0832999982 487737.3055999987),POINT (4.872874671923378 52.37638829112995),4.872874671923378,52.37638829112995,1,1,2,1
2389,150091,20230077935,2023,Letsel,2,e-bike,fiets,Flank,"Kruispunt, 3 takken",Binnen,50.0,Niet brandend,Overig asfalt,Droog,Daglicht,Droog,Kruislaan,amsterdam,POINT (124145.621199999 484147.6484999992),POINT (4.9344191607383205 52.34437682667079),4.9344191607383205,52.34437682667079,1,1,1,1
2390,150098,20230020683,2023,Letsel,2,bromfiets,personenauto,Flank,"Kruispunt, 3 takken",Binnen,50.0,Brandend,Overig asfalt,Droog,Duisternis,Droog,Buikslotermeerplein,amsterdam,POINT (124628.54729999974 490240.82719999924),POINT (4.940955296452347 52.39916521095215),4.940955296452347,52.39916521095215,1,1,1,1
2391,150105,20230077874,2023,Uitsluitend materiele schade,2,bromfiets,personenauto,Geparkeerd voertuig,Rechte weg,Binnen,50.0,Niet brandend,Overig asfalt,Droog,Daglicht,Droog,Meteorenweg,amsterdam,POINT (121059.70699999854 491655.0469999984),POINT (4.888376918188811 52.41166598684517),4.888376918188811,52.41166598684517,1,1,2,1
2392,150159,20230020766,2023,Uitsluitend materiele schade,2,personenauto,fiets,Flank,Rechte weg,Binnen,50.0,Niet brandend,Overig asfalt,Droog,Daglicht,Droog,Keienbergweg,amsterdam,POINT (124062.38100000098 480050.3579999991),POINT (4.933573876418373 52.307548088210346),4.933573876418373,52.307548088210346,0,1,2,1
2393,150198,20230066701,2023,Uitsluitend materiele schade,3,unknown,fiets,Onbekend,"Kruispunt, 4 takken",Binnen,30.0,Niet brandend,Unknown,Droog,Daglicht,Droog,Westerstraat,amsterdam,POINT (120552.64009999856 487921.5062999986),POINT (4.881307819716144 52.37808016271861),4.881307819716144,52.37808016271861,1,1,2,1
2394,150325,20230086468,2023,Letsel,2,bestelauto,fiets,Flank,"Kruispunt, 4 takken",Binnen,50.0,Niet brandend,Overig asfalt,Droog,Daglicht,Droog,Dr. E. Boekmanstraat,amsterdam,POINT (114689.35040000081 484983.77479999885),POINT (4.795555395622409 52.351279042821616),4.795555395622409,52.351279042821616,1,1,1,1
2395,150447,20230087279,2023,Letsel,2,snorfiets,voetganger,Voetganger,Rechte weg,Binnen,50.0,Niet brandend,Overig asfalt,Nat,Daglicht,Regen,Jan Evertsenstraat,amsterdam,POINT (117164.72700000182 487112.561999999),POINT (4.831645888639217 52.3705869935899),4.831645888639217,52.3705869935899,1,1,1,1
2396,150448,20230087854,2023,Uitsluitend materiele schade,1,bromfiets,unknown,Voetganger,Rechte weg,Binnen,30.0,Brandend,Overig asfalt,Nat,Duisternis,Regen,Meer en Vaart,amsterdam,POINT (115508.07699999958 485892.5179999992),POINT (4.807464756848447 52.359505573409756),4.807464756848447,52.35950557340976,1,1,2,1
2397,150469,20230087894,2023,Letsel,2,snorfiets,personenauto,Flank,Rechte weg,Binnen,30.0,Niet brandend,Klinkers,Nat,Daglicht,Regen,Valkenburgerstraat,amsterdam,POINT (122278.79100000113 486956.188000001),POINT (4.906751306582997 52.36951013819655),4.906751306582997,52.36951013819655,1,1,1,1