,Unnamed: 0,accident_id,accident_year,outcome,num_parties,party1_type,party2_type,accident_nature,road_situation,built_up_area,speed_limit_kmh,street_lighting,road_surface,road_condition,light_condition,weather_condition,street_name,municipality,shape,geometry,longitude,latitude,cluster,future_hotspot_spatial,outcome_encoded,future_hotspot_pred
2398,150527,20230086824,2023,Uitsluitend materiele schade,2,bromfiets,fiets,Flank,"Kruispunt, 4 takken",Binnen,50.0,Niet brandend,Overig asfalt,Droog,Daglicht,Droog,Abcouderpad,amsterdam,POINT (125186.77600000054 480976.22199999914),POINT (4.949978253723861 52.315931327829276),4.949978253723861,52.31593132782928,0,1,2,1
2399,150555,20230087436,2023,Uitsluitend materiele schade,2,bromfiets,personenauto,Flank,Rechte weg,Binnen,30.0,Niet brandend,Klinkers,Droog,Schemer,Droog,Nieuwmarkt,amsterdam,POINT (121872.19799999893 487242.61499999836),POINT (4.900753185181965 52.37205996903386),4.900753185181965,52.37205996903386,1,1,2,1
2400,150609,20210080839,2021,Uitsluitend materiele schade,2,personenauto,fiets,Onbekend,"Kruispunt, 4 takken",Binnen,50.0,Brandend,Overig asfalt,Nat,Duisternis,Regen,Wijttenbachstraat,amsterdam,POINT (123888.11129999906 486035.0342000015),POINT (4.930465819285362 52.36132493717997),4.930465819285362,52.36132493717997,1,1,2,1
2401,150648,20210089617,2021,Uitsluitend materiele schade,2,trekker,bromfiets,Flank,"Kruispunt, 3 takken",Binnen,50.0,Niet brandend,Overig asfalt,Nat,Daglicht,Droog,Nassaukade,amsterdam,POINT (120252.59580000117 486669.2664999999),POINT (4.877030972370835 52.36680703459009),4.877030972370835,52.36680703459009,1,1,2,1
2402,150687,20210087356,2021,Uitsluitend materiele schade,2,personenauto,fiets,Flank,"Kruispunt, 4 takken",Binnen,50.0,Brandend,Overig asfalt,Droog,Duisternis,Droog,Leidsegracht,amsterdam,POINT (120472.64130000025 486481.3011999987),POINT (4.880280937031461 52.36513161335164),4.880280937031461,52.36513161335164,1,1,2,1
2403,150688,20210087365,2021,Letsel,2,snorfiets,fiets,Kop/staart,Rechte weg,Binnen,50.0,Niet brandend,ZOAB,Droog,Daglicht,Unknown,Oostoever,amsterdam,POINT (117046.92199999839 486973.3999999985),POINT (4.829931876694033 52.36932818474082),4.829931876694033,52.36932818474082,1,1,1,1
2404,150728,20210078275,2021,Uitsluitend materiele schade,2,personenauto,fiets,Voetganger,"Kruispunt, 4 takken",Binnen,50.0,Niet brandend,Beton,Droog,Daglicht,Droog,Karspeldreef,amsterdam,POINT (126995.21379999816 480879.1154000014),POINT (4.976507291973128 52.31515362569215),4.976507291973128,52.31515362569215,0,1,2,1
2405,150849,20210022241,2021,Uitsluitend materiele schade,3,bromfiets,overig wegmeubilair,Vast voorwerp,Bocht,Binnen,50.0,Brandend,Overig asfalt,Nat,Schemer,Droog,Bert Haanstrakade,amsterdam,POINT (129160.94700000063 485114.4459999986),POINT (5.007942665170153 52.35332452953298),5.007942665170153,52.35332452953298,-1,0,2,0
2406,150925,20210013975,2021,Uitsluitend materiele schade,2,personenauto,e-bike,Flank,"Kruispunt, 3 takken",Binnen,50.0,Niet brandend,Overig asfalt,Nat,Daglicht,Regen,Kimpoweg,amsterdam,POINT (117765.59499999881 488700),POINT (4.840292501500224 52.384894718333314),4.840292501500224,52.384894718333314,1,1,2,1
2407,150951,20210008083,2021,Uitsluitend materiele schade,2,fiets,bromfiets,Onbekend,"Kruispunt, 4 takken",Binnen,50.0,Niet brandend,Klinkers,Nat,Daglicht,Droog,Gerrit van der Veenstr,amsterdam,POINT (120422.8850999996 484667.96229999885),POINT (4.879736852551913 52.34883145454545),4.879736852551913,52.34883145454545,1,1,2,1
2408,151021,20210031873,2021,Letsel,1,e-bike,unknown,Eenzijdig,"Kruispunt, 4 takken",Binnen,50.0,Niet brandend,Overig asfalt,Droog,Daglicht,Droog,Vondelpark,amsterdam,POINT (120570.76399999857 486104.5870000012),POINT (4.88176007060992 52.36175213104734),4.88176007060992,52.36175213104734,1,1,1,1
2409,151085,20210002268,2021,Uitsluitend materiele schade,2,bromfiets,personenauto,Flank,"Kruispunt, 4 takken",Binnen,Unknown,Niet brandend,Beton,Droog,Daglicht,Droog,Jan van Galenstraat,amsterdam,POINT (118818.57829999924 487523.52219999954),POINT (4.85588513368657 52.37439184973622),4.85588513368657,52.37439184973622,1,1,2,1
2410,151107,20210033065,2021,Uitsluitend materiele schade,2,bestelauto,bromfiets,Kop/staart,Rechte weg,Binnen,50.0,Niet brandend,Overig asfalt,Droog,Daglicht,Droog,Rijnstraat,amsterdam,POINT (122106.18699999899 484586.3429999985),POINT (4.904448771022686 52.348201252317864),4.904448771022686,52.34820125231786,1,1,2,1
2411,151142,20210013008,2021,Uitsluitend materiele schade,2,personenauto,fiets,Flank,"Kruispunt, 3 takken",Binnen,50.0,Niet aanwezig,Klinkers,Droog,Daglicht,Droog,Singel,amsterdam,POINT (121006.15909999982 486818.82279999927),POINT (4.888079518565641 52.36819829868708),4.888079518565641,52.36819829868708,1,1,2,1
2412,151255,20210073541,2021,Letsel,2,personenauto,fiets,Flank,"Kruispunt, 4 takken",Binnen,50.0,Niet brandend,Overig asfalt,Droog,Daglicht,Droog,Amstelveenseweg,amsterdam,POINT (118841.4849999994 484976.0210000016),POINT (4.85649543108049 52.3514982857908),4.85649543108049,52.3514982857908,1,1,1,1
2413,151327,20210065664,2021,Uitsluitend materiele schade,2,personenauto,fiets,Flank,"Kruispunt, 3 takken",Binnen,50.0,Niet brandend,Overig asfalt,Droog,Daglicht,Unknown,Van Slingelandtstraat,amsterdam,POINT (119484.37900000066 488523.41330000013),POINT (4.865556240871991 52.38342158662014),4.865556240871991,52.38342158662014,1,1,2,1
2414,151336,20210037846,2021,Uitsluitend materiele schade,2,bromfiets,personenauto,Onbekend,"Kruispunt, 3 takken",Binnen,50.0,Niet brandend,Overig asfalt,Droog,Daglicht,Droog,Oostenburgervoorstraat,amsterdam,POINT (123314 486872),POINT (4.921958964128099 52.36881421481327),4.921958964128099,52.36881421481327,1,1,2,1
2415,151341,20210044104,2021,Letsel,1,fiets,unknown,Eenzijdig,Unknown,Unknown,30.0,Unknown,Unknown,Unknown,Duisternis,Unknown,Scheepstimmermanstraat,amsterdam,POINT (125256.68899999931 487257.4600000009),POINT (4.950448528542623 52.372387123477566),4.950448528542623,52.372387123477566,1,1,1,1
2416,151385,20210061524,2021,Uitsluitend materiele schade,2,snorfiets,personenauto,Flank,"Kruispunt, 4 takken",Binnen,50.0,Niet brandend,Klinkers,Droog,Daglicht,Droog,Korte Van Eeghenstraat,amsterdam,POINT (120143.89279999956 485690.2846999988),POINT (4.875536491458261 52.358001753373514),4.875536491458261,52.35800175337352,1,1,2,1
2417,151417,20210037336,2021,Uitsluitend materiele schade,2,bromfiets,fiets,Flank,"Kruispunt, 3 takken",Binnen,50.0,Niet brandend,Beton,Droog,Daglicht,Droog,Spaarndammerdijk,amsterdam,POINT (120353.0784999989 489427.1361999996),POINT (4.878221848959542 52.391599081581624),4.878221848959542,52.39159908158162,1,1,2,1
2418,151448,20210055891,2021,Letsel,2,bromfiets,bromfiets,Flank,"Kruispunt, 4 takken",Binnen,50.0,Brandend,Klinkers,Droog,Duisternis,Droog,Herengracht,amsterdam,POINT (120909.53880000114 487052.05000000075),POINT (4.886637262237511 52.37028839032029),4.886637262237511,52.37028839032029,1,1,1,1
2419,151534,20210052870,2021,Uitsluitend materiele schade,3,personenauto,fiets,Onbekend,Rechte weg,Binnen,50.0,Niet brandend,Overig asfalt,Nat,Daglicht,Regen,Burgemeester Eliasstraat,amsterdam,POINT (116839.77540000156 488217.29100000113),POINT (4.826749193637247 52.380492938497994),4.826749193637247,52.380492938498,1,1,2,1
2420,151536,20210057566,2021,Uitsluitend materiele schade,2,snorfiets,bromfiets,Frontaal,Rechte weg,Binnen,50.0,Brandend,Overig asfalt,Nat,Duisternis,Unknown,Haarlemmerweg,amsterdam,POINT (120122.60700000077 488847.90300000086),POINT (4.874896381827263 52.38637877580104),4.874896381827263,52.38637877580104,1,1,2,1
2421,151615,20210065478,2021,Uitsluitend materiele schade,2,personenauto,fiets,Flank,"Kruispunt, 4 takken",Binnen,50.0,Niet brandend,Overig asfalt,Droog,Daglicht,Unknown,Pieter Calandlaan,amsterdam,POINT (115641.60200000182 485274.0450000018),POINT (4.809497168985415 52.35395680347133),4.809497168985415,52.35395680347133,1,1,2,1
2422,151616,20210065495,2021,Uitsluitend materiele schade,1,bromfiets,unknown,Voetganger,Rechte weg,Binnen,30.0,Niet brandend,Overig asfalt,Nat,Daglicht,Regen,Ecuplein,amsterdam,POINT (114116.14499999955 484772.58100000024),POINT (4.787168426059013 52.34933864930892),4.787168426059013,52.34933864930892,1,1,2,1
2423,151618,20210035745,2021,Uitsluitend materiele schade,2,personenauto,fiets,Flank,"Kruispunt, 4 takken",Binnen,50.0,Niet brandend,ZOAB,Droog,Daglicht,Droog,Postjesweg,amsterdam,POINT (118631.1259999983 486402.3440000005),POINT (4.853253837492571 52.36430315579455),4.853253837492571,52.36430315579455,1,1,2,1
2424,151658,20210038307,2021,Uitsluitend materiele schade,2,personenauto,fiets,Flank,"Kruispunt, 3 takken",Binnen,50.0,Niet brandend,Beton,Droog,Daglicht,Droog,Schagerlaan,amsterdam,POINT (123541.29940000176 484323.0989000015),POINT (4.9255346715742565 52.34591940716264),4.9255346715742565,52.34591940716264,1,1,2,1
2425,152358,20220080719,2022,Letsel,3,bromfiets,fiets,Onbekend,Rechte weg,Binnen,50.0,Brandend,Overig asfalt,Nat,Duisternis,Unknown,Stadhouderskade,amsterdam,POINT (120518.30299999937 486144.54100000113),POINT (4.880985840147014 52.36210791891622),4.880985840147014,52.36210791891622,1,1,1,1
2426,152369,20220016688,2022,Uitsluitend materiele schade,2,bestelauto,fiets,Flank,"Kruispunt, 4 takken",Binnen,50.0,Niet brandend,Unknown,Droog,Daglicht,Droog,Bos en Lommerweg,amsterdam,POINT (118725.85029999912 488225.2747000009),POINT (4.85444773488334 52.380692548591156),4.85444773488334,52.38069254859116,1,1,2,1
2427,152395,20220080895,2022,Uitsluitend materiele schade,2,bromfiets,personenauto,Kop/staart,Rechte weg,Binnen,Unknown,Niet aanwezig,ZOAB,Droog,Schemer,Droog,Brettenpad,amsterdam,POINT (115349.1640000008 488974.83900000155),POINT (4.804768381907557 52.3871955123103),4.804768381907557,52.3871955123103,1,1,2,1
2428,152501,20220035946,2022,Letsel,2,bromfiets,personenauto,Flank,Rechte weg,Binnen,50.0,Niet brandend,Overig asfalt,Droog,Schemer,Droog,Amstelveenseweg,amsterdam,POINT (118888.80600000173 482102.4470000006),POINT (4.857498144099965 52.32567569266292),4.857498144099965,52.32567569266292,1,1,1,1
2429,152535,20220036026,2022,Uitsluitend materiele schade,2,e-bike,fiets,Flank,"Kruispunt, 4 takken",Binnen,Unknown,Niet brandend,Overig asfalt,Droog,Daglicht,Unknown,Weesperzijde,amsterdam,POINT (122744.67909999937 484487.9675000012),POINT (4.913828513751156 52.34735496378523),4.913828513751156,52.34735496378523,1,1,2,1
2430,152540,20220054227,2022,Uitsluitend materiele schade,2,bromfiets,fiets,Flank,"Kruispunt, 4 takken",Binnen,Unknown,Niet brandend,Klinkers,Droog,Daglicht,Droog,Vijzelgracht,amsterdam,POINT (121216.69990000129 486080.7675999999),POINT (4.891244890572841 52.36157816411387),4.891244890572841,52.36157816411387,1,1,2,1
2431,152577,20220055611,2022,Letsel,2,personenauto,e-bike,Flank,Rotonde,Binnen,50.0,Niet brandend,Overig asfalt,Droog,Daglicht,Droog,Vlaardingenlaan,amsterdam,POINT (117682.06439999864 484471.13120000064),POINT (4.839535010295601 52.34688318344936),4.839535010295601,52.34688318344936,1,1,1,1
2432,152647,20220054473,2022,Uitsluitend materiele schade,2,snorfiets,personenauto,Flank,"Kruispunt, 4 takken",Binnen,30.0,Niet brandend,Beton,Droog,Daglicht,Droog,Slotermeerlaan,amsterdam,POINT (116285.58469999954 487515.9248000011),POINT (4.818691045003971 52.374150823043365),4.818691045003971,52.374150823043365,1,1,2,1
2433,152673,20220055215,2022,Uitsluitend materiele schade,2,personenauto,fiets,Flank,"Kruispunt, 4 takken",Binnen,30.0,Niet aanwezig,Overig asfalt,Nat,Daglicht,Regen,Van Leijenberghlaan,amsterdam,POINT (120381.75310000032 482719.22520000115),POINT (4.879333584437088 52.33131491306777),4.879333584437088,52.33131491306777,1,1,2,1
2434,152995,20230039555,2023,Dodelijk,2,personenauto,bromfiets,Flank,"Kruispunt, 4 takken",Buiten,70.0,Unknown,Overig asfalt,Droog,Daglicht,Droog,Haarlemmerweg,amsterdam,POINT (115256.49109999835 488663.193500001),POINT (4.803444043961557 52.38438800211671),4.803444043961557,52.38438800211671,1,1,0,1
2435,153073,20230003998,2023,Uitsluitend materiele schade,2,bromfiets,bromfiets,Flank,"Kruispunt, 4 takken",Binnen,50.0,Brandend,ZOAB,Droog,Schemer,Droog,Overtoom,amsterdam,POINT (120136.50090000033 486220.4528999999),POINT (4.875373028092287 52.362766061553096),4.875373028092287,52.362766061553096,1,1,2,1
2436,153074,20230004196,2023,Uitsluitend materiele schade,2,bestelauto,fiets,Flank,"Kruispunt, 4 takken",Binnen,30.0,Niet brandend,Klinkers,Droog,Daglicht,Droog,Johan Huizingalaan,amsterdam,POINT (116847.61969999969 485848.0379000008),POINT (4.827133308059287 52.359200488249805),4.827133308059287,52.359200488249805,1,1,2,1
2437,153114,20230004374,2023,Letsel,2,personenauto,bromfiets,Flank,Rechte weg,Binnen,50.0,Niet brandend,ZOAB,Nat,Daglicht,Regen,Panamalaan,amsterdam,POINT (124145.06100000069 487205.5709999986),POINT (4.934130439374934 52.3718594479379),4.934130439374934,52.3718594479379,1,1,1,1
2438,153657,20210030796,2021,Letsel,3,personenauto,fiets,Onbekend,Rechte weg,Binnen,30.0,Niet brandend,Klinkers,Droog,Daglicht,Droog,Johannes Vermeerstraat,amsterdam,POINT (120737.86699999869 485306.2679999992),POINT (4.884294482193972 52.354587840780525),4.884294482193972,52.354587840780525,1,1,1,1
2439,153764,20220176741,2022,Uitsluitend materiele schade,2,personenauto,bromfiets,Onbekend,Rechte weg,Binnen,50.0,Niet brandend,Overig asfalt,Droog,Daglicht,Droog,Matthijs Vermeulenpad,amsterdam,POINT (120096.64499999955 483663.51999999955),POINT (4.875053162021245 52.33978358347545),4.875053162021245,52.33978358347545,1,1,2,1
2440,153778,20220177154,2022,Uitsluitend materiele schade,2,fiets,fiets,Onbekend,Rechte weg,Binnen,30.0,Niet brandend,Klinkers,Droog,Daglicht,Droog,Vijzelgracht,amsterdam,POINT (121241.86899999902 486102.7809999995),POINT (4.891612165267613 52.36177755267991),4.891612165267613,52.36177755267991,1,1,2,1
2441,153803,20220177405,2022,Uitsluitend materiele schade,2,fiets,personenauto,Flank,Rotonde,Binnen,50.0,Niet brandend,Overig asfalt,Droog,Daglicht,Droog,Schipluidenlaan,amsterdam,POINT (117423.45870000124 485520.7347000018),POINT (4.835622721177679 52.35629862328107),4.835622721177679,52.35629862328107,1,1,2,1
2442,153804,20220177444,2022,Uitsluitend materiele schade,2,personenauto,fiets,Flank,"Kruispunt, 3 takken",Binnen,30.0,Niet brandend,Klinkers,Droog,Daglicht,Droog,Radioweg,amsterdam,POINT (124510.17960000038 485152.46440000087),POINT (4.939677826664246 52.35342783668515),4.939677826664246,52.35342783668515,1,1,2,1
2443,153852,20220123243,2022,Uitsluitend materiele schade,2,personenauto,snorfiets,Flank,"Kruispunt, 4 takken",Binnen,Unknown,Niet brandend,Overig asfalt,Nat,Daglicht,Regen,Burgemeester Eliasstraat,amsterdam,POINT (116847.56749999896 488232.4004999995),POINT (4.826861914241508 52.38062927214431),4.826861914241508,52.38062927214431,1,1,2,1
2444,153889,20220123415,2022,Uitsluitend materiele schade,2,bromfiets,personenauto,Flank,"Kruispunt, 4 takken",Binnen,50.0,Niet brandend,ZOAB,Nat,Daglicht,Unknown,Hoekenes,amsterdam,POINT (115185.6110999994 485143.53990000114),POINT (4.802819858658202 52.35275107078076),4.802819858658202,52.35275107078076,1,1,2,1
2445,153924,20220142228,2022,Letsel,2,fiets,e-bike,Onbekend,"Kruispunt, 3 takken",Binnen,Unknown,Niet brandend,Overig asfalt,Droog,Daglicht,Droog,Haarlemmerweg,amsterdam,POINT (117407.247299999 488670.0859000012),POINT (4.83503254738919 52.38460145027672),4.83503254738919,52.38460145027672,1,1,1,1
2446,153996,20220142402,2022,Letsel,2,personenauto,bromfiets,Flank,"Kruispunt, 4 takken",Binnen,50.0,Niet brandend,Overig asfalt,Droog,Daglicht,Droog,Radarweg,amsterdam,POINT (117514.92110000178 489689.6843999997),POINT (4.836500202738853 52.39377214400847),4.836500202738853,52.39377214400847,1,1,1,1
2447,154073,20220142553,2022,Uitsluitend materiele schade,2,bromfiets,bus,Kop/staart,Unknown,Binnen,15.0,Niet brandend,Beton,Droog,Daglicht,Droog,Johannes J. Glasweg,amsterdam,POINT (122185.80999999866 492723.47199999914),POINT (4.9048223686565295 52.421336682908915),4.9048223686565295,52.42133668290892,-1,0,2,0
2448,154119,20220142630,2022,Letsel,2,personenauto,bromfiets,Flank,"Kruispunt, 3 takken",Binnen,30.0,Niet brandend,Overig asfalt,Nat,Daglicht,Regen,Luiksingel,amsterdam,POINT (115955.20109999925 484273.0557000004),POINT (4.814216139175994 52.344983048866816),4.814216139175994,52.344983048866816,1,1,1,1
2449,154145,20220123984,2022,Letsel,2,bromfiets,personenauto,Flank,"Kruispunt, 4 takken",Binnen,30.0,Niet brandend,Klinkers,Droog,Daglicht,Droog,Cas Oorthuyskade,amsterdam,POINT (128035.8927000016 485990.5740999989),POINT (4.991359438435639 52.3611446027539),4.991359438435639,52.3611446027539,-1,0,1,0
2450,154157,20220155525,2022,Uitsluitend materiele schade,2,motor,fiets,Flank,"Kruispunt, 4 takken",Binnen,50.0,Brandend,Klinkers,Droog,Duisternis,Droog,Kelbergenpad,amsterdam,POINT (126227.04410000145 481404.93299999833),POINT (4.965197308047464 52.31983974900472),4.965197308047464,52.31983974900472,0,1,2,1
2451,154211,20220124099,2022,Uitsluitend materiele schade,3,personenauto,bromfiets,Onbekend,"Kruispunt, 4 takken",Binnen,50.0,Niet brandend,Overig asfalt,Nat,Daglicht,Droog,C. van Eesterenlaan,amsterdam,POINT (124427.56129999831 487123.5940000005),POINT (4.938286006695439 52.37113849218233),4.938286006695439,52.37113849218233,1,1,2,1
2452,154275,20220141753,2022,Uitsluitend materiele schade,2,snorfiets,personenauto,Flank,"Kruispunt, 4 takken",Binnen,50.0,Niet brandend,Beton,Droog,Daglicht,Droog,Nassauplein,amsterdam,POINT (120574.04500000179 488687.9849999994),POINT (4.881543618132483 52.38497005010465),4.881543618132483,52.38497005010465,1,1,2,1
2453,154299,20220141847,2022,Uitsluitend materiele schade,1,fiets,unknown,Voetganger,Rechte weg,Binnen,50.0,Niet brandend,Klinkers,Droog,Daglicht,Droog,Huidenstraat,amsterdam,POINT (120842.08900000155 486889.06599999964),POINT (4.885663461097022 52.36881941498595),4.885663461097022,52.36881941498595,1,1,2,1
2454,154326,20230059457,2023,Letsel,2,fiets,overig wegmeubilair,Vast voorwerp,Rechte weg,Binnen,50.0,Niet brandend,Overig asfalt,Droog,Daglicht,Droog,Anne Frankstraat,amsterdam,POINT (122519.91600000113 486887.7969999984),POINT (4.910298289924256 52.36890979995013),4.910298289924256,52.36890979995013,1,1,1,1
2455,154391,20230059983,2023,Letsel,2,bromfiets,fiets,Flank,"Kruispunt, 4 takken",Binnen,50.0,Niet brandend,Overig asfalt,Droog,Daglicht,Droog,Da Costakade,amsterdam,POINT (119996.99399999902 486750.21400000155),POINT (4.873269855354888 52.36751830205441),4.873269855354888,52.36751830205441,1,1,1,1
2456,154418,20230058477,2023,Uitsluitend materiele schade,1,bromfiets,unknown,Voetganger,Rechte weg,Binnen,30.0,Niet brandend,Unknown,Droog,Daglicht,Droog,Lijnbaansgracht,amsterdam,POINT (120324.69299999997 486964.2809999995),POINT (4.878059059038436 52.36946296977682),4.878059059038436,52.36946296977682,1,1,2,1
2457,154422,20230059530,2023,Uitsluitend materiele schade,3,fiets,fiets,Onbekend,Rechte weg,Binnen,30.0,Unknown,Klinkers,Nat,Daglicht,Unknown,Osdorperweg,amsterdam,POINT (114807.9609999992 483933.6409999989),POINT (4.797421595566358 52.341849945515506),4.797421595566358,52.34184994551551,1,1,2,1
2458,154462,20230059610,2023,Uitsluitend materiele schade,2,personenauto,fiets,Geparkeerd voertuig,Rechte weg,Binnen,30.0,Unknown,Overig asfalt,Droog,Daglicht,Droog,Eerste Van Swindenstraat,amsterdam,POINT (123573.45699999854 486148.48600000143),POINT (4.925836074137112 52.36232665706112),4.925836074137112,52.36232665706112,1,1,2,1
2459,154518,20230059348,2023,Uitsluitend materiele schade,2,bromfiets,bromfiets,Flank,"Kruispunt, 4 takken",Binnen,50.0,Niet brandend,ZOAB,Droog,Daglicht,Droog,Tweede Helmersstraat,amsterdam,POINT (120083.03759999946 486348.7740999982),POINT (4.874574838569392 52.363915925140766),4.874574838569392,52.363915925140766,1,1,2,1
2460,154561,20230050411,2023,Uitsluitend materiele schade,3,personenauto,bromfiets,Flank,Rechte weg,Binnen,50.0,Niet brandend,Overig asfalt,Droog,Daglicht,Droog,Nassaukade,amsterdam,POINT (120096.5850000009 487069.70899999887),POINT (4.874698879671393 52.37039603031758),4.874698879671393,52.37039603031758,1,1,2,1
2461,154617,20230039464,2023,Letsel,2,fiets,bromfiets,Onbekend,Rechte weg,Binnen,30.0,Niet brandend,Overig asfalt,Droog,Daglicht,Droog,De Ruijterkade,amsterdam,POINT (121488.5549999997 488398.7010000013),POINT (4.895004646066382 52.3824267658551),4.895004646066382,52.3824267658551,1,1,1,1
2462,154638,20230049425,2023,Letsel,1,bromfiets,unknown,Eenzijdig,"Kruispunt, 4 takken",Binnen,30.0,Niet brandend,Overig asfalt,Droog,Daglicht,Droog,Wibautstraat,amsterdam,POINT (122854 484851),POINT (4.915398165465894 52.35062407231877),4.915398165465894,52.35062407231877,1,1,1,1
2463,154705,20220212227,2022,Uitsluitend materiele schade,2,snorfiets,personenauto,Flank,Bocht,Binnen,30.0,Brandend,Overig asfalt,Droog,Duisternis,Droog,De corridor,amsterdam,POINT (124677.90399999917 480402.22399999946),POINT (4.942567227461716 52.310744734676405),4.942567227461716,52.310744734676405,0,1,2,1
2464,154737,20220211588,2022,Uitsluitend materiele schade,3,personenauto,fiets,Onbekend,Rechte weg,Binnen,50.0,Niet brandend,ZOAB,Nat,Daglicht,Droog,Meeuwenlaan,amsterdam,POINT (123500.85190000013 489054.5210000016),POINT (4.924497823619344 52.38843996379718),4.924497823619344,52.38843996379718,1,1,2,1
2465,154799,20220212375,2022,Letsel,3,snorfiets,fiets,Onbekend,"Kruispunt, 4 takken",Binnen,50.0,Brandend,Overig asfalt,Droog,Duisternis,Droog,Jan Tooropstraat,amsterdam,POINT (117486.56469999999 486582.66039999947),POINT (4.836430549478159 52.365846723702504),4.836430549478159,52.3658467237025,1,1,1,1
2466,154820,20220080854,2022,Dodelijk,2,personenauto,fiets,Flank,"Kruispunt, 4 takken",Binnen,50.0,Niet brandend,Overig asfalt,Droog,Daglicht,Droog,Geraardsbergenstraat,amsterdam,POINT (115415.26319999993 484309.6094000004),POINT (4.806288560854928 52.34527293925799),4.806288560854928,52.34527293925799,1,1,0,1
2467,154821,20220081457,2022,Dodelijk,2,personenauto,fiets,Flank,"Kruispunt, 4 takken",Binnen,50.0,Niet brandend,Overig asfalt,Droog,Daglicht,Droog,FIETSPAD,amsterdam,POINT (114599.92179999873 488100.34600000083),POINT (4.793868409507196 52.379281675252685),4.793868409507196,52.379281675252685,1,1,0,1
2468,154860,20220210180,2022,Uitsluitend materiele schade,2,snorfiets,fiets,Frontaal,Rechte weg,Binnen,50.0,Niet brandend,Klinkers,Nat,Daglicht,Droog,Haarlemmerweg,amsterdam,POINT (118254.5 488707),POINT (4.847472634497544 52.384990573917605),4.847472634497544,52.384990573917605,1,1,2,1
2469,154861,20220211785,2022,Uitsluitend materiele schade,2,personenauto,fiets,Onbekend,"Kruispunt, 4 takken",Binnen,30.0,Niet brandend,Klinkers,Droog,Daglicht,Droog,Weteringschans,amsterdam,POINT (121001.06469999999 485967.46709999815),POINT (4.8880908035792325 52.36054659382145),4.8880908035792325,52.36054659382145,1,1,2,1
2470,155031,20220211315,2022,Letsel,2,personenauto,bromfiets,Frontaal,"Kruispunt, 4 takken",Binnen,30.0,Niet brandend,Overig asfalt,Droog,Duisternis,Droog,Agatha Christiesingel,amsterdam,POINT (124848.45199999958 481749.72190000117),POINT (4.944947508296515 52.322864671297715),4.944947508296515,52.32286467129772,0,1,1,1
2471,155072,20220210644,2022,Uitsluitend materiele schade,2,snorfiets,voetganger,Voetganger,"Kruispunt, 3 takken",Binnen,30.0,Brandend,Klinkers,Droog,Duisternis,Droog,Rokin,amsterdam,POINT (121264.14990000054 486911.51199999824),POINT (4.891858108277877 52.36904723194847),4.891858108277877,52.36904723194847,1,1,2,1
2472,155201,20220212164,2022,Uitsluitend materiele schade,2,personenauto,fiets,Frontaal,"Kruispunt, 4 takken",Binnen,50.0,Niet brandend,Overig asfalt,Nat,Daglicht,Droog,Pieter Calandlaan,amsterdam,POINT (114100.61169999838 484793.11129999906),POINT (4.786937966709028 52.34952200334019),4.786937966709028,52.34952200334019,1,1,2,1
2473,155202,20220212185,2022,Letsel,2,bromfiets,personenauto,Geparkeerd voertuig,Rechte weg,Binnen,30.0,Brandend,Klinkers,Droog,Duisternis,Droog,Orteliuskade,amsterdam,POINT (118293.54199999943 487058.2899999991),POINT (4.848226181422906 52.370175849541816),4.848226181422906,52.370175849541816,1,1,1,1
2474,155561,20230111800,2023,Uitsluitend materiele schade,2,bromfiets,personenauto,Flank,Rechte weg,Binnen,50.0,Niet brandend,ZOAB,Droog,Daglicht,Droog,Jan Rebelstraat,amsterdam,POINT (114028.85599999875 486108.8830000013),POINT (4.785724631118389 52.3613417498762),4.785724631118389,52.3613417498762,1,1,2,1
2475,155630,20230067786,2023,Uitsluitend materiele schade,2,personenauto,fiets,Geparkeerd voertuig,Rechte weg,Binnen,50.0,Niet brandend,ZOAB,Nat,Daglicht,Regen,Ferdinand Bolstraat,amsterdam,POINT (121208.78799999878 484646.5879999995),POINT (4.891272800828604 52.348688245456216),4.891272800828604,52.348688245456216,1,1,2,1
2476,155664,20230023126,2023,Letsel,3,personenauto,fiets,Onbekend,Unknown,Binnen,30.0,Niet brandend,Overig asfalt,Droog,Daglicht,Droog,Rozengracht,amsterdam,POINT (120617.32299999893 487447.5639999993),POINT (4.882306213724402 52.373824768272435),4.882306213724402,52.37382476827244,1,1,1,1
2477,155678,20230067167,2023,Uitsluitend materiele schade,2,fiets,personenauto,Flank,"Kruispunt, 4 takken",Binnen,50.0,Niet brandend,ZOAB,Droog,Daglicht,Droog,Spaklerweg,amsterdam,POINT (123064.31899999827 483993.4310000017),POINT (4.918566285612696 52.34292905008426),4.918566285612696,52.34292905008426,1,1,2,1
2478,155746,20230020443,2023,Letsel,2,snorfiets,personenauto,Flank,"Kruispunt, 4 takken",Binnen,50.0,Brandend,Overig asfalt,Droog,Duisternis,Droog,Jodenbreestraat,amsterdam,POINT (122097.06410000101 486845.7395000011),POINT (4.9040938697595315 52.36850664596971),4.904093869759532,52.36850664596971,1,1,1,1
2479,155765,20230079125,2023,Letsel,2,bromfiets,personenauto,Onbekend,Rechte weg,Binnen,50.0,Brandend,Klinkers,Droog,Duisternis,Droog,Molukkenstraat,amsterdam,POINT (124570.7890000008 485838.88800000027),POINT (4.940505328389363 52.35960033938804),4.940505328389363,52.35960033938804,1,1,1,1