,Unnamed: 0,accident_id,accident_year,outcome,num_parties,party1_type,party2_type,accident_nature,road_situation,built_up_area,speed_limit_kmh,street_lighting,road_surface,road_condition,light_condition,weather_condition,street_name,municipality,shape,geometry,longitude,latitude,cluster,future_hotspot_spatial,outcome_encoded,future_hotspot_pred
2480,155875,20230079007,2023,Uitsluitend materiele schade,1,bromfiets,unknown,Eenzijdig,Rechte weg,Binnen,50.0,Niet brandend,Overig asfalt,Droog,Daglicht,Droog,Apollolaan,amsterdam,POINT (119905.08700000122 484884.0720000006),POINT (4.872115196687513 52.35074087401316),4.872115196687513,52.35074087401316,1,1,2,1
2481,155883,20230023379,2023,Uitsluitend materiele schade,2,personenauto,fiets,Flank,Rechte weg,Binnen,30.0,Brandend,Klinkers,Nat,Duisternis,Regen,Schipbeekstraat,amsterdam,POINT (121657.11199999973 484535.81599999964),POINT (4.8978633012113795 52.34772008502576),4.89786330121138,52.34772008502576,1,1,2,1
2482,155938,20230023464,2023,Uitsluitend materiele schade,2,snorfiets,personenauto,Flank,"Kruispunt, 4 takken",Binnen,50.0,Niet brandend,Overig asfalt,Droog,Daglicht,Droog,Klaprozenweg,amsterdam,POINT (121878.51799999923 490515.6790000014),POINT (4.90052320799627 52.401476271137746),4.90052320799627,52.40147627113775,1,1,2,1
2483,155966,20230020701,2023,Letsel,2,bromfiets,fiets,Flank,"Kruispunt, 3 takken",Binnen,30.0,Niet brandend,Overig asfalt,Droog,Daglicht,Droog,Marnixstraat,amsterdam,POINT (120418.5262000002 486647.1046999991),POINT (4.879469407092087 52.36661833275288),4.879469407092087,52.36661833275288,1,1,1,1
2484,156053,20230020233,2023,Uitsluitend materiele schade,2,bromfiets,personenauto,Kop/staart,Rechte weg,Binnen,30.0,Niet brandend,Overig asfalt,Droog,Daglicht,Droog,Van Miereveldstraat,amsterdam,POINT (120644.69999999925 485504.2569999993),POINT (4.8829067803388995 52.35636141171995),4.8829067803389,52.35636141171995,1,1,2,1
2485,156054,20230020248,2023,Uitsluitend materiele schade,2,bromfiets,fiets,Frontaal,Bocht,Binnen,30.0,Brandend,ZOAB,Droog,Duisternis,Droog,Langsom,amsterdam,POINT (114464.51900000125 483836.86100000143),POINT (4.792393800981445 52.34095493906313),4.792393800981445,52.34095493906313,1,1,2,1
2486,156055,20230020788,2023,Uitsluitend materiele schade,1,fiets,unknown,Voetganger,Rechte weg,Binnen,30.0,Niet brandend,Klinkers,Droog,Daglicht,Droog,Willem van Weldammelaan,amsterdam,POINT (120132.92599999905 482748.0170000009),POINT (4.875680299122468 52.33155795114299),4.875680299122468,52.33155795114299,1,1,2,1
2487,156058,20230023022,2023,Uitsluitend materiele schade,5,personenauto,snorfiets,Geparkeerd voertuig,Rechte weg,Binnen,50.0,Brandend,Overig asfalt,Droog,Duisternis,Droog,Burg Van de Pollstraat,amsterdam,POINT (117208.4840000011 487448.2049999982),POINT (4.832250630880684 52.37360650440111),4.832250630880684,52.37360650440111,1,1,2,1
2488,156094,20230098026,2023,Uitsluitend materiele schade,1,bromfiets,unknown,Voetganger,Rechte weg,Binnen,30.0,Brandend,Overig asfalt,Nat,Duisternis,Droog,Pieter Calandlaan,amsterdam,POINT (115078.94299999997 485102.15199999884),POINT (4.801259203672385 52.3523713687499),4.801259203672385,52.3523713687499,1,1,2,1
2489,156297,20230087841,2023,Uitsluitend materiele schade,2,bromfiets,fiets,Flank,Rechte weg,Binnen,50.0,Niet brandend,ZOAB,Droog,Daglicht,Droog,Vijzelstraat,amsterdam,POINT (121263.84299999848 486197.81599999964),POINT (4.891925213016765 52.36263301153487),4.891925213016765,52.36263301153487,1,1,2,1
2490,156353,20230087327,2023,Uitsluitend materiele schade,2,bromfiets,personenauto,Flank,Bocht,Binnen,50.0,Niet brandend,Unknown,Nat,Daglicht,Droog,Zuiderzeeweg,amsterdam,POINT (125770.36300000176 488957.63500000164),POINT (4.957843293521243 52.38769476169771),4.957843293521243,52.38769476169771,1,1,2,1
2491,156364,20230087969,2023,Uitsluitend materiele schade,2,bromfiets,trein/tram,Flank,"Kruispunt, 4 takken",Binnen,50.0,Brandend,ZOAB,Droog,Duisternis,Droog,Burg De Vlugtlaan,amsterdam,POINT (116476.50499999896 488312.2270000018),POINT (4.821403241831865 52.381320775722486),4.821403241831865,52.381320775722486,1,1,2,1
2492,156419,20230086908,2023,Uitsluitend materiele schade,3,fiets,fiets,Onbekend,Rechte weg,Binnen,Unknown,Niet brandend,ZOAB,Droog,Daglicht,Droog,Wibautstraat,amsterdam,POINT (122425.68899999931 485816.48099999875),POINT (4.909018579378121 52.35927595554275),4.909018579378121,52.35927595554275,1,1,2,1
2493,156450,20210087317,2021,Uitsluitend materiele schade,2,bestelauto,bromfiets,Onbekend,"Kruispunt, 4 takken",Binnen,50.0,Niet brandend,ZOAB,Droog,Daglicht,Droog,Arubastraat,amsterdam,POINT (118639 485935),POINT (4.8534199674348235 52.360103532913094),4.853419967434824,52.36010353291309,1,1,2,1
2494,156513,20210089779,2021,Uitsluitend materiele schade,2,bromfiets,fiets,Flank,Rechte weg,Binnen,30.0,Niet brandend,Overig asfalt,Nat,Daglicht,Regen,Jan Tooropstraat,amsterdam,POINT (117493.8759999983 486757.08399999887),POINT (4.836518431044698 52.36741480912198),4.836518431044698,52.36741480912198,1,1,2,1
2495,156521,20210087354,2021,Uitsluitend materiele schade,2,bestelauto,fiets,Flank,Rechte weg,Binnen,50.0,Niet brandend,Overig asfalt,Droog,Daglicht,Droog,Weesperzijde,amsterdam,POINT (122428.58399999887 485235.1649999991),POINT (4.909117362955078 52.354051644196744),4.909117362955078,52.35405164419674,1,1,2,1
2496,156539,20210088646,2021,Uitsluitend materiele schade,2,personenauto,snorfiets,Flank,Rotonde,Binnen,50.0,Niet aanwezig,Beton,Droog,Daglicht,Droog,Burgemeester Röellstraat,amsterdam,POINT (116280.28730000183 487712.28730000183),POINT (4.818590632615385 52.3759151983004),4.818590632615385,52.3759151983004,1,1,2,1
2497,156586,20210086851,2021,Uitsluitend materiele schade,2,snorfiets,fiets,Flank,"Kruispunt, 4 takken",Binnen,50.0,Niet brandend,Overig asfalt,Nat,Daglicht,Regen,Govert Flinckstraat,amsterdam,POINT (121793.74920000136 485535.1928999983),POINT (4.899769891763816 52.35671009371424),4.899769891763816,52.35671009371424,1,1,2,1
2498,156605,20210087263,2021,Uitsluitend materiele schade,1,fiets,unknown,Voetganger,Rechte weg,Binnen,50.0,Brandend,Beton,Droog,Duisternis,Droog,Vrijheidslaan,amsterdam,POINT (122120.42599999905 484375.59899999946),POINT (4.904678326719122 52.34630807445004),4.904678326719122,52.34630807445004,1,1,2,1
2499,156632,20210086500,2021,Uitsluitend materiele schade,1,snorfiets,unknown,Voetganger,Rechte weg,Binnen,50.0,Niet aanwezig,Klinkers,Nat,Duisternis,Droog,Weteringschans,amsterdam,POINT (121681.6959999986 485846.4459999986),POINT (4.898094289628704 52.359500641809944),4.898094289628704,52.35950064180994,1,1,2,1
2500,156641,20210077867,2021,Uitsluitend materiele schade,2,fiets,overig vast object,Vast voorwerp,Rechte weg,Binnen,50.0,Niet brandend,Overig asfalt,Unknown,Daglicht,Droog,Hunneschans,amsterdam,POINT (119555.08300000057 482557.6070000008),POINT (4.867223315020717 52.32980972262275),4.867223315020717,52.32980972262275,1,1,2,1
2501,156673,20210010557,2021,Letsel,2,bromfiets,e-bike,Flank,"Kruispunt, 4 takken",Binnen,30.0,Niet brandend,Overig asfalt,Droog,Daglicht,Droog,Sarphatistraat,amsterdam,POINT (122177.36829999834 485962.4686000012),POINT (4.905359147253445 52.360573213665894),4.905359147253445,52.36057321366589,1,1,1,1
2502,156741,20210004784,2021,Uitsluitend materiele schade,3,bestelauto,fiets,Onbekend,"Kruispunt, 4 takken",Binnen,50.0,Niet brandend,Klinkers,Droog,Daglicht,Droog,Keizersgracht,amsterdam,POINT (121104.62449999899 486400.7102999985),POINT (4.889567365712535 52.36444668253628),4.889567365712535,52.36444668253628,1,1,2,1
2503,156993,20210005189,2021,Uitsluitend materiele schade,2,personenauto,fiets,Flank,"Kruispunt, 4 takken",Binnen,50.0,Niet brandend,Overig asfalt,Droog,Daglicht,Droog,Max Euweplein,amsterdam,POINT (120575.74799999967 486111.6950000003),POINT (4.881832508733574 52.36181632512232),4.881832508733574,52.36181632512232,1,1,2,1
2504,157069,20210073530,2021,Uitsluitend materiele schade,2,bromfiets,personenauto,Onbekend,Rechte weg,Binnen,50.0,Niet brandend,Overig asfalt,Droog,Schemer,Unknown,Jan Evertsenstraat,amsterdam,POINT (119023.51399999857 487191.35500000045),POINT (4.858930019222236 52.37142004486753),4.858930019222236,52.37142004486753,1,1,2,1
2505,157128,20210054753,2021,Uitsluitend materiele schade,2,fiets,scootmobiel,Flank,Rechte weg,Binnen,50.0,Niet brandend,Klinkers,Droog,Daglicht,Droog,Middenweg,amsterdam,POINT (125077.0940000005 483973.31500000134),POINT (4.948103540696577 52.342861523656744),4.948103540696577,52.34286152365674,1,1,2,1
2506,157144,20210035986,2021,Uitsluitend materiele schade,2,snorfiets,personenauto,Frontaal,Rechte weg,Binnen,50.0,Niet brandend,Klinkers,Droog,Daglicht,Droog,Anton de Komplein,amsterdam,POINT (125725.29699999839 481063.20899999887),POINT (4.9578681652858485 52.316742043280186),4.9578681652858485,52.316742043280186,0,1,2,1
2507,157223,20210055026,2021,Uitsluitend materiele schade,2,bestelauto,fiets,Flank,"Kruispunt, 4 takken",Binnen,30.0,Niet brandend,Klinkers,Droog,Daglicht,Droog,Grimburgwal,amsterdam,POINT (121418.25829999894 486941.60610000044),POINT (4.894117807504759 52.369327141435214),4.894117807504759,52.369327141435214,1,1,2,1
2508,157257,20210050922,2021,Uitsluitend materiele schade,2,fiets,motor,Flank,"Kruispunt, 4 takken",Binnen,50.0,Niet brandend,Overig asfalt,Droog,Daglicht,Droog,Mauritskade,amsterdam,POINT (123191.05939999968 486226.67639999837),POINT (4.920214935994748 52.36300737058467),4.920214935994748,52.36300737058467,1,1,2,1
2509,157289,20210056247,2021,Uitsluitend materiele schade,2,snorfiets,overig wegmeubilair,Vast voorwerp,Rechte weg,Binnen,30.0,Niet brandend,Unknown,Droog,Duisternis,Droog,Insulindeweg,amsterdam,POINT (125096.5390000008 486461.4510000013),POINT (4.948167729022028 52.36522441069645),4.948167729022028,52.36522441069645,1,1,2,1
2510,157295,20210057932,2021,Letsel,2,personenauto,e-bike,Flank,"Kruispunt, 3 takken",Binnen,50.0,Niet brandend,Overig asfalt,Droog,Daglicht,Droog,Waterlooplein,amsterdam,POINT (122055.47150000185 486781.0604000017),POINT (4.9034895289472065 52.36792286146402),4.903489528947207,52.36792286146402,1,1,1,1
2511,157333,20210068726,2021,Uitsluitend materiele schade,2,snorfiets,personenauto,Kop/staart,Rechte weg,Binnen,50.0,Niet brandend,ZOAB,Droog,Daglicht,Droog,Nassaukade,amsterdam,POINT (120373.17799999937 488134.43200000003),POINT (4.878650381317311 52.379982493302954),4.878650381317311,52.37998249330296,1,1,2,1
2512,157343,20210040617,2021,Uitsluitend materiele schade,2,bestelauto,fiets,Flank,Rechte weg,Binnen,50.0,Niet brandend,Overig asfalt,Droog,Daglicht,Droog,Van Leijenberghlaan,amsterdam,POINT (120392 482661.938000001),POINT (4.879489793041973 52.33080069801835),4.879489793041973,52.33080069801835,1,1,2,1
2513,157400,20210086859,2021,Letsel,3,bestelauto,fiets,Los voorwerp,"Kruispunt, 3 takken",Binnen,50.0,Niet brandend,Overig asfalt,Droog,Daglicht,Droog,Klaprozenweg,amsterdam,POINT (122124.98299999908 490329.5993000008),POINT (4.9041628243968605 52.39981874863832),4.9041628243968605,52.39981874863832,1,1,1,1
2514,157419,20210059157,2021,Letsel,2,bestelauto,fiets,Flank,"Kruispunt, 3 takken",Binnen,50.0,Niet brandend,Overig asfalt,Nat,Daglicht,Droog,Druivenstraat,amsterdam,POINT (121739.41369999945 491743.249400001),POINT (4.898357610473623 52.41250031810407),4.898357610473623,52.41250031810407,1,1,1,1
2515,157449,20210067943,2021,Letsel,2,bromfiets,personenauto,Flank,"Kruispunt, 4 takken",Binnen,50.0,Niet brandend,Overig asfalt,Droog,Daglicht,Droog,Gustav Mahlerlaan,amsterdam,POINT (119793.86670000106 483319.7551999986),POINT (4.87064649055211 52.33667474680105),4.87064649055211,52.33667474680105,1,1,1,1
2516,157455,20210065104,2021,Uitsluitend materiele schade,2,personenauto,fiets,Flank,Bocht,Binnen,30.0,Brandend,Klinkers,Nat,Duisternis,Regen,Anton de Komplein,amsterdam,POINT (125725.29699999839 481063.20899999887),POINT (4.9578681652858485 52.316742043280186),4.9578681652858485,52.316742043280186,0,1,2,1
2517,157528,20210050065,2021,Letsel,2,bromfiets,fiets,Frontaal,"Kruispunt, 3 takken",Binnen,30.0,Niet brandend,Klinkers,Droog,Daglicht,Droog,Baarsjesweg,amsterdam,POINT (119175.17540000007 486628.0267000012),POINT (4.861216939709142 52.366367180873944),4.861216939709142,52.36636718087394,1,1,1,1
2518,157531,20210058764,2021,Letsel,2,personenauto,snorfiets,Flank,"Kruispunt, 3 takken",Binnen,50.0,Niet brandend,Overig asfalt,Droog,Daglicht,Droog,Wibautstraat,amsterdam,POINT (122861 484859),POINT (4.915500136872653 52.35069638061421),4.915500136872653,52.35069638061421,1,1,1,1
2519,157543,20210069649,2021,Uitsluitend materiele schade,3,personenauto,fiets,Onbekend,Rechte weg,Binnen,30.0,Niet brandend,Overig asfalt,Droog,Daglicht,Droog,Rozengracht,amsterdam,POINT (120404 487360),POINT (4.879182768063894 52.3730244081283),4.879182768063894,52.3730244081283,1,1,2,1
2520,158159,20220081388,2022,Uitsluitend materiele schade,2,personenauto,fiets,Onbekend,"Kruispunt, 4 takken",Binnen,50.0,Niet brandend,ZOAB,Nat,Daglicht,Unknown,Parlevinkerpad,amsterdam,POINT (122918.24599999934 491060.7809999995),POINT (4.915748169634814 52.40643702122946),4.915748169634814,52.40643702122946,1,1,2,1
2521,158215,20220080686,2022,Uitsluitend materiele schade,2,snorfiets,personenauto,Onbekend,"Kruispunt, 4 takken",Binnen,30.0,Niet brandend,Overig asfalt,Droog,Daglicht,Droog,H Roland Holststr,amsterdam,POINT (116363.80939999968 487835.7078000009),POINT (4.81980293783132 52.377030286245045),4.81980293783132,52.377030286245045,1,1,2,1
2522,158375,20220081214,2022,Uitsluitend materiele schade,2,personenauto,bromfiets,Onbekend,Rotonde,Binnen,50.0,Niet brandend,Overig asfalt,Droog,Daglicht,Droog,Schipluidenlaan,amsterdam,POINT (117453.10319999978 485535.7085000016),POINT (4.836056178542548 52.356435223432925),4.836056178542548,52.356435223432925,1,1,2,1
2523,158398,20220054312,2022,Uitsluitend materiele schade,2,e-bike,personenauto,Flank,"Kruispunt, 4 takken",Binnen,50.0,Niet brandend,Beton,Droog,Daglicht,Droog,Mosplein,amsterdam,POINT (122602 489364),POINT (4.91126471703312 52.39116902056826),4.91126471703312,52.39116902056826,1,1,2,1
2524,158440,20220055642,2022,Uitsluitend materiele schade,2,bestelauto,fiets,Onbekend,Rechte weg,Binnen,50.0,Niet brandend,Overig asfalt,Droog,Daglicht,Droog,Weesperstraat,amsterdam,POINT (122290.5 486228.5),POINT (4.906994020240705 52.362970872425656),4.906994020240705,52.362970872425656,1,1,2,1
2525,158476,20220055717,2022,Uitsluitend materiele schade,2,fiets,fiets,Kop/staart,Rechte weg,Binnen,15.0,Niet brandend,Overig asfalt,Droog,Daglicht,Droog,Havenstraat,amsterdam,POINT (118759.73699999973 484710.5529999994),POINT (4.855324233164414 52.34910706271113),4.855324233164414,52.34910706271113,1,1,2,1
2526,158537,20220054710,2022,Uitsluitend materiele schade,2,personenauto,e-bike,Flank,"Kruispunt, 4 takken",Binnen,50.0,Niet brandend,Overig asfalt,Droog,Daglicht,Droog,Willem Schermerhornstr,amsterdam,POINT (115233.85350000113 488454.8407999985),POINT (4.803136221159709 52.38251386291044),4.803136221159709,52.38251386291044,1,1,2,1
2527,158550,20220102621,2022,Letsel,2,personenauto,fiets,Flank,"Kruispunt, 3 takken",Binnen,50.0,Niet brandend,Klinkers,Droog,Daglicht,Droog,Zaandijkstraat,amsterdam,POINT (120496.93609999865 489048.804299999),POINT (4.880373990425281 52.38820798266007),4.880373990425281,52.38820798266007,1,1,1,1
2528,158551,20220103185,2022,Uitsluitend materiele schade,2,fiets,lichtmast,Vast voorwerp,Rechte weg,Binnen,30.0,Brandend,Klinkers,Droog,Schemer,Droog,Tuinbouwstraat,amsterdam,POINT (124811.54699999839 483622.0240000002),POINT (4.944238408963657 52.33968980983276),4.944238408963657,52.33968980983276,1,1,2,1
2529,158594,20220054897,2022,Letsel,3,personenauto,fiets,Onbekend,"Kruispunt, 3 takken",Binnen,50.0,Niet aanwezig,Overig asfalt,Droog,Daglicht,Droog,Abcouderstraatweg,amsterdam,POINT (125924.59459999949 477959.0742999986),POINT (4.96105848318444 52.28885425090423),4.96105848318444,52.28885425090423,-1,0,1,0
2530,158854,20230059456,2023,Letsel,1,fiets,unknown,Eenzijdig,Unknown,Unknown,50.0,Unknown,Unknown,Unknown,Daglicht,Unknown,Amerbos,amsterdam,POINT (124663.21719999984 490715.95910000056),POINT (4.941421740654322 52.40343727633869),4.941421740654322,52.40343727633869,1,1,1,1
2531,158950,20230004036,2023,Uitsluitend materiele schade,2,personenauto,e-bike,Flank,"Kruispunt, 3 takken",Binnen,50.0,Niet brandend,ZOAB,Nat,Daglicht,Sneeuw/Hagel,Zeeburgerstraat,amsterdam,POINT (123519.33399999887 486675.0850000009),POINT (4.924992226288261 52.36705628201443),4.924992226288261,52.36705628201443,1,1,2,1
2532,159015,20230004115,2023,Letsel,2,e-bike,fiets,Frontaal,"Kruispunt, 3 takken",Buiten,50.0,Niet brandend,Beton,Nat,Daglicht,Regen,Piet Heinkade,amsterdam,POINT (122939.57490000129 487801.5482000001),POINT (4.916372792101943 52.377146628285864),4.916372792101943,52.37714662828586,1,1,1,1
2533,159044,20230004127,2023,Uitsluitend materiele schade,2,bromfiets,fiets,Flank,"Kruispunt, 4 takken",Binnen,30.0,Brandend,ZOAB,Droog,Duisternis,Droog,Bilderdijkkade,amsterdam,POINT (119849.45199999958 486683.0219999999),POINT (4.871110667325353 52.366905005957825),4.871110667325353,52.36690500595783,1,1,2,1
2534,159410,20210041159,2021,Letsel,3,bromfiets,fiets,Onbekend,Rechte weg,Binnen,50.0,Niet aanwezig,Beton,Droog,Daglicht,Droog,Aletta Jacobslaan,amsterdam,POINT (116865.35399999842 484478.52899999917),POINT (4.827548865187827 52.34689360133979),4.827548865187827,52.34689360133979,1,1,1,1
2535,159611,20220178012,2022,Uitsluitend materiele schade,3,bus,fiets,Onbekend,Rechte weg,Binnen,30.0,Niet aanwezig,Klinkers,Droog,Daglicht,Droog,Damrak,amsterdam,POINT (121725.39600000158 487823.48699999973),POINT (4.898540096384547 52.37727156062918),4.898540096384547,52.37727156062918,1,1,2,1
2536,159646,20220177481,2022,Letsel,2,personenauto,fiets,Flank,"Kruispunt, 4 takken",Binnen,50.0,Niet brandend,Beton,Droog,Daglicht,Unknown,Floraweg,amsterdam,POINT (122405.10000000149 490310.86389999837),POINT (4.908280340903574 52.399667079903296),4.908280340903574,52.399667079903296,1,1,1,1
2537,159681,20220177846,2022,Uitsluitend materiele schade,2,bestelauto,e-bike,Kop/staart,Rechte weg,Binnen,Unknown,Niet brandend,Overig asfalt,Droog,Daglicht,Droog,Haardstee,amsterdam,POINT (125336.09600000083 480543.67599999905),POINT (4.9522061034647775 52.312051911979665),4.9522061034647775,52.31205191197967,0,1,2,1
2538,159683,20220178183,2022,Letsel,2,bestelauto,fiets,Flank,Rotonde,Binnen,50.0,Niet brandend,Overig asfalt,Droog,Daglicht,Droog,Ookmeerweg,amsterdam,POINT (114154.7771999985 486254.25189999864),POINT (4.787555471479813 52.36265758451719),4.787555471479813,52.36265758451719,1,1,1,1
2539,159734,20220123488,2022,Uitsluitend materiele schade,2,fiets,fiets,Flank,"Kruispunt, 4 takken",Binnen,Unknown,Niet aanwezig,Overig asfalt,Droog,Daglicht,Droog,Egelantiersgracht,amsterdam,POINT (120496.45059999824 487677.4519000016),POINT (4.8805077070102145 52.37588325196708),4.880507707010215,52.37588325196708,1,1,2,1
2540,159754,20220178285,2022,Letsel,2,vrachtauto,fiets,Flank,Rechte weg,Binnen,30.0,Niet brandend,Overig asfalt,Droog,Daglicht,Droog,Czaar Peterstraat,amsterdam,POINT (123846.75 487032.61499999836),POINT (4.929766203628727 52.37028819330963),4.929766203628727,52.37028819330963,1,1,1,1
2541,159786,20220142344,2022,Letsel,2,personenauto,fiets,Frontaal,"Kruispunt, 3 takken",Binnen,50.0,Niet brandend,Overig asfalt,Droog,Daglicht,Droog,President Kennedylaan,amsterdam,POINT (122682.4824000001 484019.30959999934),POINT (4.91296074950025 52.34313931155052),4.91296074950025,52.34313931155052,1,1,1,1
2542,159787,20220142360,2022,Letsel,2,bromfiets,fiets,Flank,Rechte weg,Binnen,30.0,Niet brandend,Overig asfalt,Nat,Daglicht,Regen,Rozengracht,amsterdam,POINT (120404 487360),POINT (4.879182768063894 52.3730244081283),4.879182768063894,52.3730244081283,1,1,1,1
2543,159851,20220123734,2022,Letsel,2,snorfiets,e-bike,Flank,"Kruispunt, 4 takken",Binnen,50.0,Niet brandend,Overig asfalt,Droog,Daglicht,Droog,Gabriël Metsustraat,amsterdam,POINT (120455 485475),POINT (4.880125304703771 52.356086574937564),4.880125304703771,52.35608657493757,1,1,1,1
2544,159896,20220155352,2022,Uitsluitend materiele schade,2,bromfiets,fiets,Flank,"Kruispunt, 4 takken",Binnen,50.0,Niet brandend,Overig asfalt,Droog,Daglicht,Droog,Bilderdijkstraat,amsterdam,POINT (119931.64699999988 486720.67440000176),POINT (4.872313511158592 52.3672486528667),4.872313511158592,52.3672486528667,1,1,2,1
2545,159965,20220141343,2022,Letsel,2,personenauto,fiets,Flank,"Kruispunt, 4 takken",Binnen,50.0,Brandend,Overig asfalt,Droog,Duisternis,Droog,De Clercqstraat,amsterdam,POINT (119814.58469999954 487139.82510000095),POINT (4.870550940339711 52.371008187251995),4.870550940339711,52.371008187252,1,1,1,1
2546,160025,20220141580,2022,Uitsluitend materiele schade,1,snorfiets,unknown,Voetganger,Rechte weg,Binnen,30.0,Niet brandend,Overig asfalt,Droog,Daglicht,Unknown,Ruys de Beerenbrouckstr,amsterdam,POINT (115068.13699999824 488441.2989999987),POINT (4.800703979925869 52.38238013116111),4.800703979925869,52.38238013116111,1,1,2,1
2547,160032,20220155638,2022,Uitsluitend materiele schade,2,personenauto,fiets,Flank,"Kruispunt, 3 takken",Binnen,30.0,Niet brandend,ZOAB,Nat,Daglicht,Regen,Oostenburgervoorstraat,amsterdam,POINT (123314 486872),POINT (4.921958964128099 52.36881421481327),4.921958964128099,52.36881421481327,1,1,2,1
2548,160124,20220124211,2022,Uitsluitend materiele schade,2,personenauto,fiets,Flank,"Kruispunt, 4 takken",Binnen,50.0,Niet brandend,Overig asfalt,Droog,Daglicht,Droog,Orteliuskade,amsterdam,POINT (118308.34200000018 487008.1779999994),POINT (4.848448957487902 52.369726469773525),4.848448957487902,52.369726469773525,1,1,2,1
2549,160166,20230040757,2023,Letsel,2,motor,fiets,Flank,"Kruispunt, 4 takken",Binnen,50.0,Niet brandend,Overig asfalt,Droog,Daglicht,Droog,Kabelweg,amsterdam,POINT (118251.29080000147 489111.6757000014),POINT (4.847381219063507 52.38862726558052),4.847381219063507,52.38862726558052,1,1,1,1
2550,160274,20230058841,2023,Uitsluitend materiele schade,2,bromfiets,personenauto,Kop/staart,Rechte weg,Binnen,50.0,Niet brandend,Overig asfalt,Droog,Daglicht,Droog,Bos en Lommerweg,amsterdam,POINT (118803.50600000098 488399.76300000027),POINT (4.855569412846473 52.38226584087616),4.855569412846473,52.38226584087616,1,1,2,1
2551,160295,20230049708,2023,Uitsluitend materiele schade,2,personenauto,fiets,Flank,Rotonde,Binnen,50.0,Niet brandend,Overig asfalt,Droog,Daglicht,Droog,Meeuwenlaan,amsterdam,POINT (123447.70120000094 488971.6944999993),POINT (4.923724872652865 52.387692524913284),4.923724872652865,52.38769252491328,1,1,2,1
2552,160357,20230059015,2023,Uitsluitend materiele schade,2,personenauto,fiets,Los voorwerp,"Kruispunt, 3 takken",Binnen,50.0,Niet brandend,ZOAB,Droog,Daglicht,Droog,Daniël Goedkoopstraat,amsterdam,POINT (123344.01979999989 483056.7036000006),POINT (4.9227586738450695 52.334526502065685),4.9227586738450695,52.334526502065685,1,1,2,1
2553,160386,20230066570,2023,Uitsluitend materiele schade,2,personenauto,fiets,Flank,Rechte weg,Binnen,50.0,Niet brandend,ZOAB,Droog,Daglicht,Droog,Michiel de Ruijtertunnel,amsterdam,POINT (121887.98099999875 488078.46599999815),POINT (4.900902577818016 52.37957295943048),4.900902577818016,52.37957295943048,1,1,2,1
2554,160391,20230040555,2023,Letsel,2,bromfiets,personenauto,Flank,Rechte weg,Binnen,50.0,Niet brandend,Overig asfalt,Droog,Daglicht,Droog,Nassaukade,amsterdam,POINT (120286.50600000098 486611.7890000008),POINT (4.877534769206453 52.36629261223195),4.877534769206453,52.36629261223195,1,1,1,1
2555,160438,20230049399,2023,Letsel,2,personenauto,fiets,Flank,Rechte weg,Binnen,50.0,Niet brandend,Overig asfalt,Droog,Daglicht,Droog,Diepenbrockstraat,amsterdam,POINT (120517.91369999945 484389.97089999914),POINT (4.881159960611005 52.346339027243545),4.881159960611005,52.346339027243545,1,1,1,1
2556,160455,20230049452,2023,Letsel,2,snorfiets,snorfiets,Flank,"Kruispunt, 3 takken",Binnen,50.0,Niet brandend,Beton,Droog,Daglicht,Droog,Ranonkelkade,amsterdam,POINT (122350.56060000136 488807.0042000003),POINT (4.907625245609629 52.38614824512377),4.907625245609629,52.38614824512377,1,1,1,1
2557,160456,20230049459,2023,Letsel,1,bromfiets,unknown,Eenzijdig,Rechte weg,Binnen,50.0,Niet brandend,Beton,Droog,Duisternis,Droog,Sint Nicolaasstraat,amsterdam,POINT (121265.59380000085 487555.1112000011),POINT (4.891814713893747 52.37483153390866),4.891814713893747,52.37483153390866,1,1,1,1
2558,160630,20220211747,2022,Uitsluitend materiele schade,2,personenauto,fiets,Geparkeerd voertuig,Bocht,Binnen,30.0,Niet aanwezig,Overig asfalt,Nat,Daglicht,Regen,Sophialaan,amsterdam,POINT (119021.69799999893 485092.0700000003),POINT (4.85912795123079 52.35255308136796),4.85912795123079,52.35255308136796,1,1,2,1
2559,160691,20220211797,2022,Uitsluitend materiele schade,2,snorfiets,personenauto,Onbekend,Rechte weg,Binnen,30.0,Brandend,Klinkers,Nat,Schemer,Regen,Buiksloterbreek,amsterdam,POINT (122196.68800000101 490638.5469999984),POINT (4.905186172619959 52.402599630691114),4.905186172619959,52.40259963069112,1,1,2,1
2560,160747,20220210500,2022,Uitsluitend materiele schade,2,bromfiets,fiets,Frontaal,Rechte weg,Binnen,30.0,Niet brandend,Overig asfalt,Droog,Daglicht,Droog,Johan Huizingalaan,amsterdam,POINT (116871.67799999937 484001.1799999997),POINT (4.827695745252711 52.34260397832246),4.827695745252711,52.34260397832246,1,1,2,1
2561,160749,20220211891,2022,Letsel,2,bestelauto,bromfiets,Frontaal,Rechte weg,Binnen,50.0,Niet brandend,ZOAB,Droog,Daglicht,Droog,Stadhouderskade,amsterdam,POINT (121031.36499999836 485777.8200000003),POINT (4.888554757809845 52.35884405111401),4.888554757809845,52.35884405111401,1,1,1,1