,Unnamed: 0,accident_id,accident_year,outcome,num_parties,party1_type,party2_type,accident_nature,road_situation,built_up_area,speed_limit_kmh,street_lighting,road_surface,road_condition,light_condition,weather_condition,street_name,municipality,shape,geometry,longitude,latitude,cluster,future_hotspot_spatial,outcome_encoded,future_hotspot_pred
2645,165965,20220155723,2022,Letsel,2,fiets,personenauto,Kop/staart,Rechte weg,Binnen,50.0,Niet brandend,Overig asfalt,Droog,Daglicht,Droog,Beethovenstraat,amsterdam,POINT (120330.13500000164 484800.24500000104),POINT (4.878362038039514 52.35001447715938),4.878362038039514,52.35001447715938,1,1,1,1
2646,165992,20220141819,2022,Uitsluitend materiele schade,2,snorfiets,fiets,Onbekend,Rechte weg,Binnen,30.0,Brandend,Klinkers,Droog,Duisternis,Droog,Bijlmerplein,amsterdam,POINT (125439.93600000069 480850.08300000057),POINT (4.953701929931079 52.31481132178428),4.953701929931079,52.31481132178428,0,1,2,1
2647,166062,20230049035,2023,Letsel,2,bromfiets,fiets,Frontaal,Rechte weg,Binnen,30.0,Niet brandend,Overig asfalt,Droog,Daglicht,Droog,IJburglaan,amsterdam,POINT (127056.05600000173 486428.2129999995),POINT (4.97693899137767 52.36502886924236),4.97693899137767,52.36502886924236,1,1,1,1
2648,166106,20230059173,2023,Uitsluitend materiele schade,2,bromfiets,personenauto,Kop/staart,"Kruispunt, 4 takken",Binnen,50.0,Niet brandend,Overig asfalt,Droog,Daglicht,Droog,Tweede Kostverlorenkade,amsterdam,POINT (119453.21599999815 487031.6169999987),POINT (4.865256350573276 52.37001242030911),4.865256350573276,52.37001242030911,1,1,2,1
2649,166131,20230040383,2023,Uitsluitend materiele schade,2,bromfiets,e-bike,Onbekend,"Kruispunt, 4 takken",Binnen,50.0,Niet brandend,Overig asfalt,Droog,Daglicht,Droog,Bos en Lommerweg,amsterdam,POINT (118257.21440000087 487949.84910000116),POINT (4.847595314377161 52.37818607219041),4.847595314377161,52.37818607219041,1,1,2,1
2650,166154,20230040417,2023,Letsel,2,e-bike,fiets,Frontaal,"Kruispunt, 4 takken",Binnen,30.0,Niet aanwezig,Klinkers,Droog,Daglicht,Droog,0069 BRUG,amsterdam,POINT (120989.04069999978 486192.03819999844),POINT (4.887891582897842 52.362564138584986),4.887891582897842,52.362564138584986,1,1,1,1
2651,166208,20230040519,2023,Uitsluitend materiele schade,2,unknown,bromfiets,Onbekend,Rechte weg,Binnen,30.0,Niet brandend,Klinkers,Droog,Daglicht,Droog,Thomas R. Malthusstraat,amsterdam,POINT (116553.42199999839 483727.1959999986),POINT (4.823057051315749 52.340119440552876),4.823057051315749,52.34011944055288,1,1,2,1
2652,166248,20230040565,2023,Uitsluitend materiele schade,2,personenauto,fiets,Flank,Rechte weg,Binnen,30.0,Niet brandend,Overig asfalt,Droog,Daglicht,Droog,Prins Hendrikkade,amsterdam,POINT (122166.44099999964 487482.3269999996),POINT (4.90505030679101 52.374232004806984),4.90505030679101,52.37423200480698,1,1,2,1
2653,166389,20220210935,2022,Letsel,2,personenauto,fiets,Flank,"Kruispunt, 3 takken",Binnen,50.0,Niet brandend,Overig asfalt,Droog,Daglicht,Droog,Admiraal Helfrichstraat,amsterdam,POINT (118075.31129999831 487172.67550000176),POINT (4.84500936943576 52.371189229448696),4.84500936943576,52.371189229448696,1,1,1,1
2654,166428,20220212314,2022,Uitsluitend materiele schade,2,personenauto,snorfiets,Flank,"Kruispunt, 4 takken",Binnen,50.0,Niet brandend,ZOAB,Droog,Daglicht,Droog,Herenmarkt,amsterdam,POINT (121300.9364 488151.07820000127),POINT (4.892273932725166 52.38018982709786),4.892273932725166,52.38018982709786,1,1,2,1
2655,166458,20220210999,2022,Letsel,2,bromfiets,fiets,Frontaal,Rechte weg,Binnen,Unknown,Niet brandend,Overig asfalt,Droog,Daglicht,Droog,FIETSPAD,amsterdam,POINT (120351.49080000073 483121.5998999998),POINT (4.8788482395824735 52.33492928752057),4.8788482395824735,52.33492928752057,1,1,1,1
2656,166530,20220210333,2022,Letsel,2,motor,fiets,Onbekend,Rechte weg,Binnen,50.0,Brandend,Overig asfalt,Nat,Duisternis,Regen,Albert Cuypstraat,amsterdam,POINT (120970.4459999986 485304.4849999994),POINT (4.887708401449662 52.3545862706803),4.887708401449662,52.3545862706803,1,1,1,1
2657,166626,20220210510,2022,Uitsluitend materiele schade,1,bromfiets,unknown,Kop/staart,Rechte weg,Binnen,50.0,Niet brandend,Overig asfalt,Nat,Daglicht,Regen,Meeuwenlaan,amsterdam,POINT (123347.80200000107 488771.14499999955),POINT (4.922276374740152 52.38588437571849),4.922276374740152,52.38588437571849,1,1,2,1
2658,166665,20220210533,2022,Uitsluitend materiele schade,2,snorfiets,personenauto,Flank,Rechte weg,Binnen,50.0,Brandend,Overig asfalt,Nat,Duisternis,Regen,De Lairessestraat,amsterdam,POINT (120241.63199999928 485354.9079999998),POINT (4.877005846745928 52.35499381416536),4.877005846745928,52.35499381416536,1,1,2,1
2659,166668,20220211277,2022,Letsel,2,bromfiets,personenauto,Onbekend,Rechte weg,Binnen,50.0,Niet brandend,Overig asfalt,Droog,Daglicht,Droog,Overtoom,amsterdam,POINT (119821.79600000009 486094.8020000011),POINT (4.870766166693942 52.361616736757576),4.870766166693942,52.361616736757576,1,1,1,1
2660,166697,20220211289,2022,Uitsluitend materiele schade,2,e-bike,personenauto,Onbekend,Rechte weg,Binnen,50.0,Niet brandend,Overig asfalt,Nat,Daglicht,Droog,Burgemeester Stramanweg,amsterdam,POINT (123886.24599999934 480027.47300000116),POINT (4.930993444573091 52.30733247824753),4.930993444573091,52.30733247824753,0,1,2,1
2661,166698,20220211959,2022,Letsel,1,bromfiets,unknown,Eenzijdig,Rechte weg,Binnen,30.0,Brandend,Beton,Unknown,Duisternis,Droog,Graanstraat,amsterdam,POINT (124568.59800000116 483561.1229999997),POINT (4.940679140537695 52.33912907191482),4.940679140537695,52.33912907191482,1,1,1,1
2662,166877,20220212198,2022,Letsel,1,snorfiets,unknown,Eenzijdig,Rechte weg,Binnen,50.0,Brandend,Beton,Sneeuw/ijzel,Duisternis,Droog,Linnaeusstraat,amsterdam,POINT (123494.32999999821 485995.48900000006),POINT (4.924688792143218 52.36094708774187),4.924688792143218,52.36094708774187,1,1,1,1
2663,167250,20230111815,2023,Letsel,2,snorfiets,personenauto,Onbekend,"Kruispunt, 4 takken",Binnen,30.0,Niet brandend,Unknown,Nat,Daglicht,Droog,Woestduinstraat,amsterdam,POINT (118235.72599999979 484991.0993999988),POINT (4.847603261203144 52.351593602815946),4.847603261203144,52.351593602815946,1,1,1,1
2664,167311,20230020871,2023,Uitsluitend materiele schade,2,fiets,trein/tram,Flank,Rechte weg,Binnen,50.0,Niet brandend,Overig asfalt,Nat,Daglicht,Droog,Dammerweg,amsterdam,POINT (133344.3359999992 477516.26900000125),POINT (5.069832920621016 52.285216350102665),5.069832920621016,52.285216350102665,-1,0,2,0
2665,167409,20230023206,2023,Uitsluitend materiele schade,2,e-bike,e-bike,Frontaal,"Kruispunt, 3 takken",Binnen,50.0,Niet brandend,Overig asfalt,Droog,Daglicht,Droog,Vondelpark,amsterdam,POINT (119765.32499999925 485807.2989999987),POINT (4.869967289959402 52.35902924533618),4.869967289959402,52.35902924533618,1,1,2,1
2666,167456,20230067952,2023,Uitsluitend materiele schade,3,motor,fiets,Flank,"Kruispunt, 4 takken",Binnen,50.0,Brandend,ZOAB,Droog,Duisternis,Droog,MUSEUMBRUG 0082,amsterdam,POINT (120863.60060000047 485973.5368999988),POINT (4.886072251549268 52.36059261995623),4.886072251549268,52.36059261995623,1,1,2,1
2667,167467,20230020481,2023,Letsel,2,bromfiets,bestelauto,Eenzijdig,Rechte weg,Binnen,30.0,Niet brandend,Klinkers,Nat,Daglicht,Droog,Johannes Verhulststraat,amsterdam,POINT (119795.0709999986 485251.0450000018),POINT (4.8704621534243255 52.354031933720464),4.8704621534243255,52.354031933720464,1,1,1,1
2668,167534,20230078790,2023,Letsel,2,fiets,voetganger,Voetganger,Rechte weg,Binnen,30.0,Brandend,Overig asfalt,Droog,Schemer,Droog,Overhoeksplein,amsterdam,POINT (122015.97500000149 488587.15199999884),POINT (4.902732361533836 52.38415236964916),4.902732361533836,52.38415236964916,1,1,1,1
2669,167547,20230024612,2023,Uitsluitend materiele schade,2,personenauto,fiets,Onbekend,Rechte weg,Binnen,50.0,Niet brandend,Overig asfalt,Droog,Daglicht,Droog,Spuistraat,amsterdam,POINT (121054.69099999964 486941.30099999905),POINT (4.888779709610436 52.36930204797056),4.888779709610436,52.36930204797056,1,1,2,1
2670,167553,20230036444,2023,Letsel,2,personenauto,fiets,Flank,"Kruispunt, 4 takken",Binnen,50.0,Niet brandend,Overig asfalt,Nat,Daglicht,Regen,Pontanusstraat,amsterdam,POINT (123718.67590000108 486476.64820000157),POINT (4.927937417316217 52.36528425242363),4.927937417316217,52.36528425242363,1,1,1,1
2671,167577,20230024035,2023,Uitsluitend materiele schade,2,personenauto,fiets,Onbekend,Rechte weg,Binnen,30.0,Niet brandend,Klinkers,Nat,Daglicht,Regen,Westerkade,amsterdam,POINT (120364.64299999923 487800.51099999994),POINT (4.878559455860944 52.37698091871016),4.878559455860944,52.37698091871016,1,1,2,1
2672,167730,20230078201,2023,Letsel,2,motor,fiets,Frontaal,Rechte weg,Binnen,80.0,Niet brandend,Overig asfalt,Droog,Daglicht,Droog,Burg De Vlugtlaan,amsterdam,POINT (116757.67399999872 488242.41000000015),POINT (4.8255405752711455 52.38071297497501),4.8255405752711455,52.38071297497501,1,1,1,1
2673,167949,20230087190,2023,Letsel,2,personenauto,fiets,Eenzijdig,"Kruispunt, 4 takken",Binnen,50.0,Brandend,Overig asfalt,Nat,Duisternis,Regen,Mr. Visserplein,amsterdam,POINT (122048.19189999998 486778.5148999989),POINT (4.903382897882267 52.367899547556654),4.903382897882267,52.367899547556654,1,1,1,1
2674,167972,20230087236,2023,Uitsluitend materiele schade,2,bromfiets,personenauto,Onbekend,"Kruispunt, 3 takken",Binnen,50.0,Niet aanwezig,Overig asfalt,Nat,Schemer,Regen,Sumatrakade,amsterdam,POINT (123885.19799999893 487989.64939999953),POINT (4.930242133566185 52.37889155389379),4.930242133566185,52.37889155389379,1,1,2,1
2675,168014,20230087290,2023,Letsel,1,bromfiets,unknown,Eenzijdig,"Kruispunt, 4 takken",Binnen,30.0,Niet brandend,Overig asfalt,Nat,Daglicht,Droog,Lutmastraat,amsterdam,POINT (122020.80029999837 484970.310800001),POINT (4.903158032652614 52.351646985049044),4.903158032652614,52.35164698504904,1,1,1,1
2676,168052,20230102971,2023,Uitsluitend materiele schade,2,e-bike,e-bike,Onbekend,"Kruispunt, 4 takken",Binnen,50.0,Unknown,Overig asfalt,Nat,Daglicht,Droog,Wibautstraat,amsterdam,POINT (122491.44959999993 485617.35610000044),POINT (4.910003147447946 52.35749024863983),4.910003147447946,52.35749024863983,1,1,2,1
2677,168262,20210087270,2021,Uitsluitend materiele schade,1,fiets,unknown,Onbekend,Bocht,Binnen,Unknown,Niet brandend,Overig asfalt,Nat,Daglicht,Unknown,Vondelpark,amsterdam,POINT (119699.30999999866 485568.6550000012),POINT (4.869023288430105 52.35688024429024),4.869023288430105,52.35688024429024,1,1,2,1
2678,168263,20210087275,2021,Uitsluitend materiele schade,2,snorfiets,personenauto,Flank,"Kruispunt, 4 takken",Binnen,50.0,Niet brandend,Overig asfalt,Droog,Daglicht,Unknown,Meer en Vaart,amsterdam,POINT (115393.42889999971 486309.59750000015),POINT (4.805732689310797 52.363245699029235),4.805732689310797,52.36324569902924,1,1,2,1
2679,168264,20210087288,2021,Uitsluitend materiele schade,4,vrachtauto,fiets,Vast voorwerp,Rechte weg,Binnen,30.0,Niet brandend,Klinkers,Droog,Daglicht,Droog,Olympiaplein,amsterdam,POINT (119660.48800000176 484458.5320000015),POINT (4.868570038949498 52.346900738953316),4.868570038949498,52.34690073895332,1,1,2,1
2680,168269,20210085607,2021,Uitsluitend materiele schade,2,personenauto,e-bike,Flank,"Kruispunt, 4 takken",Binnen,50.0,Niet brandend,Overig asfalt,Droog,Daglicht,Droog,Jan Tooropstraat,amsterdam,POINT (117486.56469999999 486582.66039999947),POINT (4.836430549478159 52.365846723702504),4.836430549478159,52.3658467237025,1,1,2,1
2681,168277,20210080106,2021,Uitsluitend materiele schade,2,bromfiets,personenauto,Flank,"Kruispunt, 4 takken",Binnen,30.0,Brandend,ZOAB,Nat,Schemer,Unknown,De Clercqstraat,amsterdam,POINT (120053.28599999845 487229.0769999996),POINT (4.874046552655166 52.37182556032683),4.874046552655166,52.37182556032683,1,1,2,1
2682,168337,20210003942,2021,Uitsluitend materiele schade,2,personenauto,fiets,Onbekend,Unknown,Unknown,30.0,Unknown,Unknown,Unknown,Schemer,Unknown,Pieter Langendijkstraat,amsterdam,POINT (119114.93400000036 486116.9219999984),POINT (4.8603870448971245 52.36176981254154),4.8603870448971245,52.36176981254154,1,1,2,1
2683,168464,20210028501,2021,Letsel,2,fiets,e-bike,Frontaal,Rechte weg,Binnen,30.0,Niet brandend,Klinkers,Nat,Daglicht,Unknown,Victorieplein,amsterdam,POINT (122059.52600000054 484429.631000001),POINT (4.903779327811587 52.34679003203689),4.903779327811587,52.34679003203689,1,1,1,1
2684,168481,20210023729,2021,Letsel,2,fiets,voetganger,Voetganger,Rechte weg,Binnen,50.0,Brandend,Klinkers,Droog,Duisternis,Droog,Kloveniersburgwal,amsterdam,POINT (121756.7490000017 487197.1409999989),POINT (4.899062479764894 52.37164430399452),4.899062479764894,52.37164430399452,1,1,1,1
2685,168548,20210024558,2021,Uitsluitend materiele schade,2,bromfiets,bestelauto,Flank,Bocht,Binnen,50.0,Niet brandend,ZOAB,Droog,Daglicht,Droog,Burgemeester Fockstraat,amsterdam,POINT (117238.22800000012 488228.1400000006),POINT (4.832599740869967 52.380617992114495),4.832599740869967,52.380617992114495,1,1,2,1
2686,168581,20210010917,2021,Letsel,2,bus,fiets,Flank,"Kruispunt, 4 takken",Binnen,50.0,Niet brandend,Overig asfalt,Droog,Daglicht,Droog,Prins Hendrikkade,amsterdam,POINT (122029.21700000018 487702.26399999857),POINT (4.903013691882887 52.376200421820144),4.903013691882887,52.376200421820144,1,1,1,1
2687,168606,20210019346,2021,Uitsluitend materiele schade,2,personenauto,bromfiets,Geparkeerd voertuig,Rechte weg,Binnen,50.0,Niet brandend,Overig asfalt,Droog,Daglicht,Droog,Wielingenstraat,amsterdam,POINT (120904.27499999851 484180.9149999991),POINT (4.886851001832723 52.34448427856529),4.886851001832723,52.34448427856529,1,1,2,1
2688,168624,20210009695,2021,Uitsluitend materiele schade,2,personenauto,bromfiets,Kop/staart,Rechte weg,Binnen,50.0,Brandend,Klinkers,Droog,Duisternis,Droog,Kinkerstraat,amsterdam,POINT (119328.95199999958 486470.4470000006),POINT (4.863491346588333 52.36496097839189),4.863491346588333,52.36496097839189,1,1,2,1
2689,168702,20210013130,2021,Letsel,1,fiets,unknown,Eenzijdig,"Kruispunt, 4 takken",Binnen,Unknown,Niet brandend,ZOAB,Droog,Daglicht,Droog,Nassauplein,amsterdam,POINT (120568.33029999956 488689.8898999989),POINT (4.881459486439468 52.384986811510174),4.881459486439468,52.384986811510174,1,1,1,1
2690,168782,20210034687,2021,Uitsluitend materiele schade,2,personenauto,fiets,Frontaal,"Kruispunt, 4 takken",Binnen,50.0,Niet brandend,Overig asfalt,Droog,Daglicht,Droog,Prins Hendrikkade,amsterdam,POINT (122602.37379999831 487186.45270000026),POINT (4.911480196381734 52.371598783220456),4.911480196381734,52.371598783220456,1,1,2,1
2691,168834,20210047189,2021,Uitsluitend materiele schade,2,bestelauto,fiets,Flank,Rechte weg,Binnen,50.0,Niet brandend,Klinkers,Nat,Daglicht,Regen,Bestevâerstraat,amsterdam,POINT (118915.37900000066 488123.4510000013),POINT (4.857242155308882 52.37978992493903),4.857242155308882,52.37978992493903,1,1,2,1
2692,168887,20210087307,2021,Letsel,2,fiets,voetganger,Voetganger,Rechte weg,Binnen,Unknown,Unknown,Unknown,Nat,Daglicht,Unknown,Meibergpad,amsterdam,POINT (126064.32499999925 478967.01000000164),POINT (4.9630199831208 52.29792043813641),4.9630199831208,52.29792043813641,0,1,1,1
2693,168895,20210044781,2021,Uitsluitend materiele schade,3,personenauto,e-bike,Onbekend,"Kruispunt, 4 takken",Binnen,30.0,Niet aanwezig,Overig asfalt,Droog,Daglicht,Droog,Schagerlaan,amsterdam,POINT (123541.29940000176 484323.0989000015),POINT (4.9255346715742565 52.34591940716264),4.9255346715742565,52.34591940716264,1,1,2,1
2694,168925,20210070127,2021,Uitsluitend materiele schade,2,bromfiets,snorfiets,Flank,"Kruispunt, 3 takken",Binnen,Unknown,Niet brandend,Overig asfalt,Nat,Daglicht,Droog,Plesmanlaan,amsterdam,POINT (115267.53599999845 484763.2349999994),POINT (4.804067178637002 52.349339116210025),4.804067178637002,52.349339116210025,1,1,2,1
2695,168941,20210047885,2021,Letsel,2,fiets,voetganger,Voetganger,"Kruispunt, 3 takken",Binnen,30.0,Niet brandend,Klinkers,Droog,Daglicht,Droog,Rapenburgerstraat,amsterdam,POINT (122434.65619999915 486964.54659999907),POINT (4.9090390246763365 52.36959452387954),4.9090390246763365,52.36959452387954,1,1,1,1
2696,168951,20210056985,2021,Uitsluitend materiele schade,2,scootmobiel,fiets,Kop/staart,Rechte weg,Binnen,30.0,Niet brandend,Overig asfalt,Droog,Daglicht,Droog,Buiksloterweg,amsterdam,POINT (122889.82200000063 489061.1710000001),POINT (4.915521756460096 52.38846432468235),4.915521756460096,52.38846432468235,1,1,2,1
2697,168996,20210036193,2021,Letsel,1,fiets,unknown,Eenzijdig,Rechte weg,Binnen,50.0,Niet aanwezig,Overig asfalt,Droog,Daglicht,Droog,Admiraal De Ruijterweg,amsterdam,POINT (119124.55999999866 487195.8220000006),POINT (4.860413229271481 52.3714668014579),4.860413229271481,52.3714668014579,1,1,1,1
2698,169023,20210041875,2021,Letsel,2,bromfiets,fiets,Frontaal,Rechte weg,Binnen,50.0,Niet aanwezig,Overig asfalt,Droog,Duisternis,Droog,Postjesweg,amsterdam,POINT (117735.20100000128 486385.8110000007),POINT (4.84010269447167 52.36409451611622),4.84010269447167,52.36409451611622,1,1,1,1
2699,169136,20210065099,2021,Uitsluitend materiele schade,2,personenauto,fiets,Flank,"Kruispunt, 4 takken",Binnen,50.0,Niet brandend,Klinkers,Droog,Daglicht,Droog,REESLUIS 0064,amsterdam,POINT (120675.42819999903 487289.4490999989),POINT (4.883175585291783 52.372407380658316),4.883175585291783,52.37240738065832,1,1,2,1
2700,169145,20210038881,2021,Letsel,3,bromfiets,unknown,Eenzijdig,Rechte weg,Binnen,30.0,Niet brandend,Overig asfalt,Droog,Daglicht,Droog,Diemerzeedijk,amsterdam,POINT (126914.70499999821 485504.43299999833),POINT (4.974940905819488 52.35671928455456),4.974940905819488,52.35671928455456,-1,0,1,1
2701,169153,20210046333,2021,Letsel,2,fiets,fiets,Onbekend,Rechte weg,Binnen,30.0,Niet brandend,Klinkers,Droog,Daglicht,Unknown,Rokin,amsterdam,POINT (121282.3200000003 486867.9970000014),POINT (4.892129256262454 52.36865726556306),4.892129256262454,52.36865726556306,1,1,1,1
2702,169178,20210037047,2021,Letsel,3,personenauto,snorfiets,Flank,"Kruispunt, 3 takken",Binnen,50.0,Brandend,Overig asfalt,Nat,Duisternis,Droog,Troelstralaan,amsterdam,POINT (115118.62700000033 487640.2928000018),POINT (4.801540595906593 52.3751850228653),4.801540595906593,52.3751850228653,1,1,1,1
2703,169179,20210037056,2021,Letsel,3,bestelauto,fiets,Geparkeerd voertuig,Rechte weg,Binnen,50.0,Niet brandend,Overig asfalt,Nat,Daglicht,Droog,Molukkenstraat,amsterdam,POINT (124505.33199999854 486538.02699999884),POINT (4.939481054199799 52.365880122153435),4.939481054199799,52.36588012215344,1,1,1,1
2704,169236,20210040888,2021,Uitsluitend materiele schade,2,bromfiets,personenauto,Kop/staart,Rechte weg,Binnen,50.0,Niet brandend,Overig asfalt,Droog,Daglicht,Droog,Stadhouderskade,amsterdam,POINT (121845.47599999979 485686.08399999887),POINT (4.9005142904111265 52.35806932532612),4.900514290411127,52.35806932532612,1,1,2,1
2705,169243,20210051301,2021,Uitsluitend materiele schade,2,fiets,overig vast object,Vast voorwerp,"Kruispunt, 3 takken",Binnen,50.0,Brandend,Overig asfalt,Droog,Duisternis,Unknown,Nassaukade,amsterdam,POINT (120406 488311),POINT (4.87911422901404 52.38157142503381),4.87911422901404,52.38157142503381,1,1,2,1
2706,169416,20210092802,2021,Letsel,2,bromfiets,snorfiets,Flank,Rotonde,Binnen,50.0,Niet brandend,Overig asfalt,Droog,Daglicht,Droog,Mr. Treublaan,amsterdam,POINT (123029.73279999942 484543.9017000012),POINT (4.918006483517224 52.34787432159893),4.918006483517224,52.34787432159893,1,1,1,1
2707,169852,20220080642,2022,Uitsluitend materiele schade,2,e-bike,bromfiets,Flank,"Kruispunt, 3 takken",Binnen,50.0,Niet brandend,Overig asfalt,Nat,Daglicht,Droog,Nassaukade,amsterdam,POINT (120347.57840000093 486539.8332000002),POINT (4.878438826936818 52.36564978137321),4.878438826936818,52.36564978137321,1,1,2,1
2708,169903,20220016684,2022,Uitsluitend materiele schade,2,personenauto,bromfiets,Kop/staart,Rechte weg,Binnen,50.0,Niet brandend,Overig asfalt,Droog,Daglicht,Droog,Buikslotermeerplein,amsterdam,POINT (124248.87799999863 490173.243999999),POINT (4.9353831551941925 52.398536676064985),4.9353831551941925,52.398536676064985,1,1,2,1
2709,169904,20220016701,2022,Uitsluitend materiele schade,2,motor,fiets,Flank,"Kruispunt, 3 takken",Binnen,50.0,Niet brandend,ZOAB,Droog,Daglicht,Droog,Voorlandpad,amsterdam,POINT (125271.68230000138 483798.7595000006),POINT (4.950974341658878 52.34130328157179),4.950974341658878,52.34130328157179,1,1,2,1
2710,169917,20220055224,2022,Letsel,2,personenauto,snorfiets,Flank,"Kruispunt, 4 takken",Binnen,50.0,Niet brandend,Overig asfalt,Droog,Daglicht,Droog,Burgemeester Röellstraat,amsterdam,POINT (116876.54459999874 487557.90619999915),POINT (4.827364007764417 52.37456946671755),4.827364007764417,52.37456946671755,1,1,1,1
2711,169918,20220055235,2022,Uitsluitend materiele schade,2,bromfiets,fiets,Los voorwerp,Rechte weg,Binnen,50.0,Niet brandend,Beton,Droog,Daglicht,Droog,Prins Hendrikkade,amsterdam,POINT (122356.32899999991 487313.6710000001),POINT (4.907855059846462 52.37272756291338),4.907855059846462,52.37272756291338,1,1,2,1
2712,169965,20220080946,2022,Uitsluitend materiele schade,2,motor,fiets,Flank,"Kruispunt, 4 takken",Binnen,50.0,Niet brandend,Overig asfalt,Droog,Daglicht,Droog,Christoffel Plantijnpad,amsterdam,POINT (116413.0971999988 484979.89189999923),POINT (4.820854465205484 52.35136790400413),4.820854465205484,52.35136790400413,1,1,2,1
2713,170104,20220081263,2022,Letsel,2,bromfiets,personenauto,Flank,Rechte weg,Binnen,50.0,Niet brandend,Klinkers,Droog,Daglicht,Droog,Osdorpplein,amsterdam,POINT (115459.56300000101 485860.1079999991),POINT (4.806756419039702 52.35921080798813),4.806756419039702,52.35921080798813,1,1,1,1
2714,170132,20220055687,2022,Letsel,2,snorfiets,voetganger,Voetganger,Rechte weg,Binnen,Unknown,Niet brandend,Overig asfalt,Droog,Daglicht,Droog,Cornelis Lelylaan,amsterdam,POINT (117417.61199999973 485671.5859999992),POINT (4.8355200474155255 52.35765396207196),4.8355200474155255,52.35765396207196,1,1,1,1
2715,170235,20220102901,2022,Uitsluitend materiele schade,2,personenauto,fiets,Flank,Rotonde,Binnen,50.0,Niet brandend,Overig asfalt,Droog,Daglicht,Droog,Hugo de Grootplein,amsterdam,POINT (119983.78860000148 487538.499499999),POINT (4.872993854220249 52.37460199602877),4.872993854220249,52.37460199602877,1,1,2,1
2716,170290,20220103316,2022,Uitsluitend materiele schade,3,personenauto,fiets,Los voorwerp,"Kruispunt, 4 takken",Binnen,50.0,Niet brandend,Overig asfalt,Droog,Daglicht,Droog,Lemelerbergweg,amsterdam,POINT (124594.84809999913 479306.16640000045),POINT (4.9414481545577145 52.30088937629381),4.9414481545577145,52.30088937629381,0,1,2,1
2717,170303,20220015745,2022,Uitsluitend materiele schade,2,scootmobiel,fiets,Frontaal,Rechte weg,Binnen,50.0,Niet brandend,Overig asfalt,Nat,Daglicht,Droog,Amstelveenseweg,amsterdam,POINT (118908.4990000017 483155.7039999999),POINT (4.857674149056168 52.33514295027657),4.857674149056168,52.33514295027657,1,1,2,1
2718,170575,20230003946,2023,Letsel,2,trekker,fiets,Eenzijdig,Rechte weg,Binnen,30.0,Niet brandend,Overig asfalt,Droog,Daglicht,Droog,Marnixstraat,amsterdam,POINT (120529.14299999923 486397.2989999987),POINT (4.881119063696781 52.36438020993506),4.881119063696781,52.36438020993506,1,1,1,1
2719,170578,20230004542,2023,Uitsluitend materiele schade,2,personenauto,bromfiets,Onbekend,Rechte weg,Binnen,50.0,Niet brandend,Unknown,Nat,Schemer,Droog,Westhavenweg,amsterdam,POINT (116986.39699999988 491384.4609999992),POINT (4.828543881093017 52.40896702123186),4.828543881093017,52.40896702123186,-1,0,2,0
2720,170638,20230004612,2023,Letsel,2,personenauto,fiets,Frontaal,"Kruispunt, 4 takken",Binnen,50.0,Brandend,Overig asfalt,Droog,Duisternis,Droog,Haarlemmerweg,amsterdam,POINT (119761.94159999862 488726.2368000001),POINT (4.869611601019481 52.3852622977408),4.869611601019481,52.3852622977408,1,1,1,1
2721,170682,20230006128,2023,Uitsluitend materiele schade,2,personenauto,e-bike,Onbekend,"Kruispunt, 4 takken",Binnen,50.0,Niet brandend,ZOAB,Nat,Daglicht,Regen,Meeuwenlaan,amsterdam,POINT (123006.15949999914 488657.15139999986),POINT (4.917269127280815 52.384840076197584),4.917269127280815,52.384840076197584,1,1,2,1
2722,170900,20230016407,2023,Letsel,1,bromfiets,unknown,Eenzijdig,Unknown,Unknown,50.0,Unknown,Unknown,Unknown,Daglicht,Unknown,Abcouderstraatweg,amsterdam,POINT (126231.88800000027 477182.1220000014),POINT (4.965628428289709 52.28188752128105),4.965628428289709,52.28188752128105,-1,0,1,0
2723,170935,20210059941,2021,Letsel,2,snorfiets,personenauto,Flank,Rechte weg,Binnen,50.0,Niet brandend,Klinkers,Droog,Daglicht,Droog,Ruys de Beerenbrouckstr,amsterdam,POINT (114896.27400000021 488435.9820000008),POINT (4.7981804996022435 52.382319818054135),4.798180499602244,52.382319818054135,1,1,1,1
2724,171093,20210072628,2021,Letsel,2,bromfiets,fiets,Onbekend,"Kruispunt, 3 takken",Binnen,50.0,Niet brandend,Overig asfalt,Droog,Daglicht,Droog,Daniël Goedkoopstraat,amsterdam,POINT (123350.73889999837 483053.6209000014),POINT (4.9228575407353565 52.33449918348598),4.9228575407353565,52.33449918348598,1,1,1,1
2725,171290,20220175797,2022,Uitsluitend materiele schade,2,personenauto,bromfiets,Flank,"Kruispunt, 4 takken",Binnen,50.0,Niet aanwezig,Overig asfalt,Droog,Daglicht,Droog,Roffart,amsterdam,POINT (120575.76680000126 481957.4913999997),POINT (4.882257613242279 52.32448111961917),4.882257613242279,52.32448111961917,1,1,2,1
2726,171292,20220178313,2022,Uitsluitend materiele schade,2,personenauto,fiets,Flank,"Kruispunt, 4 takken",Binnen,50.0,Brandend,ZOAB,Nat,Duisternis,Droog,Stadhouderskade,amsterdam,POINT (120462.21350000054 486254.8407000005),POINT (4.880151104637344 52.36309569107307),4.880151104637344,52.36309569107307,1,1,2,1