,Unnamed: 0,accident_id,accident_year,outcome,num_parties,party1_type,party2_type,accident_nature,road_situation,built_up_area,speed_limit_kmh,street_lighting,road_surface,road_condition,light_condition,weather_condition,street_name,municipality,shape,geometry,longitude,latitude,cluster,future_hotspot_spatial,outcome_encoded,future_hotspot_pred
2810,175777,20220035958,2022,Uitsluitend materiele schade,2,bromfiets,personenauto,Kop/staart,Rechte weg,Binnen,50.0,Brandend,Overig asfalt,Droog,Duisternis,Droog,Nelson Mandelahof,amsterdam,POINT (131049.76900000125 480202.8579999991),POINT (5.036015173492186 52.309267204285206),5.036015173492186,52.309267204285206,-1,0,2,0
2811,175814,20220055514,2022,Uitsluitend materiele schade,2,personenauto,fiets,Flank,"Kruispunt, 3 takken",Binnen,15.0,Niet brandend,ZOAB,Droog,Daglicht,Droog,President Allendelaan,amsterdam,POINT (116188.4990000017 487087.39400000125),POINT (4.8173149139057365 52.37029267647652),4.8173149139057365,52.37029267647652,1,1,2,1
2812,175908,20220055765,2022,Uitsluitend materiele schade,2,bestelauto,fiets,Flank,"Kruispunt, 4 takken",Binnen,50.0,Niet brandend,Overig asfalt,Droog,Daglicht,Droog,Frederiksplein,amsterdam,POINT (121741 485863),POINT (4.898963200214624 52.359653011502814),4.898963200214624,52.359653011502814,1,1,2,1
2813,175949,20220102836,2022,Letsel,2,bromfiets,personenauto,Onbekend,"Kruispunt, 4 takken",Binnen,50.0,Niet brandend,Overig asfalt,Droog,Daglicht,Droog,Egidiusstraat,amsterdam,POINT (118538.96999999881 488055.75400000066),POINT (4.851721545026742 52.37915664747379),4.851721545026742,52.37915664747379,1,1,1,1
2814,175965,20220055841,2022,Letsel,2,snorfiets,scootmobiel,Flank,"Kruispunt, 4 takken",Binnen,50.0,Niet brandend,Overig asfalt,Droog,Daglicht,Droog,De Savornin Lohmanstraat,amsterdam,POINT (115109.6501000002 487634.9761000015),POINT (4.801409406554594 52.375136588646335),4.801409406554594,52.375136588646335,1,1,1,1
2815,176016,20220102722,2022,Uitsluitend materiele schade,2,fiets,fiets,Onbekend,"Kruispunt, 4 takken",Binnen,50.0,Brandend,Klinkers,Droog,Duisternis,Droog,Vossiusstraat,amsterdam,POINT (120251.52259999886 485922.43569999933),POINT (4.877092391114496 52.360094981832944),4.877092391114496,52.360094981832944,1,1,2,1
2816,176044,20220054935,2022,Uitsluitend materiele schade,2,bromfiets,bromfiets,Flank,"Kruispunt, 4 takken",Binnen,50.0,Niet brandend,ZOAB,Droog,Daglicht,Droog,Laan van Vlaanderen,amsterdam,POINT (115356 484536),POINT (4.805392234190925 52.34730329253064),4.805392234190925,52.34730329253064,1,1,2,1
2817,176115,20220055109,2022,Uitsluitend materiele schade,2,personenauto,fiets,Onbekend,Rechte weg,Binnen,50.0,Niet brandend,ZOAB,Droog,Daglicht,Droog,Werengouw,amsterdam,POINT (125655.88699999824 489083.25499999896),POINT (4.956150798166026 52.388817642142705),4.956150798166026,52.38881764214271,1,1,2,1
2818,176442,20230003937,2023,Letsel,2,vrachtauto,e-bike,Flank,"Kruispunt, 4 takken",Binnen,50.0,Niet brandend,Overig asfalt,Droog,Daglicht,Droog,Middenweg,amsterdam,POINT (124215.90309999883 484873.5714999996),POINT (4.935384110825265 52.35090491413747),4.935384110825265,52.35090491413747,1,1,1,1
2819,176443,20230004096,2023,Letsel,2,personenauto,fiets,Flank,"Kruispunt, 3 takken",Binnen,50.0,Niet brandend,Beton,Droog,Daglicht,Droog,Stadionplein,amsterdam,POINT (118897.75679999962 484042.83520000055),POINT (4.857421421257901 52.343115168797),4.857421421257901,52.343115168797,1,1,1,1
2820,176860,20210053181,2021,Letsel,2,personenauto,bromfiets,Flank,"Kruispunt, 3 takken",Binnen,50.0,Niet brandend,Overig asfalt,Droog,Daglicht,Droog,Kortvoort,amsterdam,POINT (126567.70089999959 480946.8062000014),POINT (4.970232163199987 52.31574006453596),4.970232163199987,52.31574006453596,0,1,1,1
2821,176939,20210066641,2021,Letsel,3,fiets,fiets,Onbekend,Rechte weg,Binnen,50.0,Brandend,Overig asfalt,Nat,Duisternis,Droog,Willem de Zwijgerlaan,amsterdam,POINT (119273.6240000017 487641.1180000007),POINT (4.862554645271871 52.375478508079915),4.862554645271871,52.37547850807992,1,1,1,1
2822,176955,20230004230,2023,Uitsluitend materiele schade,2,personenauto,fiets,Onbekend,"Kruispunt, 4 takken",Binnen,50.0,Brandend,Unknown,Nat,Daglicht,Regen,Taksteeg,amsterdam,POINT (121276.17700000107 486931.3049999997),POINT (4.892032711227219 52.369225856163524),4.892032711227219,52.36922585616352,1,1,2,1
2823,177014,20220178009,2022,Uitsluitend materiele schade,3,fiets,fiets,Frontaal,Rechte weg,Binnen,50.0,Niet brandend,Overig asfalt,Droog,Daglicht,Droog,Piet Heinkade,amsterdam,POINT (122814.61699999869 487814.3839999996),POINT (4.914536521344987 52.37725467710844),4.914536521344987,52.37725467710844,1,1,2,1
2824,177092,20220178102,2022,Uitsluitend materiele schade,1,fiets,unknown,Voetganger,Rechte weg,Binnen,50.0,Niet brandend,Overig asfalt,Droog,Daglicht,Droog,Hobbemakade,amsterdam,POINT (120862.1099999994 485113.71400000155),POINT (4.886137629244646 52.35286503051373),4.886137629244646,52.35286503051373,1,1,2,1
2825,177177,20220123464,2022,Uitsluitend materiele schade,2,vrachtauto,fiets,Flank,Rotonde,Binnen,50.0,Niet brandend,Overig asfalt,Droog,Daglicht,Droog,Osdorper Ban,amsterdam,POINT (113597.24700000137 485962.55799999833),POINT (4.779406720701969 52.359994338887006),4.779406720701969,52.359994338887006,1,1,2,1
2826,177184,20220142268,2022,Letsel,2,personenauto,fiets,Flank,"Kruispunt, 4 takken",Binnen,50.0,Niet brandend,ZOAB,Droog,Daglicht,Droog,Céramiquelaan,amsterdam,POINT (121868.78649999946 488723.3306000009),POINT (4.900557087690515 52.38536738099235),4.900557087690515,52.38536738099235,1,1,1,1
2827,177185,20220142274,2022,Uitsluitend materiele schade,2,fiets,e-bike,Flank,"Kruispunt, 4 takken",Binnen,Unknown,Niet aanwezig,Klinkers,Droog,Daglicht,Droog,Paleisstraat,amsterdam,POINT (121056.47960000113 487262.71460000053),POINT (4.888773514426032 52.37219079567193),4.888773514426032,52.37219079567193,1,1,2,1
2828,177186,20220142290,2022,Uitsluitend materiele schade,2,motor,fiets,Flank,"Kruispunt, 3 takken",Binnen,50.0,Niet brandend,Overig asfalt,Droog,Daglicht,Droog,Cruquiuskade,amsterdam,POINT (123990.17139999941 486720.1466999985),POINT (4.931900887404718 52.3674880517029),4.931900887404718,52.3674880517029,1,1,2,1
2829,177237,20220142339,2022,Uitsluitend materiele schade,1,fiets,unknown,Voetganger,Rechte weg,Binnen,30.0,Niet brandend,ZOAB,Droog,Daglicht,Droog,Rozengracht,amsterdam,POINT (120230.15500000119 487290.6160000004),POINT (4.876637233009597 52.37238985523643),4.876637233009597,52.37238985523643,1,1,2,1
2830,177374,20220155402,2022,Letsel,2,fiets,voetganger,Voetganger,Rechte weg,Binnen,30.0,Niet brandend,Klinkers,Droog,Daglicht,Droog,Amstel,amsterdam,POINT (122073.82400000095 486146.3379999995),POINT (4.903821138803708 52.36221951093951),4.903821138803708,52.36221951093951,1,1,1,1
2831,177395,20220141281,2022,Uitsluitend materiele schade,2,bromfiets,bestelauto,Frontaal,"Kruispunt, 3 takken",Binnen,50.0,Niet brandend,Overig asfalt,Nat,Daglicht,Regen,Stadionweg,amsterdam,POINT (119292.58579999954 484350.3046000004),POINT (4.863182492483093 52.345904284587874),4.863182492483093,52.345904284587874,1,1,2,1
2832,177396,20220141348,2022,Uitsluitend materiele schade,2,bromfiets,fiets,Kop/staart,"Kruispunt, 4 takken",Binnen,50.0,Niet brandend,Overig asfalt,Droog,Daglicht,Droog,Heemstedestraat,amsterdam,POINT (117772.19090000167 484979.4098000005),POINT (4.840801396720831 52.35145733489363),4.840801396720831,52.35145733489363,1,1,2,1
2833,177425,20220124056,2022,Letsel,2,fiets,fiets,Flank,Rechte weg,Binnen,Unknown,Niet brandend,Overig asfalt,Droog,Daglicht,Droog,Wibautstraat,amsterdam,POINT (122636.9140000008 485301.70800000057),POINT (4.912168751788017 52.35466199946837),4.912168751788017,52.35466199946837,1,1,1,1
2834,177552,20220155721,2022,Uitsluitend materiele schade,2,personenauto,e-bike,Flank,Rechte weg,Binnen,30.0,Niet brandend,ZOAB,Droog,Daglicht,Droog,Hogevecht,amsterdam,POINT (125802.54899999872 480308.3900000006),POINT (4.959066461030927 52.309962240233645),4.959066461030927,52.309962240233645,0,1,2,1
2835,177644,20230039647,2023,Uitsluitend materiele schade,1,fiets,unknown,Onbekend,Rechte weg,Binnen,Unknown,Niet brandend,Beton,Droog,Daglicht,Droog,Prins Hendrikkade,amsterdam,POINT (121780.42799999937 487762.5859999992),POINT (4.8993542778875385 52.376727557957345),4.8993542778875385,52.37672755795735,1,1,2,1
2836,177651,20230050701,2023,Letsel,2,personenauto,bromfiets,Flank,"Kruispunt, 3 takken",Binnen,50.0,Niet brandend,ZOAB,Droog,Daglicht,Droog,Herinkhave,amsterdam,POINT (119186.97399999946 482665.02699999884),POINT (4.861811910842393 52.33075128784608),4.861811910842393,52.33075128784608,1,1,1,1
2837,177652,20230050711,2023,Uitsluitend materiele schade,2,personenauto,fiets,Onbekend,"Kruispunt, 3 takken",Binnen,50.0,Niet aanwezig,Overig asfalt,Droog,Daglicht,Droog,Kleine Wittenburgerstr,amsterdam,POINT (123131.33909999952 486975.0533999987),POINT (4.919267271436787 52.369729820552934),4.919267271436787,52.36972982055293,1,1,2,1
2838,177731,20230049740,2023,Uitsluitend materiele schade,2,snorfiets,personenauto,Onbekend,Rechte weg,Binnen,50.0,Niet brandend,Overig asfalt,Droog,Daglicht,Droog,Meer en Vaart,amsterdam,POINT (115411.45499999821 486231.8979999982),POINT (4.806006468545521 52.362548697260266),4.806006468545521,52.362548697260266,1,1,2,1
2839,177780,20230049247,2023,Uitsluitend materiele schade,2,snorfiets,personenauto,Flank,"Kruispunt, 3 takken",Binnen,50.0,Niet aanwezig,Beton,Droog,Daglicht,Droog,Jan Muschstraat,amsterdam,POINT (116417.1464000009 485510.2146999985),POINT (4.820853073143561 52.356134326672745),4.820853073143561,52.356134326672745,1,1,2,1
2840,177814,20230049849,2023,Uitsluitend materiele schade,2,vrachtauto,fiets,Flank,Bocht,Binnen,30.0,Niet brandend,Overig asfalt,Droog,Daglicht,Droog,Bilderdijkstraat,amsterdam,POINT (119978.97599999979 486574.91000000015),POINT (4.873023575454423 52.3659416474204),4.873023575454423,52.3659416474204,1,1,2,1
2841,177815,20230050412,2023,Letsel,2,bromfiets,fiets,Flank,Rechte weg,Binnen,50.0,Niet aanwezig,Beton,Droog,Daglicht,Droog,Kelbergenpad,amsterdam,POINT (126720.95499999821 480653.55099999905),POINT (4.972504241957151 52.31311234055684),4.972504241957151,52.31311234055684,0,1,1,1
2842,177845,20230066586,2023,Letsel,2,bestelauto,bromfiets,Flank,"Kruispunt, 4 takken",Binnen,50.0,Niet brandend,Overig asfalt,Droog,Daglicht,Droog,Zeeburgerstraat,amsterdam,POINT (123655.43019999936 486552.1682999991),POINT (4.927001843702305 52.365959371723626),4.927001843702305,52.365959371723626,1,1,1,1
2843,177850,20230048826,2023,Uitsluitend materiele schade,2,bromfiets,fiets,Flank,"Kruispunt, 4 takken",Binnen,30.0,Niet brandend,Overig asfalt,Droog,Daglicht,Droog,P Cornelisz Hooftstr,amsterdam,POINT (120287.60770000145 485849.17119999975),POINT (4.877629666307111 52.359438813384),4.877629666307111,52.359438813384,1,1,2,1
2844,177901,20230049441,2023,Uitsluitend materiele schade,2,bromfiets,bromfiets,Flank,Rechte weg,Binnen,50.0,Brandend,ZOAB,Droog,Duisternis,Droog,Marathonweg,amsterdam,POINT (119159.4609999992 484619.0320000015),POINT (4.86120028909071 52.3483107527863),4.86120028909071,52.3483107527863,1,1,2,1
2845,177974,20220211589,2022,Uitsluitend materiele schade,2,personenauto,fiets,Flank,"Kruispunt, 4 takken",Binnen,50.0,Niet brandend,Overig asfalt,Nat,Daglicht,Droog,Andersensingel,amsterdam,POINT (124892.51419999823 481697.6457000002),POINT (4.945598437638808 52.322399053763036),4.945598437638808,52.32239905376304,0,1,2,1
2846,178022,20220210980,2022,Letsel,2,personenauto,bromfiets,Flank,"Kruispunt, 4 takken",Binnen,50.0,Niet brandend,Overig asfalt,Droog,Daglicht,Droog,President Kennedylaan,amsterdam,POINT (121904.9087000005 483735.69729999825),POINT (4.901578512759731 52.34054411572954),4.901578512759731,52.34054411572954,1,1,1,1
2847,178081,20220210109,2022,Uitsluitend materiele schade,2,personenauto,fiets,Onbekend,"Kruispunt, 4 takken",Binnen,50.0,Brandend,Beton,Nat,Duisternis,Droog,Ceintuurbaan,amsterdam,POINT (121892.76089999825 485313.4937000014),POINT (4.901245052327899 52.35472358513887),4.901245052327899,52.35472358513887,1,1,2,1
2848,178082,20220211714,2022,Letsel,2,personenauto,e-bike,Flank,"Kruispunt, 4 takken",Binnen,50.0,Brandend,Overig asfalt,Nat,Duisternis,Droog,Haarlemmerweg,amsterdam,POINT (118262.08300000057 488697.2670000009),POINT (4.847585076284533 52.384903608897766),4.847585076284533,52.384903608897766,1,1,1,1
2849,178150,20220211833,2022,Uitsluitend materiele schade,1,snorfiets,unknown,Flank,"Kruispunt, 4 takken",Binnen,50.0,Brandend,Beton,Nat,Duisternis,Regen,Nassaukade,amsterdam,POINT (120119.74410000071 487415.616799999),POINT (4.875003027551403 52.373506269244984),4.875003027551403,52.37350626924498,1,1,2,1
2850,178305,20220211337,2022,Letsel,1,bromfiets,unknown,Eenzijdig,Rechte weg,Binnen,50.0,Brandend,Overig asfalt,Nat,Duisternis,Droog,Amsteldijk,amsterdam,POINT (122351.34600000083 485098.5249999985),POINT (4.907996952468803 52.35281902965269),4.907996952468803,52.35281902965269,1,1,1,1
2851,178368,20220212091,2022,Uitsluitend materiele schade,2,fiets,bestelauto,Flank,"Kruispunt, 4 takken",Binnen,50.0,Brandend,Overig asfalt,Droog,Duisternis,Droog,1e C Huygensstr,amsterdam,POINT (120133.75899999961 486228.48900000006),POINT (4.875331942567186 52.362838110272676),4.875331942567186,52.36283811027268,1,1,2,1
2852,178426,20220210864,2022,Uitsluitend materiele schade,3,personenauto,fiets,Flank,Rechte weg,Binnen,30.0,Niet brandend,Beton,Droog,Daglicht,Droog,Rozengracht,amsterdam,POINT (120404 487360),POINT (4.879182768063894 52.3730244081283),4.879182768063894,52.3730244081283,1,1,2,1
2853,178804,20230111787,2023,Uitsluitend materiele schade,2,personenauto,fiets,Flank,"Kruispunt, 4 takken",Binnen,30.0,Niet brandend,Klinkers,Nat,Daglicht,Regen,Karel du Jardinstraat,amsterdam,POINT (121642.85350000113 484982.93840000033),POINT (4.897609728355242 52.35173765963),4.897609728355242,52.35173765963,1,1,2,1
2854,178809,20230111869,2023,Uitsluitend materiele schade,2,personenauto,fiets,Onbekend,Rechte weg,Binnen,30.0,Niet brandend,Klinkers,Nat,Daglicht,Regen,Nieuwezijds Voorburgwal,amsterdam,POINT (121190.0150000006 487273.16899999976),POINT (4.890733242233581 52.37229299012624),4.890733242233581,52.37229299012624,1,1,2,1
2855,178833,20230024259,2023,Uitsluitend materiele schade,2,personenauto,fiets,Flank,"Kruispunt, 4 takken",Binnen,30.0,Niet brandend,Klinkers,Droog,Daglicht,Droog,Molukkenstraat,amsterdam,POINT (124590.84230000153 485785.1141999997),POINT (4.94080456267877 52.35911816498534),4.94080456267877,52.35911816498534,1,1,2,1
2856,178851,20230067101,2023,Uitsluitend materiele schade,2,bromfiets,personenauto,Flank,"Kruispunt, 3 takken",Binnen,50.0,Brandend,Overig asfalt,Droog,Duisternis,Droog,Mosplein,amsterdam,POINT (122696.81700000167 489496.86199999973),POINT (4.912644789224767 52.39236867687219),4.912644789224767,52.39236867687219,1,1,2,1
2857,178861,20230023089,2023,Uitsluitend materiele schade,2,fiets,lichtmast,Vast voorwerp,Rechte weg,Binnen,50.0,Brandend,ZOAB,Droog,Duisternis,Droog,Ridderspoorweg,amsterdam,POINT (122049.14200000092 489782.9820000008),POINT (4.9031021670418955 52.394901609718055),4.903102167041896,52.394901609718055,1,1,2,1
2858,178871,20230036677,2023,Uitsluitend materiele schade,1,fiets,unknown,Voetganger,Rechte weg,Binnen,Unknown,Niet brandend,Overig asfalt,Droog,Daglicht,Droog,Tasmanstraat,amsterdam,POINT (120359.40900000185 489448.5560000017),POINT (4.87831263418803 52.39179198605078),4.87831263418803,52.39179198605078,1,1,2,1
2859,178875,20230067135,2023,Letsel,2,personenauto,fiets,Frontaal,"Kruispunt, 4 takken",Binnen,50.0,Brandend,Overig asfalt,Droog,Duisternis,Droog,Weteringlaan,amsterdam,POINT (121185.9849999994 485686.30999999866),POINT (4.890833651413056 52.358031160813745),4.890833651413056,52.35803116081375,1,1,1,1
2860,178923,20230020939,2023,Uitsluitend materiele schade,2,bromfiets,personenauto,Flank,"Kruispunt, 3 takken",Binnen,50.0,Brandend,Overig asfalt,Droog,Duisternis,Droog,Kijkduinstraat,amsterdam,POINT (118798.9235999994 488346.79239999875),POINT (4.855507819973283 52.38178947970387),4.855507819973283,52.38178947970387,1,1,2,1
2861,178948,20230023218,2023,Uitsluitend materiele schade,2,motor,fiets,Flank,"Kruispunt, 4 takken",Binnen,50.0,Brandend,Overig asfalt,Droog,Schemer,Droog,Hemonystraat,amsterdam,POINT (121928.95279999822 485715.1671999991),POINT (4.9017367817279744 52.35833573695349),4.9017367817279744,52.35833573695349,1,1,2,1
2862,178949,20230024407,2023,Letsel,2,fiets,fiets,Flank,"Kruispunt, 4 takken",Binnen,50.0,Niet brandend,Klinkers,Droog,Daglicht,Droog,Dam,amsterdam,POINT (121337.39600000158 487319.4750000015),POINT (4.892892692645682 52.372718209812454),4.892892692645682,52.37271820981245,1,1,1,1
2863,178993,20230023271,2023,Uitsluitend materiele schade,2,fiets,bromfiets,Flank,"Kruispunt, 4 takken",Binnen,50.0,Niet aanwezig,ZOAB,Droog,Daglicht,Droog,Theodorus Dobbestraat,amsterdam,POINT (117473.97329999879 488045.5661999993),POINT (4.836082354642544 52.37899332745084),4.836082354642544,52.37899332745084,1,1,2,1
2864,179011,20230020495,2023,Uitsluitend materiele schade,2,personenauto,fiets,Onbekend,"Kruispunt, 4 takken",Binnen,30.0,Niet brandend,Overig asfalt,Droog,Schemer,Droog,Socratesstraat,amsterdam,POINT (116203.6865000017 487517.91860000044),POINT (4.81748821343812 52.3741629613199),4.81748821343812,52.3741629613199,1,1,2,1
2865,179150,20230024728,2023,Letsel,2,snorfiets,bestelauto,Flank,Rotonde,Binnen,50.0,Niet brandend,Overig asfalt,Droog,Daglicht,Droog,Schipluidenlaan,amsterdam,POINT (117759 485518),POINT (4.840548178530025 52.35629689345991),4.840548178530025,52.35629689345991,1,1,1,1
2866,179172,20230020722,2023,Uitsluitend materiele schade,1,fiets,unknown,Voetganger,Rechte weg,Binnen,50.0,Brandend,Overig asfalt,Droog,Daglicht,Droog,Piet Heinkade,amsterdam,POINT (123649.98600000143 487608.1229999997),POINT (4.9268234333371295 52.37544927484906),4.9268234333371295,52.37544927484906,1,1,2,1
2867,179173,20230020741,2023,Letsel,2,fiets,fiets,Flank,"Kruispunt, 4 takken",Binnen,50.0,Niet brandend,Overig asfalt,Droog,Daglicht,Droog,Hoekenespad,amsterdam,POINT (115092.01199999824 485428.7478),POINT (4.801412272720964 52.35530750482368),4.801412272720964,52.35530750482368,1,1,1,1
2868,179319,20230087618,2023,Letsel,2,bus,fiets,Frontaal,Rotonde,Binnen,50.0,Niet brandend,Overig asfalt,Droog,Daglicht,Droog,Amstelveenseweg,amsterdam,POINT (118857.12849999964 484769.4884000011),POINT (4.856747210075424 52.34964314673007),4.856747210075424,52.34964314673007,1,1,1,1
2869,179352,20230097587,2023,Letsel,2,personenauto,fiets,Flank,"Kruispunt, 4 takken",Binnen,50.0,Niet brandend,Overig asfalt,Nat,Daglicht,Regen,Willem Kesstraat,amsterdam,POINT (120203 484122),POINT (4.876566301433506 52.34391083690401),4.876566301433506,52.34391083690401,1,1,1,1
2870,179373,20230097061,2023,Uitsluitend materiele schade,1,bromfiets,unknown,Flank,Rechte weg,Binnen,50.0,Brandend,Overig asfalt,Nat,Duisternis,Regen,Postjesweg,amsterdam,POINT (118700.3900000006 486392.35500000045),POINT (4.854271774644294 52.36421796390789),4.854271774644294,52.36421796390789,1,1,2,1
2871,179417,20230097705,2023,Letsel,2,fiets,personenauto,Flank,"Kruispunt, 4 takken",Binnen,30.0,Niet brandend,Overig asfalt,Droog,Daglicht,Droog,Molenwerf,amsterdam,POINT (118131.04149999842 488813.7164000012),POINT (4.8456475928473965 52.38594137870421),4.8456475928473965,52.38594137870421,1,1,1,1
2872,179475,20230087860,2023,Letsel,2,personenauto,fiets,Flank,"Kruispunt, 3 takken",Binnen,50.0,Niet brandend,Overig asfalt,Nat,Daglicht,Regen,Th. Weeversweg,amsterdam,POINT (124701 489888),POINT (4.942051662727154 52.395998253691985),4.942051662727154,52.39599825369199,1,1,1,1
2873,179567,20230086335,2023,Uitsluitend materiele schade,3,personenauto,fiets,Los voorwerp,"Kruispunt, 4 takken",Binnen,50.0,Niet brandend,ZOAB,Droog,Daglicht,Droog,Wibautstraat,amsterdam,POINT (122409.76099999994 485909.1420000009),POINT (4.908775788043706 52.36010778599409),4.908775788043706,52.36010778599409,1,1,2,1
2874,179607,20210087349,2021,Uitsluitend materiele schade,2,fiets,fiets,Kop/staart,Rechte weg,Binnen,50.0,Brandend,ZOAB,Droog,Duisternis,Droog,Kinkerstraat,amsterdam,POINT (119328.95199999958 486470.4470000006),POINT (4.863491346588333 52.36496097839189),4.863491346588333,52.36496097839189,1,1,2,1
2875,179610,20210084053,2021,Letsel,2,fiets,bus,Onbekend,"Kruispunt, 3 takken",Binnen,50.0,Niet brandend,Overig asfalt,Droog,Daglicht,Droog,C. van Eesterenlaan,amsterdam,POINT (124451.5410999991 486838.65729999915),POINT (4.938664002999892 52.36857900246794),4.938664002999892,52.36857900246794,1,1,1,1
2876,179732,20210079465,2021,Uitsluitend materiele schade,3,bromfiets,personenauto,Geparkeerd voertuig,Rechte weg,Binnen,30.0,Niet brandend,Overig asfalt,Droog,Daglicht,Unknown,Sam van Houtenstraat,amsterdam,POINT (114699.38100000098 488092.6169999987),POINT (4.7953299697957705 52.379219523423735),4.7953299697957705,52.379219523423735,1,1,2,1
2877,179758,20210084842,2021,Uitsluitend materiele schade,2,fiets,motor,Flank,"Kruispunt, 4 takken",Binnen,Unknown,Niet brandend,Overig asfalt,Nat,Daglicht,Unknown,0079 BRUG,amsterdam,POINT (120876.86840000004 485641.6537999995),POINT (4.886300690288152 52.357610708604945),4.886300690288152,52.35761070860495,1,1,2,1
2878,179784,20210089322,2021,Letsel,2,bromfiets,personenauto,Flank,"Kruispunt, 3 takken",Binnen,50.0,Niet brandend,Overig asfalt,Droog,Daglicht,Droog,Hobbemakade,amsterdam,POINT (120876.45279999822 485429.69359999895),POINT (4.886316091505912 52.35570573022864),4.886316091505912,52.35570573022864,1,1,1,1
2879,179819,20210009885,2021,Letsel,1,bromfiets,unknown,Eenzijdig,Rechte weg,Binnen,50.0,Niet aanwezig,Beton,Droog,Daglicht,Droog,Transformatorweg,amsterdam,POINT (118882.97199999914 489481.7190000005),POINT (4.856620165664696 52.391994854427686),4.856620165664696,52.391994854427686,1,1,1,1
2880,179829,20210018317,2021,Uitsluitend materiele schade,2,bromfiets,personenauto,Flank,Rechte weg,Binnen,50.0,Niet brandend,Overig asfalt,Droog,Daglicht,Droog,Sarphatistraat,amsterdam,POINT (122350.29199999943 486026.3500000015),POINT (4.907891427006411 52.361157641612415),4.907891427006411,52.361157641612415,1,1,2,1
2881,179937,20210013363,2021,Uitsluitend materiele schade,2,snorfiets,personenauto,Onbekend,Bocht,Binnen,50.0,Unknown,Overig asfalt,Droog,Daglicht,Droog,Admiraal De Ruijterweg,amsterdam,POINT (118627.35000000149 488329.6070000008),POINT (4.852989830290551 52.38162368987951),4.852989830290551,52.38162368987951,1,1,2,1
2882,179974,20210025324,2021,Uitsluitend materiele schade,3,personenauto,fiets,Frontaal,Rechte weg,Binnen,50.0,Niet brandend,Klinkers,Droog,Daglicht,Droog,Nieuwstad,amsterdam,POINT (131362.59600000083 479952.8900000006),POINT (5.04061968041142 52.30703413357815),5.04061968041142,52.30703413357815,-1,0,2,0
2883,180015,20210008856,2021,Letsel,2,personenauto,fiets,Flank,Rechte weg,Binnen,30.0,Niet brandend,Overig asfalt,Droog,Daglicht,Droog,Jan Pieter Heijestraat,amsterdam,POINT (119365.3440000005 486212.2809999995),POINT (4.864052982161622 52.3626431319992),4.864052982161622,52.3626431319992,1,1,1,1
2884,180041,20210007607,2021,Uitsluitend materiele schade,2,bestelauto,fiets,Flank,Rechte weg,Binnen,30.0,Niet brandend,Overig asfalt,Droog,Daglicht,Droog,Utrechtsestraat,amsterdam,POINT (121713.37700000033 486264.24599999934),POINT (4.8985179950373645 52.36325746358491),4.8985179950373645,52.36325746358491,1,1,2,1
2885,180067,20210006944,2021,Uitsluitend materiele schade,1,bromfiets,unknown,Onbekend,Unknown,Unknown,30.0,Unknown,Unknown,Unknown,Schemer,Unknown,Geldersekade,amsterdam,POINT (121903.69900000095 487528.3680000007),POINT (4.901187593417498 52.37463001596693),4.901187593417498,52.37463001596693,1,1,2,1
2886,180283,20210058768,2021,Letsel,2,bromfiets,voetganger,Voetganger,Rechte weg,Binnen,30.0,Brandend,Overig asfalt,Droog,Duisternis,Droog,Amstelveenseweg,amsterdam,POINT (118823.39299999923 484951.6070000008),POINT (4.856232525523135 52.351277679288735),4.856232525523135,52.351277679288735,1,1,1,1
2887,180284,20210058781,2021,Uitsluitend materiele schade,2,personenauto,fiets,Flank,"Kruispunt, 4 takken",Binnen,50.0,Brandend,Overig asfalt,Nat,Duisternis,Unknown,Concertgebouwplein,amsterdam,POINT (120443 485470),POINT (4.87994967942684 52.35604088374636),4.87994967942684,52.35604088374636,1,1,2,1
2888,180287,20210059942,2021,Uitsluitend materiele schade,2,personenauto,fiets,Flank,Rotonde,Binnen,50.0,Brandend,ZOAB,Nat,Schemer,Regen,Osdorper Ban,amsterdam,POINT (114257.42880000174 485935.8728),POINT (4.789100993955461 52.35980387636394),4.789100993955461,52.35980387636394,1,1,2,1
2889,180326,20210065649,2021,Letsel,2,personenauto,fiets,Flank,"Kruispunt, 4 takken",Binnen,30.0,Niet brandend,Klinkers,Droog,Daglicht,Droog,Leeuwendalersweg,amsterdam,POINT (117664.32899999991 488001.15399999917),POINT (4.838882805433624 52.37860716327935),4.838882805433624,52.37860716327935,1,1,1,1
2890,180343,20210048389,2021,Uitsluitend materiele schade,3,personenauto,bromfiets,Onbekend,Rechte weg,Binnen,50.0,Niet brandend,Overig asfalt,Nat,Daglicht,Droog,Overtoom,amsterdam,POINT (119358.14499999955 485906.1570000015),POINT (4.863979741893464 52.35989144320877),4.863979741893464,52.35989144320877,1,1,2,1
2891,180440,20210042368,2021,Uitsluitend materiele schade,2,e-bike,bestelauto,Flank,"Kruispunt, 3 takken",Binnen,50.0,Niet brandend,Klinkers,Droog,Daglicht,Droog,Beemsterstraat,amsterdam,POINT (124966.43549999967 489259.48640000075),POINT (4.946007548200141 52.390364198846456),4.946007548200141,52.390364198846456,1,1,2,1