,Unnamed: 0,accident_id,accident_year,outcome,num_parties,party1_type,party2_type,accident_nature,road_situation,built_up_area,speed_limit_kmh,street_lighting,road_surface,road_condition,light_condition,weather_condition,street_name,municipality,shape,geometry,longitude,latitude,cluster,future_hotspot_spatial,outcome_encoded,future_hotspot_pred
2892,180456,20210056975,2021,Uitsluitend materiele schade,2,personenauto,e-bike,Onbekend,Rotonde,Binnen,50.0,Niet brandend,Overig asfalt,Droog,Daglicht,Droog,Henk Sneevlietweg,amsterdam,POINT (118146.63010000065 484441.7399000004),POINT (4.846355792315578 52.34665038674303),4.846355792315578,52.34665038674303,1,1,2,1
2893,180457,20210056981,2021,Letsel,1,fiets,unknown,Eenzijdig,"Kruispunt, 4 takken",Binnen,30.0,Brandend,Overig asfalt,Nat,Duisternis,Regen,1e C Huygensstr,amsterdam,POINT (120121.46299999952 486223.42599999905),POINT (4.87515195666482 52.36279182700701),4.87515195666482,52.36279182700701,1,1,1,1
2894,180476,20210041165,2021,Uitsluitend materiele schade,2,bromfiets,personenauto,Kop/staart,"Kruispunt, 4 takken",Binnen,50.0,Niet brandend,Overig asfalt,Nat,Daglicht,Unknown,Pontanusstraat,amsterdam,POINT (123647.47100000083 486537.22300000116),POINT (4.926886383565868 52.365824598980424),4.926886383565868,52.36582459898042,1,1,2,1
2895,180523,20210057965,2021,Uitsluitend materiele schade,2,personenauto,bromfiets,Flank,"Kruispunt, 4 takken",Binnen,50.0,Brandend,Overig asfalt,Droog,Duisternis,Droog,Middenweg,amsterdam,POINT (124210.16010000184 484873.88219999894),POINT (4.935299794536237 52.35090738475457),4.935299794536237,52.35090738475457,1,1,2,1
2896,180543,20210040614,2021,Uitsluitend materiele schade,1,fiets,unknown,Onbekend,Rechte weg,Binnen,50.0,Niet brandend,Klinkers,Droog,Daglicht,Droog,Herengracht,amsterdam,POINT (121608.10799999908 486436.6279999986),POINT (4.896955459697514 52.364800324958004),4.896955459697514,52.364800324958,1,1,2,1
2897,180663,20210065494,2021,Uitsluitend materiele schade,2,personenauto,fiets,Flank,Rechte weg,Binnen,15.0,Niet brandend,Klinkers,Droog,Daglicht,Unknown,Opheusdenhof,amsterdam,POINT (126115.68699999899 478798.7710000016),POINT (4.963787308247843 52.29641108857519),4.963787308247843,52.29641108857519,0,1,2,1
2898,180680,20210079468,2021,Letsel,1,bromfiets,unknown,Eenzijdig,Rechte weg,Binnen,50.0,Brandend,Overig asfalt,Droog,Duisternis,Droog,Bilderdijkstraat,amsterdam,POINT (119885.16899999976 486818.77699999884),POINT (4.871620878005161 52.36812735837336),4.871620878005161,52.36812735837336,1,1,1,1
2899,180711,20210069646,2021,Letsel,2,personenauto,fiets,Onbekend,Rechte weg,Binnen,50.0,Unknown,Unknown,Nat,Daglicht,Regen,Daalwijkdreef,amsterdam,POINT (125140.60000000149 481497.62099999934),POINT (4.949254890208789 52.320614868865285),4.949254890208789,52.320614868865285,0,1,1,1
2900,180753,20210068741,2021,Letsel,2,personenauto,bromfiets,Flank,Rotonde,Binnen,50.0,Brandend,Overig asfalt,Nat,Duisternis,Droog,Vrije Geer,amsterdam,POINT (114876.7613000013 484572.8852000013),POINT (4.798354923763146 52.34760000544428),4.798354923763146,52.34760000544428,1,1,1,1
2901,180776,20210051302,2021,Letsel,2,fiets,fiets,Flank,"Kruispunt, 4 takken",Binnen,Unknown,Niet brandend,Overig asfalt,Droog,Daglicht,Unknown,Weteringschans,amsterdam,POINT (120908.42610000074 486041.3977999985),POINT (4.886723399498962 52.36120529028042),4.886723399498962,52.36120529028042,1,1,1,1
2902,181078,20210091227,2021,Uitsluitend materiele schade,2,snorfiets,fiets,Onbekend,Rechte weg,Binnen,50.0,Niet brandend,Klinkers,Droog,Daglicht,Droog,Haarlemmerweg,amsterdam,POINT (119391.16200000048 488728.73099999875),POINT (4.8641653721996585 52.38526078673694),4.8641653721996585,52.38526078673694,1,1,2,1
2903,181079,20210091239,2021,Uitsluitend materiele schade,2,bromfiets,bestelauto,Flank,"Kruispunt, 4 takken",Binnen,50.0,Brandend,Overig asfalt,Droog,Duisternis,Droog,Molenaarsweg,amsterdam,POINT (120746.48000000045 492702.1460000016),POINT (4.8836665699044985 52.42105700368694),4.8836665699044985,52.42105700368694,-1,0,2,0
2904,181524,20220035905,2022,Letsel,2,bromfiets,voetganger,Voetganger,Rechte weg,Binnen,50.0,Brandend,Overig asfalt,Nat,Duisternis,Regen,IJburglaan,amsterdam,POINT (128378.25499999896 485272.6000000015),POINT (4.996442173047426 52.35470856536635),4.996442173047426,52.35470856536635,-1,0,1,0
2905,181633,20220081275,2022,Letsel,2,bromfiets,fiets,Kop/staart,Rechte weg,Binnen,50.0,Niet brandend,Klinkers,Droog,Daglicht,Droog,Kloveniersburgwal,amsterdam,POINT (121773.23800000176 487157.42599999905),POINT (4.899308520679564 52.37128837128329),4.899308520679564,52.37128837128329,1,1,1,1
2906,181705,20220054594,2022,Uitsluitend materiele schade,2,personenauto,fiets,Flank,"Kruispunt, 4 takken",Binnen,50.0,Brandend,Overig asfalt,Droog,Duisternis,Droog,Stadhouderskade,amsterdam,POINT (121196.97100000083 485689.0896999985),POINT (4.890994634531043 52.35805681893096),4.890994634531043,52.35805681893096,1,1,2,1
2907,181730,20220102491,2022,Uitsluitend materiele schade,2,personenauto,bromfiets,Kop/staart,Rechte weg,Binnen,50.0,Niet brandend,Overig asfalt,Droog,Daglicht,Droog,Amsteldijk,amsterdam,POINT (122195.21200000122 485366.02899999917),POINT (4.905679257588236 52.35521387914514),4.905679257588236,52.35521387914514,1,1,2,1
2908,181731,20220102572,2022,Letsel,2,bromfiets,fiets,Frontaal,Rechte weg,Binnen,50.0,Niet brandend,Overig asfalt,Droog,Daglicht,Droog,Jan van Galenstraat,amsterdam,POINT (118671.54899999872 487463.81500000134),POINT (4.8537325723783695 52.37384553887285),4.8537325723783695,52.37384553887285,1,1,1,1
2909,181733,20220102750,2022,Uitsluitend materiele schade,2,snorfiets,personenauto,Flank,"Kruispunt, 4 takken",Binnen,15.0,Niet aanwezig,Overig asfalt,Droog,Daglicht,Droog,Admiraal De Ruijterweg,amsterdam,POINT (118516.24100000039 488430.65300000086),POINT (4.851347037987908 52.38252444042549),4.851347037987908,52.38252444042549,1,1,2,1
2910,181765,20220102339,2022,Uitsluitend materiele schade,2,personenauto,fiets,Geparkeerd voertuig,Rechte weg,Binnen,50.0,Niet brandend,Overig asfalt,Droog,Daglicht,Droog,Beethovenstraat,amsterdam,POINT (120239.80700000003 484063.875),POINT (4.877112417423186 52.34339077776129),4.877112417423186,52.34339077776129,1,1,2,1
2911,181806,20220015544,2022,Uitsluitend materiele schade,2,personenauto,fiets,Flank,"Kruispunt, 3 takken",Binnen,30.0,Niet brandend,Klinkers,Droog,Daglicht,Droog,Boris Pasternakstraat,amsterdam,POINT (124756.77070000023 481158.691300001),POINT (4.943655819860665 52.31754778656713),4.943655819860665,52.31754778656713,0,1,2,1
2912,182195,20230003941,2023,Uitsluitend materiele schade,2,vrachtauto,fiets,Geparkeerd voertuig,Rechte weg,Binnen,30.0,Niet brandend,Overig asfalt,Droog,Daglicht,Droog,Rijswijkstraat,amsterdam,POINT (117794.09099999815 484824.91899999976),POINT (4.84113989928714 52.35007036763944),4.84113989928714,52.35007036763944,1,1,2,1
2913,182397,20230004210,2023,Uitsluitend materiele schade,2,personenauto,fiets,Flank,"Kruispunt, 3 takken",Binnen,50.0,Niet brandend,ZOAB,Droog,Daglicht,Droog,Zuidermolenweg,amsterdam,POINT (113733.79839999974 485974.70490000024),POINT (4.781409714137828 52.360113780393334),4.781409714137828,52.36011378039333,1,1,2,1
2914,182742,20210046822,2021,Letsel,2,bromfiets,personenauto,Flank,Unknown,Binnen,50.0,Niet brandend,Overig asfalt,Droog,Daglicht,Droog,Th. Weeversweg,amsterdam,POINT (124701 489888),POINT (4.942051662727154 52.395998253691985),4.942051662727154,52.39599825369199,1,1,1,1
2915,182756,20220176781,2022,Uitsluitend materiele schade,2,personenauto,fiets,Flank,"Kruispunt, 4 takken",Binnen,50.0,Niet brandend,Overig asfalt,Droog,Daglicht,Droog,Churchill-laan,amsterdam,POINT (121196.43789999932 484453.67980000004),POINT (4.891110929622674 52.34695375551382),4.891110929622674,52.34695375551382,1,1,2,1
2916,182836,20220123284,2022,Uitsluitend materiele schade,2,fiets,fiets,Onbekend,"Kruispunt, 4 takken",Binnen,Unknown,Niet brandend,ZOAB,Droog,Daglicht,Droog,Luyendijkje,amsterdam,POINT (121839.77490000054 492625.85119999945),POINT (4.899745340912025 52.420438528592854),4.899745340912025,52.42043852859285,-1,0,2,0
2917,182837,20220123289,2022,Uitsluitend materiele schade,2,personenauto,bromfiets,Flank,"Kruispunt, 3 takken",Buiten,50.0,Niet brandend,Overig asfalt,Droog,Daglicht,Droog,Westpoortweg,amsterdam,POINT (113647.52959999815 490146.6761999987),POINT (4.779629853368217 52.39760138638366),4.779629853368217,52.39760138638366,-1,0,2,0
2918,182891,20220177915,2022,Uitsluitend materiele schade,3,bromfiets,unknown,Kop/staart,Rechte weg,Binnen,50.0,Niet brandend,Overig asfalt,Droog,Daglicht,Droog,Hemonylaan,amsterdam,POINT (121862.3350000009 485624.14400000125),POINT (4.900767864699961 52.35751366749753),4.900767864699961,52.35751366749753,1,1,2,1
2919,182892,20220178257,2022,Uitsluitend materiele schade,2,e-bike,unknown,Frontaal,"Kruispunt, 4 takken",Binnen,50.0,Brandend,Overig asfalt,Droog,Duisternis,Droog,0137 BRUG,amsterdam,POINT (120923.80710000172 485307.3607000001),POINT (4.887023555598014 52.3546092248953),4.887023555598014,52.3546092248953,1,1,2,1
2920,182904,20220123494,2022,Uitsluitend materiele schade,2,fiets,fiets,Kop/staart,Rechte weg,Binnen,50.0,Niet brandend,Overig asfalt,Nat,Daglicht,Regen,Churchill-laan,amsterdam,POINT (121634.375 484414.50499999896),POINT (4.897541650919793 52.34662844157363),4.897541650919793,52.34662844157363,1,1,2,1
2921,182905,20220123498,2022,Uitsluitend materiele schade,2,bromfiets,bromfiets,Kop/staart,"Kruispunt, 4 takken",Binnen,50.0,Niet brandend,ZOAB,Droog,Daglicht,Droog,Nassaukade,amsterdam,POINT (120063.81329999864 487228.3062000014),POINT (4.874201209769381 52.37181930277221),4.874201209769381,52.37181930277221,1,1,2,1
2922,183045,20220142549,2022,Uitsluitend materiele schade,2,fiets,fiets,Flank,Rechte weg,Binnen,50.0,Brandend,Klinkers,Droog,Duisternis,Droog,Weesperzijde,amsterdam,POINT (122265.03400000185 485601.93200000003),POINT (4.906681149092645 52.35733818299713),4.906681149092645,52.35733818299713,1,1,2,1
2923,183168,20220124080,2022,Uitsluitend materiele schade,2,personenauto,fiets,Flank,Bocht,Binnen,30.0,Niet brandend,Overig asfalt,Droog,Daglicht,Droog,Jan van Galenstraat,amsterdam,POINT (119621.79899999872 487718.27800000086),POINT (4.867659345917768 52.376194508383676),4.867659345917768,52.37619450838368,1,1,2,1
2924,183212,20220155658,2022,Letsel,2,fiets,fiets,Onbekend,Bocht,Binnen,Unknown,Niet brandend,Overig asfalt,Droog,Daglicht,Droog,Vondelpark,amsterdam,POINT (119699.30999999866 485568.6550000012),POINT (4.869023288430105 52.35688024429024),4.869023288430105,52.35688024429024,1,1,1,1
2925,183302,20230048958,2023,Letsel,2,bromfiets,personenauto,Flank,Rechte weg,Binnen,50.0,Niet brandend,Overig asfalt,Droog,Daglicht,Droog,Sarphatistraat,amsterdam,POINT (122168.09899999946 485971.33300000057),POINT (4.9052222106790495 52.3606523270081),4.9052222106790495,52.3606523270081,1,1,1,1
2926,183317,20230059447,2023,Uitsluitend materiele schade,1,bromfiets,unknown,Onbekend,Rechte weg,Binnen,30.0,Niet brandend,Klinkers,Droog,Daglicht,Droog,Brouwersgracht,amsterdam,POINT (121197.55200000107 488091.9930000007),POINT (4.890761548810215 52.37965245666017),4.890761548810215,52.37965245666017,1,1,2,1
2927,183390,20230050743,2023,Letsel,2,personenauto,e-bike,Flank,"Kruispunt, 4 takken",Binnen,50.0,Brandend,ZOAB,Droog,Duisternis,Droog,FIETSPAD,amsterdam,POINT (122178.57330000028 487922.8938000016),POINT (4.905185431316922 52.378192235075545),4.905185431316922,52.378192235075545,1,1,1,1
2928,183452,20230058245,2023,Uitsluitend materiele schade,2,bromfiets,e-bike,Flank,"Kruispunt, 3 takken",Binnen,Unknown,Niet brandend,ZOAB,Droog,Daglicht,Droog,Meer en Vaart,amsterdam,POINT (115468.18600000069 486003.6539000012),POINT (4.806866124185624 52.360501505914264),4.806866124185624,52.36050150591426,1,1,2,1
2929,183453,20230059616,2023,Uitsluitend materiele schade,2,personenauto,fiets,Flank,"Kruispunt, 4 takken",Binnen,30.0,Brandend,Overig asfalt,Droog,Duisternis,Droog,Prins Hendrikkade,amsterdam,POINT (121762.96719999984 487760.9748999998),POINT (4.899098023460386 52.37671202187063),4.899098023460386,52.37671202187063,1,1,2,1
2930,183512,20230059754,2023,Uitsluitend materiele schade,1,bromfiets,unknown,Onbekend,"Kruispunt, 3 takken",Binnen,50.0,Brandend,Overig asfalt,Nat,Duisternis,Droog,Pontanusstraat,amsterdam,POINT (123647.47100000083 486537.22300000116),POINT (4.926886383565868 52.365824598980424),4.926886383565868,52.36582459898042,1,1,2,1
2931,183551,20230049310,2023,Uitsluitend materiele schade,2,bromfiets,bromfiets,Flank,"Kruispunt, 4 takken",Binnen,50.0,Niet brandend,Overig asfalt,Droog,Daglicht,Droog,Transformatorweg,amsterdam,POINT (118477 489503),POINT (4.850654089491816 52.392159244650905),4.850654089491816,52.392159244650905,1,1,2,1
2932,183643,20230048907,2023,Uitsluitend materiele schade,2,personenauto,fiets,Flank,"Kruispunt, 3 takken",Binnen,50.0,Niet brandend,Overig asfalt,Droog,Daglicht,Droog,Wethouder Van Essenweg,amsterdam,POINT (112918.95679999888 489849.3262999989),POINT (4.768963106823832 52.39487368381635),4.768963106823832,52.39487368381635,-1,0,2,0
2933,183721,20220212284,2022,Uitsluitend materiele schade,2,motor,fiets,Flank,"Kruispunt, 4 takken",Binnen,50.0,Brandend,Overig asfalt,Nat,Duisternis,Regen,Reguliersdwarsstraat,amsterdam,POINT (121355 486581),POINT (4.893225096229935 52.36608239446872),4.893225096229935,52.36608239446872,1,1,2,1
2934,183829,20220210141,2022,Uitsluitend materiele schade,2,bromfiets,personenauto,Flank,Rechte weg,Binnen,50.0,Niet brandend,Overig asfalt,Droog,Daglicht,Droog,Aletta Jacobslaan,amsterdam,POINT (117048.02899999917 484479.43200000003),POINT (4.83022953824643 52.34691436310695),4.83022953824643,52.34691436310695,1,1,2,1
2935,183830,20220211702,2022,Uitsluitend materiele schade,3,personenauto,e-bike,Onbekend,"Kruispunt, 4 takken",Binnen,50.0,Brandend,Overig asfalt,Nat,Duisternis,Droog,Overtoom,amsterdam,POINT (119460.98039999977 485963.11609999835),POINT (4.865483292639458 52.3604100132275),4.865483292639458,52.3604100132275,1,1,2,1
2936,183885,20220210399,2022,Uitsluitend materiele schade,2,personenauto,fiets,Onbekend,"Kruispunt, 4 takken",Binnen,50.0,Niet brandend,Overig asfalt,Nat,Daglicht,Regen,Parlevinkerpad,amsterdam,POINT (122918.24599999934 491060.7809999995),POINT (4.915748169634814 52.40643702122946),4.915748169634814,52.40643702122946,1,1,2,1
2937,183915,20220211864,2022,Letsel,1,e-bike,unknown,Eenzijdig,Rechte weg,Binnen,50.0,Brandend,Overig asfalt,Droog,Duisternis,Droog,Mauritskade,amsterdam,POINT (122809.1090000011 486040.19000000134),POINT (4.914625527341519 52.36130910458446),4.914625527341519,52.36130910458446,1,1,1,1
2938,183946,20220210497,2022,Uitsluitend materiele schade,1,bromfiets,unknown,Onbekend,Bocht,Binnen,50.0,Niet brandend,Beton,Nat,Daglicht,Droog,Buitenveldertselaan,amsterdam,POINT (119686.64939999953 481865.5412000008),POINT (4.869225873490273 52.3235983533193),4.869225873490273,52.3235983533193,1,1,2,1
2939,184001,20220210572,2022,Uitsluitend materiele schade,2,bestelauto,bromfiets,Flank,Bocht,Binnen,50.0,Niet aanwezig,Overig asfalt,Droog,Daglicht,Droog,Archimedesweg,amsterdam,POINT (124492.73999999836 485423.3729999997),POINT (4.939397291836031 52.35586162511926),4.939397291836031,52.35586162511926,1,1,2,1
2940,184466,20230111711,2023,Uitsluitend materiele schade,1,bromfiets,unknown,Voetganger,Rechte weg,Binnen,50.0,Niet brandend,Unknown,Droog,Daglicht,Droog,Overtoom,amsterdam,POINT (120167.92199999839 486227.45600000024),POINT (4.875833578446797 52.362830993825455),4.875833578446797,52.362830993825455,1,1,2,1
2941,184490,20230111285,2023,Letsel,2,fiets,fiets,Frontaal,"Kruispunt, 4 takken",Binnen,30.0,Brandend,Overig asfalt,Nat,Duisternis,Regen,Carolina MacGillavrylaan,amsterdam,POINT (125282.26190000027 485234.1363000013),POINT (4.951002837811698 52.35420415345874),4.951002837811698,52.35420415345874,1,1,1,1
2942,184605,20230074605,2023,Uitsluitend materiele schade,1,fiets,unknown,Flank,Rotonde,Binnen,Unknown,Niet brandend,Overig asfalt,Droog,Daglicht,Droog,Overschiestraat,amsterdam,POINT (117667.80759999901 484483.67390000075),POINT (4.839324398695728 52.34699493981202),4.839324398695728,52.34699493981202,1,1,2,1
2943,184607,20230074629,2023,Letsel,2,fiets,personenauto,Geparkeerd voertuig,Rechte weg,Binnen,30.0,Brandend,Klinkers,Droog,Duisternis,Droog,Van Ostadestraat,amsterdam,POINT (121672.22500000149 485133.375),POINT (4.898025907727135 52.353091465731126),4.898025907727135,52.353091465731126,1,1,1,1
2944,184615,20230023177,2023,Letsel,2,bromfiets,overig vast object,Vast voorwerp,"Kruispunt, 4 takken",Buiten,Unknown,Niet brandend,Overig asfalt,Droog,Daglicht,Droog,Kaapstadweg,amsterdam,POINT (110959.0709999986 491729.3909999989),POINT (4.739924051312558 52.41161610696087),4.739924051312558,52.41161610696087,-1,0,1,0
2945,184640,20230020956,2023,Uitsluitend materiele schade,2,bromfiets,personenauto,Flank,Rechte weg,Binnen,50.0,Niet brandend,Overig asfalt,Droog,Daglicht,Droog,Churchill-laan,amsterdam,POINT (121049.50800000131 484468.63599999994),POINT (4.8889531894814 52.34707911440854),4.8889531894814,52.34707911440854,1,1,2,1
2946,184641,20230020976,2023,Uitsluitend materiele schade,2,motor,fiets,Frontaal,Rechte weg,Binnen,30.0,Brandend,Overig asfalt,Droog,Duisternis,Droog,Ferdinand Bolstraat,amsterdam,POINT (121216.73099999875 484988.3830000013),POINT (4.891355055711306 52.351760558192886),4.891355055711306,52.351760558192886,1,1,2,1
2947,184697,20230077669,2023,Letsel,3,motor,fiets,Flank,Rechte weg,Binnen,50.0,Brandend,Overig asfalt,Droog,Duisternis,Droog,Bos en Lommerweg,amsterdam,POINT (118791.83999999985 488286.9910000004),POINT (4.855410230626212 52.38125156351115),4.855410230626212,52.38125156351115,1,1,1,1
2948,184711,20230023905,2023,Uitsluitend materiele schade,1,fiets,unknown,Eenzijdig,Rechte weg,Binnen,30.0,Brandend,Overig asfalt,Droog,Schemer,Droog,Willem de Zwijgerlaan,amsterdam,POINT (119284.5009999983 487141.15300000086),POINT (4.862767500045951 52.37098590245932),4.862767500045951,52.37098590245932,1,1,2,1
2949,184762,20230020563,2023,Uitsluitend materiele schade,3,personenauto,fiets,Frontaal,Rechte weg,Binnen,30.0,Niet brandend,Klinkers,Droog,Daglicht,Droog,Singel,amsterdam,POINT (121302.86899999902 487861.26900000125),POINT (4.892331380249098 52.37758534964978),4.892331380249098,52.37758534964978,1,1,2,1
2950,184798,20230022819,2023,Uitsluitend materiele schade,2,personenauto,fiets,Flank,"Kruispunt, 3 takken",Binnen,50.0,Niet brandend,Overig asfalt,Nat,Daglicht,Droog,Changiweg,amsterdam,POINT (117914.40069999918 489106.6030000001),POINT (4.842433218178729 52.388559016956876),4.842433218178729,52.38855901695688,1,1,2,1
2951,184853,20230022883,2023,Uitsluitend materiele schade,2,personenauto,fiets,Onbekend,Rechte weg,Binnen,30.0,Brandend,Overig asfalt,Droog,Duisternis,Droog,Reguliersdwarsstraat,amsterdam,POINT (121355 486581),POINT (4.893225096229935 52.36608239446872),4.893225096229935,52.36608239446872,1,1,2,1
2952,184854,20230022886,2023,Uitsluitend materiele schade,2,fiets,personenauto,Flank,Rechte weg,Binnen,30.0,Niet brandend,ZOAB,Droog,Daglicht,Droog,Uiterwaardenstraat,amsterdam,POINT (122071.21700000018 483983.4849999994),POINT (4.903994541747675 52.34278106098458),4.903994541747675,52.34278106098458,1,1,2,1
2953,184856,20230024674,2023,Uitsluitend materiele schade,2,bromfiets,personenauto,Flank,Rechte weg,Binnen,50.0,Niet brandend,Overig asfalt,Nat,Daglicht,Droog,L. van Sonsbeeckstraat,amsterdam,POINT (115083.8209999986 485895.5859999992),POINT (4.8012366457868145 52.35950248192743),4.801236645786815,52.35950248192743,1,1,2,1
2954,184876,20230077956,2023,Uitsluitend materiele schade,2,brommobiel,fiets,Flank,Rechte weg,Binnen,50.0,Niet brandend,Overig asfalt,Droog,Daglicht,Droog,Wolbrantskerkweg,amsterdam,POINT (114839.4059999995 485548.18299999833),POINT (4.797690307436285 52.3563624862106),4.797690307436285,52.3563624862106,1,1,2,1
2955,184901,20230078962,2023,Uitsluitend materiele schade,1,bromfiets,unknown,Voetganger,Rechte weg,Binnen,50.0,Niet brandend,ZOAB,Droog,Daglicht,Droog,Molukkenstraat,amsterdam,POINT (124505.94799999893 486476.3909999989),POINT (4.939495687894517 52.36532621189425),4.939495687894517,52.36532621189425,1,1,2,1
2956,184952,20230020230,2023,Letsel,2,fiets,personenauto,Flank,"Kruispunt, 4 takken",Binnen,50.0,Brandend,Overig asfalt,Droog,Duisternis,Droog,Europaplein,amsterdam,POINT (121290.72210000083 483915.42060000077),POINT (4.892548478554152 52.34212202786515),4.892548478554152,52.34212202786515,1,1,1,1
2957,184977,20230023046,2023,Uitsluitend materiele schade,3,fiets,fiets,Onbekend,Rechte weg,Binnen,Unknown,Brandend,Overig asfalt,Droog,Duisternis,Droog,Stadhouderskade,amsterdam,POINT (122067.07699999958 485754.6009999998),POINT (4.903760449957595 52.358698438835994),4.903760449957595,52.358698438836,1,1,2,1
2958,184988,20230103010,2023,Uitsluitend materiele schade,3,personenauto,fiets,Onbekend,"Kruispunt, 4 takken",Binnen,30.0,Unknown,Unknown,Droog,Daglicht,Droog,Andries Copierstraat,amsterdam,POINT (117491.1398999989 486727.28119999915),POINT (4.836481584992171 52.36714677749682),4.836481584992171,52.36714677749682,1,1,2,1
2959,185040,20230086432,2023,Uitsluitend materiele schade,1,fiets,unknown,Voetganger,"Kruispunt, 4 takken",Binnen,Unknown,Niet brandend,Overig asfalt,Nat,Daglicht,Regen,Gustav Mahlerlaan,amsterdam,POINT (120234.97700000182 483320.4891999997),POINT (4.877118304450581 52.336709417326986),4.877118304450581,52.336709417326986,1,1,2,1
2960,185162,20230087785,2023,Letsel,1,fiets,unknown,Eenzijdig,Rotonde,Binnen,30.0,Brandend,Overig asfalt,Nat,Duisternis,Regen,Postjesweg,amsterdam,POINT (118021.87750000134 486395.41479999945),POINT (4.844310285568831 52.36420020264365),4.844310285568831,52.36420020264365,1,1,1,1
2961,185184,20230087244,2023,Letsel,2,personenauto,bromfiets,Flank,"Kruispunt, 4 takken",Binnen,50.0,Niet brandend,ZOAB,Nat,Daglicht,Regen,Borneolaan,amsterdam,POINT (124434.05600000173 487123.57979999855),POINT (4.93838137178769 52.37113872607553),4.93838137178769,52.37113872607553,1,1,1,1
2962,185185,20230087825,2023,Uitsluitend materiele schade,2,motor,fiets,Kop/staart,Rechte weg,Binnen,50.0,Niet aanwezig,ZOAB,Droog,Daglicht,Droog,Elandsgracht,amsterdam,POINT (120268.21200000122 486861.40199999884),POINT (4.877240396569333 52.368534798333265),4.877240396569333,52.36853479833327,1,1,2,1
2963,185190,20230097172,2023,Uitsluitend materiele schade,3,personenauto,fiets,Onbekend,Rotonde,Binnen,50.0,Niet brandend,ZOAB,Nat,Daglicht,Regen,Burgemeester Röellstraat,amsterdam,POINT (115585.98900000006 487800.8574000001),POINT (4.808384703851334 52.37666179374922),4.808384703851334,52.37666179374922,1,1,2,1
2964,185227,20230086734,2023,Uitsluitend materiele schade,2,bromfiets,personenauto,Flank,"Kruispunt, 4 takken",Binnen,50.0,Niet brandend,Overig asfalt,Droog,Daglicht,Droog,Burgemeester Eliasstraat,amsterdam,POINT (116839.77540000156 488217.29100000113),POINT (4.826749193637247 52.380492938497994),4.826749193637247,52.380492938498,1,1,2,1
2965,185245,20230087947,2023,Letsel,2,personenauto,fiets,Onbekend,"Kruispunt, 4 takken",Binnen,50.0,Brandend,ZOAB,Droog,Duisternis,Droog,De Ruijterkade,amsterdam,POINT (122177.22470000014 487918.76309999824),POINT (4.905166029807351 52.37815503064225),4.905166029807351,52.37815503064225,1,1,1,1
2966,185256,20230097280,2023,Uitsluitend materiele schade,2,bromfiets,personenauto,Flank,Bocht,Binnen,50.0,Brandend,ZOAB,Nat,Duisternis,Regen,J.H. van Heekweg,amsterdam,POINT (125068.70899999887 490445.5406999998),POINT (4.947404172490559 52.401029217347435),4.947404172490559,52.40102921734744,1,1,2,1
2967,185295,20230097384,2023,Letsel,2,personenauto,fiets,Flank,Rechte weg,Buiten,50.0,Niet brandend,Overig asfalt,Droog,Daglicht,Droog,President Allendelaan,amsterdam,POINT (116148.21799999848 487043.21599999815),POINT (4.816728581418063 52.36989279140172),4.816728581418063,52.36989279140172,1,1,1,1
2968,185296,20230097952,2023,Uitsluitend materiele schade,2,motor,bromfiets,Flank,"Kruispunt, 4 takken",Binnen,50.0,Brandend,ZOAB,Droog,Duisternis,Droog,Nassaukade,amsterdam,POINT (120123.51319999993 487487.6658000015),POINT (4.87505089622948 52.374154032365695),4.87505089622948,52.374154032365695,1,1,2,1
2969,185401,20210084052,2021,Uitsluitend materiele schade,2,personenauto,fiets,Flank,"Kruispunt, 4 takken",Binnen,50.0,Niet brandend,Klinkers,Droog,Daglicht,Droog,Binnen Dommersstraat,amsterdam,POINT (120845.73600000143 488467.84540000185),POINT (4.885556548794962 52.38300856925894),4.885556548794962,52.38300856925894,1,1,2,1
2970,185413,20210075828,2021,Uitsluitend materiele schade,2,fiets,bromfiets,Frontaal,"Kruispunt, 4 takken",Binnen,30.0,Brandend,Overig asfalt,Nat,Duisternis,Regen,Piet Heinkade,amsterdam,POINT (123303.19110000134 487710.5667000003),POINT (4.921721182291018 52.37635005986095),4.921721182291018,52.37635005986095,1,1,2,1
2971,185422,20210087382,2021,Uitsluitend materiele schade,2,vrachtauto,fiets,Onbekend,"Kruispunt, 4 takken",Binnen,50.0,Niet brandend,Overig asfalt,Droog,Daglicht,Droog,Haarlemmerweg,amsterdam,POINT (118871.33229999989 488698.3977999985),POINT (4.856533448919866 52.38495420818772),4.856533448919866,52.38495420818772,1,1,2,1
2972,185466,20210079467,2021,Uitsluitend materiele schade,1,snorfiets,unknown,Onbekend,Rechte weg,Binnen,50.0,Niet brandend,Overig asfalt,Nat,Daglicht,Droog,De Clercqstraat,amsterdam,POINT (119927.43600000069 487184.43299999833),POINT (4.872203300310077 52.371416309417896),4.872203300310077,52.371416309417896,1,1,2,1
2973,185474,20210085178,2021,Letsel,2,personenauto,bromfiets,Flank,"Kruispunt, 3 takken",Binnen,30.0,Niet brandend,Overig asfalt,Droog,Daglicht,Droog,Kruislaan,amsterdam,POINT (124148.54509999976 484146.4140999988),POINT (4.934462180543775 52.34436589677764),4.934462180543775,52.34436589677764,1,1,1,1