,Unnamed: 0,accident_id,accident_year,outcome,num_parties,party1_type,party2_type,accident_nature,road_situation,built_up_area,speed_limit_kmh,street_lighting,road_surface,road_condition,light_condition,weather_condition,street_name,municipality,shape,geometry,longitude,latitude,cluster,future_hotspot_spatial,outcome_encoded,future_hotspot_pred
3222,200709,20230059536,2023,Uitsluitend materiele schade,2,e-bike,fiets,Flank,"Kruispunt, 3 takken",Binnen,50.0,Niet brandend,Klinkers,Droog,Daglicht,Droog,Olympiaplein,amsterdam,POINT (119557.8040000014 484416.08900000155),POINT (4.8670676023133925 52.346512677750894),4.8670676023133925,52.346512677750894,1,1,2,1
3223,200723,20230050784,2023,Letsel,2,motor,fiets,Kop/staart,Rechte weg,Binnen,30.0,Niet brandend,Overig asfalt,Droog,Daglicht,Droog,Meer en Vaart,amsterdam,POINT (115488.86800000072 486017.91699999943),POINT (4.8071680511140045 52.36063117940749),4.8071680511140045,52.36063117940749,1,1,1,1
3224,200756,20230039790,2023,Uitsluitend materiele schade,1,snorfiets,unknown,Voetganger,Rechte weg,Binnen,30.0,Niet brandend,Klinkers,Droog,Daglicht,Droog,Oudezijds Achterburgwal,amsterdam,POINT (121751.65900000185 487408.6229999997),POINT (4.8989668210461685 52.37354464751325),4.8989668210461685,52.37354464751325,1,1,2,1
3225,200761,20230050853,2023,Letsel,2,personenauto,fiets,Geparkeerd voertuig,Rechte weg,Binnen,50.0,Niet brandend,Klinkers,Droog,Daglicht,Droog,Nieuwendammerdijk,amsterdam,POINT (123813.54399999976 489386.9530000016),POINT (4.929060098529808 52.39144548400032),4.929060098529808,52.39144548400032,1,1,1,1
3226,200904,20230049962,2023,Letsel,2,bromfiets,e-bike,Flank,"Kruispunt, 3 takken",Binnen,30.0,Niet brandend,Overig asfalt,Droog,Daglicht,Droog,Chet Bakerstraat,amsterdam,POINT (116855.36510000005 484228.7325000018),POINT (4.827430587965325 52.344647921335145),4.827430587965325,52.344647921335145,1,1,1,1
3227,200972,20220211569,2022,Uitsluitend materiele schade,3,personenauto,fiets,Flank,"Kruispunt, 4 takken",Binnen,50.0,Brandend,Overig asfalt,Nat,Duisternis,Regen,Parlevinkerpad,amsterdam,POINT (122918.24599999934 491060.7809999995),POINT (4.915748169634814 52.40643702122946),4.915748169634814,52.40643702122946,1,1,2,1
3228,201131,20220211089,2022,Uitsluitend materiele schade,2,bromfiets,fiets,Flank,Rechte weg,Binnen,50.0,Niet brandend,Overig asfalt,Droog,Daglicht,Droog,Willem de Zwijgerlaan,amsterdam,POINT (119282.20499999821 487721.99599999934),POINT (4.8626720576564715 52.37620593719865),4.862672057656472,52.37620593719865,1,1,2,1
3229,201158,20220211798,2022,Uitsluitend materiele schade,2,bestelauto,fiets,Onbekend,"Kruispunt, 4 takken",Binnen,50.0,Niet brandend,Overig asfalt,Droog,Daglicht,Droog,Hoofdweg,amsterdam,POINT (118636.6400000006 486391.7857000008),POINT (4.85333592987145 52.364208630674504),4.85333592987145,52.3642086306745,1,1,2,1
3230,201221,20220211227,2022,Uitsluitend materiele schade,2,personenauto,fiets,Frontaal,"Kruispunt, 4 takken",Binnen,30.0,Brandend,Klinkers,Nat,Duisternis,Regen,Hemonystraat,amsterdam,POINT (121943.44330000132 485662.567400001),POINT (4.901954657496992 52.35786387744737),4.901954657496992,52.35786387744737,1,1,2,1
3231,201320,20220210646,2022,Uitsluitend materiele schade,2,bromfiets,bestelauto,Flank,"Kruispunt, 4 takken",Binnen,50.0,Niet brandend,Overig asfalt,Droog,Daglicht,Droog,Jan van Galenstraat,amsterdam,POINT (118622 487430),POINT (4.853008651567407 52.37353835490957),4.853008651567407,52.37353835490957,1,1,2,1
3232,201321,20220211997,2022,Uitsluitend materiele schade,2,fiets,vrachtauto,Kop/staart,Bocht,Binnen,50.0,Niet brandend,Overig asfalt,Droog,Daglicht,Droog,Verbindingsdam,amsterdam,POINT (124356.24500000104 487730.256000001),POINT (4.937183533559667 52.376586792191006),4.937183533559667,52.376586792191006,1,1,2,1
3233,201860,20230111963,2023,Uitsluitend materiele schade,2,bromfiets,fiets,Voetganger,Rechte weg,Binnen,30.0,Brandend,ZOAB,Nat,Duisternis,Regen,Weteringschans,amsterdam,POINT (120914.3909999989 486054.6279999986),POINT (4.886809623000567 52.361324564275286),4.886809623000567,52.361324564275286,1,1,2,1
3234,201953,20230024328,2023,Letsel,1,bromfiets,unknown,Eenzijdig,Rechte weg,Binnen,30.0,Niet brandend,Klinkers,Droog,Daglicht,Droog,Willem de Zwijgerlaan,amsterdam,POINT (119257.2650000006 487997.6550000012),POINT (4.862276494640258 52.37868172987846),4.862276494640258,52.37868172987846,1,1,1,1
3235,201974,20230020387,2023,Letsel,2,bromfiets,fiets,Frontaal,Rechte weg,Binnen,80.0,Niet brandend,Beton,Nat,Schemer,Regen,Provincialeweg,amsterdam,POINT (129014.20499999821 480243.97199999914),POINT (5.006164571199677 52.30954434663286),5.006164571199677,52.30954434663286,-1,0,1,0
3236,202046,20230067707,2023,Uitsluitend materiele schade,1,fiets,unknown,Voetganger,Rechte weg,Binnen,Unknown,Niet aanwezig,ZOAB,Droog,Daglicht,Unknown,Jan Evertsenstraat,amsterdam,POINT (117164.72700000182 487112.561999999),POINT (4.831645888639217 52.3705869935899),4.831645888639217,52.3705869935899,1,1,2,1
3237,202049,20230079136,2023,Letsel,2,snorfiets,fiets,Onbekend,Rechte weg,Binnen,50.0,Niet brandend,ZOAB,Droog,Daglicht,Droog,Meer en Vaart,amsterdam,POINT (115436.9459999986 486122.8289999999),POINT (4.806393514484166 52.3615703082678),4.806393514484166,52.3615703082678,1,1,1,1
3238,202058,20230020492,2023,Uitsluitend materiele schade,1,bromfiets,unknown,Onbekend,Rechte weg,Binnen,50.0,Brandend,Overig asfalt,Nat,Duisternis,Regen,Cornelis Krusemanstraat,amsterdam,POINT (119212.1409999989 484921.6790000014),POINT (4.861941214263649 52.35103416468754),4.861941214263649,52.35103416468754,1,1,2,1
3239,202134,20230074486,2023,Uitsluitend materiele schade,2,personenauto,fiets,Onbekend,Rechte weg,Binnen,30.0,Brandend,Overig asfalt,Droog,Duisternis,Droog,Kinkerstraat,amsterdam,POINT (119131.11300000176 486416.8920000009),POINT (4.8605925567987045 52.36446678106743),4.8605925567987045,52.36446678106743,1,1,2,1
3240,202135,20230074683,2023,Letsel,2,personenauto,fiets,Frontaal,"Kruispunt, 4 takken",Binnen,30.0,Brandend,Klinkers,Droog,Duisternis,Droog,Nicolaas Beetsstraat,amsterdam,POINT (119469.45699999854 486528.3900000006),POINT (4.865547998896304 52.36549083499989),4.865547998896304,52.36549083499989,1,1,1,1
3241,202150,20230020624,2023,Letsel,2,personenauto,fiets,Flank,"Kruispunt, 4 takken",Binnen,30.0,Brandend,Overig asfalt,Droog,Duisternis,Droog,Jan van Galenstraat,amsterdam,POINT (119621.79899999872 487718.27800000086),POINT (4.867659345917768 52.376194508383676),4.867659345917768,52.37619450838368,1,1,1,1
3242,202152,20230024654,2023,Letsel,2,bromfiets,personenauto,Flank,"Kruispunt, 4 takken",Binnen,50.0,Brandend,Overig asfalt,Nat,Duisternis,Regen,Jan van Galenstraat,amsterdam,POINT (117624.3601000011 487349.8958999999),POINT (4.8383682720973376 52.37275144274491),4.8383682720973376,52.37275144274491,1,1,1,1
3243,202192,20230036492,2023,Letsel,2,fiets,fiets,Kop/staart,"Kruispunt, 4 takken",Binnen,30.0,Niet brandend,Klinkers,Droog,Daglicht,Droog,Govert Flinckstraat,amsterdam,POINT (121017.97140000015 485258.183699999),POINT (4.888410644827988 52.35417308761112),4.888410644827988,52.35417308761112,1,1,1,1
3244,202335,20230088142,2023,Uitsluitend materiele schade,2,personenauto,fiets,Flank,"Kruispunt, 3 takken",Binnen,50.0,Niet brandend,Overig asfalt,Nat,Daglicht,Regen,Van Neckstraat,amsterdam,POINT (121090.20769999921 489234.5828000009),POINT (4.88906973508 52.38991459387023),4.88906973508,52.38991459387023,1,1,2,1
3245,202560,20230087259,2023,Uitsluitend materiele schade,2,personenauto,fiets,Flank,Rechte weg,Binnen,30.0,Niet brandend,Klinkers,Droog,Daglicht,Droog,Jan Springerhof,amsterdam,POINT (114703.99799999967 487927.6479999982),POINT (4.795417559050422 52.37773725914188),4.795417559050422,52.37773725914188,1,1,2,1
3246,202641,20230097948,2023,Uitsluitend materiele schade,2,bromfiets,fiets,Flank,"Kruispunt, 3 takken",Binnen,50.0,Brandend,Klinkers,Droog,Duisternis,Droog,Prins Hendrikkade,amsterdam,POINT (121721.85509999841 487780.4125000015),POINT (4.898492363041033 52.376884223060415),4.898492363041033,52.376884223060415,1,1,2,1
3247,202709,20210080819,2021,Uitsluitend materiele schade,2,personenauto,bromfiets,Flank,"Kruispunt, 3 takken",Binnen,50.0,Brandend,Overig asfalt,Droog,Duisternis,Droog,SCHELLINGWOUDE 15,amsterdam,POINT (126389.61059999838 489035.95540000126),POINT (4.96693265964024 52.38843127817772),4.96693265964024,52.38843127817772,1,1,2,1
3248,202738,20210083088,2021,Uitsluitend materiele schade,2,fiets,bromfiets,Frontaal,Rechte weg,Binnen,30.0,Niet aanwezig,Overig asfalt,Droog,Daglicht,Droog,Boymansweg,amsterdam,POINT (116865.68699999899 486540.39400000125),POINT (4.827320006236481 52.36542410815614),4.827320006236481,52.36542410815614,1,1,2,1
3249,202855,20210086494,2021,Letsel,4,snorfiets,bestelauto,Flank,Rechte weg,Binnen,50.0,Niet brandend,Overig asfalt,Droog,Daglicht,Droog,Tussen Meer,amsterdam,POINT (114490.19099999964 485581.71599999815),POINT (4.792560435129765 52.35663821450801),4.792560435129765,52.35663821450801,1,1,1,1
3250,202900,20210029320,2021,Letsel,2,fiets,e-bike,Flank,"Kruispunt, 3 takken",Binnen,50.0,Niet brandend,ZOAB,Droog,Daglicht,Droog,Stadhouderskade,amsterdam,POINT (121703.57899999991 485634.44299999997),POINT (4.898436505727996 52.35759662924934),4.898436505727996,52.35759662924934,1,1,1,1
3251,202963,20210007980,2021,Uitsluitend materiele schade,1,bromfiets,unknown,Kop/staart,Rechte weg,Binnen,50.0,Niet brandend,Overig asfalt,Nat,Daglicht,Droog,Van Baerlestraat,amsterdam,POINT (120541.83999999985 485241.7580000013),POINT (4.881423854207915 52.35399581018821),4.881423854207915,52.35399581018821,1,1,2,1
3252,203054,20210023727,2021,Uitsluitend materiele schade,2,bestelauto,snorfiets,Flank,"Kruispunt, 4 takken",Binnen,50.0,Niet brandend,Overig asfalt,Droog,Daglicht,Droog,Theodorus Dobbestraat,amsterdam,POINT (117476.56010000035 488051.62629999965),POINT (4.836119666915804 52.37904796766395),4.836119666915804,52.37904796766395,1,1,2,1
3253,203136,20210002267,2021,Uitsluitend materiele schade,2,personenauto,bromfiets,Onbekend,Bocht,Binnen,50.0,Brandend,Overig asfalt,Droog,Duisternis,Droog,Buikslotermeerplein,amsterdam,POINT (124446 490254),POINT (4.938272000376835 52.39927346475112),4.938272000376835,52.39927346475112,1,1,2,1
3254,203157,20210029131,2021,Uitsluitend materiele schade,1,bromfiets,unknown,Voetganger,Rechte weg,Binnen,50.0,Niet brandend,Overig asfalt,Droog,Daglicht,Unknown,Postjesweg,amsterdam,POINT (117735.20100000128 486385.8110000007),POINT (4.84010269447167 52.36409451611622),4.84010269447167,52.36409451611622,1,1,2,1
3255,203218,20210033619,2021,Uitsluitend materiele schade,3,bromfiets,personenauto,Eenzijdig,Rechte weg,Binnen,50.0,Niet brandend,Overig asfalt,Droog,Daglicht,Droog,Mauritskade,amsterdam,POINT (122594.81300000101 485953.12999999896),POINT (4.911488044563223 52.36051406787703),4.911488044563223,52.36051406787703,1,1,2,1
3256,203261,20210002443,2021,Letsel,1,fiets,unknown,Eenzijdig,"Kruispunt, 3 takken",Binnen,Unknown,Brandend,Klinkers,Sneeuw/ijzel,Duisternis,Regen,Johannes Vermeerplein,amsterdam,POINT (120695 485399),POINT (4.883655834742751 52.355418577408955),4.883655834742751,52.35541857740896,1,1,1,1
3257,203476,20210070115,2021,Uitsluitend materiele schade,2,personenauto,fiets,Kop/staart,Rechte weg,Binnen,30.0,Brandend,Klinkers,Droog,Duisternis,Unknown,Eerste Oosterparkstraat,amsterdam,POINT (122823.04699999839 485604.59699999914),POINT (4.914871809484456 52.357395099398154),4.914871809484456,52.35739509939816,1,1,2,1
3258,203478,20210035488,2021,Uitsluitend materiele schade,1,snorfiets,unknown,Onbekend,Unknown,Unknown,50.0,Unknown,Unknown,Unknown,Duisternis,Unknown,Nieuwezijds Voorburgwal,amsterdam,POINT (121340.76399999857 487648.80900000036),POINT (4.892909163951795 52.37567823577364),4.892909163951795,52.37567823577364,1,1,2,1
3259,203481,20210037343,2021,Uitsluitend materiele schade,3,personenauto,fiets,Onbekend,"Kruispunt, 4 takken",Binnen,50.0,Niet brandend,Klinkers,Nat,Daglicht,Unknown,Okeghemstraat,amsterdam,POINT (119288.45499999821 484953.9985000007),POINT (4.863057809508924 52.351329594675086),4.863057809508924,52.351329594675086,1,1,2,1
3260,203488,20210047889,2021,Uitsluitend materiele schade,2,bus,fiets,Flank,"Kruispunt, 4 takken",Binnen,50.0,Niet brandend,Beton,Droog,Daglicht,Droog,Van Speijkstraat,amsterdam,POINT (119121.6585999988 486894.36620000005),POINT (4.860402803018942 52.36875735070478),4.860402803018942,52.36875735070478,1,1,2,1
3261,203497,20210056977,2021,Letsel,3,fiets,personenauto,Onbekend,"Kruispunt, 3 takken",Binnen,50.0,Niet brandend,Klinkers,Droog,Schemer,Droog,Kruislaan,amsterdam,POINT (123850.04349999875 483840.1700000018),POINT (4.9301101701724095 52.34159672658091),4.9301101701724095,52.34159672658091,1,1,1,1
3262,203531,20210060674,2021,Uitsluitend materiele schade,3,fiets,fiets,Onbekend,Rechte weg,Binnen,50.0,Brandend,Overig asfalt,Droog,Duisternis,Unknown,Ceintuurbaan,amsterdam,POINT (121319.80999999866 485122.8660000004),POINT (4.892854467245355 52.35297552886028),4.892854467245355,52.35297552886028,1,1,2,1
3263,203561,20210057963,2021,Letsel,2,personenauto,fiets,Flank,"Kruispunt, 3 takken",Binnen,50.0,Niet brandend,Overig asfalt,Droog,Daglicht,Droog,Dijkmanshuizenstraat,amsterdam,POINT (125550.81949999928 489878.3894999996),POINT (4.954537702963636 52.395958142021136),4.954537702963636,52.395958142021136,1,1,1,1
3264,203593,20210046815,2021,Uitsluitend materiele schade,2,personenauto,fiets,Onbekend,Unknown,Unknown,50.0,Unknown,Unknown,Unknown,Daglicht,Unknown,Van der Hoopstraat,amsterdam,POINT (120066.09200000018 488633.8280000016),POINT (4.874088539973774 52.384451237258695),4.874088539973774,52.384451237258695,1,1,2,1
3265,203670,20210064501,2021,Uitsluitend materiele schade,2,fiets,fiets,Onbekend,Rotonde,Binnen,Unknown,Niet brandend,Overig asfalt,Droog,Daglicht,Droog,Rozenburglaan,amsterdam,POINT (124439.79100000113 483605.21599999815),POINT (4.938785187168075 52.33951820741923),4.938785187168075,52.33951820741923,1,1,2,1
3266,203812,20210058758,2021,Uitsluitend materiele schade,2,trein/tram,fiets,Flank,"Kruispunt, 3 takken",Binnen,30.0,Niet brandend,Beton,Droog,Daglicht,Droog,Waterlooplein,amsterdam,POINT (122055.57239999995 486786.1576000005),POINT (4.903490510890662 52.3679686776376),4.903490510890662,52.3679686776376,1,1,2,1
3267,203858,20210088331,2021,Letsel,3,personenauto,fiets,Onbekend,Rechte weg,Binnen,50.0,Niet brandend,Overig asfalt,Droog,Daglicht,Droog,Molukkenstraat,amsterdam,POINT (124505.94799999893 486476.3909999989),POINT (4.939495687894517 52.36532621189425),4.939495687894517,52.36532621189425,1,1,1,1
3268,204411,20220081343,2022,Letsel,2,personenauto,snorfiets,Frontaal,Rechte weg,Binnen,50.0,Niet brandend,Overig asfalt,Droog,Daglicht,Droog,Buiksloterdijk,amsterdam,POINT (122320.20100000128 491025.02699999884),POINT (4.906963396353082 52.406080392706016),4.906963396353082,52.406080392706016,1,1,1,1
3269,204422,20220016403,2022,Uitsluitend materiele schade,2,personenauto,e-bike,Flank,"Kruispunt, 4 takken",Unknown,50.0,Brandend,Overig asfalt,Nat,Duisternis,Droog,Burgemeester Röellstraat,amsterdam,POINT (116874 487549),POINT (4.82732765260282 52.37448924814632),4.82732765260282,52.37448924814632,1,1,2,1
3270,204454,20220016589,2022,Uitsluitend materiele schade,2,personenauto,snorfiets,Flank,Rechte weg,Binnen,50.0,Niet brandend,Overig asfalt,Droog,Daglicht,Droog,Amstelveenseweg,amsterdam,POINT (118771.05799999833 485328.05999999866),POINT (4.855423887958066 52.35465752104136),4.855423887958066,52.35465752104136,1,1,2,1
3271,204475,20220080808,2022,Letsel,2,bromfiets,overig vast object,Vast voorwerp,Rechte weg,Binnen,30.0,Niet brandend,Klinkers,Droog,Daglicht,Droog,Delflandlaan,amsterdam,POINT (117772.35200000182 484902.6550000012),POINT (4.840812253364385 52.35076752973598),4.840812253364385,52.35076752973598,1,1,1,1
3272,204476,20220081504,2022,Uitsluitend materiele schade,2,personenauto,fiets,Flank,"Kruispunt, 3 takken",Binnen,50.0,Brandend,Overig asfalt,Droog,Duisternis,Droog,De Clercqstraat,amsterdam,POINT (119525.63980000094 487029.2404999994),POINT (4.866319987455948 52.36999574510904),4.866319987455948,52.36999574510904,1,1,2,1
3273,204530,20220016744,2022,Letsel,2,bromfiets,e-bike,Flank,"Kruispunt, 4 takken",Binnen,30.0,Brandend,Overig asfalt,Droog,Duisternis,Droog,IJburglaan,amsterdam,POINT (127604.44700000063 485963.5304999985),POINT (4.9850279788618375 52.3608802053993),4.9850279788618375,52.3608802053993,-1,0,1,0
3274,204543,20220055306,2022,Letsel,1,fiets,unknown,Eenzijdig,Rechte weg,Binnen,30.0,Niet brandend,Overig asfalt,Droog,Daglicht,Droog,Jodenbreestraat,amsterdam,POINT (122090.31899999827 486850.8900000006),POINT (4.9039943313273495 52.36855253097672),4.9039943313273495,52.36855253097672,1,1,1,1
3275,204752,20220102052,2022,Uitsluitend materiele schade,2,personenauto,fiets,Flank,"Kruispunt, 4 takken",Binnen,50.0,Niet brandend,Overig asfalt,Droog,Daglicht,Droog,Mercatorstraat,amsterdam,POINT (118413.65019999817 487364.05959999934),POINT (4.849956428965846 52.37293189031246),4.849956428965846,52.37293189031246,1,1,2,1
3276,204755,20220102135,2022,Uitsluitend materiele schade,2,fiets,personenauto,Flank,Rechte weg,Binnen,Unknown,Niet brandend,Overig asfalt,Droog,Daglicht,Unknown,Nassaukade,amsterdam,POINT (120267.71499999985 486658.06500000134),POINT (4.877254106416452 52.366707319844444),4.877254106416452,52.36670731984445,1,1,2,1
3277,204780,20220102758,2022,Uitsluitend materiele schade,2,personenauto,bromfiets,Flank,"Kruispunt, 4 takken",Binnen,50.0,Niet brandend,Overig asfalt,Droog,Daglicht,Droog,Burg Rendorpstraat,amsterdam,POINT (116934.46460000053 487780.7281000018),POINT (4.828189279840021 52.37657603217465),4.828189279840021,52.37657603217465,1,1,2,1
3278,204812,20220102623,2022,Uitsluitend materiele schade,2,personenauto,bromfiets,Flank,"Kruispunt, 4 takken",Binnen,50.0,Niet brandend,Overig asfalt,Droog,Daglicht,Droog,FIETSPAD,amsterdam,POINT (124579.41120000184 479275.3658000007),POINT (4.9412246251175 52.300611703732),4.9412246251175,52.300611703732,0,1,2,1
3279,204813,20220103164,2022,Uitsluitend materiele schade,2,bromfiets,personenauto,Flank,"Kruispunt, 3 takken",Binnen,50.0,Niet brandend,Overig asfalt,Droog,Daglicht,Droog,Anske Lammingastraat,amsterdam,POINT (116575.72179999948 485512.1345000006),POINT (4.823180447000205 52.35616269410775),4.823180447000205,52.35616269410775,1,1,2,1
3280,204841,20220102726,2022,Uitsluitend materiele schade,2,personenauto,fiets,Flank,"Kruispunt, 4 takken",Binnen,50.0,Niet brandend,ZOAB,Droog,Daglicht,Droog,Bloemgracht,amsterdam,POINT (120206.20100000128 487469.3680000007),POINT (4.8762669961352305 52.37399483073155),4.876266996135231,52.37399483073155,1,1,2,1
3281,204886,20220015775,2022,Letsel,1,e-bike,unknown,Eenzijdig,Rechte weg,Binnen,50.0,Niet brandend,Overig asfalt,Nat,Daglicht,Droog,Amstelstraat,amsterdam,POINT (121738.08799999952 486592.0480000004),POINT (4.898848341969997 52.36620501925296),4.898848341969997,52.36620501925296,1,1,1,1
3282,204900,20220055054,2022,Letsel,1,bromfiets,unknown,Eenzijdig,Rechte weg,Binnen,50.0,Brandend,Unknown,Droog,Duisternis,Droog,Pieter Calandlaan,amsterdam,POINT (116558.54300000146 485511.99500000104),POINT (4.8229283098146745 52.35616023862477),4.8229283098146745,52.35616023862477,1,1,1,1
3283,204930,20220015933,2022,Uitsluitend materiele schade,3,bromfiets,fiets,Frontaal,Rechte weg,Binnen,30.0,Niet brandend,ZOAB,Droog,Daglicht,Droog,Valentijnkade,amsterdam,POINT (125526.3909999989 485698.6570000015),POINT (4.954545404998119 52.358392128928344),4.954545404998119,52.35839212892834,1,1,2,1
3284,204947,20230087807,2023,Uitsluitend materiele schade,2,personenauto,fiets,Onbekend,Unknown,Unknown,Unknown,Unknown,Unknown,Unknown,Daglicht,Unknown,Prins Hendrikkade,amsterdam,POINT (121780.42799999937 487762.5859999992),POINT (4.8993542778875385 52.376727557957345),4.8993542778875385,52.37672755795735,1,1,2,1
3285,204973,20230111132,2023,Dodelijk,2,personenauto,fiets,Flank,"Kruispunt, 4 takken",Binnen,50.0,Niet brandend,Overig asfalt,Droog,Daglicht,Droog,Arent Janszoon Ernststr,amsterdam,POINT (119675 482823.2829999998),POINT (4.868954578675511 52.33220516036615),4.868954578675511,52.33220516036615,1,1,0,1
3286,205184,20230004575,2023,Uitsluitend materiele schade,2,personenauto,fiets,Flank,Rotonde,Binnen,50.0,Niet brandend,Overig asfalt,Droog,Daglicht,Droog,Schipluidenlaan,amsterdam,POINT (117641.57860000059 485523.05249999836),POINT (4.838824078599955 52.356334329455684),4.838824078599955,52.35633432945568,1,1,2,1
3287,205222,20230004404,2023,Uitsluitend materiele schade,1,fiets,unknown,Voetganger,Rechte weg,Binnen,50.0,Niet brandend,Klinkers,Droog,Daglicht,Droog,Amsteldijk,amsterdam,POINT (121458.31100000069 481732.6319999993),POINT (4.895224995285315 52.32251476116223),4.895224995285315,52.32251476116223,-1,0,2,0
3288,205257,20230004638,2023,Uitsluitend materiele schade,1,bromfiets,unknown,Onbekend,"Kruispunt, 3 takken",Binnen,50.0,Niet brandend,ZOAB,Droog,Daglicht,Droog,Schinkelkade,amsterdam,POINT (118580.97250000015 484912.27600000054),POINT (4.852678873554128 52.35090818626605),4.852678873554128,52.35090818626605,1,1,2,1
3289,205294,20230004477,2023,Letsel,2,fiets,motor,Flank,"Kruispunt, 4 takken",Binnen,50.0,Brandend,Overig asfalt,Droog,Duisternis,Droog,Ruyschstraat,amsterdam,POINT (122499.25499999896 485612.2129999995),POINT (4.910118217981135 52.357444487671934),4.910118217981135,52.357444487671934,1,1,1,1
3290,205332,20230004137,2023,Letsel,2,bromfiets,personenauto,Frontaal,Rechte weg,Binnen,50.0,Brandend,Overig asfalt,Nat,Duisternis,Droog,De Savornin Lohmanstraat,amsterdam,POINT (115584.1959999986 487566.28500000015),POINT (4.808385888001234 52.374553519607936),4.808385888001234,52.374553519607936,1,1,1,1
3291,205792,20230004200,2023,Uitsluitend materiele schade,2,bestelauto,snorfiets,Flank,"Kruispunt, 3 takken",Binnen,50.0,Niet brandend,Overig asfalt,Nat,Daglicht,Regen,Nieuwe Tuinstraat,amsterdam,POINT (120311.53390000015 487734.2265000008),POINT (4.877786382945084 52.37638184953809),4.877786382945084,52.37638184953809,1,1,2,1
3292,205816,20210091709,2021,Letsel,2,fiets,personenauto,Frontaal,Rechte weg,Binnen,30.0,Niet brandend,Overig asfalt,Droog,Daglicht,Droog,Koningin Wilhelminaplein,amsterdam,POINT (117771.93499999866 485204.37999999896),POINT (4.840772747984784 52.35347918481667),4.840772747984784,52.35347918481667,1,1,1,1
3293,206002,20220177887,2022,Letsel,3,snorfiets,overig wegmeubilair,Vast voorwerp,Rechte weg,Binnen,50.0,Brandend,Overig asfalt,Nat,Duisternis,Regen,Radarweg,amsterdam,POINT (117473.47700000182 488996.15100000054),POINT (4.8359688707717545 52.387536394161884),4.8359688707717545,52.38753639416189,1,1,1,1
3294,206003,20220177888,2022,Letsel,1,e-bike,unknown,Eenzijdig,Rechte weg,Binnen,30.0,Brandend,Klinkers,Nat,Duisternis,Unknown,Leidsestraat,amsterdam,POINT (120751.61400000006 486473.4210000001),POINT (4.8843774058640435 52.36507825751637),4.884377405864044,52.36507825751637,1,1,1,1
3295,206139,20220123705,2022,Uitsluitend materiele schade,1,fiets,unknown,Onbekend,Rechte weg,Binnen,30.0,Niet brandend,ZOAB,Nat,Daglicht,Regen,Van Baerlestraat,amsterdam,POINT (120275.51399999857 485886.59099999815),POINT (4.877448275272322 52.35977435193673),4.877448275272322,52.35977435193673,1,1,2,1
3296,206150,20220142504,2022,Uitsluitend materiele schade,3,personenauto,fiets,Onbekend,"Kruispunt, 4 takken",Binnen,50.0,Niet brandend,Overig asfalt,Droog,Daglicht,Droog,Javastraat,amsterdam,POINT (123892.3440000005 486255.19299999997),POINT (4.930507590715959 52.36330382094795),4.930507590715959,52.36330382094795,1,1,2,1
3297,206191,20220155325,2022,Uitsluitend materiele schade,2,fiets,fiets,Flank,"Kruispunt, 4 takken",Binnen,Unknown,Niet brandend,ZOAB,Droog,Daglicht,Droog,Christoffel Plantijnpad,amsterdam,POINT (116300.42199999839 485871.90729999915),POINT (4.81909816090234 52.35937673162389),4.81909816090234,52.35937673162389,1,1,2,1
3298,206302,20220155573,2022,Letsel,2,bromfiets,voetganger,Voetganger,Rechte weg,Binnen,50.0,Niet brandend,ZOAB,Droog,Daglicht,Droog,Heemstedestraat,amsterdam,POINT (118355.39400000125 484986.73800000176),POINT (4.849360067325739 52.351562399558276),4.849360067325739,52.35156239955828,1,1,1,1
3299,206320,20220124083,2022,Uitsluitend materiele schade,2,bromfiets,fiets,Onbekend,Bocht,Binnen,50.0,Unknown,Unknown,Droog,Daglicht,Unknown,Papaverweg,amsterdam,POINT (122488.58999999985 489829.9120000005),POINT (4.909553618745542 52.39534959181023),4.909553618745542,52.39534959181023,1,1,2,1
3300,206334,20220155603,2022,Uitsluitend materiele schade,2,personenauto,fiets,Frontaal,"Kruispunt, 4 takken",Binnen,30.0,Brandend,Overig asfalt,Droog,Schemer,Droog,Houtkopersdwarsstraat,amsterdam,POINT (121981.26080000028 486903.48800000176),POINT (4.9023879280643285 52.369018699641934),4.9023879280643285,52.369018699641934,1,1,2,1
3301,206335,20220155625,2022,Letsel,2,bromfiets,fiets,Flank,"Kruispunt, 4 takken",Binnen,50.0,Niet brandend,Overig asfalt,Droog,Daglicht,Droog,Parnassusweg,amsterdam,POINT (119688.76410000026 483152.4604999982),POINT (4.869121988544143 52.33516447276574),4.869121988544143,52.33516447276574,1,1,1,1
3302,206403,20220124186,2022,Uitsluitend materiele schade,2,personenauto,bromfiets,Flank,Rechte weg,Binnen,50.0,Niet brandend,Overig asfalt,Nat,Daglicht,Regen,Van Woustraat,amsterdam,POINT (122038.10799999908 484940.4070000015),POINT (4.903414984015161 52.351379267927236),4.903414984015161,52.35137926792724,1,1,2,1
3303,206405,20220124195,2022,Uitsluitend materiele schade,2,motor,fiets,Flank,"Kruispunt, 3 takken",Binnen,50.0,Niet brandend,ZOAB,Droog,Daglicht,Droog,Sarphatistraat,amsterdam,POINT (122174.14600000158 485973.0379999988),POINT (4.905310813012183 52.360668011771835),4.905310813012183,52.36066801177184,1,1,2,1