,Unnamed: 0,accident_id,accident_year,outcome,num_parties,party1_type,party2_type,accident_nature,road_situation,built_up_area,speed_limit_kmh,street_lighting,road_surface,road_condition,light_condition,weather_condition,street_name,municipality,shape,geometry,longitude,latitude,cluster,future_hotspot_spatial,outcome_encoded,future_hotspot_pred
3304,206632,20230058303,2023,Uitsluitend materiele schade,2,personenauto,fiets,Kop/staart,Rechte weg,Binnen,50.0,Niet brandend,Klinkers,Droog,Daglicht,Droog,Rokin,amsterdam,POINT (121347.06300000101 487293.0159999989),POINT (4.893037289888801 52.37248100758414),4.893037289888801,52.37248100758414,1,1,2,1
3305,206663,20230059710,2023,Uitsluitend materiele schade,2,bromfiets,personenauto,Flank,"Kruispunt, 4 takken",Binnen,30.0,Niet brandend,Overig asfalt,Droog,Daglicht,Droog,Akoleienstraat,amsterdam,POINT (120351 487339),POINT (4.878406689109745 52.37283233374779),4.878406689109745,52.37283233374779,1,1,2,1
3306,206800,20230048880,2023,Uitsluitend materiele schade,2,personenauto,bromfiets,Kop/staart,Rechte weg,Binnen,50.0,Niet brandend,Klinkers,Droog,Daglicht,Droog,Oosteinde,amsterdam,POINT (121903.4290000014 485819.5709999986),POINT (4.901351843955014 52.35927251079075),4.901351843955014,52.35927251079075,1,1,2,1
3307,206892,20220212252,2022,Uitsluitend materiele schade,2,personenauto,fiets,Flank,Bocht,Binnen,30.0,Brandend,Klinkers,Nat,Duisternis,Mist,Lijnbaansgracht,amsterdam,POINT (120801.16200000048 486200.16699999943),POINT (4.885132622385043 52.36262552959532),4.885132622385043,52.36262552959532,1,1,2,1
3308,206989,20220210111,2022,Letsel,1,fiets,unknown,Eenzijdig,Rechte weg,Binnen,30.0,Brandend,Klinkers,Droog,Duisternis,Droog,Herengracht,amsterdam,POINT (121238.41600000113 486482.3599999994),POINT (4.891523364473424 52.365188733089475),4.891523364473424,52.36518873308948,1,1,1,1
3309,207258,20220211373,2022,Letsel,2,snorfiets,bestelauto,Kop/staart,"Kruispunt, 4 takken",Binnen,50.0,Niet brandend,Overig asfalt,Droog,Daglicht,Droog,Van Slingelandtstraat,amsterdam,POINT (119467.59160000086 488645.875599999),POINT (4.865296725611205 52.38452109822569),4.865296725611205,52.38452109822569,1,1,1,1
3310,207302,20220210745,2022,Letsel,2,fiets,fiets,Frontaal,"Kruispunt, 4 takken",Binnen,30.0,Brandend,Klinkers,Nat,Duisternis,Droog,Zeedijk,amsterdam,POINT (121839.30460000038 487350.1488999985),POINT (4.900259583426527 52.37302442307114),4.900259583426527,52.37302442307114,1,1,1,1
3311,207303,20220211435,2022,Letsel,1,fiets,unknown,Eenzijdig,Rechte weg,Binnen,50.0,Niet brandend,Unknown,Droog,Daglicht,Droog,Laan van Vlaanderen,amsterdam,POINT (116086.49199999869 484718.1469999999),POINT (4.816091295135992 52.348992506119295),4.816091295135992,52.348992506119295,1,1,1,1
3312,207331,20220210765,2022,Letsel,2,fiets,fiets,Frontaal,Rechte weg,Binnen,30.0,Brandend,Klinkers,Droog,Duisternis,Droog,Termini,amsterdam,POINT (124007.88399999961 490615.36499999836),POINT (4.931801550700262 52.402496583557635),4.931801550700262,52.40249658355764,1,1,1,1
3313,207359,20220212167,2022,Letsel,2,fiets,fiets,Onbekend,Rechte weg,Binnen,30.0,Brandend,Klinkers,Droog,Schemer,Droog,Prinsengracht,amsterdam,POINT (120793.92100000009 487792.3779999986),POINT (4.88486430309559 52.37693473629868),4.88486430309559,52.37693473629868,1,1,1,1
3314,207645,20230111765,2023,Uitsluitend materiele schade,1,bromfiets,unknown,Eenzijdig,"Kruispunt, 3 takken",Binnen,30.0,Brandend,Klinkers,Nat,Duisternis,Droog,Jacob van Lennepkade,amsterdam,POINT (119808.96229999885 486463.1556000002),POINT (4.870539218133524 52.36492641268375),4.870539218133524,52.36492641268375,1,1,2,1
3315,207671,20230111901,2023,Letsel,2,personenauto,bromfiets,Flank,Rechte weg,Binnen,50.0,Niet brandend,Klinkers,Nat,Daglicht,Droog,Zekeringstraat,amsterdam,POINT (118535.5859999992 489991.34699999914),POINT (4.851461683669482 52.39655201415283),4.851461683669482,52.39655201415283,1,1,1,1
3316,207703,20230024256,2023,Uitsluitend materiele schade,1,fiets,unknown,Onbekend,Rechte weg,Binnen,30.0,Niet brandend,Klinkers,Droog,Daglicht,Droog,Herengracht,amsterdam,POINT (121435.6950000003 486474.23999999836),POINT (4.89442048346464 52.36512784691726),4.89442048346464,52.36512784691726,1,1,2,1
3317,207827,20230023221,2023,Uitsluitend materiele schade,3,bromfiets,fiets,Onbekend,"Kruispunt, 4 takken",Binnen,30.0,Niet brandend,Overig asfalt,Droog,Daglicht,Droog,Polderweg,amsterdam,POINT (123659.76220000163 485583.5425999984),POINT (4.927155709908057 52.35725424342136),4.927155709908057,52.35725424342136,1,1,2,1
3318,207841,20230067976,2023,Letsel,3,fiets,fiets,Onbekend,Rechte weg,Binnen,50.0,Niet brandend,Overig asfalt,Droog,Daglicht,Droog,Overtoom,amsterdam,POINT (119153.44000000134 485837.86499999836),POINT (4.860982060294046 52.359264364266295),4.860982060294046,52.359264364266295,1,1,1,1
3319,207846,20230077522,2023,Letsel,2,bromfiets,bestelauto,Eenzijdig,Rechte weg,Binnen,50.0,Niet brandend,Overig asfalt,Droog,Daglicht,Droog,Gustav Mahlerlaan,amsterdam,POINT (119823.93400000036 483319.66099999845),POINT (4.871087642021741 52.33667582502782),4.871087642021741,52.33667582502782,1,1,1,1
3320,207855,20230023269,2023,Letsel,2,personenauto,fiets,Frontaal,"Kruispunt, 4 takken",Binnen,50.0,Brandend,Overig asfalt,Droog,Duisternis,Droog,2e Van der Helststraat,amsterdam,POINT (121437.88599999994 485147.28400000185),POINT (4.894585061244837 52.35320220647382),4.894585061244837,52.35320220647382,1,1,1,1
3321,207924,20230078880,2023,Letsel,2,bromfiets,personenauto,Geparkeerd voertuig,Rechte weg,Binnen,30.0,Niet brandend,Klinkers,Droog,Daglicht,Droog,Hemsterhuisstraat,amsterdam,POINT (116899.10799999908 486235.868999999),POINT (4.827845174391956 52.362689591342544),4.827845174391956,52.362689591342544,1,1,1,1
3322,207979,20230020650,2023,Uitsluitend materiele schade,2,fiets,personenauto,Flank,"Kruispunt, 4 takken",Binnen,50.0,Niet brandend,Overig asfalt,Droog,Schemer,Droog,Jacob van Lennepstraat,amsterdam,POINT (119976.07690000162 486607.5603),POINT (4.872977611140594 52.366234899960915),4.872977611140594,52.36623489996092,1,1,2,1
3323,208361,20230097214,2023,Uitsluitend materiele schade,3,vrachtauto,fiets,Onbekend,"Kruispunt, 4 takken",Binnen,50.0,Niet brandend,Overig asfalt,Nat,Schemer,Droog,Hondsrugweg,amsterdam,POINT (124690.2190000005 480217.8060000017),POINT (4.942764382888902 52.3090879648585),4.942764382888902,52.3090879648585,0,1,2,1
3324,208375,20230087304,2023,Uitsluitend materiele schade,3,fiets,personenauto,Flank,Rechte weg,Binnen,50.0,Niet aanwezig,Klinkers,Droog,Daglicht,Droog,Spaarndammerstraat,amsterdam,POINT (120353.86100000143 489366.15900000185),POINT (4.8782396356130135 52.39105111424095),4.8782396356130135,52.39105111424095,1,1,2,1
3325,208493,20210087316,2021,Letsel,2,fiets,bromfiets,Flank,Rechte weg,Binnen,50.0,Niet brandend,Klinkers,Nat,Daglicht,Unknown,Bijlmerdreef,amsterdam,POINT (126565.2190000005 481551.993999999),POINT (4.970144713493876 52.3211790410906),4.970144713493876,52.3211790410906,0,1,1,1
3326,208494,20210087332,2021,Letsel,2,snorfiets,personenauto,Flank,Rotonde,Binnen,50.0,Brandend,Overig asfalt,Droog,Duisternis,Droog,Plesmanlaan,amsterdam,POINT (114849.30319999903 484592.34650000185),POINT (4.797949646739081 52.347772902900175),4.797949646739081,52.347772902900175,1,1,1,1
3327,208538,20210078633,2021,Letsel,2,bromfiets,voetganger,Voetganger,Rechte weg,Binnen,30.0,Niet brandend,Overig asfalt,Droog,Daglicht,Droog,IJburglaan,amsterdam,POINT (127454.50400000066 486083.2989999987),POINT (4.982817006453158 52.3619491152722),4.982817006453158,52.3619491152722,-1,0,1,0
3328,208649,20210087225,2021,Uitsluitend materiele schade,2,fiets,personenauto,Flank,"Kruispunt, 4 takken",Binnen,50.0,Niet brandend,Overig asfalt,Droog,Daglicht,Droog,Spaarndammerdijk,amsterdam,POINT (119195.3898999989 489522.27910000086),POINT (4.861205290109658 52.39237984767924),4.861205290109658,52.39237984767924,1,1,2,1
3329,208768,20210020923,2021,Uitsluitend materiele schade,3,personenauto,fiets,Geparkeerd voertuig,Rechte weg,Binnen,50.0,Niet brandend,Klinkers,Droog,Daglicht,Droog,Westerkade,amsterdam,POINT (120273.40500000119 487568.66099999845),POINT (4.877243570778957 52.37489145789256),4.877243570778957,52.37489145789256,1,1,2,1
3330,208851,20210028970,2021,Uitsluitend materiele schade,2,bestelauto,e-bike,Frontaal,Unknown,Binnen,50.0,Niet brandend,Overig asfalt,Droog,Daglicht,Droog,Matthijs Vermeulenpad,amsterdam,POINT (120207.60689999908 483668.5309000015),POINT (4.876680770951642 52.33983565293434),4.876680770951642,52.33983565293434,1,1,2,1
3331,208971,20210033834,2021,Letsel,2,bromfiets,fiets,Flank,"Kruispunt, 4 takken",Binnen,30.0,Niet brandend,Overig asfalt,Droog,Daglicht,Droog,Weesperzijde,amsterdam,POINT (122291.44099999964 485493.09600000083),POINT (4.907079352384935 52.35636161021765),4.907079352384935,52.35636161021765,1,1,1,1
3332,209022,20210019355,2021,Uitsluitend materiele schade,2,snorfiets,fiets,Flank,Rechte weg,Binnen,50.0,Niet brandend,Overig asfalt,Droog,Daglicht,Droog,Plesmanlaan,amsterdam,POINT (115916.96299999952 484964.74500000104),POINT (4.8135746845423615 52.35119670928171),4.8135746845423615,52.35119670928171,1,1,2,1
3333,209094,20210002445,2021,Uitsluitend materiele schade,2,bromfiets,personenauto,Onbekend,Rechte weg,Binnen,30.0,Brandend,Klinkers,Droog,Duisternis,Droog,Keizersgracht,amsterdam,POINT (120803.60000000149 487170.5379999988),POINT (4.885069713586889 52.37134668939062),4.885069713586889,52.37134668939062,1,1,2,1
3334,209120,20210012400,2021,Uitsluitend materiele schade,2,personenauto,bromfiets,Flank,"Kruispunt, 3 takken",Binnen,50.0,Niet brandend,Klinkers,Droog,Daglicht,Droog,Maasstraat,amsterdam,POINT (121482.3770999983 484188.76740000024),POINT (4.895333539703824 52.34459041116417),4.895333539703824,52.34459041116417,1,1,2,1
3335,209173,20210080778,2021,Letsel,1,snorfiets,unknown,Eenzijdig,Rechte weg,Binnen,30.0,Niet brandend,Klinkers,Sneeuw/ijzel,Daglicht,Regen,Hakfort,amsterdam,POINT (125669.11499999836 479903.5480000004),POINT (4.957145110160465 52.30631663668841),4.957145110160465,52.30631663668841,0,1,1,1
3336,209181,20210058775,2021,Letsel,3,bromfiets,personenauto,Flank,Rechte weg,Binnen,50.0,Niet brandend,ZOAB,Nat,Daglicht,Droog,Amsteldijk,amsterdam,POINT (122584.75299999863 484513.51999999955),POINT (4.911479071288601 52.34757520330902),4.911479071288601,52.34757520330902,1,1,1,1
3337,209202,20210054752,2021,Uitsluitend materiele schade,2,snorfiets,bromfiets,Kop/staart,"Kruispunt, 4 takken",Binnen,50.0,Brandend,ZOAB,Droog,Duisternis,Droog,Linnaeusstraat,amsterdam,POINT (123543 485890),POINT (4.925413130903322 52.360001810585906),4.925413130903322,52.36000181058591,1,1,2,1
3338,209205,20210055404,2021,Uitsluitend materiele schade,2,fiets,personenauto,Flank,"Kruispunt, 3 takken",Binnen,50.0,Brandend,Overig asfalt,Nat,Duisternis,Droog,Weteringschans,amsterdam,POINT (120898.76940000057 486028.8104999997),POINT (4.886582915980709 52.36109156499025),4.886582915980709,52.36109156499025,1,1,2,1
3339,209234,20210054769,2021,Letsel,3,bromfiets,overig wegmeubilair,Vast voorwerp,Bocht,Binnen,50.0,Brandend,Overig asfalt,Droog,Duisternis,Droog,Gooiseweg,amsterdam,POINT (123907.25299999863 484143.19900000095),POINT (4.93092164714734 52.34432340396068),4.93092164714734,52.34432340396068,1,1,1,1
3340,209387,20210072155,2021,Uitsluitend materiele schade,1,fiets,unknown,Onbekend,Bocht,Buiten,Unknown,Niet aanwezig,Overig asfalt,Nat,Daglicht,Unknown,Jaagpad,amsterdam,POINT (118129.10399999842 483748.72300000116),POINT (4.846174507138638 52.34042086761163),4.846174507138638,52.34042086761163,1,1,2,1
3341,209413,20210068720,2021,Uitsluitend materiele schade,2,e-bike,fiets,Onbekend,Rotonde,Binnen,50.0,Brandend,Overig asfalt,Nat,Duisternis,Regen,Meeuwenlaan,amsterdam,POINT (123467.9840000011 488967.9112999998),POINT (4.924023157561213 52.387659689680525),4.924023157561213,52.387659689680525,1,1,2,1
3342,209432,20210040602,2021,Letsel,2,personenauto,snorfiets,Flank,Rotonde,Binnen,50.0,Niet brandend,Overig asfalt,Droog,Daglicht,Droog,Cornelis Lelylaan,amsterdam,POINT (116881.5207999982 485729.05409999937),POINT (4.827644433021292 52.35813350576288),4.827644433021292,52.35813350576288,1,1,1,1
3343,209563,20210065517,2021,Uitsluitend materiele schade,2,snorfiets,bestelauto,Flank,"Rechte weg, gescheiden rijbanen",Binnen,50.0,Niet brandend,Overig asfalt,Droog,Daglicht,Unknown,Pieter Calandlaan,amsterdam,POINT (115668.49100000039 485283.65900000185),POINT (4.809890705597986 52.354045132239946),4.809890705597986,52.354045132239946,1,1,2,1
3344,209571,20210037051,2021,Letsel,2,bromfiets,personenauto,Frontaal,"Kruispunt, 4 takken",Binnen,50.0,Niet brandend,Overig asfalt,Droog,Daglicht,Droog,Turbinestraat,amsterdam,POINT (118636.71920000017 489462.9521000013),POINT (4.853004723723483 52.391809931618965),4.853004723723483,52.391809931618965,1,1,1,1
3345,209625,20210067157,2021,Letsel,2,personenauto,fiets,Frontaal,Rechte weg,Binnen,50.0,Brandend,ZOAB,Nat,Duisternis,Regen,J.F. van Hengelstraat,amsterdam,POINT (124557.45969999954 487424.11400000006),POINT (4.940166129496294 52.37384658370301),4.940166129496294,52.37384658370301,1,1,1,1
3346,209637,20210036516,2021,Uitsluitend materiele schade,3,fiets,fiets,Onbekend,Rechte weg,Binnen,Unknown,Niet brandend,Overig asfalt,Nat,Daglicht,Unknown,Kanaaldijk West,amsterdam,POINT (129863.86300000176 480667.4820000008),POINT (5.018591606768808 52.31339012392158),5.018591606768808,52.31339012392158,-1,0,2,0
3347,209650,20210065606,2021,Uitsluitend materiele schade,2,personenauto,e-bike,Flank,"Kruispunt, 4 takken",Binnen,50.0,Niet brandend,ZOAB,Droog,Daglicht,Unknown,Leuvenstraat,amsterdam,POINT (116320.75200000033 484416.70270000026),POINT (4.819563889559137 52.346299890564026),4.819563889559137,52.346299890564026,1,1,2,1
3348,209651,20210065632,2021,Uitsluitend materiele schade,2,personenauto,snorfiets,Kop/staart,"Kruispunt, 3 takken",Binnen,50.0,Niet brandend,Overig asfalt,Droog,Daglicht,Droog,Stadionplein,amsterdam,POINT (118911.29470000044 484257.6121000014),POINT (4.857597047650138 52.34504632281341),4.857597047650138,52.34504632281341,1,1,2,1
3349,209786,20210076258,2021,Uitsluitend materiele schade,2,bestelauto,bromfiets,Kop/staart,Rechte weg,Binnen,50.0,Niet brandend,Overig asfalt,Nat,Daglicht,Droog,Amstellandlaan,amsterdam,POINT (130816.55600000173 480311.5229999982),POINT (5.032587776578119 52.310233634096505),5.032587776578119,52.310233634096505,-1,0,2,0
3350,209828,20210092246,2021,Uitsluitend materiele schade,2,bromfiets,fiets,Flank,"Kruispunt, 4 takken",Binnen,50.0,Niet brandend,Overig asfalt,Nat,Daglicht,Droog,Wijttenbachstraat,amsterdam,POINT (123888.11129999906 486035.0342000015),POINT (4.930465819285362 52.36132493717997),4.930465819285362,52.36132493717997,1,1,2,1
3351,209896,20230004125,2023,Uitsluitend materiele schade,2,personenauto,bromfiets,Onbekend,Unknown,Unknown,50.0,Unknown,Unknown,Unknown,Daglicht,Unknown,Volendammerweg,amsterdam,POINT (125796.67399999872 489484.31599999964),POINT (4.958183970783842 52.392429615897775),4.958183970783842,52.392429615897775,1,1,2,1
3352,209971,20210091251,2021,Letsel,3,fiets,vrachtauto,Onbekend,Rechte weg,Binnen,50.0,Niet brandend,Overig asfalt,Droog,Daglicht,Droog,Rozengracht,amsterdam,POINT (120318 487326),POINT (4.877923465754311 52.37271341598058),4.877923465754311,52.37271341598058,1,1,1,1
3353,210039,20219036359,2021,Uitsluitend materiele schade,1,fiets,unknown,Frontaal,Rechte weg,Binnen,50.0,Niet brandend,Overig asfalt,Droog,Daglicht,Droog,Nassaukade,amsterdam,POINT (120377.85399999842 488176.8060000017),POINT (4.8787146871001195 52.38036361440582),4.87871468710012,52.38036361440582,1,1,2,1
3354,210447,20220055520,2022,Uitsluitend materiele schade,2,fiets,personenauto,Frontaal,Rechte weg,Binnen,50.0,Niet brandend,Overig asfalt,Droog,Daglicht,Droog,Werengouw,amsterdam,POINT (125509.2949000001 489421.07719999924),POINT (4.953967809157808 52.39184590260271),4.953967809157808,52.39184590260271,1,1,2,1
3355,210473,20220036086,2022,Uitsluitend materiele schade,2,personenauto,snorfiets,Flank,"Kruispunt, 4 takken",Binnen,50.0,Niet brandend,Overig asfalt,Droog,Daglicht,Droog,Bijlmerdreef,amsterdam,POINT (126230.45100000128 481376.1770000011),POINT (4.965249729556529 52.31958148383823),4.965249729556529,52.31958148383823,0,1,2,1
3356,210481,20220055636,2022,Uitsluitend materiele schade,2,personenauto,fiets,Onbekend,"Kruispunt, 4 takken",Binnen,50.0,Niet brandend,Klinkers,Droog,Daglicht,Droog,Nolensstraat,amsterdam,POINT (115026.3841000013 487666.10080000013),POINT (4.800182993701491 52.375410256167854),4.800182993701491,52.375410256167854,1,1,2,1
3357,210600,20220102349,2022,Uitsluitend materiele schade,1,fiets,unknown,Onbekend,"Kruispunt, 4 takken",Binnen,50.0,Brandend,Overig asfalt,Nat,Duisternis,Regen,Tweede Kostverlorenkade,amsterdam,POINT (119458.48900000006 487040.5229999982),POINT (4.865332831456794 52.37009280216857),4.865332831456794,52.37009280216857,1,1,2,1
3358,210601,20220103167,2022,Uitsluitend materiele schade,1,e-bike,unknown,Voetganger,Rechte weg,Binnen,50.0,Niet brandend,Klinkers,Droog,Daglicht,Droog,Flevopark,amsterdam,POINT (125292.89200000092 486152.19000000134),POINT (4.951077784364765 52.362455623081594),4.951077784364765,52.3624556230816,1,1,2,1
3359,210652,20220054888,2022,Letsel,2,personenauto,fiets,Flank,"Kruispunt, 4 takken",Binnen,50.0,Niet brandend,Klinkers,Droog,Daglicht,Droog,Joh.M. Coenenstraat,amsterdam,POINT (120424.65349999815 484992.41589999944),POINT (4.87972946712184 52.35174753305182),4.87972946712184,52.35174753305182,1,1,1,1
3360,210685,20220054967,2022,Uitsluitend materiele schade,2,bestelauto,fiets,Voetganger,"Kruispunt, 4 takken",Binnen,30.0,Niet brandend,Overig asfalt,Droog,Daglicht,Droog,Bosboom Toussaintstraat,amsterdam,POINT (120125.41220000014 486503.382100001),POINT (4.875180896966023 52.36530812347228),4.875180896966023,52.36530812347228,1,1,2,1
3361,210929,20230059826,2023,Uitsluitend materiele schade,2,bestelauto,fiets,Onbekend,Unknown,Unknown,Unknown,Unknown,Unknown,Unknown,Daglicht,Unknown,Haarlemmerplein,amsterdam,POINT (120671.81399999931 488705.3269999996),POINT (4.882977858426174 52.38513202982345),4.882977858426174,52.38513202982345,1,1,2,1
3362,210982,20230006084,2023,Uitsluitend materiele schade,2,bromfiets,fiets,Flank,Rechte weg,Binnen,30.0,Niet brandend,Overig asfalt,Droog,Daglicht,Droog,Spaklerweg,amsterdam,POINT (123355.97300000116 483050.9770000018),POINT (4.922934579584487 52.3344757230173),4.922934579584487,52.3344757230173,1,1,2,1
3363,211036,20230004086,2023,Uitsluitend materiele schade,2,personenauto,fiets,Flank,"Kruispunt, 3 takken",Binnen,30.0,Brandend,Overig asfalt,Droog,Duisternis,Droog,Stadhouderskade,amsterdam,POINT (121319.8636999987 485662.7672000006),POINT (4.892801202072413 52.357827798097624),4.892801202072413,52.35782779809762,1,1,2,1
3364,211037,20230004451,2023,Letsel,2,bestelauto,fiets,Flank,"Kruispunt, 4 takken",Binnen,50.0,Niet brandend,Overig asfalt,Nat,Daglicht,Regen,Hobbemakade,amsterdam,POINT (120872.0203000009 485051.2910999991),POINT (4.886289416391227 52.35230463158546),4.886289416391227,52.35230463158546,1,1,1,1
3365,211440,20210051692,2021,Letsel,2,personenauto,fiets,Flank,"Kruispunt, 4 takken",Binnen,30.0,Brandend,Overig asfalt,Droog,Schemer,Droog,De Ruijterkade,amsterdam,POINT (122503.16930000111 487823.2963999994),POINT (4.909961954935388 52.377316430975746),4.909961954935388,52.37731643097575,1,1,1,1
3366,211477,20210064154,2021,Letsel,2,bromfiets,fiets,Frontaal,"Kruispunt, 4 takken",Binnen,30.0,Niet brandend,Overig asfalt,Droog,Daglicht,Unknown,Kruislaan,amsterdam,POINT (125108.42870000005 485056.8225999996),POINT (4.948467112531704 52.352601137942116),4.948467112531704,52.35260113794212,1,1,1,1
3367,211621,20210092247,2021,Letsel,3,bromfiets,personenauto,Onbekend,"Kruispunt, 4 takken",Binnen,50.0,Niet brandend,Overig asfalt,Nat,Daglicht,Regen,Hugo de Grootkade,amsterdam,POINT (120118.78669999912 487409.62319999933),POINT (4.8749895911405305 52.37345234233326),4.8749895911405305,52.37345234233326,1,1,1,1
3368,211648,20210069182,2021,Letsel,2,bromfiets,personenauto,Flank,"Kruispunt, 4 takken",Binnen,50.0,Brandend,Overig asfalt,Nat,Duisternis,Droog,De Savornin Lohmanstraat,amsterdam,POINT (115698 487544),POINT (4.810059616922694 52.37436139764761),4.810059616922694,52.37436139764761,1,1,1,1
3369,211656,20220177683,2022,Uitsluitend materiele schade,2,personenauto,fiets,Flank,Rechte weg,Binnen,30.0,Brandend,Overig asfalt,Droog,Duisternis,Droog,De Clercqstraat,amsterdam,POINT (119998.53000000119 487207.2430000007),POINT (4.873244819869726 52.37162584497748),4.873244819869726,52.37162584497748,1,1,2,1
3370,211691,20220177400,2022,Uitsluitend materiele schade,2,personenauto,fiets,Kop/staart,"Kruispunt, 3 takken",Binnen,50.0,Brandend,Klinkers,Droog,Duisternis,Droog,Watersteeg,amsterdam,POINT (121283.46700000018 486955.79300000146),POINT (4.892137291390595 52.36944638466738),4.892137291390595,52.36944638466738,1,1,2,1
3371,211705,20220123191,2022,Letsel,2,fiets,voetganger,Voetganger,Rechte weg,Binnen,30.0,Niet brandend,Klinkers,Nat,Daglicht,Droog,Keizersgracht,amsterdam,POINT (121186.58199999854 486338.15300000086),POINT (4.890776876864781 52.36388951251385),4.890776876864781,52.36388951251385,1,1,1,1
3372,211736,20220123245,2022,Uitsluitend materiele schade,2,bestelauto,fiets,Flank,"Kruispunt, 3 takken",Binnen,30.0,Niet brandend,Klinkers,Nat,Daglicht,Regen,Notweg,amsterdam,POINT (115021.40300000086 486554.08999999985),POINT (4.800242109504592 52.36541604861395),4.800242109504592,52.36541604861395,1,1,2,1
3373,211737,20220123325,2022,Letsel,2,personenauto,fiets,Flank,Rotonde,Binnen,50.0,Brandend,Overig asfalt,Droog,Daglicht,Droog,Burgemeester Röellstraat,amsterdam,POINT (116353.815200001 487667.91000000015),POINT (4.8196754705497415 52.37552155087834),4.8196754705497415,52.37552155087834,1,1,1,1
3374,211747,20220142078,2022,Letsel,1,bromfiets,unknown,Eenzijdig,Unknown,Unknown,Unknown,Unknown,Unknown,Unknown,Duisternis,Unknown,Dr. D.M. Sluyspad,amsterdam,POINT (122270.9290000014 486658.86199999973),POINT (4.906664816665485 52.36683750763185),4.906664816665485,52.36683750763185,1,1,1,1
3375,211789,20220142195,2022,Letsel,2,bromfiets,personenauto,Flank,Rechte weg,Binnen,50.0,Niet brandend,Overig asfalt,Nat,Daglicht,Regen,Ookmeerweg,amsterdam,POINT (114555.14600000158 486400.3605999984),POINT (4.793415408492655 52.36400031723458),4.793415408492655,52.36400031723458,1,1,1,1
3376,211829,20220178267,2022,Letsel,2,personenauto,bromfiets,Flank,Rechte weg,Binnen,50.0,Niet brandend,Overig asfalt,Droog,Daglicht,Droog,Burg De Vlugtlaan,amsterdam,POINT (116894.13399999961 488205.0940000005),POINT (4.827548899501798 52.38038709734137),4.827548899501798,52.38038709734137,1,1,1,1
3377,211845,20220142297,2022,Uitsluitend materiele schade,2,bromfiets,fiets,Flank,"Kruispunt, 4 takken",Binnen,50.0,Niet brandend,Overig asfalt,Droog,Daglicht,Droog,Sarphatistraat,amsterdam,POINT (122350.29199999943 486026.3500000015),POINT (4.907891427006411 52.361157641612415),4.907891427006411,52.361157641612415,1,1,2,1
3378,211909,20220123757,2022,Letsel,2,personenauto,bromfiets,Onbekend,"Kruispunt, 3 takken",Binnen,50.0,Niet brandend,Overig asfalt,Droog,Daglicht,Droog,Tafelbergweg,amsterdam,POINT (125915.86549999937 477976.9305000007),POINT (4.960929009594575 52.289014272556265),4.960929009594575,52.289014272556265,-1,0,1,0
3379,211917,20220155274,2022,Uitsluitend materiele schade,2,bromfiets,e-bike,Frontaal,Rechte weg,Binnen,50.0,Brandend,Overig asfalt,Droog,Duisternis,Droog,Sloterdijkerweg,amsterdam,POINT (118425.76199999824 489122.2010000013),POINT (4.84994287336824 52.38873351233012),4.84994287336824,52.38873351233012,1,1,2,1
3380,211979,20220123931,2022,Uitsluitend materiele schade,2,e-bike,fiets,Flank,"Kruispunt, 4 takken",Binnen,Unknown,Niet brandend,ZOAB,Droog,Daglicht,Unknown,Baden Powellweg,amsterdam,POINT (114583.69289999828 484920.5287999995),POINT (4.794012312409332 52.35070287602785),4.794012312409332,52.35070287602785,1,1,2,1
3381,212026,20220155455,2022,Uitsluitend materiele schade,2,fiets,fiets,Onbekend,Rechte weg,Binnen,30.0,Niet brandend,Overig asfalt,Droog,Daglicht,Droog,Weteringschans,amsterdam,POINT (121386.15300000086 485847.5920000002),POINT (4.893755781559271 52.3594929371108),4.893755781559271,52.3594929371108,1,1,2,1
3382,212027,20220155503,2022,Letsel,1,bromfiets,unknown,Eenzijdig,Unknown,Binnen,50.0,Brandend,Overig asfalt,Droog,Duisternis,Droog,Marnixstraat,amsterdam,POINT (120484.26399999857 488165.8139999993),POINT (4.880278583473512 52.38027152656313),4.880278583473512,52.38027152656313,1,1,1,1
3383,212166,20220155710,2022,Letsel,2,personenauto,fiets,Flank,"Kruispunt, 4 takken",Binnen,50.0,Niet brandend,Overig asfalt,Droog,Daglicht,Droog,De Lairessestraat,amsterdam,POINT (120194.17929999903 485326.94209999964),POINT (4.876312235344029 52.35473947201889),4.876312235344029,52.35473947201889,1,1,1,1
3384,212237,20230040196,2023,Uitsluitend materiele schade,2,bromfiets,overig vast object,Vast voorwerp,Rechte weg,Binnen,50.0,Brandend,Overig asfalt,Droog,Duisternis,Droog,Mauritskade,amsterdam,POINT (122687.19299999997 486003.23900000006),POINT (4.912839347024282 52.36096985581937),4.912839347024282,52.36096985581937,1,1,2,1
3385,212239,20230040749,2023,Letsel,4,fiets,personenauto,Frontaal,"Kruispunt, 3 takken",Binnen,50.0,Brandend,Klinkers,Droog,Duisternis,Droog,Dammerweg,amsterdam,POINT (133025 476934),POINT (5.0651908994576855 52.27997049413434),5.0651908994576855,52.27997049413434,-1,0,1,0
3386,212304,20230058770,2023,Uitsluitend materiele schade,2,snorfiets,personenauto,Flank,"Kruispunt, 4 takken",Binnen,30.0,Niet brandend,Unknown,Nat,Daglicht,Regen,Surinameplein,amsterdam,POINT (118540.94929999858 485732.6206),POINT (4.8520025685130825 52.35827819605222),4.8520025685130825,52.35827819605222,1,1,2,1