,Unnamed: 0,accident_id,accident_year,outcome,num_parties,party1_type,party2_type,accident_nature,road_situation,built_up_area,speed_limit_kmh,street_lighting,road_surface,road_condition,light_condition,weather_condition,street_name,municipality,shape,geometry,longitude,latitude,cluster,future_hotspot_spatial,outcome_encoded,future_hotspot_pred
3635,227561,20220016750,2022,Uitsluitend materiele schade,1,bromfiets,unknown,Frontaal,Rechte weg,Binnen,30.0,Brandend,Klinkers,Droog,Duisternis,Unknown,Prinsengracht,amsterdam,POINT (120622.78299999982 487002.6770000011),POINT (4.882431890712307 52.36982678578933),4.882431890712307,52.36982678578933,1,1,2,1
3636,227606,20220035793,2022,Uitsluitend materiele schade,2,personenauto,fiets,Flank,"Kruispunt, 4 takken",Binnen,50.0,Niet brandend,Overig asfalt,Droog,Daglicht,Droog,Basisweg,amsterdam,POINT (117498.9646999985 489434.5190999992),POINT (4.836294293483275 52.39147783529354),4.836294293483275,52.39147783529354,1,1,2,1
3637,227741,20220081304,2022,Uitsluitend materiele schade,2,personenauto,fiets,Flank,"Kruispunt, 4 takken",Binnen,50.0,Niet brandend,ZOAB,Droog,Daglicht,Droog,Radarweg,amsterdam,POINT (117430.78709999844 488814.66050000116),POINT (4.835362119204851 52.38590238280303),4.835362119204851,52.38590238280303,1,1,2,1
3638,227840,20220103084,2022,Uitsluitend materiele schade,1,snorfiets,unknown,Voetganger,Unknown,Binnen,30.0,Unknown,Unknown,Droog,Schemer,Unknown,Prinsengracht,amsterdam,POINT (120793.92100000009 487792.3779999986),POINT (4.88486430309559 52.37693473629868),4.88486430309559,52.37693473629868,1,1,2,1
3639,227862,20220102586,2022,Uitsluitend materiele schade,2,motor,fiets,Onbekend,"Kruispunt, 4 takken",Binnen,50.0,Brandend,Overig asfalt,Droog,Daglicht,Droog,Rhijnestein,amsterdam,POINT (120811.07699999958 482552.4376000017),POINT (4.8856487213307656 52.329842797961625),4.8856487213307656,52.329842797961625,1,1,2,1
3640,227919,20220103012,2022,Letsel,2,snorfiets,fiets,Flank,"Kruispunt, 4 takken",Binnen,50.0,Niet brandend,ZOAB,Nat,Daglicht,Unknown,Willem de Zwijgerlaan,amsterdam,POINT (119323.05900000036 487127.9290000014),POINT (4.863335056278083 52.37086956125721),4.863335056278083,52.37086956125721,1,1,1,1
3641,227920,20220103062,2022,Uitsluitend materiele schade,2,bestelauto,fiets,Flank,"Kruispunt, 4 takken",Binnen,50.0,Niet brandend,Overig asfalt,Droog,Daglicht,Unknown,KOEKJESBRUG 0170,amsterdam,POINT (120308.97320000082 486589.253800001),POINT (4.877866949224664 52.36609150148132),4.877866949224664,52.36609150148132,1,1,2,1
3642,227987,20220055155,2022,Letsel,2,personenauto,fiets,Flank,"Kruispunt, 3 takken",Binnen,50.0,Niet brandend,Overig asfalt,Droog,Daglicht,Droog,Raasdorperweg,amsterdam,POINT (112747.45199999958 487861.10979999974),POINT (4.766693684750124 52.37699218545007),4.766693684750124,52.37699218545007,-1,0,1,0
3643,228203,20230003959,2023,Letsel,2,fiets,bestelauto,Eenzijdig,"Kruispunt, 4 takken",Binnen,50.0,Niet brandend,Overig asfalt,Droog,Daglicht,Droog,De Boelelaan,amsterdam,POINT (118906.746199999 483142.0524000004),POINT (4.857649896417663 52.33502014392285),4.857649896417663,52.33502014392285,1,1,1,1
3644,228239,20230003988,2023,Uitsluitend materiele schade,1,bromfiets,unknown,Voetganger,Rechte weg,Binnen,30.0,Brandend,Beton,Droog,Schemer,Droog,Troelstralaan,amsterdam,POINT (115087.70100000128 487434.7100000009),POINT (4.801110881873829 52.37333516661076),4.801110881873829,52.37333516661076,1,1,2,1
3645,228568,20210001217,2021,Letsel,2,personenauto,snorfiets,Flank,Rechte weg,Binnen,50.0,Niet brandend,Overig asfalt,Droog,Daglicht,Droog,Aalsmeerweg,amsterdam,POINT (118205.48600000143 484542.32499999925),POINT (4.847208509093673 52.34755831747515),4.847208509093673,52.34755831747515,1,1,1,1
3646,228883,20210030986,2021,Letsel,2,fiets,scootmobiel,Flank,Bocht,Binnen,50.0,Niet aanwezig,Overig asfalt,Droog,Daglicht,Droog,Burg Van de Pollstraat,amsterdam,POINT (117155.99100000039 487248.8740000017),POINT (4.831502270933894 52.37181145780369),4.831502270933894,52.37181145780369,1,1,1,1
3647,228952,20210035028,2021,Letsel,1,fiets,unknown,Eenzijdig,Rechte weg,Binnen,30.0,Niet brandend,Klinkers,Droog,Daglicht,Droog,Oosterpark,amsterdam,POINT (122935.09899999946 485828.7800000012),POINT (4.916495220593528 52.35941645992535),4.916495220593528,52.35941645992535,1,1,1,1
3648,228993,20220141918,2022,Uitsluitend materiele schade,2,personenauto,bromfiets,Onbekend,Rechte weg,Binnen,30.0,Niet brandend,Klinkers,Droog,Daglicht,Droog,Buiten Oranjestraat,amsterdam,POINT (120993.88199999928 488425.4829999991),POINT (4.8877366826948085 52.38263704393925),4.8877366826948085,52.38263704393925,1,1,2,1
3649,229047,20220178104,2022,Uitsluitend materiele schade,2,bromfiets,overig vast object,Vast voorwerp,Rechte weg,Binnen,50.0,Brandend,Overig asfalt,Droog,Duisternis,Droog,Hoofdweg,amsterdam,POINT (118323.84600000083 487420.3969999999),POINT (4.84863161778312 52.37343221728533),4.84863161778312,52.37343221728533,1,1,2,1
3650,229076,20220177878,2022,Uitsluitend materiele schade,2,personenauto,fiets,Flank,Rechte weg,Buiten,50.0,Niet aanwezig,Overig asfalt,Droog,Duisternis,Droog,Hogeweyselaan,amsterdam,POINT (130646.40509999916 481340.3344999999),POINT (5.030018485134314 52.31947259718675),5.030018485134314,52.31947259718675,-1,0,2,0
3651,229263,20220155345,2022,Letsel,1,fiets,unknown,Eenzijdig,Rechte weg,Binnen,50.0,Brandend,Beton,Droog,Duisternis,Droog,Hoge Dijkpad,amsterdam,POINT (126500.19999999925 477677.38899999857),POINT (4.9695184420872165 52.286352698663066),4.9695184420872165,52.286352698663066,-1,0,1,0
3652,229415,20220155644,2022,Letsel,2,e-bike,e-bike,Onbekend,Rechte weg,Binnen,50.0,Niet brandend,Overig asfalt,Droog,Daglicht,Droog,Plesmanlaan,amsterdam,POINT (116528.64999999851 484982.5489999987),POINT (4.822550080130333 52.35139988677091),4.822550080130333,52.35139988677091,1,1,1,1
3653,229438,20220141620,2022,Letsel,2,snorfiets,voetganger,Voetganger,Rechte weg,Binnen,30.0,Niet brandend,Overig asfalt,Droog,Daglicht,Droog,Holendrechtplein,amsterdam,POINT (126068.73800000176 479192.8920000009),POINT (4.963065305813482 52.29995078312134),4.963065305813482,52.29995078312134,0,1,1,1
3654,229463,20220124190,2022,Letsel,3,vrachtauto,fiets,Los voorwerp,"Kruispunt, 4 takken",Binnen,50.0,Niet brandend,Overig asfalt,Nat,Daglicht,Droog,Westerkade,amsterdam,POINT (120362.09070000052 487864.62000000104),POINT (4.8785153664555025 52.377556922360974),4.878515366455503,52.377556922360974,1,1,1,1
3655,229498,20220124230,2022,Letsel,2,bromfiets,unknown,Eenzijdig,Rechte weg,Binnen,50.0,Niet brandend,Overig asfalt,Nat,Daglicht,Droog,Hoofddorpweg,amsterdam,POINT (118485.02600000054 484924.81799999997),POINT (4.8512693559788085 52.3510145371062),4.8512693559788085,52.3510145371062,1,1,1,1
3656,229543,20230050666,2023,Letsel,2,scootmobiel,fiets,Onbekend,"Kruispunt, 3 takken",Binnen,30.0,Niet brandend,Overig asfalt,Droog,Daglicht,Droog,Hogelandplein,amsterdam,POINT (121337.59380000085 483508.9803000018),POINT (4.893276895766565 52.338472079490764),4.893276895766565,52.33847207949077,1,1,1,1
3657,229565,20230040780,2023,Letsel,3,fiets,fiets,Onbekend,Rechte weg,Binnen,Unknown,Niet brandend,ZOAB,Droog,Daglicht,Droog,Beethovenstraat,amsterdam,POINT (120244.69299999997 483321.5210000016),POINT (4.877260749456915 52.33671930483808),4.877260749456915,52.33671930483808,1,1,1,1
3658,229566,20230040784,2023,Uitsluitend materiele schade,2,snorfiets,bromfiets,Onbekend,"Kruispunt, 4 takken",Binnen,50.0,Niet brandend,Overig asfalt,Droog,Daglicht,Droog,Lambertus Zijlplein,amsterdam,POINT (115142.37079999968 487837.6251000017),POINT (4.801865853392774 52.376960206902815),4.801865853392774,52.376960206902815,1,1,2,1
3659,229738,20230066021,2023,Letsel,2,bromfiets,fiets,Frontaal,Rechte weg,Binnen,Unknown,Brandend,Beton,Nat,Schemer,Regen,FIETSPAD,amsterdam,POINT (126005.62299999967 489042.84800000116),POINT (4.961291635190192 52.38847307606812),4.961291635190192,52.38847307606812,1,1,1,1
3660,229752,20230050446,2023,Uitsluitend materiele schade,3,personenauto,fiets,Onbekend,"Kruispunt, 4 takken",Binnen,50.0,Niet brandend,Overig asfalt,Droog,Daglicht,Droog,TORONTOBRUG 0350,amsterdam,POINT (122075.32770000026 485756.7972000018),POINT (4.90388134824263 52.358718671346416),4.90388134824263,52.358718671346416,1,1,2,1
3661,229844,20230049999,2023,Uitsluitend materiele schade,2,bromfiets,personenauto,Flank,"Kruispunt, 4 takken",Binnen,30.0,Niet brandend,Overig asfalt,Droog,Daglicht,Droog,Kantershofpad,amsterdam,POINT (127556.97800000012 481083.71400000155),POINT (4.984728844788353 52.31702076396097),4.984728844788353,52.31702076396097,0,1,2,1
3662,229885,20220210894,2022,Letsel,2,bestelauto,fiets,Flank,Rechte weg,Binnen,50.0,Niet brandend,Klinkers,Droog,Daglicht,Droog,Brederodestraat,amsterdam,POINT (119221.25400000066 485997.9699999988),POINT (4.861960487270751 52.36070769341644),4.861960487270751,52.36070769341644,1,1,1,1
3663,229887,20220212226,2022,Letsel,2,bromfiets,fiets,Flank,Rechte weg,Binnen,50.0,Brandend,Overig asfalt,Droog,Duisternis,Droog,Eerste Van Swindenstraat,amsterdam,POINT (123452 486108),POINT (4.9240568364702035 52.36195583351931),4.924056836470204,52.36195583351931,1,1,1,1
3664,229981,20220211672,2022,Uitsluitend materiele schade,2,fiets,personenauto,Flank,"Kruispunt, 3 takken",Binnen,30.0,Brandend,Klinkers,Nat,Duisternis,Regen,Akerwateringstraat,amsterdam,POINT (113901.24379999936 485349.53830000013),POINT (4.783944097241786 52.35450784574307),4.783944097241786,52.35450784574307,1,1,2,1
3665,230016,20220210126,2022,Letsel,2,bromfiets,personenauto,Flank,"Kruispunt, 4 takken",Binnen,50.0,Brandend,Overig asfalt,Nat,Schemer,Regen,Basisweg,amsterdam,POINT (116316.24300000072 489510.48800000176),POINT (4.818911538870262 52.39207849077191),4.818911538870262,52.39207849077191,1,1,1,1
3666,230017,20220211746,2022,Letsel,3,bestelauto,fiets,Onbekend,"Kruispunt, 4 takken",Binnen,50.0,Niet brandend,Overig asfalt,Nat,Daglicht,Regen,Pieter Baststraat,amsterdam,POINT (120770.9598999992 485149.131000001),POINT (4.884796199022815 52.35317766359334),4.884796199022815,52.35317766359334,1,1,1,1
3667,230048,20220211774,2022,Uitsluitend materiele schade,2,personenauto,e-bike,Flank,"Kruispunt, 4 takken",Binnen,50.0,Brandend,Overig asfalt,Nat,Duisternis,Droog,Mauritskade,amsterdam,POINT (122381.87330000103 485939.44260000065),POINT (4.908363468417167 52.36037845233814),4.908363468417167,52.36037845233814,1,1,2,1
3668,230049,20220211784,2022,Letsel,1,fiets,unknown,Eenzijdig,Rechte weg,Binnen,30.0,Brandend,Klinkers,Droog,Duisternis,Droog,Ruysdaelstraat,amsterdam,POINT (120654.76199999824 485236.7470000014),POINT (4.88308178483031 52.35395784509874),4.88308178483031,52.35395784509874,1,1,1,1
3669,230224,20220210596,2022,Uitsluitend materiele schade,2,personenauto,fiets,Flank,"Kruispunt, 3 takken",Binnen,50.0,Niet aanwezig,Beton,Droog,Daglicht,Droog,Gerrit van der Veenstr,amsterdam,POINT (119583.21130000055 484654.28119999915),POINT (4.8674153888099765 52.348655022276866),4.8674153888099765,52.34865502227687,1,1,2,1
3670,230328,20220210728,2022,Uitsluitend materiele schade,3,personenauto,fiets,Onbekend,Rechte weg,Binnen,30.0,Niet brandend,Klinkers,Droog,Daglicht,Droog,Erasmusgracht,amsterdam,POINT (118247.01700000092 487621.9910000004),POINT (4.847481420012488 52.375238853153476),4.847481420012488,52.37523885315348,1,1,2,1
3671,230368,20220211478,2022,Uitsluitend materiele schade,2,bromfiets,personenauto,Onbekend,"Kruispunt, 4 takken",Binnen,50.0,Brandend,Overig asfalt,Nat,Duisternis,Regen,Plesmanlaan,amsterdam,POINT (116868.82459999993 484967.4624999985),POINT (4.827544392941607 52.35128801310774),4.827544392941607,52.35128801310774,1,1,2,1
3672,230867,20230036695,2023,Letsel,2,personenauto,fiets,Eenzijdig,"Kruispunt, 4 takken",Binnen,50.0,Niet brandend,ZOAB,Droog,Daglicht,Droog,Bos en Lommerweg,amsterdam,POINT (117896.8610999994 487964.68189999834),POINT (4.8423017123253675 52.378295144042085),4.842301712325368,52.378295144042085,1,1,1,1
3673,230888,20230067034,2023,Uitsluitend materiele schade,2,personenauto,fiets,Onbekend,"Kruispunt, 4 takken",Binnen,50.0,Niet brandend,Overig asfalt,Droog,Daglicht,Droog,Valeriusstraat,amsterdam,POINT (119694.45380000025 485272.5925000012),POINT (4.8689830788599044 52.35421913124742),4.868983078859904,52.35421913124742,1,1,2,1
3674,230928,20230020419,2023,Letsel,2,bromfiets,fiets,Flank,"Kruispunt, 3 takken",Binnen,50.0,Niet brandend,ZOAB,Nat,Daglicht,Droog,Th. K. van Lohuizenlaan,amsterdam,POINT (124976.64999999851 486567.59760000184),POINT (4.946398114874036 52.366171848371515),4.946398114874036,52.36617184837152,1,1,1,1
3675,230929,20230023217,2023,Uitsluitend materiele schade,2,personenauto,fiets,Voetganger,"Kruispunt, 4 takken",Binnen,50.0,Niet brandend,Beton,Droog,Daglicht,Droog,Van Hallstraat,amsterdam,POINT (119830.23200000077 488421.46709999815),POINT (4.870646552368385 52.382527637298985),4.870646552368385,52.382527637298985,1,1,2,1
3676,231002,20230078351,2023,Uitsluitend materiele schade,3,snorfiets,personenauto,Onbekend,Rechte weg,Binnen,50.0,Niet brandend,Overig asfalt,Nat,Daglicht,Regen,Stadionweg,amsterdam,POINT (119380 484368.5),POINT (4.864463356703649 52.34607348496923),4.864463356703649,52.34607348496923,1,1,2,1
3677,231013,20230024524,2023,Letsel,2,bestelauto,bromfiets,Flank,"Kruispunt, 4 takken",Binnen,30.0,Niet aanwezig,Klinkers,Nat,Daglicht,Regen,Tweede Bloemdwarsstraat,amsterdam,POINT (120434.06100000069 487442.88760000095),POINT (4.879615654499696 52.37377123481103),4.879615654499696,52.37377123481103,1,1,1,1
3678,231033,20230020561,2023,Uitsluitend materiele schade,2,personenauto,fiets,Flank,"Kruispunt, 4 takken",Binnen,50.0,Brandend,ZOAB,Droog,Duisternis,Droog,Raadhuisstraat,amsterdam,POINT (120965.61600000039 487402.2569999993),POINT (4.887425180487271 52.37343927901261),4.887425180487271,52.37343927901261,1,1,2,1
3679,231105,20230024638,2023,Letsel,1,fiets,unknown,Eenzijdig,"Kruispunt, 4 takken",Binnen,50.0,Niet brandend,Klinkers,Nat,Daglicht,Regen,Dam,amsterdam,POINT (121359.78700000048 487377.59800000116),POINT (4.893215659480843 52.37324195022244),4.893215659480843,52.37324195022244,1,1,1,1
3680,231198,20230020772,2023,Letsel,2,bromfiets,voetganger,Voetganger,"Kruispunt, 4 takken",Binnen,50.0,Brandend,Overig asfalt,Droog,Duisternis,Droog,De Boelelaan,amsterdam,POINT (119680.80750000104 483146.16629999876),POINT (4.869005914984336 52.33510739356808),4.869005914984336,52.33510739356808,1,1,1,1
3681,231223,20230023008,2023,Uitsluitend materiele schade,2,bromfiets,personenauto,Kop/staart,"Kruispunt, 3 takken",Binnen,50.0,Niet brandend,Overig asfalt,Nat,Daglicht,Droog,Osdorper Ban,amsterdam,POINT (114866.77120000124 486139.1671000011),POINT (4.798021457620469 52.36167577901104),4.798021457620469,52.36167577901104,1,1,2,1
3682,231236,20230077715,2023,Uitsluitend materiele schade,2,personenauto,bromfiets,Flank,"Kruispunt, 4 takken",Binnen,50.0,Brandend,Overig asfalt,Droog,Duisternis,Droog,Zandpad,amsterdam,POINT (120543 486119),POINT (4.881351014971975 52.36187992410592),4.881351014971975,52.36187992410592,1,1,2,1
3683,231312,20230086407,2023,Uitsluitend materiele schade,2,personenauto,bromfiets,Flank,"Kruispunt, 3 takken",Binnen,50.0,Niet brandend,Overig asfalt,Droog,Daglicht,Droog,Nieuwe Utrechtseweg,amsterdam,POINT (122666.24940000102 483123.9129000008),POINT (4.912808533276376 52.3350910929706),4.912808533276376,52.3350910929706,1,1,2,1
3684,231393,20230088335,2023,Letsel,2,personenauto,bromfiets,Onbekend,"Kruispunt, 3 takken",Binnen,50.0,Brandend,Overig asfalt,Droog,Duisternis,Droog,Posbankpad,amsterdam,POINT (125660.48180000111 478909.2023999989),POINT (4.957105007422954 52.29737951256789),4.957105007422954,52.29737951256789,0,1,1,1
3685,231467,20230097196,2023,Letsel,2,personenauto,fiets,Flank,"Kruispunt, 3 takken",Binnen,50.0,Niet brandend,Overig asfalt,Nat,Daglicht,Regen,Ruys de Beerenbrouckstr,amsterdam,POINT (115460.1400000006 488438.6737000011),POINT (4.806461559201304 52.382384911824964),4.806461559201304,52.38238491182496,1,1,1,1
3686,231484,20230097827,2023,Letsel,2,personenauto,fiets,Geparkeerd voertuig,Rechte weg,Binnen,50.0,Brandend,Beton,Droog,Duisternis,Droog,Planciusstraat,amsterdam,POINT (120847.42500000075 488992.96400000155),POINT (4.885527961440717 52.38772805138262),4.885527961440717,52.38772805138262,1,1,1,1
3687,231485,20230097829,2023,Letsel,2,trekker met oplegger,fiets,Flank,Rechte weg,Binnen,50.0,Niet brandend,Overig asfalt,Droog,Daglicht,Droog,Ceintuurbaan,amsterdam,POINT (121816.35000000149 485295.4239999987),POINT (4.900125288558312 52.354556577138965),4.900125288558312,52.354556577138965,1,1,1,1
3688,231539,20230097340,2023,Uitsluitend materiele schade,2,personenauto,fiets,Flank,"Kruispunt, 3 takken",Binnen,50.0,Brandend,Overig asfalt,Droog,Duisternis,Droog,Cas Oorthuyskade,amsterdam,POINT (127767.02299999818 485807.7969999984),POINT (4.987427204677321 52.359488648094015),4.987427204677321,52.359488648094015,-1,0,2,1
3689,231585,20230087493,2023,Uitsluitend materiele schade,2,fiets,personenauto,Onbekend,"Kruispunt, 4 takken",Binnen,50.0,Brandend,Overig asfalt,Nat,Duisternis,Regen,Vijzelgracht,amsterdam,POINT (121192.13199999928 485970.8984000012),POINT (4.890895276598107 52.360589224112196),4.890895276598107,52.3605892241122,1,1,2,1
3690,231613,20210087325,2021,Uitsluitend materiele schade,2,personenauto,fiets,Flank,"Kruispunt, 4 takken",Binnen,50.0,Brandend,Klinkers,Droog,Daglicht,Droog,Javastraat,amsterdam,POINT (123958.52950000018 486268.7708999999),POINT (4.9314779882375 52.36342959441278),4.9314779882375,52.36342959441278,1,1,2,1
3691,231614,20210087340,2021,Uitsluitend materiele schade,2,personenauto,e-bike,Flank,"Kruispunt, 4 takken",Binnen,50.0,Niet brandend,Overig asfalt,Nat,Daglicht,Unknown,L. van Sonsbeeckstraat,amsterdam,POINT (115225.75079999864 485935.3231999986),POINT (4.803315365165739 52.35986990320372),4.803315365165739,52.35986990320372,1,1,2,1
3692,231642,20210079163,2021,Uitsluitend materiele schade,2,personenauto,bromfiets,Onbekend,Rechte weg,Binnen,50.0,Brandend,Overig asfalt,Nat,Duisternis,Regen,Johan Huizingalaan,amsterdam,POINT (116845 486310.5),POINT (4.827042383099208 52.36335656152033),4.827042383099208,52.36335656152033,1,1,2,1
3693,231644,20210080808,2021,Uitsluitend materiele schade,2,bromfiets,bromfiets,Flank,"Kruispunt, 4 takken",Binnen,50.0,Niet brandend,Klinkers,Droog,Daglicht,Droog,Singel,amsterdam,POINT (121017.25759999827 487264.3436000012),POINT (4.888197430011961 52.37220301020308),4.888197430011961,52.37220301020308,1,1,2,1
3694,231656,20210078630,2021,Uitsluitend materiele schade,2,fiets,personenauto,Flank,"Kruispunt, 4 takken",Binnen,50.0,Niet brandend,Beton,Droog,Daglicht,Droog,Linnaeushof,amsterdam,POINT (124242.62469999865 484911.26779999956),POINT (4.935772848102524 52.351245201250435),4.935772848102524,52.35124520125044,1,1,2,1
3695,231705,20210087363,2021,Uitsluitend materiele schade,2,personenauto,bromfiets,Kop/staart,"Kruispunt, 3 takken",Binnen,50.0,Niet brandend,Overig asfalt,Nat,Daglicht,Unknown,Jan van Galenstraat,amsterdam,POINT (119213.50140000135 487591.90890000015),POINT (4.861677007530797 52.37503233839617),4.861677007530797,52.37503233839617,1,1,2,1
3696,231771,20210083339,2021,Uitsluitend materiele schade,2,personenauto,bromfiets,Flank,"Kruispunt, 4 takken",Binnen,30.0,Brandend,Overig asfalt,Droog,Duisternis,Droog,Gooiseweg,amsterdam,POINT (125951.29500000179 481271.1400000006),POINT (4.961164592139298 52.31862279591837),4.961164592139298,52.31862279591837,0,1,2,1
3697,231858,20210022678,2021,Uitsluitend materiele schade,2,personenauto,fiets,Kop/staart,"Kruispunt, 3 takken",Binnen,50.0,Niet brandend,Overig asfalt,Droog,Daglicht,Droog,Spuistraat,amsterdam,POINT (121449.07470000163 487838.39770000055),POINT (4.894480751021963 52.37738875225135),4.894480751021963,52.37738875225135,1,1,2,1
3698,231885,20210025593,2021,Uitsluitend materiele schade,2,snorfiets,fiets,Onbekend,Bocht,Binnen,50.0,Niet brandend,Overig asfalt,Nat,Daglicht,Droog,Mercatorplein,amsterdam,POINT (118440.92199999839 486985.2010000013),POINT (4.850398088909268 52.36952881175548),4.850398088909268,52.36952881175548,1,1,2,1
3699,231938,20210002734,2021,Uitsluitend materiele schade,2,snorfiets,personenauto,Flank,"Kruispunt, 4 takken",Binnen,30.0,Niet brandend,Klinkers,Unknown,Schemer,Harde windstoten,Keizersgracht,amsterdam,POINT (120757.40089999884 487062.5335999988),POINT (4.88440236077997 52.37037314433008),4.88440236077997,52.37037314433008,1,1,2,1
3700,232009,20210009525,2021,Uitsluitend materiele schade,1,bromfiets,unknown,Onbekend,Rechte weg,Binnen,50.0,Niet brandend,Klinkers,Droog,Daglicht,Droog,Jaagpad,amsterdam,POINT (118129.10399999842 483748.72300000116),POINT (4.846174507138638 52.34042086761163),4.846174507138638,52.34042086761163,1,1,2,1
3701,232028,20210027985,2021,Uitsluitend materiele schade,2,snorfiets,fiets,Flank,Rechte weg,Binnen,50.0,Niet brandend,Overig asfalt,Droog,Daglicht,Droog,Meer en Vaart,amsterdam,POINT (115508.07699999958 485892.5179999992),POINT (4.807464756848447 52.359505573409756),4.807464756848447,52.35950557340976,1,1,2,1
3702,232289,20210059448,2021,Uitsluitend materiele schade,2,bromfiets,personenauto,Flank,Rechte weg,Binnen,30.0,Brandend,ZOAB,Droog,Daglicht,Droog,Rozengracht,amsterdam,POINT (120318 487326),POINT (4.877923465754311 52.37271341598058),4.877923465754311,52.37271341598058,1,1,2,1
3703,232295,20210061859,2021,Letsel,2,personenauto,snorfiets,Onbekend,"Kruispunt, 4 takken",Binnen,50.0,Niet brandend,Overig asfalt,Nat,Daglicht,Droog,Weteringlaan,amsterdam,POINT (121185.9849999994 485686.30999999866),POINT (4.890833651413056 52.358031160813745),4.890833651413056,52.35803116081375,1,1,1,1
3704,232338,20210039186,2021,Uitsluitend materiele schade,2,fiets,voetganger,Voetganger,Rechte weg,Binnen,50.0,Niet brandend,Beton,Droog,Daglicht,Droog,De Clercqstraat,amsterdam,POINT (119851.59299999848 487146.3040000014),POINT (4.87109366183996 52.37106878478821),4.87109366183996,52.37106878478821,1,1,2,1
3705,232364,20210083346,2021,Letsel,2,snorfiets,personenauto,Flank,"Kruispunt, 4 takken",Binnen,50.0,Brandend,Overig asfalt,Nat,Schemer,Droog,Nassaukade,amsterdam,POINT (120394.16440000013 488362.8596000001),POINT (4.878935061268404 52.38203675473564),4.878935061268404,52.38203675473564,1,1,1,1
3706,232432,20210062465,2021,Letsel,2,personenauto,fiets,Flank,"Kruispunt, 4 takken",Binnen,50.0,Niet brandend,Overig asfalt,Nat,Daglicht,Unknown,Beukenweg,amsterdam,POINT (122997 485674),POINT (4.917418617593776 52.358029008579194),4.917418617593776,52.3580290085792,1,1,1,1
3707,232448,20210055882,2021,Uitsluitend materiele schade,2,bromfiets,bromfiets,Flank,Bocht,Binnen,30.0,Niet brandend,Klinkers,Droog,Daglicht,Unknown,Balboastraat,amsterdam,POINT (118840.8900000006 486967.70699999854),POINT (4.856272559254461 52.369398069083836),4.856272559254461,52.36939806908384,1,1,2,1
3708,232604,20210036364,2021,Letsel,2,bromfiets,voetganger,Voetganger,"Kruispunt, 4 takken",Binnen,30.0,Niet brandend,Overig asfalt,Droog,Daglicht,Droog,Vijzelstraat,amsterdam,POINT (121288.50979999825 486316.9237000011),POINT (4.892275391659281 52.36370498343699),4.892275391659281,52.36370498343699,1,1,1,1
3709,232657,20210065523,2021,Letsel,2,fiets,bestelauto,Flank,"Kruispunt, 3 takken",Binnen,50.0,Niet brandend,Overig asfalt,Nat,Daglicht,Unknown,Herwijk,amsterdam,POINT (114222.72810000181 490135.49760000035),POINT (4.788081916320025 52.39754397005541),4.788081916320025,52.39754397005541,-1,0,1,0
3710,232663,20210090040,2021,Letsel,2,bromfiets,personenauto,Flank,"Kruispunt, 3 takken",Binnen,50.0,Niet brandend,Overig asfalt,Droog,Daglicht,Droog,Klaprozenweg,amsterdam,POINT (122124.98299999908 490329.5993000008),POINT (4.9041628243968605 52.39981874863832),4.9041628243968605,52.39981874863832,1,1,1,1
3711,232692,20210067152,2021,Uitsluitend materiele schade,2,personenauto,snorfiets,Flank,Rotonde,Binnen,50.0,Brandend,Overig asfalt,Droog,Duisternis,Droog,Nieuwe Leeuwarderweg,amsterdam,POINT (123674.25780000165 490016.2300999984),POINT (4.9269552651181545 52.3970930460261),4.9269552651181545,52.3970930460261,1,1,2,1
3712,232728,20210040885,2021,Letsel,2,personenauto,fiets,Flank,"Kruispunt, 3 takken",Binnen,30.0,Niet brandend,Klinkers,Droog,Daglicht,Droog,Polderweg,amsterdam,POINT (123659.76220000163 485583.5425999984),POINT (4.927155709908057 52.35725424342136),4.927155709908057,52.35725424342136,1,1,1,1
3713,232747,20210069173,2021,Uitsluitend materiele schade,2,personenauto,fiets,Flank,"Kruispunt, 4 takken",Binnen,50.0,Brandend,Beton,Nat,Duisternis,Regen,Rhijnvis Feithstraat,amsterdam,POINT (119092.89799999818 485817.2589999996),POINT (4.86009554858808 52.35907521852365),4.86009554858808,52.35907521852365,1,1,2,1
3714,233268,20210090381,2021,Letsel,2,fiets,scootmobiel,Kop/staart,Rechte weg,Binnen,30.0,Niet brandend,Unknown,Droog,Daglicht,Droog,Buikslotermeerplein,amsterdam,POINT (124262.42799999937 490272.5639999993),POINT (4.9355731420821956 52.399430052590745),4.935573142082196,52.399430052590745,1,1,1,1
3715,233453,20220081070,2022,Uitsluitend materiele schade,2,personenauto,fiets,Flank,Rechte weg,Binnen,50.0,Niet brandend,Klinkers,Droog,Daglicht,Droog,Keizersgracht,amsterdam,POINT (121414.30900000036 486326.73800000176),POINT (4.894121242989086 52.363800893884374),4.894121242989086,52.36380089388437,1,1,2,1
3716,233478,20220055472,2022,Uitsluitend materiele schade,2,bestelauto,fiets,Kop/staart,Rechte weg,Binnen,30.0,Niet brandend,Overig asfalt,Droog,Daglicht,Droog,Van Woustraat,amsterdam,POINT (122006.29399999976 485055.55099999905),POINT (4.902936767805783 52.352412196791875),4.902936767805783,52.35241219679188,1,1,2,1