,Unnamed: 0,accident_id,accident_year,outcome,num_parties,party1_type,party2_type,accident_nature,road_situation,built_up_area,speed_limit_kmh,street_lighting,road_surface,road_condition,light_condition,weather_condition,street_name,municipality,shape,geometry,longitude,latitude,cluster,future_hotspot_spatial,outcome_encoded,future_hotspot_pred
3717,233633,20220054543,2022,Uitsluitend materiele schade,3,bestelauto,e-bike,Los voorwerp,Rechte weg,Binnen,50.0,Niet brandend,Overig asfalt,Nat,Daglicht,Regen,Coentunnelcircuit,amsterdam,POINT (120201.1790000014 492684.4759999998),POINT (4.87565260523742 52.42086386691905),4.87565260523742,52.42086386691905,-1,0,2,0
3718,233685,20220102567,2022,Letsel,2,personenauto,fiets,Flank,Rotonde,Binnen,50.0,Niet brandend,Overig asfalt,Droog,Daglicht,Droog,Postjesweg,amsterdam,POINT (117998.50499999896 486394.3933000006),POINT (4.843967269591659 52.364189448158015),4.843967269591659,52.364189448158015,1,1,1,1
3719,233777,20220103023,2022,Uitsluitend materiele schade,2,bestelauto,fiets,Flank,"Kruispunt, 4 takken",Binnen,50.0,Niet brandend,Klinkers,Droog,Daglicht,Droog,Kleine Wittenburgerstr,amsterdam,POINT (123131.33909999952 486975.0533999987),POINT (4.919267271436787 52.369729820552934),4.919267271436787,52.36972982055293,1,1,2,1
3720,233889,20230066398,2023,Uitsluitend materiele schade,1,snorfiets,unknown,Onbekend,Unknown,Unknown,Unknown,Unknown,Unknown,Unknown,Daglicht,Unknown,Hoogoorddreef,amsterdam,POINT (124464.7659999989 479934.2270000018),POINT (4.939484282810183 52.306526844731344),4.939484282810183,52.306526844731344,0,1,2,1
3721,233918,20230050148,2023,Letsel,2,bromfiets,voetganger,Voetganger,Unknown,Unknown,50.0,Unknown,Unknown,Unknown,Daglicht,Unknown,IJburglaan,amsterdam,POINT (127927.25800000131 485668.6409999989),POINT (4.989790582056589 52.35824591510434),4.989790582056589,52.35824591510434,-1,0,1,0
3722,234085,20230004155,2023,Letsel,2,snorfiets,personenauto,Flank,"Kruispunt, 3 takken",Binnen,30.0,Niet brandend,Klinkers,Droog,Daglicht,Droog,Gerrit van der Veenstr,amsterdam,POINT (120081.09169999883 484682.7129999995),POINT (4.874719218565236 52.34894241089517),4.874719218565236,52.34894241089517,1,1,1,1
3723,234185,20230004051,2023,Uitsluitend materiele schade,2,personenauto,snorfiets,Flank,"Kruispunt, 4 takken",Binnen,50.0,Niet brandend,Overig asfalt,Droog,Daglicht,Droog,Meer en Vaart,amsterdam,POINT (115646.07499999925 485514.9970000014),POINT (4.809534632967224 52.356122613318746),4.809534632967224,52.356122613318746,1,1,2,1
3724,234216,20230004082,2023,Uitsluitend materiele schade,2,motor,fiets,Flank,"Kruispunt, 4 takken",Binnen,50.0,Brandend,Overig asfalt,Droog,Duisternis,Droog,Korte 's-Gravesandestr,amsterdam,POINT (122815.02199999988 486174.006000001),POINT (4.914699523719997 52.3625121001152),4.914699523719997,52.3625121001152,1,1,2,1
3725,234371,20230065962,2023,Letsel,2,bromfiets,unknown,Eenzijdig,Unknown,Unknown,30.0,Unknown,Unknown,Unknown,Duisternis,Unknown,Geldersekade,amsterdam,POINT (121927.82800000161 487457.5769999996),POINT (4.901548880033048 52.37399524998712),4.901548880033048,52.37399524998712,1,1,1,1
3726,234804,20220177988,2022,Uitsluitend materiele schade,2,snorfiets,fiets,Flank,"Kruispunt, 4 takken",Binnen,Unknown,Niet brandend,Overig asfalt,Droog,Daglicht,Droog,Meibergpad,amsterdam,POINT (126150.05900000036 479018.18299999833),POINT (4.964272397068976 52.29838485606456),4.964272397068976,52.29838485606456,0,1,2,1
3727,234818,20220123142,2022,Uitsluitend materiele schade,2,personenauto,fiets,Flank,"Kruispunt, 4 takken",Binnen,50.0,Niet brandend,Beton,Droog,Daglicht,Droog,FIETSPAD,amsterdam,POINT (124870.9450000003 485704.0318999998),POINT (4.9449235531715034 52.358404881139094),4.944923553171504,52.35840488113909,1,1,2,1
3728,234843,20220177447,2022,Uitsluitend materiele schade,2,fiets,trein/tram,Flank,Rechte weg,Binnen,50.0,Niet brandend,Overig asfalt,Droog,Daglicht,Droog,Arlandaweg,amsterdam,POINT (117411.59299999848 488814.9840000011),POINT (4.835080159502526 52.385903976125284),4.835080159502526,52.38590397612528,1,1,2,1
3729,234844,20220178019,2022,Letsel,2,personenauto,fiets,Flank,"Kruispunt, 4 takken",Binnen,50.0,Niet brandend,ZOAB,Droog,Daglicht,Droog,Stadhouderskade,amsterdam,POINT (120609.43710000068 486089.7252999991),POINT (4.88232931623876 52.36162098705331),4.88232931623876,52.36162098705331,1,1,1,1
3730,234868,20220142036,2022,Letsel,2,fiets,voetganger,Voetganger,Rechte weg,Binnen,50.0,Niet brandend,Beton,Droog,Daglicht,Droog,Prins Hendrikkade,amsterdam,POINT (121565.63199999928 487992.97300000116),POINT (4.896177051982896 52.37878507433459),4.896177051982896,52.37878507433459,1,1,1,1
3731,234902,20220142161,2022,Letsel,2,fiets,fiets,Onbekend,Rechte weg,Binnen,Unknown,Niet brandend,Unknown,Droog,Daglicht,Droog,Spui,amsterdam,POINT (121133.31199999899 486902.8500000015),POINT (4.88993794674252 52.36896133140446),4.88993794674252,52.36896133140446,1,1,1,1
3732,234938,20220142191,2022,Letsel,2,personenauto,bromfiets,Flank,Unknown,Binnen,50.0,Niet brandend,ZOAB,Droog,Daglicht,Droog,Parnassusweg,amsterdam,POINT (119680.70300000161 483236.26999999955),POINT (4.868994931488814 52.33591717860852),4.868994931488814,52.33591717860852,1,1,1,1
3733,235014,20220142337,2022,Letsel,2,bromfiets,fiets,Flank,"Kruispunt, 4 takken",Binnen,50.0,Brandend,Overig asfalt,Droog,Duisternis,Droog,Gillis van Ledenberchstr,amsterdam,POINT (119923.75600000098 487756.59329999983),POINT (4.872089549940384 52.37655823063261),4.872089549940384,52.37655823063261,1,1,1,1
3734,235064,20220123739,2022,Uitsluitend materiele schade,2,personenauto,fiets,Flank,"Kruispunt, 4 takken",Binnen,30.0,Niet brandend,Overig asfalt,Droog,Daglicht,Droog,De Clercqstraat,amsterdam,POINT (119895.04100000113 487163.313000001),POINT (4.871729840521973 52.37122442838052),4.871729840521973,52.37122442838052,1,1,2,1
3735,235065,20220123743,2022,Uitsluitend materiele schade,2,fiets,fiets,Flank,Rechte weg,Binnen,Unknown,Niet brandend,Overig asfalt,Droog,Daglicht,Droog,Abcouderpad,amsterdam,POINT (125223.0540000014 480910.73800000176),POINT (4.950516058045231 52.315344758519956),4.950516058045231,52.31534475851996,0,1,2,1
3736,235072,20220142507,2022,Uitsluitend materiele schade,2,personenauto,fiets,Onbekend,"Kruispunt, 4 takken",Binnen,50.0,Niet brandend,Overig asfalt,Droog,Daglicht,Droog,Jodenbreestraat,amsterdam,POINT (122097.06410000101 486845.7395000011),POINT (4.9040938697595315 52.36850664596971),4.904093869759532,52.36850664596971,1,1,2,1
3737,235108,20220155305,2022,Uitsluitend materiele schade,2,personenauto,fiets,Flank,"Kruispunt, 3 takken",Binnen,30.0,Niet brandend,ZOAB,Droog,Duisternis,Droog,Stadhouderskade,amsterdam,POINT (120445.23739999905 486224.07829999924),POINT (4.879905047026576 52.362818152672446),4.879905047026576,52.362818152672446,1,1,2,1
3738,235164,20220124027,2022,Uitsluitend materiele schade,2,bromfiets,fiets,Flank,"Kruispunt, 4 takken",Binnen,50.0,Niet brandend,Overig asfalt,Droog,Daglicht,Unknown,0137 BRUG,amsterdam,POINT (120881 485308),POINT (4.886395178155366 52.35461231387614),4.886395178155366,52.35461231387614,1,1,2,1
3739,235176,20220155462,2022,Letsel,2,personenauto,fiets,Flank,Rechte weg,Binnen,50.0,Niet brandend,Overig asfalt,Droog,Daglicht,Droog,Slotermeerlaan,amsterdam,POINT (116362.0159999989 487797.0300000012),POINT (4.819781049102534 52.37668255504472),4.819781049102534,52.37668255504472,1,1,1,1
3740,235227,20220124115,2022,Uitsluitend materiele schade,1,bromfiets,unknown,Eenzijdig,"Kruispunt, 4 takken",Binnen,30.0,Niet brandend,Klinkers,Nat,Daglicht,Regen,Diemerparklaan,amsterdam,POINT (128378.04270000011 485424.9177000001),POINT (4.99642700413372 52.35607749884696),4.99642700413372,52.35607749884696,-1,0,2,0
3741,235228,20220124116,2022,Uitsluitend materiele schade,2,bromfiets,bromfiets,Flank,Bocht,Binnen,30.0,Niet brandend,Klinkers,Nat,Daglicht,Regen,IJsbaanpad,amsterdam,POINT (118774.47800000012 483838.1810000017),POINT (4.855634462849097 52.34126776769678),4.855634462849097,52.34126776769678,1,1,2,1
3742,235236,20220141617,2022,Uitsluitend materiele schade,2,personenauto,snorfiets,Kop/staart,"Kruispunt, 4 takken",Binnen,50.0,Niet brandend,Overig asfalt,Droog,Daglicht,Droog,Amstelveenseweg,amsterdam,POINT (118841.4849999994 484976.0210000016),POINT (4.85649543108049 52.3514982857908),4.85649543108049,52.3514982857908,1,1,2,1
3743,235287,20220124167,2022,Letsel,2,bromfiets,unknown,Eenzijdig,Rechte weg,Buiten,80.0,Niet aanwezig,Overig asfalt,Nat,Daglicht,Regen,Haarlemmerweg,amsterdam,POINT (113832.433699999 488640.9932000004),POINT (4.782531032891826 52.38408353296076),4.782531032891826,52.38408353296076,1,1,1,1
3744,235288,20220124173,2022,Letsel,2,personenauto,fiets,Frontaal,Rechte weg,Binnen,30.0,Niet brandend,Overig asfalt,Droog,Daglicht,Droog,Onderlangs,amsterdam,POINT (125080.23900000006 483599.6429999992),POINT (4.9481828985809395 52.33950335326598),4.94818289858094,52.33950335326598,1,1,1,1
3745,235389,20230059471,2023,Uitsluitend materiele schade,2,bromfiets,personenauto,Frontaal,Rechte weg,Binnen,50.0,Niet aanwezig,Klinkers,Droog,Daglicht,Droog,Nieuwe Kerkstraat,amsterdam,POINT (122421.48699999973 486429.73699999973),POINT (4.9088974877714415 52.36478723886595),4.9088974877714415,52.36478723886595,1,1,2,1
3746,235469,20230050215,2023,Letsel,2,fiets,personenauto,Flank,Rotonde,Binnen,50.0,Niet brandend,ZOAB,Droog,Daglicht,Droog,Meeuwenlaan,amsterdam,POINT (123447.70120000094 488971.6944999993),POINT (4.923724872652865 52.387692524913284),4.923724872652865,52.38769252491328,1,1,1,1
3747,235498,20230049110,2023,Uitsluitend materiele schade,2,snorfiets,personenauto,Flank,"Kruispunt, 3 takken",Binnen,50.0,Niet brandend,Overig asfalt,Droog,Daglicht,Droog,Asingaborg,amsterdam,POINT (119788.33300000057 483132.7259999998),POINT (4.8705848578912105 52.33499349885424),4.8705848578912105,52.33499349885424,1,1,2,1
3748,235535,20230059270,2023,Uitsluitend materiele schade,2,personenauto,fiets,Kop/staart,Rechte weg,Binnen,30.0,Brandend,Klinkers,Droog,Daglicht,Droog,Madurastraat,amsterdam,POINT (124429.92100000009 486387.47199999914),POINT (4.938387588893935 52.36452283946471),4.938387588893935,52.36452283946471,1,1,2,1
3749,235617,20230059397,2023,Uitsluitend materiele schade,2,fiets,fiets,Kop/staart,Rechte weg,Binnen,50.0,Niet brandend,Overig asfalt,Droog,Daglicht,Droog,Piet Heinkade,amsterdam,POINT (123007.36300000176 487766.6229999997),POINT (4.917371604479668 52.376836698636424),4.917371604479668,52.37683669863642,1,1,2,1
3750,235644,20230040022,2023,Uitsluitend materiele schade,2,motor,e-bike,Flank,"Kruispunt, 4 takken",Binnen,50.0,Niet brandend,Klinkers,Droog,Daglicht,Droog,Reguliersgracht,amsterdam,POINT (121551.04659999907 486301.45380000025),POINT (4.896131178823022 52.36358200064003),4.896131178823022,52.36358200064003,1,1,2,1
3751,235667,20230040600,2023,Letsel,2,trein/tram,fiets,Flank,"Kruispunt, 4 takken",Binnen,50.0,Niet brandend,ZOAB,Droog,Daglicht,Droog,Ecuplein,amsterdam,POINT (114084.89600000158 484722.23600000143),POINT (4.7867159427450225 52.34888386258337),4.786715942745023,52.34888386258337,1,1,1,1
3752,235677,20230040642,2023,Uitsluitend materiele schade,3,personenauto,fiets,Flank,"Kruispunt, 4 takken",Binnen,30.0,Brandend,Klinkers,Droog,Duisternis,Droog,Binnen Brouwersstraat,amsterdam,POINT (121165.81969999894 488103.1972000003),POINT (4.890294397945421 52.379751197289416),4.890294397945421,52.379751197289416,1,1,2,1
3753,235684,20230049432,2023,Letsel,2,fiets,personenauto,Flank,"Kruispunt, 4 takken",Binnen,50.0,Niet brandend,ZOAB,Droog,Daglicht,Droog,Vrijheidslaan,amsterdam,POINT (122171.00530000031 484354.37000000104),POINT (4.905422651360131 52.34612030568019),4.905422651360131,52.34612030568019,1,1,1,1
3754,235692,20230040107,2023,Uitsluitend materiele schade,2,personenauto,bromfiets,Kop/staart,Rechte weg,Binnen,50.0,Niet brandend,Overig asfalt,Droog,Daglicht,Droog,Bos en Lommerweg,amsterdam,POINT (118639.1259999983 488131.4629999995),POINT (4.853184225465642 52.37984370415305),4.853184225465642,52.37984370415305,1,1,2,1
3755,235771,20220210923,2022,Uitsluitend materiele schade,2,personenauto,bromfiets,Onbekend,Unknown,Binnen,30.0,Unknown,Unknown,Nat,Daglicht,Unknown,Dam,amsterdam,POINT (121391.78000000119 487363.5780000016),POINT (4.893686844914388 52.37311790738286),4.893686844914388,52.37311790738286,1,1,2,1
3756,235904,20220212465,2022,Uitsluitend materiele schade,2,personenauto,fiets,Flank,"Kruispunt, 4 takken",Binnen,50.0,Niet brandend,Klinkers,Nat,Daglicht,Regen,Groeneweg,amsterdam,POINT (131387.59679999948 479831.0914000012),POINT (5.040994775440068 52.305940536290116),5.040994775440068,52.30594053629012,-1,0,2,0
3757,235940,20220211792,2022,Letsel,2,bromfiets,fiets,Flank,"Kruispunt, 4 takken",Binnen,50.0,Brandend,ZOAB,Nat,Duisternis,Droog,Stadhouderskade,amsterdam,POINT (121764.0485999994 485649.38699999824),POINT (4.899322648948649 52.35773459736638),4.899322648948649,52.35773459736638,1,1,1,1
3758,236040,20220210530,2022,Uitsluitend materiele schade,2,unknown,fiets,Flank,"Kruispunt, 4 takken",Binnen,50.0,Niet brandend,Klinkers,Droog,Daglicht,Droog,Dalsteindreef,amsterdam,POINT (124904.12209999934 482091.4899000004),POINT (4.945733517295384 52.32593933737003),4.945733517295384,52.32593933737003,0,1,2,1
3759,236041,20220210546,2022,Uitsluitend materiele schade,2,fiets,personenauto,Flank,"Kruispunt, 4 takken",Binnen,50.0,Niet brandend,Overig asfalt,Nat,Daglicht,Droog,Burg De Vlugtlaan,amsterdam,POINT (116849.30330000073 488238.9200000018),POINT (4.826886666312145 52.38068798481288),4.826886666312145,52.38068798481288,1,1,2,1
3760,236130,20220211396,2022,Uitsluitend materiele schade,2,snorfiets,personenauto,Flank,"Kruispunt, 4 takken",Binnen,50.0,Brandend,ZOAB,Droog,Duisternis,Droog,Meer en Vaart,amsterdam,POINT (115635.4149999991 485492.8352999985),POINT (4.809380757697184 52.35592267750352),4.809380757697184,52.35592267750352,1,1,2,1
3761,236162,20220212081,2022,Uitsluitend materiele schade,2,personenauto,fiets,Flank,"Kruispunt, 3 takken",Binnen,50.0,Niet brandend,Overig asfalt,Nat,Daglicht,Droog,Borgerstraat,amsterdam,POINT (119170.23759999871 486345.45120000094),POINT (4.861174556849263 52.36382727687669),4.861174556849263,52.36382727687669,1,1,2,1
3762,236554,20230111860,2023,Uitsluitend materiele schade,2,fiets,fiets,Flank,"Kruispunt, 4 takken",Binnen,50.0,Niet brandend,Klinkers,Droog,Daglicht,Droog,Eerste Van Swindenstraat,amsterdam,POINT (123686 486186),POINT (4.927484756264803 52.362670235394596),4.927484756264803,52.3626702353946,1,1,2,1
3763,236565,20230111340,2023,Uitsluitend materiele schade,2,personenauto,fiets,Kop/staart,Rechte weg,Binnen,30.0,Brandend,Overig asfalt,Droog,Schemer,Droog,Heemstedestraat,amsterdam,POINT (118180.26399999857 484991.0179999992),POINT (4.8467892713222716 52.35158915753174),4.846789271322272,52.35158915753174,1,1,2,1
3764,236571,20230111389,2023,Uitsluitend materiele schade,2,vrachtauto,fiets,Geparkeerd voertuig,Rechte weg,Binnen,30.0,Niet brandend,Overig asfalt,Droog,Daglicht,Droog,Czaar Peterstraat,amsterdam,POINT (123687.93600000069 486877.125),POINT (4.927448816276284 52.36888172114393),4.927448816276284,52.36888172114393,1,1,2,1
3765,236641,20230036704,2023,Uitsluitend materiele schade,2,snorfiets,fiets,Kop/staart,"Kruispunt, 4 takken",Binnen,50.0,Niet aanwezig,Overig asfalt,Droog,Daglicht,Regen,Rhijnspoorplein,amsterdam,POINT (122352.8841000013 486019.304299999),POINT (4.907930162915401 52.36109447365124),4.907930162915401,52.36109447365124,1,1,2,1
3766,236746,20230020450,2023,Uitsluitend materiele schade,2,e-bike,personenauto,Onbekend,"Kruispunt, 4 takken",Binnen,30.0,Brandend,Klinkers,Droog,Schemer,Droog,Spaarndammerstraat,amsterdam,POINT (120363 489331),POINT (4.878377512592565 52.39073570866182),4.878377512592565,52.39073570866182,1,1,2,1
3767,237004,20230024228,2023,Uitsluitend materiele schade,2,e-bike,voetganger,Voetganger,"Kruispunt, 3 takken",Binnen,30.0,Niet brandend,Overig asfalt,Droog,Daglicht,Droog,Oudezijds Voorburgwal,amsterdam,POINT (121551.21040000021 487216.1094999984),POINT (4.896042582078004 52.37180229884593),4.896042582078004,52.37180229884593,1,1,2,1
3768,237023,20230077983,2023,Uitsluitend materiele schade,2,fiets,bromfiets,Flank,Rechte weg,Binnen,30.0,Niet brandend,Beton,Droog,Daglicht,Droog,Weteringschans,amsterdam,POINT (121386.15300000086 485847.5920000002),POINT (4.893755781559271 52.3594929371108),4.893755781559271,52.3594929371108,1,1,2,1
3769,237031,20230020264,2023,Uitsluitend materiele schade,2,personenauto,fiets,Flank,"Kruispunt, 4 takken",Binnen,30.0,Brandend,Klinkers,Droog,Duisternis,Droog,Kamperfoelieweg,amsterdam,POINT (122809.41530000046 489671.02739999816),POINT (4.914282196029987 52.39394056514058),4.914282196029987,52.39394056514058,1,1,2,1
3770,237064,20230088139,2023,Uitsluitend materiele schade,2,personenauto,bromfiets,Onbekend,"Kruispunt, 3 takken",Binnen,50.0,Niet brandend,Overig asfalt,Nat,Daglicht,Droog,Burgemeester Stramanweg,amsterdam,POINT (124265.20080000162 480517.8407999985),POINT (4.936505073926532 52.31176093314802),4.936505073926532,52.31176093314802,0,1,2,1
3771,237099,20230097523,2023,Letsel,2,fiets,fiets,Onbekend,Rechte weg,Binnen,30.0,Niet brandend,ZOAB,Droog,Daglicht,Droog,Neerkanne,amsterdam,POINT (119753.40199999884 481944.0540000014),POINT (4.870196753459725 52.324308258034364),4.870196753459725,52.32430825803437,1,1,1,1
3772,237136,20230087642,2023,Uitsluitend materiele schade,1,fiets,unknown,Voetganger,Rechte weg,Binnen,60.0,Brandend,Klinkers,Nat,Duisternis,Regen,Dammerweg,amsterdam,POINT (133344.3359999992 477516.26900000125),POINT (5.069832920621016 52.285216350102665),5.069832920621016,52.285216350102665,-1,0,2,0
3773,237204,20230087787,2023,Uitsluitend materiele schade,3,personenauto,fiets,Onbekend,Rechte weg,Binnen,50.0,Brandend,Klinkers,Nat,Duisternis,Droog,Westerstraat,amsterdam,POINT (120618.53000000119 487941.4219999984),POINT (4.882273409845261 52.378263280428136),4.882273409845261,52.378263280428136,1,1,2,1
3774,237251,20230087857,2023,Uitsluitend materiele schade,1,bromfiets,unknown,Onbekend,Bocht,Binnen,Unknown,Niet brandend,Overig asfalt,Nat,Daglicht,Regen,Ouderkerkerdijk,amsterdam,POINT (122374.49599999934 482244.23600000143),POINT (4.9086133210481195 52.32716786326125),4.90861332104812,52.32716786326125,-1,0,2,0
3775,237381,20210087346,2021,Uitsluitend materiele schade,2,personenauto,bromfiets,Flank,"Kruispunt, 3 takken",Binnen,50.0,Brandend,Overig asfalt,Droog,Duisternis,Droog,Van Houweningenstraat,amsterdam,POINT (119918.08799999952 487565.5053000003),POINT (4.872026263996628 52.374840510637256),4.872026263996628,52.374840510637256,1,1,2,1
3776,237395,20210084456,2021,Uitsluitend materiele schade,2,snorfiets,personenauto,Flank,"Kruispunt, 4 takken",Binnen,30.0,Brandend,Klinkers,Nat,Duisternis,Regen,Martin Niemöllerstraat,amsterdam,POINT (125709.71339999884 481226.33680000156),POINT (4.957625451393182 52.3182073176209),4.957625451393182,52.3182073176209,0,1,2,1
3777,237432,20210075820,2021,Letsel,2,fiets,fiets,Frontaal,Rechte weg,Binnen,30.0,Niet brandend,Overig asfalt,Droog,Daglicht,Droog,Haarlemmerdijk,amsterdam,POINT (120785.18499999866 488589.2109999992),POINT (4.884654864476022 52.384095543167824),4.884654864476022,52.384095543167824,1,1,1,1
3778,237439,20210089775,2021,Letsel,2,fiets,unknown,Eenzijdig,"Kruispunt, 3 takken",Binnen,Unknown,Brandend,Overig asfalt,Nat,Duisternis,Droog,Robert Scottstraat,amsterdam,POINT (118117.9600000009 487591.21559999883),POINT (4.845589657811944 52.374953613931275),4.845589657811944,52.37495361393128,1,1,1,1
3779,237457,20210087358,2021,Letsel,2,personenauto,snorfiets,Flank,Rechte weg,Binnen,50.0,Niet brandend,Klinkers,Droog,Daglicht,Droog,Maassluisstraat,amsterdam,POINT (117481.1790000014 484621.1400000006),POINT (4.836570269826403 52.34821767472583),4.836570269826403,52.34821767472583,1,1,1,1
3780,237516,20210087224,2021,Uitsluitend materiele schade,2,personenauto,e-bike,Frontaal,"Kruispunt, 3 takken",Binnen,50.0,Niet brandend,Overig asfalt,Droog,Daglicht,Droog,Heemstedestraat,amsterdam,POINT (117488.20839999989 484977.9664000012),POINT (4.836633651755854 52.35142504865842),4.836633651755854,52.35142504865842,1,1,2,1
3781,237520,20210080073,2021,Uitsluitend materiele schade,2,snorfiets,personenauto,Flank,Rotonde,Binnen,50.0,Niet brandend,Overig asfalt,Droog,Daglicht,Droog,OOSTOEVER NOORDZIJDE,amsterdam,POINT (117149 487101),POINT (4.8314162718754226 52.370481999550314),4.831416271875423,52.37048199955032,1,1,2,1
3782,237544,20210087390,2021,Uitsluitend materiele schade,2,personenauto,fiets,Kop/staart,"Kruispunt, 4 takken",Binnen,30.0,Niet brandend,Klinkers,Nat,Daglicht,Regen,Top Naeffstraat,amsterdam,POINT (116176.90159999952 487958.49230000004),POINT (4.8170439999305135 52.378120589759156),4.8170439999305135,52.37812058975916,1,1,2,1
3783,237744,20210025346,2021,Letsel,2,personenauto,snorfiets,Onbekend,Rotonde,Binnen,Unknown,Niet brandend,Overig asfalt,Droog,Daglicht,Droog,Postjesweg,amsterdam,POINT (117760.6446999982 486403.25290000066),POINT (4.84047429707739 52.36425299639509),4.84047429707739,52.36425299639509,1,1,1,1
3784,237935,20210014970,2021,Letsel,2,personenauto,fiets,Flank,Unknown,Binnen,50.0,Niet aanwezig,Overig asfalt,Droog,Duisternis,Droog,Ferdinand Bolstraat,amsterdam,POINT (121202.09600000083 485096.61100000143),POINT (4.8911293886755605 52.35273233850009),4.8911293886755605,52.35273233850009,1,1,1,1
3785,237986,20210032846,2021,Letsel,2,personenauto,bromfiets,Frontaal,Rechte weg,Buiten,50.0,Niet brandend,Overig asfalt,Nat,Daglicht,Regen,Dukdalfweg,amsterdam,POINT (116744.5390000008 492248.9759999998),POINT (4.824891011157176 52.416719721561044),4.824891011157176,52.41671972156104,-1,0,1,0
3786,238102,20210045964,2021,Uitsluitend materiele schade,2,personenauto,fiets,Flank,"Kruispunt, 4 takken",Binnen,30.0,Niet brandend,Klinkers,Droog,Daglicht,Droog,Theophile de Bockstraat,amsterdam,POINT (118249.41770000011 485352.31430000067),POINT (4.847764752879034 52.35484085607574),4.847764752879034,52.35484085607574,1,1,2,1
3787,238105,20210048397,2021,Uitsluitend materiele schade,1,fiets,unknown,Frontaal,"Kruispunt, 4 takken",Binnen,30.0,Niet brandend,Overig asfalt,Droog,Daglicht,Droog,Hemonystraat,amsterdam,POINT (121928.95279999822 485715.1671999991),POINT (4.9017367817279744 52.35833573695349),4.9017367817279744,52.35833573695349,1,1,2,1
3788,238186,20210055037,2021,Uitsluitend materiele schade,2,personenauto,fiets,Flank,Rechte weg,Binnen,30.0,Niet brandend,Overig asfalt,Droog,Daglicht,Droog,Marnixstraat,amsterdam,POINT (120357.90799999982 486788.7670000009),POINT (4.878564830282337 52.367887672117476),4.878564830282337,52.36788767211748,1,1,2,1
3789,238215,20210050923,2021,Uitsluitend materiele schade,2,personenauto,fiets,Flank,"Kruispunt, 4 takken",Binnen,50.0,Niet brandend,Overig asfalt,Nat,Daglicht,Regen,Jan Pieter Heijestraat,amsterdam,POINT (119436.67680000141 486024.68290000036),POINT (4.8651200139657425 52.36096175850215),4.865120013965743,52.36096175850215,1,1,2,1
3790,238229,20210088053,2021,Letsel,2,personenauto,bromfiets,Kop/staart,Rechte weg,Binnen,50.0,Brandend,ZOAB,Nat,Duisternis,Droog,Pieter Calandlaan,amsterdam,POINT (117066.51099999994 485521.1950000003),POINT (4.83038331290916 52.356278229861694),4.83038331290916,52.356278229861694,1,1,1,1
3791,238235,20210040538,2021,Uitsluitend materiele schade,2,snorfiets,personenauto,Frontaal,Bocht,Binnen,50.0,Niet brandend,Klinkers,Droog,Daglicht,Droog,Nieuwstad,amsterdam,POINT (131632.09699999914 479736.94099999964),POINT (5.044586141687492 52.30510479170507),5.044586141687492,52.30510479170507,-1,0,2,0
3792,238236,20210041153,2021,Uitsluitend materiele schade,2,motor,fiets,Flank,"Kruispunt, 4 takken",Binnen,50.0,Brandend,Overig asfalt,Droog,Duisternis,Droog,Marnixstraat,amsterdam,POINT (120171.96799999848 487260.68200000003),POINT (4.8757859383135225 52.37211714292982),4.8757859383135225,52.37211714292982,1,1,2,1
3793,238252,20210085176,2021,Letsel,2,bestelauto,e-bike,Geparkeerd voertuig,"Kruispunt, 3 takken",Binnen,Unknown,Niet brandend,Overig asfalt,Nat,Daglicht,Droog,Zeeburgerdijk,amsterdam,POINT (125049.84800000116 486567.05099999905),POINT (4.947472834400233 52.36617093205342),4.947472834400233,52.36617093205342,1,1,1,1
3794,238336,20210072170,2021,Uitsluitend materiele schade,2,bromfiets,personenauto,Eenzijdig,"Kruispunt, 3 takken",Binnen,30.0,Niet brandend,Overig asfalt,Nat,Daglicht,Droog,Transformatorweg,amsterdam,POINT (118284.89409999922 489455.79459999874),POINT (4.847837190972572 52.39172218211111),4.847837190972572,52.39172218211111,1,1,2,1
3795,238342,20210072641,2021,Uitsluitend materiele schade,2,fiets,bromfiets,Frontaal,Rechte weg,Binnen,50.0,Niet brandend,Klinkers,Nat,Daglicht,Droog,Tussen Meer,amsterdam,POINT (114490.19099999964 485581.71599999815),POINT (4.792560435129765 52.35663821450801),4.792560435129765,52.35663821450801,1,1,2,1
3796,238383,20210050540,2021,Uitsluitend materiele schade,2,bromfiets,personenauto,Flank,"Kruispunt, 4 takken",Binnen,50.0,Niet brandend,ZOAB,Droog,Daglicht,Droog,Hoofdweg,amsterdam,POINT (118585.34800000116 486725.0859999992),POINT (4.852546819756579 52.36720068810637),4.852546819756579,52.36720068810637,1,1,2,1
3797,238384,20210050545,2021,Uitsluitend materiele schade,2,bromfiets,personenauto,Flank,"Kruispunt, 4 takken",Binnen,50.0,Brandend,Overig asfalt,Droog,Duisternis,Droog,Insulindeweg,amsterdam,POINT (124517 486075),POINT (4.939694332244337 52.36171938135959),4.939694332244337,52.36171938135959,1,1,2,1
3798,238393,20210068294,2021,Uitsluitend materiele schade,2,bromfiets,bestelauto,Flank,"Kruispunt, 3 takken",Buiten,50.0,Niet brandend,Overig asfalt,Nat,Daglicht,Droog,Wilhelmina Druckerstraat,amsterdam,POINT (116867.12669999897 484820.29630000144),POINT (4.827536151874678 52.349965275253155),4.827536151874678,52.34996527525316,1,1,2,1