,Unnamed: 0,accident_id,accident_year,outcome,num_parties,party1_type,party2_type,accident_nature,road_situation,built_up_area,speed_limit_kmh,street_lighting,road_surface,road_condition,light_condition,weather_condition,street_name,municipality,shape,geometry,longitude,latitude,cluster,future_hotspot_spatial,outcome_encoded,future_hotspot_pred
3799,238482,20210068201,2021,Uitsluitend materiele schade,2,personenauto,bromfiets,Onbekend,Bocht,Binnen,50.0,Niet brandend,Overig asfalt,Nat,Daglicht,Droog,Basisweg,amsterdam,POINT (130324.27199999988 478937.5780000016),POINT (5.025469758293843 52.29786339202191),5.025469758293843,52.29786339202191,-1,0,2,0
3800,238489,20210035264,2021,Uitsluitend materiele schade,2,personenauto,bromfiets,Flank,Rechte weg,Binnen,50.0,Niet aanwezig,Overig asfalt,Droog,Daglicht,Unknown,Volendammerweg,amsterdam,POINT (125184.11800000072 489234.51999999955),POINT (4.9492074582548575 52.39015168582869),4.9492074582548575,52.39015168582869,1,1,2,1
3801,238507,20210065619,2021,Letsel,2,fiets,boom,Vast voorwerp,Rechte weg,Binnen,30.0,Brandend,Overig asfalt,Droog,Duisternis,Unknown,Derde Marnixdwarsstraat,amsterdam,POINT (120178.51749999821 487338.3110000007),POINT (4.875874065603477 52.372815231220684),4.875874065603477,52.372815231220684,1,1,1,1
3802,238512,20210069171,2021,Letsel,2,e-bike,voetganger,Voetganger,Rechte weg,Binnen,Unknown,Niet brandend,Klinkers,Droog,Daglicht,Droog,Marnixstraat,amsterdam,POINT (120156.70300000161 487265.5370000005),POINT (4.875561290763485 52.372159807784456),4.875561290763485,52.372159807784456,1,1,1,1
3803,238628,20230004048,2023,Uitsluitend materiele schade,1,bromfiets,unknown,Onbekend,Unknown,Unknown,30.0,Unknown,Unknown,Unknown,Duisternis,Unknown,Herengracht,amsterdam,POINT (121186.73099999875 487911.6579999998),POINT (4.890620778967317 52.37803106973946),4.890620778967317,52.37803106973946,1,1,2,1
3804,239182,20220081491,2022,Uitsluitend materiele schade,2,fiets,personenauto,Flank,Rechte weg,Binnen,50.0,Brandend,Overig asfalt,Droog,Duisternis,Droog,Elementenstraat,amsterdam,POINT (118574.08399999887 489636.2289999984),POINT (4.852065812385733 52.39336305347113),4.852065812385733,52.39336305347113,1,1,2,1
3805,239192,20220016705,2022,Uitsluitend materiele schade,1,bromfiets,unknown,Eenzijdig,Rechte weg,Binnen,50.0,Niet brandend,Overig asfalt,Nat,Daglicht,Droog,Stadionweg,amsterdam,POINT (118990.52699999884 484318.9770000018),POINT (4.858753180815245 52.34560302488486),4.858753180815245,52.34560302488486,1,1,2,1
3806,239214,20220080837,2022,Letsel,2,snorfiets,bromfiets,Frontaal,Rechte weg,Binnen,50.0,Brandend,Overig asfalt,Droog,Duisternis,Droog,Bos en Lommerweg,amsterdam,POINT (117797.49700000137 487990.47199999914),POINT (4.84083964323988 52.37852020145866),4.84083964323988,52.37852020145866,1,1,1,1
3807,239322,20220055468,2022,Uitsluitend materiele schade,2,snorfiets,voetganger,Voetganger,"Kruispunt, 4 takken",Binnen,50.0,Niet brandend,Overig asfalt,Droog,Daglicht,Droog,Koos Vorrinkweg,amsterdam,POINT (114981.95179999992 485135.4490999989),POINT (4.799831717367379 52.352663561232816),4.799831717367379,52.352663561232816,1,1,2,1
3808,239356,20220055527,2022,Uitsluitend materiele schade,2,fiets,personenauto,Flank,"Kruispunt, 4 takken",Binnen,50.0,Niet brandend,Overig asfalt,Droog,Daglicht,Droog,Valkenburgerstraat,amsterdam,POINT (122105.35990000144 486839.4043000005),POINT (4.904216291875826 52.36845020649106),4.904216291875826,52.36845020649106,1,1,2,1
3809,239396,20220081273,2022,Letsel,2,personenauto,fiets,Flank,"Kruispunt, 4 takken",Binnen,50.0,Niet brandend,Overig asfalt,Droog,Schemer,Droog,Tussen Meer,amsterdam,POINT (114381.84499999881 485546.5879999995),POINT (4.790974347578945 52.35631451228897),4.790974347578945,52.35631451228897,1,1,1,1
3810,239424,20220081285,2022,Letsel,2,fiets,personenauto,Kop/staart,Rechte weg,Binnen,30.0,Niet aanwezig,Klinkers,Nat,Daglicht,Unknown,Rokin,amsterdam,POINT (121331.27100000158 487268.1570000015),POINT (4.892807895166933 52.37225662451333),4.892807895166933,52.37225662451333,1,1,1,1
3811,239425,20220081289,2022,Uitsluitend materiele schade,2,personenauto,fiets,Flank,"Kruispunt, 4 takken",Binnen,Unknown,Niet brandend,Unknown,Droog,Daglicht,Droog,Middenweg,amsterdam,POINT (124544.38749999925 484511.41420000046),POINT (4.940237930941414 52.34766837180954),4.940237930941414,52.34766837180954,1,1,2,1
3812,239486,20220054633,2022,Uitsluitend materiele schade,2,personenauto,fiets,Flank,Rechte weg,Binnen,50.0,Niet brandend,Overig asfalt,Droog,Daglicht,Droog,Hobbemakade,amsterdam,POINT (120862.1099999994 485113.71400000155),POINT (4.886137629244646 52.35286503051373),4.886137629244646,52.35286503051373,1,1,2,1
3813,239513,20220103080,2022,Uitsluitend materiele schade,2,personenauto,snorfiets,Onbekend,Rechte weg,Binnen,50.0,Niet brandend,ZOAB,Droog,Daglicht,Droog,Hoekenes,amsterdam,POINT (114972.57299999893 485806.48999999836),POINT (4.799614216253631 52.358693663094094),4.799614216253631,52.358693663094094,1,1,2,1
3814,239529,20220055816,2022,Letsel,2,personenauto,fiets,Flank,"Kruispunt, 4 takken",Binnen,30.0,Niet brandend,Overig asfalt,Droog,Daglicht,Unknown,Linnaeuskade,amsterdam,POINT (124243.65069999918 485529.0104999989),POINT (4.935731434533412 52.35679714070016),4.935731434533412,52.35679714070016,1,1,1,1
3815,239540,20220102908,2022,Letsel,1,fiets,unknown,Eenzijdig,Bocht,Binnen,50.0,Niet brandend,Overig asfalt,Droog,Daglicht,Droog,Nieuwezijds Voorburgwal,amsterdam,POINT (121177.67599999905 487398.09800000116),POINT (4.890539489241074 52.37341500318253),4.890539489241074,52.37341500318253,1,1,1,1
3816,239542,20220103183,2022,Letsel,2,fiets,e-bike,Onbekend,Rechte weg,Binnen,50.0,Niet aanwezig,Unknown,Nat,Daglicht,Regen,Plesmanlaan,amsterdam,POINT (114864.84099999815 484567.01300000027),POINT (4.798180690441729 52.34754636018137),4.798180690441729,52.34754636018137,1,1,1,1
3817,239573,20220102382,2022,Letsel,2,personenauto,fiets,Flank,"Kruispunt, 3 takken",Binnen,50.0,Niet brandend,Beton,Droog,Daglicht,Unknown,Radarweg,amsterdam,POINT (117501.58269999921 490451.30260000005),POINT (4.836219170586531 52.40061603239427),4.836219170586531,52.40061603239427,1,1,1,1
3818,239961,20230006103,2023,Uitsluitend materiele schade,2,personenauto,fiets,Kop/staart,"Kruispunt, 4 takken",Binnen,30.0,Brandend,Overig asfalt,Droog,Duisternis,Droog,Dr. H. Colijnstraat,amsterdam,POINT (115461.72509999946 488234.56799999997),POINT (4.806508861568117 52.38055069310542),4.806508861568117,52.38055069310542,1,1,2,1
3819,240021,20230004666,2023,Letsel,3,fiets,bromfiets,Onbekend,Bocht,Binnen,Unknown,Brandend,Beton,Droog,Daglicht,Droog,Oosterdoksstraat,amsterdam,POINT (122346.59809999913 487734.96269999817),POINT (4.907671240182224 52.376513260644394),4.907671240182224,52.3765132606444,1,1,1,1
3820,240391,20230004284,2023,Letsel,2,snorfiets,personenauto,Flank,"Kruispunt, 4 takken",Binnen,50.0,Niet brandend,Beton,Droog,Daglicht,Droog,Burgemeester Eliasstraat,amsterdam,POINT (116847.56749999896 488232.4004999995),POINT (4.826861914241508 52.38062927214431),4.826861914241508,52.38062927214431,1,1,1,1
3821,240487,20210030004,2021,Letsel,2,personenauto,fiets,Flank,"Kruispunt, 4 takken",Binnen,50.0,Niet brandend,Klinkers,Droog,Daglicht,Droog,Buitenveldertselaan,amsterdam,POINT (119653.5139000006 482657.9844000004),POINT (4.868656717311756 52.33071818509226),4.868656717311756,52.33071818509226,1,1,1,1
3822,240612,20220178322,2022,Letsel,3,e-bike,e-bike,Onbekend,Rechte weg,Buiten,Unknown,Niet brandend,Overig asfalt,Droog,Daglicht,Droog,Gooilandseweg,amsterdam,POINT (130725.00299999863 479417.04100000113),POINT (5.031309677859308 52.30219040968319),5.031309677859308,52.30219040968319,-1,0,1,0
3823,240625,20220141958,2022,Uitsluitend materiele schade,2,snorfiets,personenauto,Flank,"Kruispunt, 3 takken",Binnen,50.0,Niet brandend,ZOAB,Droog,Daglicht,Droog,Slotermeerlaan,amsterdam,POINT (116352.2939000018 487759.1644000001),POINT (4.819642635697555 52.376341565184674),4.819642635697555,52.376341565184674,1,1,2,1
3824,240634,20220177086,2022,Uitsluitend materiele schade,2,personenauto,fiets,Onbekend,"Kruispunt, 4 takken",Binnen,50.0,Niet brandend,Overig asfalt,Droog,Daglicht,Droog,Piet Heinkade,amsterdam,POINT (123081.87959999964 487761.9228999987),POINT (4.918466340607362 52.37679879405618),4.918466340607362,52.37679879405618,1,1,2,1
3825,240637,20220177700,2022,Uitsluitend materiele schade,2,personenauto,bromfiets,Flank,Rechte weg,Binnen,50.0,Niet brandend,Overig asfalt,Droog,Daglicht,Droog,Amstelveenseweg,amsterdam,POINT (118908.4990000017 483155.7039999999),POINT (4.857674149056168 52.33514295027657),4.857674149056168,52.33514295027657,1,1,2,1
3826,240638,20220177744,2022,Uitsluitend materiele schade,2,personenauto,fiets,Flank,"Kruispunt, 3 takken",Binnen,50.0,Niet brandend,Beton,Droog,Daglicht,Droog,De Ruijterkade,amsterdam,POINT (122177.22470000014 487918.76309999824),POINT (4.905166029807351 52.37815503064225),4.905166029807351,52.37815503064225,1,1,2,1
3827,240705,20220142218,2022,Uitsluitend materiele schade,2,personenauto,e-bike,Flank,"Kruispunt, 3 takken",Binnen,50.0,Niet brandend,ZOAB,Droog,Daglicht,Droog,De Boelelaan,amsterdam,POINT (120741.15659999847 483099.3093000017),POINT (4.884567393187924 52.33475337541613),4.884567393187924,52.33475337541613,1,1,2,1
3828,240716,20220177937,2022,Uitsluitend materiele schade,2,fiets,voetganger,Voetganger,Rechte weg,Binnen,30.0,Niet brandend,Beton,Droog,Daglicht,Droog,Leidseplein,amsterdam,POINT (120578.33999999985 486313.68200000003),POINT (4.88184988409056 52.36363180462766),4.88184988409056,52.36363180462766,1,1,2,1
3829,240734,20220123465,2022,Uitsluitend materiele schade,3,bestelauto,fiets,Onbekend,"Kruispunt, 4 takken",Binnen,30.0,Niet brandend,Klinkers,Droog,Daglicht,Droog,Van Speijkstraat,amsterdam,POINT (119121.6585999988 486894.36620000005),POINT (4.860402803018942 52.36875735070478),4.860402803018942,52.36875735070478,1,1,2,1
3830,240772,20220142305,2022,Letsel,3,bestelauto,fiets,Flank,Rechte weg,Binnen,50.0,Niet brandend,Overig asfalt,Droog,Daglicht,Droog,Durgerdammerdijk,amsterdam,POINT (126834.46299999952 488083.4149999991),POINT (4.973547010046545 52.37989346898525),4.973547010046545,52.37989346898525,-1,0,1,0
3831,240841,20220142472,2022,Letsel,2,bromfiets,fiets,Kop/staart,Rechte weg,Binnen,30.0,Niet brandend,ZOAB,Droog,Daglicht,Droog,Amstelveenseweg,amsterdam,POINT (118747.50800000131 485433.3669999987),POINT (4.855066879210849 52.35560239106678),4.855066879210849,52.35560239106678,1,1,1,1
3832,240909,20220123929,2022,Uitsluitend materiele schade,2,bromfiets,fiets,Flank,"Kruispunt, 3 takken",Binnen,30.0,Niet brandend,Klinkers,Droog,Daglicht,Droog,Tweede Helmersstraat,amsterdam,POINT (120263.70059999824 486430.1911999993),POINT (4.8772187102470275 52.36465909896352),4.877218710247028,52.36465909896352,1,1,2,1
3833,240926,20220155382,2022,Letsel,2,fiets,fiets,Flank,Rechte weg,Binnen,Unknown,Niet brandend,ZOAB,Droog,Daglicht,Droog,Vondelpark,amsterdam,POINT (120246.92500000075 485987.7030000016),POINT (4.877018156004619 52.36068126749362),4.877018156004619,52.36068126749362,1,1,1,1
3834,240968,20220155459,2022,Uitsluitend materiele schade,2,bromfiets,bromfiets,Flank,Rechte weg,Binnen,30.0,Niet brandend,Overig asfalt,Droog,Daglicht,Droog,Burg De Vlugtlaan,amsterdam,POINT (116576.74199999869 488290.55000000075),POINT (4.822877850395634 52.38113298508439),4.822877850395634,52.38113298508439,1,1,2,1
3835,241064,20220141618,2022,Uitsluitend materiele schade,2,personenauto,fiets,Flank,"Kruispunt, 3 takken",Binnen,50.0,Niet brandend,Klinkers,Droog,Daglicht,Droog,Prinsengracht,amsterdam,POINT (120623.6763000004 487031.67159999907),POINT (4.882442041737804 52.370087424414),4.882442041737804,52.370087424414,1,1,2,1
3836,241094,20220124158,2022,Uitsluitend materiele schade,2,fiets,bromfiets,Flank,Rechte weg,Binnen,50.0,Niet brandend,Overig asfalt,Droog,Daglicht,Droog,Piet Heinkade,amsterdam,POINT (123653.90199999884 487616.5850000009),POINT (4.926880149476305 52.375525549125044),4.926880149476305,52.37552554912504,1,1,2,1
3837,241142,20220141872,2022,Uitsluitend materiele schade,2,bestelauto,fiets,Onbekend,"Kruispunt, 3 takken",Binnen,50.0,Niet brandend,Overig asfalt,Droog,Daglicht,Droog,Reigersbospad,amsterdam,POINT (125977.31300000101 480651.5859999992),POINT (4.961599510255966 52.31305595095216),4.961599510255966,52.31305595095216,0,1,2,1
3838,241232,20230059539,2023,Letsel,3,personenauto,fiets,Los voorwerp,"Kruispunt, 4 takken",Binnen,50.0,Niet brandend,Overig asfalt,Droog,Daglicht,Droog,Kabelweg,amsterdam,POINT (118242.56949999928 489484.4818000011),POINT (4.847212302849379 52.39197716674136),4.847212302849379,52.39197716674136,1,1,1,1
3839,241309,20230039830,2023,Uitsluitend materiele schade,4,personenauto,fiets,Onbekend,Rechte weg,Binnen,50.0,Niet brandend,Overig asfalt,Droog,Daglicht,Droog,Haarlemmerweg,amsterdam,POINT (113415.40300000086 488628.6579999998),POINT (4.776407503487349 52.38394124078299),4.776407503487349,52.38394124078299,-1,0,2,0
3840,241311,20230040395,2023,Uitsluitend materiele schade,2,personenauto,fiets,Onbekend,Rotonde,Binnen,50.0,Niet brandend,Overig asfalt,Droog,Daglicht,Droog,Mosplein,amsterdam,POINT (122617.63219999894 489342.6658000015),POINT (4.911496410151092 52.39097820672522),4.911496410151092,52.39097820672522,1,1,2,1
3841,241400,20230066604,2023,Uitsluitend materiele schade,2,bromfiets,bromfiets,Onbekend,Rechte weg,Binnen,30.0,Niet brandend,Klinkers,Droog,Daglicht,Droog,Osdorper Ban,amsterdam,POINT (114717.65100000054 486061.5469999984),POINT (4.795841682032019 52.3609672765716),4.795841682032019,52.3609672765716,1,1,2,1
3842,241493,20220212222,2022,Uitsluitend materiele schade,2,bestelauto,fiets,Flank,Rotonde,Binnen,50.0,Niet brandend,Overig asfalt,Nat,Daglicht,Droog,Henk Sneevlietweg,amsterdam,POINT (118146.63010000065 484441.7399000004),POINT (4.846355792315578 52.34665038674303),4.846355792315578,52.34665038674303,1,1,2,1
3843,241759,20220211241,2022,Uitsluitend materiele schade,2,e-bike,personenauto,Flank,"Kruispunt, 4 takken",Binnen,30.0,Brandend,Klinkers,Nat,Schemer,Regen,Bilderdijkkade,amsterdam,POINT (119896.92289999872 486567.8980999999),POINT (4.8718196457962835 52.365873391489686),4.871819645796284,52.365873391489686,1,1,2,1
3844,241761,20220211912,2022,Letsel,1,fiets,unknown,Eenzijdig,Unknown,Unknown,30.0,Unknown,Unknown,Unknown,Daglicht,Unknown,Prinsengracht,amsterdam,POINT (120793.92100000009 487792.3779999986),POINT (4.88486430309559 52.37693473629868),4.88486430309559,52.37693473629868,1,1,1,1
3845,241795,20220210555,2022,Letsel,2,personenauto,fiets,Frontaal,"Kruispunt, 4 takken",Binnen,30.0,Brandend,Overig asfalt,Nat,Duisternis,Droog,Korte Prinsengracht,amsterdam,POINT (121087.87220000103 488308.40019999817),POINT (4.889128940581713 52.38159060336896),4.889128940581713,52.38159060336896,1,1,1,1
3846,242361,20230112101,2023,Uitsluitend materiele schade,1,bromfiets,unknown,Voetganger,"Kruispunt, 3 takken",Binnen,30.0,Brandend,Overig asfalt,Nat,Duisternis,Droog,Buikslotermeerdijk,amsterdam,POINT (123462.00699999928 490499.2250000015),POINT (4.923791514365306 52.401421696689056),4.923791514365306,52.401421696689056,1,1,2,1
3847,242377,20230023659,2023,Letsel,2,fiets,bestelauto,Onbekend,Rechte weg,Binnen,50.0,Niet brandend,Overig asfalt,Droog,Daglicht,Droog,C. van Eesterenlaan,amsterdam,POINT (124449.92399999872 486934.19099999964),POINT (4.938631578448973 52.369437506884786),4.938631578448973,52.36943750688479,1,1,1,1
3848,242398,20230020849,2023,Uitsluitend materiele schade,2,fiets,bestelauto,Flank,Rechte weg,Binnen,50.0,Brandend,Beton,Nat,Duisternis,Droog,Leeuwenhoekstraat,amsterdam,POINT (122360.44999999925 485671.2120000012),POINT (4.908075010099445 52.35796650250044),4.908075010099445,52.35796650250044,1,1,2,1
3849,242415,20230066991,2023,Uitsluitend materiele schade,2,personenauto,bromfiets,Flank,"Kruispunt, 4 takken",Binnen,30.0,Niet brandend,Klinkers,Droog,Daglicht,Droog,Keizersgracht,amsterdam,POINT (120856.34180000052 487637.9226000011),POINT (4.885796655688078 52.37555048807719),4.885796655688078,52.37555048807719,1,1,2,1
3850,242425,20230020885,2023,Uitsluitend materiele schade,4,bromfiets,personenauto,Geparkeerd voertuig,Rechte weg,Binnen,30.0,Niet brandend,Klinkers,Droog,Daglicht,Droog,Lutmastraat,amsterdam,POINT (121577.45899999887 484875.2529999986),POINT (4.896660640442928 52.35076588121853),4.896660640442928,52.35076588121853,1,1,2,1
3851,242593,20230023342,2023,Uitsluitend materiele schade,2,personenauto,snorfiets,Flank,"Kruispunt, 4 takken",Binnen,50.0,Niet brandend,Overig asfalt,Droog,Daglicht,Droog,Kabelweg,amsterdam,POINT (118245.32869999856 489442.67350000143),POINT (4.847257412258415 52.39160161185052),4.847257412258415,52.39160161185052,1,1,2,1
3852,242614,20230078861,2023,Letsel,2,fiets,motor,Flank,"Kruispunt, 4 takken",Binnen,30.0,Niet brandend,Overig asfalt,Droog,Daglicht,Droog,Molukkenstraat,amsterdam,POINT (124499.42419999838 486304.63170000166),POINT (4.939415488877362 52.36378218799088),4.939415488877362,52.36378218799088,1,1,1,1
3853,242638,20230074705,2023,Uitsluitend materiele schade,3,personenauto,fiets,Onbekend,"Kruispunt, 4 takken",Binnen,50.0,Niet aanwezig,ZOAB,Droog,Daglicht,Droog,Bart Poesiatstraat,amsterdam,POINT (114796.53869999945 484996.21719999984),POINT (4.797127056591924 52.35139871870698),4.797127056591924,52.35139871870698,1,1,2,1
3854,242640,20230079067,2023,Letsel,2,fiets,personenauto,Eenzijdig,Rechte weg,Binnen,50.0,Brandend,Overig asfalt,Droog,Duisternis,Droog,Mauritskade,amsterdam,POINT (122402.24300000072 485905.8839999996),POINT (4.908665742394669 52.360078059212526),4.908665742394669,52.360078059212526,1,1,1,1
3855,242662,20230077007,2023,Uitsluitend materiele schade,2,snorfiets,personenauto,Flank,"Kruispunt, 4 takken",Binnen,50.0,Niet brandend,Overig asfalt,Droog,Daglicht,Droog,Mendes da Costahof,amsterdam,POINT (114867.27120000124 487798.6330000013),POINT (4.7978306755442786 52.37658973875328),4.797830675544279,52.37658973875328,1,1,2,1
3856,242703,20230024725,2023,Letsel,2,personenauto,bromfiets,Flank,Rotonde,Binnen,50.0,Niet brandend,Overig asfalt,Droog,Daglicht,Droog,Slotermeerlaan,amsterdam,POINT (116315.97419999912 487736.88390000165),POINT (4.819111852052468 52.37613876824421),4.819111852052468,52.37613876824421,1,1,1,1
3857,242763,20230020199,2023,Uitsluitend materiele schade,1,bromfiets,unknown,Eenzijdig,"Kruispunt, 4 takken",Binnen,50.0,Niet brandend,Overig asfalt,Nat,Daglicht,Droog,Kinkerstraat,amsterdam,POINT (119919.66899999976 486716.02899999917),POINT (4.872138135811316 52.36720613843117),4.872138135811316,52.36720613843117,1,1,2,1
3858,242788,20230074557,2023,Uitsluitend materiele schade,1,fiets,unknown,Voetganger,Rechte weg,Binnen,50.0,Niet brandend,ZOAB,Droog,Daglicht,Droog,Jan Evertsenstraat,amsterdam,POINT (118337.38899999857 487015.4829999991),POINT (4.848874649092671 52.36979406153061),4.848874649092671,52.36979406153061,1,1,2,1
3859,242818,20230077558,2023,Uitsluitend materiele schade,2,bromfiets,fiets,Flank,"Kruispunt, 3 takken",Binnen,Unknown,Unknown,Klinkers,Droog,Schemer,Droog,Banstraat,amsterdam,POINT (120040.40709999949 485355.5822999999),POINT (4.874052223506368 52.35498710719578),4.874052223506368,52.35498710719578,1,1,2,1
3860,242820,20230077829,2023,Uitsluitend materiele schade,2,personenauto,fiets,Onbekend,"Kruispunt, 4 takken",Binnen,50.0,Brandend,ZOAB,Droog,Schemer,Droog,President Kennedylaan,amsterdam,POINT (121287.46649999917 483768.68730000034),POINT (4.892515401052231 52.34080308515281),4.892515401052231,52.34080308515281,1,1,2,1
3861,242827,20230078288,2023,Letsel,2,fiets,fiets,Frontaal,Rechte weg,Binnen,30.0,Niet brandend,ZOAB,Nat,Daglicht,Droog,Amstelplein,amsterdam,POINT (122985.87299999967 484270.16699999943),POINT (4.917388852565552 52.34541161486595),4.917388852565552,52.34541161486595,1,1,1,1
3862,242840,20230097446,2023,Uitsluitend materiele schade,2,personenauto,fiets,Geparkeerd voertuig,Rechte weg,Binnen,30.0,Niet brandend,Klinkers,Nat,Daglicht,Droog,Eikenweg,amsterdam,POINT (123254.2890000008 485740.98900000006),POINT (4.921189029628617 52.35864598938687),4.921189029628617,52.35864598938687,1,1,2,1
3863,243005,20230097647,2023,Letsel,2,fiets,unknown,Eenzijdig,Rechte weg,Binnen,30.0,Niet brandend,ZOAB,Droog,Daglicht,Droog,Ferdinand Bolstraat,amsterdam,POINT (121219.59200000018 484929.9219999984),POINT (4.891402915318194 52.35123532593569),4.891402915318194,52.35123532593569,1,1,1,1
3864,243042,20230087201,2023,Uitsluitend materiele schade,2,fiets,fiets,Flank,Rechte weg,Binnen,30.0,Niet brandend,Klinkers,Nat,Daglicht,Droog,Postjeskade,amsterdam,POINT (118372.61800000072 485843.40199999884),POINT (4.849519584270652 52.359262620631895),4.849519584270652,52.359262620631895,1,1,2,1
3865,243123,20230102879,2023,Letsel,2,fiets,personenauto,Flank,Rechte weg,Binnen,50.0,Niet brandend,Unknown,Nat,Daglicht,Regen,Pieter Calandlaan,amsterdam,POINT (116744.15300000086 485513.89400000125),POINT (4.825652507364651 52.356190261505056),4.825652507364651,52.356190261505056,1,1,1,1
3866,243172,20230087471,2023,Letsel,3,fiets,fiets,Onbekend,Bocht,Binnen,30.0,Niet brandend,Klinkers,Droog,Daglicht,Droog,Chestertonlaan,amsterdam,POINT (125001.2509999983 481915.55900000036),POINT (4.947173905298948 52.32436347744723),4.947173905298948,52.32436347744723,0,1,1,1
3867,243234,20210080849,2021,Uitsluitend materiele schade,4,personenauto,fiets,Flank,"Kruispunt, 4 takken",Binnen,50.0,Niet brandend,Overig asfalt,Droog,Daglicht,Droog,Kamerlingh Onneslaan,amsterdam,POINT (123888.46400000155 485191.75499999896),POINT (4.930548991405342 52.35374610504436),4.930548991405342,52.35374610504436,1,1,2,1
3868,243315,20210087255,2021,Letsel,1,fiets,unknown,Eenzijdig,Rechte weg,Binnen,50.0,Brandend,Unknown,Droog,Schemer,Droog,Carolina MacGillavrylaan,amsterdam,POINT (125290.56799999997 485236.68499999866),POINT (4.951124527544798 52.354227508780056),4.951124527544798,52.354227508780056,1,1,1,1
3869,243316,20210087292,2021,Uitsluitend materiele schade,2,personenauto,fiets,Flank,"Kruispunt, 3 takken",Binnen,Unknown,Niet brandend,Overig asfalt,Droog,Daglicht,Droog,Eerste Van Swindenstraat,amsterdam,POINT (123452 486108),POINT (4.9240568364702035 52.36195583351931),4.924056836470204,52.36195583351931,1,1,2,1
3870,243376,20210022467,2021,Letsel,2,motor,fiets,Onbekend,Unknown,Unknown,Unknown,Unknown,Unknown,Unknown,Daglicht,Unknown,Veldzicht,amsterdam,POINT (115077.37440000102 486387.05900000036),POINT (4.801083667990437 52.36391897977017),4.801083667990437,52.36391897977017,1,1,1,1
3871,243377,20210022468,2021,Letsel,2,snorfiets,personenauto,Flank,"Kruispunt, 4 takken",Binnen,50.0,Niet brandend,Overig asfalt,Droog,Daglicht,Droog,Burgemeester Fockstraat,amsterdam,POINT (117201.97720000148 488087.54659999907),POINT (4.832083169231522 52.37935195557156),4.832083169231522,52.37935195557156,1,1,1,1
3872,243403,20210022681,2021,Uitsluitend materiele schade,2,fiets,personenauto,Flank,Unknown,Binnen,50.0,Niet brandend,Overig asfalt,Droog,Daglicht,Droog,Van Speijkstraat,amsterdam,POINT (119135.29399999976 486752.80999999866),POINT (4.860618105107811 52.367486038611865),4.860618105107811,52.367486038611865,1,1,2,1
3873,243558,20210012109,2021,Uitsluitend materiele schade,2,motor,fiets,Flank,"Kruispunt, 4 takken",Binnen,50.0,Niet brandend,Overig asfalt,Droog,Daglicht,Droog,Sumatrastraat,amsterdam,POINT (124293.24819999933 486027.12220000103),POINT (4.936413981203281 52.36127662477703),4.936413981203281,52.36127662477703,1,1,2,1
3874,243730,20210030003,2021,Letsel,2,e-bike,voetganger,Voetganger,Rechte weg,Binnen,30.0,Niet brandend,Klinkers,Droog,Daglicht,Droog,Eerste Van Swindenstraat,amsterdam,POINT (123789.17199999839 486220.59699999914),POINT (4.928996162622641 52.362987042313456),4.928996162622641,52.362987042313456,1,1,1,1
3875,243862,20210065636,2021,Uitsluitend materiele schade,2,fiets,snorfiets,Onbekend,Bocht,Binnen,30.0,Niet brandend,Klinkers,Droog,Daglicht,Droog,Surinamestraat,amsterdam,POINT (118690.64200000092 485713.91099999845),POINT (4.854201915251175 52.358119961954486),4.854201915251175,52.358119961954486,1,1,2,1
3876,243876,20210052019,2021,Uitsluitend materiele schade,1,snorfiets,unknown,Voetganger,"Kruispunt, 4 takken",Binnen,30.0,Niet brandend,Overig asfalt,Droog,Daglicht,Droog,Churchill-laan,amsterdam,POINT (121472.00560000166 484469.6746000014),POINT (4.8951533607835 52.347114387550796),4.8951533607835,52.3471143875508,1,1,2,1
3877,243910,20210038592,2021,Uitsluitend materiele schade,2,personenauto,fiets,Geparkeerd voertuig,Rechte weg,Binnen,50.0,Niet brandend,Klinkers,Droog,Daglicht,Droog,Amstel,amsterdam,POINT (121743.42500000075 486673.2569999993),POINT (4.898918665028053 52.36693519276456),4.898918665028053,52.36693519276456,1,1,2,1
3878,243913,20210042929,2021,Letsel,2,snorfiets,bromfiets,Flank,"Kruispunt, 3 takken",Binnen,Unknown,Niet brandend,ZOAB,Droog,Daglicht,Droog,Den Brielstraat,amsterdam,POINT (119009.5362999998 488714.51410000026),POINT (4.858561629282988 52.385108127704484),4.858561629282988,52.38510812770448,1,1,1,1
3879,243915,20210044768,2021,Letsel,2,personenauto,fiets,Geparkeerd voertuig,Rotonde,Binnen,Unknown,Unknown,Unknown,Droog,Daglicht,Droog,Meibergdreef,amsterdam,POINT (125442.07349999994 478374.73629999906),POINT (4.95395017651875 52.292564316675204),4.95395017651875,52.2925643166752,-1,0,1,0
3880,243947,20210050926,2021,Letsel,3,bromfiets,voetganger,Voetganger,Rechte weg,Binnen,30.0,Niet brandend,Overig asfalt,Droog,Daglicht,Droog,Burg De Vlugtlaan,amsterdam,POINT (116757.67399999872 488242.41000000015),POINT (4.8255405752711455 52.38071297497501),4.8255405752711455,52.38071297497501,1,1,1,1
3881,244047,20210066638,2021,Uitsluitend materiele schade,2,bestelauto,snorfiets,Flank,Rotonde,Binnen,50.0,Niet brandend,Overig asfalt,Droog,Daglicht,Droog,Oostoever,amsterdam,POINT (117099.53539999947 487087.6383999996),POINT (4.830691494056684 52.37035850428278),4.830691494056684,52.37035850428278,1,1,2,1