,Unnamed: 0,accident_id,accident_year,outcome,num_parties,party1_type,party2_type,accident_nature,road_situation,built_up_area,speed_limit_kmh,street_lighting,road_surface,road_condition,light_condition,weather_condition,street_name,municipality,shape,geometry,longitude,latitude,cluster,future_hotspot_spatial,outcome_encoded,future_hotspot_pred
3882,244084,20210072161,2021,Uitsluitend materiele schade,2,fiets,fiets,Frontaal,"Kruispunt, 4 takken",Binnen,30.0,Niet brandend,Overig asfalt,Droog,Daglicht,Droog,Piet Heinkade,amsterdam,POINT (123081.87959999964 487761.9228999987),POINT (4.918466340607362 52.37679879405618),4.918466340607362,52.37679879405618,1,1,2,1
3883,244095,20210043792,2021,Letsel,2,motor,fiets,Voetganger,"Kruispunt, 4 takken",Binnen,50.0,Niet brandend,Beton,Droog,Daglicht,Droog,Dr. H. Colijnstraat,amsterdam,POINT (115461.72509999946 488234.56799999997),POINT (4.806508861568117 52.38055069310542),4.806508861568117,52.38055069310542,1,1,1,1
3884,244117,20210064153,2021,Letsel,2,personenauto,bromfiets,Flank,"Kruispunt, 3 takken",Binnen,50.0,Niet brandend,Overig asfalt,Droog,Duisternis,Droog,IJburglaan,amsterdam,POINT (126683.49350000173 486849.3575000018),POINT (4.971433800285989 52.368794775934134),4.971433800285989,52.36879477593413,1,1,1,1
3885,244125,20210038878,2021,Uitsluitend materiele schade,2,snorfiets,brommobiel,Onbekend,"Kruispunt, 3 takken",Binnen,50.0,Niet brandend,Overig asfalt,Droog,Daglicht,Droog,MUSEUMBRUG 0082,amsterdam,POINT (120863.60060000047 485973.5368999988),POINT (4.886072251549268 52.36059261995623),4.886072251549268,52.36059261995623,1,1,2,1
3886,244150,20210034481,2021,Uitsluitend materiele schade,2,personenauto,bromfiets,Kop/staart,"Kruispunt, 4 takken",Binnen,50.0,Niet brandend,Overig asfalt,Droog,Daglicht,Droog,De Savornin Lohmanstraat,amsterdam,POINT (115307.48000000045 487612.5469999984),POINT (4.804317068826444 52.37494935097341),4.804317068826444,52.37494935097341,1,1,2,1
3887,244206,20210065559,2021,Uitsluitend materiele schade,2,snorfiets,personenauto,Flank,Rechte weg,Buiten,50.0,Niet brandend,Overig asfalt,Nat,Daglicht,Regen,Rhôneweg,amsterdam,POINT (116453.8385999985 489294.17920000106),POINT (4.820957656645471 52.39014416779808),4.820957656645471,52.39014416779808,1,1,2,1
3888,244263,20210069661,2021,Uitsluitend materiele schade,2,snorfiets,personenauto,Flank,"Kruispunt, 4 takken",Binnen,50.0,Niet brandend,Overig asfalt,Droog,Daglicht,Droog,H. Diesveldsingel,amsterdam,POINT (114330.14299999923 484894.118999999),POINT (4.790294334472223 52.35044681714152),4.790294334472223,52.35044681714152,1,1,2,1
3889,244702,20210093634,2021,Uitsluitend materiele schade,2,personenauto,fiets,Kop/staart,"Kruispunt, 4 takken",Binnen,50.0,Niet brandend,Klinkers,Droog,Daglicht,Droog,Javastraat,amsterdam,POINT (124234.35190000013 486301.86620000005),POINT (4.935524245329461 52.36374255109933),4.935524245329461,52.36374255109933,1,1,2,1
3890,244813,20220080537,2022,Uitsluitend materiele schade,2,personenauto,bromfiets,Kop/staart,"Kruispunt, 3 takken",Binnen,50.0,Niet brandend,Overig asfalt,Nat,Daglicht,Regen,C. van Eesterenlaan,amsterdam,POINT (124437.25230000168 486837.9776000008),POINT (4.9384542697809275 52.36857209882662),4.938454269780928,52.36857209882662,1,1,2,1
3891,244826,20220016314,2022,Uitsluitend materiele schade,2,bromfiets,fiets,Flank,"Kruispunt, 4 takken",Unknown,50.0,Brandend,Overig asfalt,Droog,Duisternis,Droog,Roetersstraat,amsterdam,POINT (122563.45729999989 486358.5357000008),POINT (4.910988647339378 52.36415573180251),4.910988647339378,52.36415573180251,1,1,2,1
3892,244877,20220081465,2022,Uitsluitend materiele schade,3,bestelauto,e-bike,Onbekend,Rotonde,Binnen,50.0,Niet brandend,Overig asfalt,Droog,Daglicht,Droog,Hoofddorpplein,amsterdam,POINT (118423.41699999943 484941.8999999985),POINT (4.850363294015222 52.35116396020524),4.850363294015222,52.35116396020524,1,1,2,1
3893,244878,20220081470,2022,Uitsluitend materiele schade,2,snorfiets,personenauto,Flank,"Kruispunt, 4 takken",Binnen,50.0,Niet brandend,Overig asfalt,Droog,Daglicht,Droog,Pieter Calandlaan,amsterdam,POINT (114996.72679999843 485085.71119999886),POINT (4.8000544832067975 52.35221763193469),4.8000544832067975,52.35221763193469,1,1,2,1
3894,244909,20220080831,2022,Letsel,1,bromfiets,unknown,Eenzijdig,Rechte weg,Binnen,30.0,Brandend,Beton,Nat,Duisternis,Droog,Jodenbreestraat,amsterdam,POINT (122030.69999999925 486878.8839999996),POINT (4.903116235284905 52.36880054600789),4.903116235284905,52.36880054600789,1,1,1,1
3895,244910,20220080861,2022,Uitsluitend materiele schade,2,personenauto,fiets,Onbekend,"Kruispunt, 4 takken",Binnen,50.0,Niet brandend,Overig asfalt,Droog,Daglicht,Droog,Molukkenstraat,amsterdam,POINT (124504.95369999856 486556.4395999983),POINT (4.939473830210639 52.366045581664785),4.939473830210639,52.36604558166479,1,1,2,1
3896,245067,20220054311,2022,Uitsluitend materiele schade,2,bromfiets,personenauto,Flank,"Kruispunt, 3 takken",Binnen,30.0,Niet brandend,Klinkers,Nat,Daglicht,Unknown,FIETSPAD,amsterdam,POINT (126503.30660000071 481241.7129999995),POINT (4.969262886867101 52.31838719776441),4.969262886867101,52.31838719776441,0,1,2,1
3897,245115,20220081293,2022,Uitsluitend materiele schade,2,personenauto,fiets,Flank,"Kruispunt, 4 takken",Binnen,50.0,Niet brandend,Overig asfalt,Droog,Daglicht,Droog,Joan Muyskenweg,amsterdam,POINT (122646.27380000055 483303.63479999825),POINT (4.912498197167662 52.33670514641239),4.912498197167662,52.33670514641239,1,1,2,1
3898,245139,20220055749,2022,Uitsluitend materiele schade,2,e-bike,fiets,Kop/staart,Rechte weg,Binnen,Unknown,Niet brandend,Overig asfalt,Droog,Daglicht,Droog,Sarphatistraat,amsterdam,POINT (123528.70399999991 486658.75400000066),POINT (4.925131324855314 52.366910046813075),4.925131324855314,52.36691004681308,1,1,2,1
3899,245200,20220103130,2022,Uitsluitend materiele schade,2,bromfiets,personenauto,Flank,"Kruispunt, 4 takken",Binnen,50.0,Niet brandend,Overig asfalt,Droog,Daglicht,Droog,Pieter Calandlaan,amsterdam,POINT (114269.41519999877 484851.68939999864),POINT (4.789408217470487 52.350060995370285),4.789408217470487,52.350060995370285,1,1,2,1
3900,245208,20220055823,2022,Letsel,2,snorfiets,bus,Flank,"Kruispunt, 4 takken",Binnen,50.0,Niet brandend,Overig asfalt,Droog,Daglicht,Droog,Slotermeerlaan,amsterdam,POINT (116421.39999999851 488106.1713999994),POINT (4.820617604947702 52.379465045004245),4.820617604947702,52.379465045004245,1,1,1,1
3901,245246,20220102449,2022,Uitsluitend materiele schade,2,bromfiets,bromfiets,Onbekend,Unknown,Unknown,30.0,Unknown,Unknown,Unknown,Duisternis,Unknown,Noordermarkt,amsterdam,POINT (120932.40300000086 488126.5799999982),POINT (4.8868640481270464 52.37994691078371),4.8868640481270464,52.37994691078371,1,1,2,1
3902,245258,20220015519,2022,Uitsluitend materiele schade,2,personenauto,fiets,Flank,Rechte weg,Binnen,50.0,Niet brandend,Klinkers,Droog,Daglicht,Droog,Prinsengracht,amsterdam,POINT (120972.7509999983 488035.82499999925),POINT (4.887465796446267 52.379133773054974),4.887465796446267,52.379133773054974,1,1,2,1
3903,245267,20220103267,2022,Uitsluitend materiele schade,1,fiets,unknown,Flank,"Kruispunt, 4 takken",Binnen,50.0,Niet brandend,Unknown,Nat,Daglicht,Droog,Insulindeweg,amsterdam,POINT (124018.62640000135 486012.999400001),POINT (4.932383819642637 52.36113427888685),4.932383819642637,52.36113427888685,1,1,2,1
3904,245549,20230003944,2023,Uitsluitend materiele schade,2,bromfiets,personenauto,Flank,"Kruispunt, 4 takken",Binnen,50.0,Brandend,Klinkers,Nat,Duisternis,Regen,Daniël Stalpertstraat,amsterdam,POINT (121164.69929999858 485479.9772000015),POINT (4.89054195509839 52.35617547210663),4.89054195509839,52.35617547210663,1,1,2,1
3905,245602,20230004381,2023,Letsel,2,bestelauto,bromfiets,Flank,"Kruispunt, 4 takken",Binnen,50.0,Niet brandend,Overig asfalt,Nat,Daglicht,Droog,Meibergdreef,amsterdam,POINT (125032.7809999995 478517.2899999991),POINT (4.947938363914008 52.29382338611108),4.947938363914008,52.29382338611108,-1,0,1,0
3906,245630,20230004435,2023,Uitsluitend materiele schade,3,fiets,fiets,Onbekend,Rechte weg,Binnen,50.0,Niet brandend,Overig asfalt,Droog,Daglicht,Droog,Maassluisstraat,amsterdam,POINT (117412.56799999997 484886.9270000011),POINT (4.835533676695816 52.350601684448385),4.835533676695816,52.35060168444839,1,1,2,1
3907,245633,20230006131,2023,Uitsluitend materiele schade,2,snorfiets,fiets,Flank,"Kruispunt, 4 takken",Binnen,50.0,Niet brandend,Overig asfalt,Nat,Daglicht,Regen,Vrijheidslaan,amsterdam,POINT (122362.98699999973 484442.1196000017),POINT (4.908231473023119 52.34692037705785),4.908231473023119,52.34692037705785,1,1,2,1
3908,245682,20230004712,2023,Letsel,2,bromfiets,bromfiets,Frontaal,Bocht,Binnen,50.0,Brandend,Overig asfalt,Droog,Duisternis,Droog,Holterbergweg,amsterdam,POINT (124254.00310000032 480540.2335000001),POINT (4.936338832387322 52.31196156060165),4.936338832387322,52.31196156060165,0,1,1,1
3909,246216,20220177609,2022,Uitsluitend materiele schade,2,personenauto,bromfiets,Onbekend,Unknown,Unknown,Unknown,Unknown,Unknown,Unknown,Daglicht,Unknown,Insulindeweg,amsterdam,POINT (124511.32310000062 486056.5100999996),POINT (4.939612670386005 52.36155289093149),4.939612670386005,52.36155289093149,1,1,2,1
3910,246217,20220177691,2022,Uitsluitend materiele schade,2,bromfiets,personenauto,Flank,Rotonde,Binnen,50.0,Niet brandend,Overig asfalt,Droog,Daglicht,Droog,Bijlmerdreef,amsterdam,POINT (125975.51300000027 481232.10080000013),POINT (4.961523134878437 52.31827321122528),4.961523134878437,52.31827321122528,0,1,2,1
3911,246294,20220177806,2022,Uitsluitend materiele schade,1,fiets,unknown,Flank,Rechte weg,Binnen,50.0,Niet brandend,Overig asfalt,Droog,Daglicht,Droog,Laanweg,amsterdam,POINT (122462.83900000155 488809.4129999988),POINT (4.909274185370681 52.38617656030892),4.909274185370681,52.38617656030892,1,1,2,1
3912,246332,20220178177,2022,Uitsluitend materiele schade,3,personenauto,fiets,Onbekend,Rechte weg,Binnen,50.0,Brandend,Overig asfalt,Droog,Duisternis,Droog,Jan van Galenstraat,amsterdam,POINT (118671.54899999872 487463.81500000134),POINT (4.8537325723783695 52.37384553887285),4.8537325723783695,52.37384553887285,1,1,2,1
3913,246362,20220177912,2022,Uitsluitend materiele schade,2,bromfiets,fiets,Flank,Rechte weg,Binnen,30.0,Niet brandend,Overig asfalt,Droog,Daglicht,Droog,Memlingstraat,amsterdam,POINT (120078.3599999994 484735.4389999993),POINT (4.874673656836432 52.349416102361516),4.874673656836432,52.34941610236152,1,1,2,1
3914,246402,20220123555,2022,Uitsluitend materiele schade,2,bromfiets,overig vast object,Vast voorwerp,Rechte weg,Binnen,30.0,Brandend,Overig asfalt,Droog,Duisternis,Droog,Spuistraat,amsterdam,POINT (121070.5859999992 487018.6950000003),POINT (4.889005278468938 52.369998592674236),4.889005278468938,52.36999859267424,1,1,2,1
3915,246482,20220142496,2022,Uitsluitend materiele schade,2,personenauto,e-bike,Flank,"Kruispunt, 4 takken",Binnen,30.0,Niet brandend,Klinkers,Droog,Daglicht,Droog,Eerste Van Swindenstraat,amsterdam,POINT (123686 486186),POINT (4.927484756264803 52.362670235394596),4.927484756264803,52.3626702353946,1,1,2,1
3916,246503,20220123787,2022,Uitsluitend materiele schade,2,bromfiets,fiets,Flank,"Kruispunt, 4 takken",Binnen,50.0,Niet brandend,Overig asfalt,Droog,Daglicht,Droog,Van Limburg Stirumstraat,amsterdam,POINT (120127.66319999844 488745.15989999846),POINT (4.874981316071079 52.385455719485876),4.874981316071079,52.38545571948588,1,1,2,1
3917,246521,20220155327,2022,Letsel,2,fiets,voetganger,Voetganger,Rechte weg,Binnen,30.0,Niet brandend,Overig asfalt,Droog,Daglicht,Droog,Rokin,amsterdam,POINT (121289.85300000012 486984.94900000095),POINT (4.8922281312657105 52.36970881027743),4.892228131265711,52.36970881027743,1,1,1,1
3918,246552,20220142622,2022,Uitsluitend materiele schade,2,fiets,fiets,Flank,"Kruispunt, 3 takken",Binnen,Unknown,Niet brandend,Overig asfalt,Droog,Daglicht,Droog,Admiraal De Ruijterweg,amsterdam,POINT (118516.24100000039 488430.65300000086),POINT (4.851347037987908 52.38252444042549),4.851347037987908,52.38252444042549,1,1,2,1
3919,246600,20220124044,2022,Uitsluitend materiele schade,2,personenauto,fiets,Flank,Rechte weg,Binnen,50.0,Niet brandend,Beton,Droog,Daglicht,Droog,Prins Bernhardplein,amsterdam,POINT (123078.28000000119 484647.0780000016),POINT (4.918709155922917 52.34880442651725),4.918709155922917,52.34880442651725,1,1,2,1
3920,246601,20220124059,2022,Letsel,2,bromfiets,personenauto,Flank,"Kruispunt, 3 takken",Binnen,50.0,Niet brandend,Overig asfalt,Droog,Daglicht,Droog,Pretoriusstraat,amsterdam,POINT (123685.02189999819 485485.0197999999),POINT (4.927535661379873 52.35637022425164),4.927535661379873,52.35637022425164,1,1,1,1
3921,246690,20220124178,2022,Letsel,2,personenauto,bromfiets,Flank,"Kruispunt, 4 takken",Binnen,50.0,Niet brandend,Klinkers,Droog,Daglicht,Droog,Markengouw,amsterdam,POINT (125812.75789999962 489861.1759000011),POINT (4.958387488822984 52.39581743144217),4.958387488822984,52.39581743144217,1,1,1,1
3922,246724,20220124209,2022,Uitsluitend materiele schade,2,bromfiets,lichtmast,Vast voorwerp,Rechte weg,Binnen,50.0,Brandend,Overig asfalt,Nat,Duisternis,Droog,Plesmanlaan,amsterdam,POINT (115516.13800000027 484833.6779999994),POINT (4.807707362876929 52.349990123365636),4.807707362876929,52.34999012336564,1,1,2,1
3923,246767,20230058672,2023,Uitsluitend materiele schade,2,bromfiets,fiets,Flank,Rechte weg,Binnen,50.0,Niet aanwezig,Overig asfalt,Droog,Daglicht,Droog,Moerdijkstraat,amsterdam,POINT (121870.95600000024 483907.0329999998),POINT (4.901063459458284 52.342081925361654),4.901063459458284,52.34208192536165,1,1,2,1
3924,246862,20230058499,2023,Uitsluitend materiele schade,4,fiets,fiets,Onbekend,Rechte weg,Binnen,50.0,Niet brandend,Overig asfalt,Droog,Daglicht,Droog,Zeilstraat,amsterdam,POINT (118680.16180000082 484897.09420000017),POINT (4.854136262152368 52.35077830834067),4.854136262152368,52.35077830834067,1,1,2,1
3925,246954,20230059313,2023,Uitsluitend materiele schade,2,trein/tram,fiets,Flank,Rechte weg,Binnen,50.0,Niet brandend,Unknown,Droog,Daglicht,Droog,De Cuserstraat,amsterdam,POINT (119664.00160000101 481862.7038999982),POINT (4.868893984816506 52.32357139869964),4.868893984816506,52.32357139869964,1,1,2,1
3926,246973,20230049254,2023,Uitsluitend materiele schade,2,personenauto,bromfiets,Flank,Rotonde,Binnen,50.0,Niet brandend,Overig asfalt,Droog,Daglicht,Droog,Osdorper Ban,amsterdam,POINT (114237.74909999967 485944.6794000007),POINT (4.788811042539062 52.35988156294628),4.788811042539062,52.35988156294628,1,1,2,1
3927,247024,20230040564,2023,Uitsluitend materiele schade,2,snorfiets,personenauto,Flank,Rechte weg,Binnen,50.0,Niet brandend,Overig asfalt,Droog,Daglicht,Droog,Parnassusweg,amsterdam,POINT (119646.3049999997 483870.7749999985),POINT (4.8684236345825065 52.3416174697153),4.8684236345825065,52.3416174697153,1,1,2,1
3928,247032,20230050518,2023,Uitsluitend materiele schade,2,bromfiets,personenauto,Flank,"Kruispunt, 3 takken",Binnen,50.0,Niet brandend,ZOAB,Droog,Daglicht,Droog,Oostzaanstraat,amsterdam,POINT (120013.21570000052 489410.1834000014),POINT (4.873231033583388 52.391425162638754),4.873231033583388,52.391425162638754,1,1,2,1
3929,247053,20230050541,2023,Letsel,2,fiets,voetganger,Voetganger,Rechte weg,Binnen,Unknown,Niet brandend,Overig asfalt,Droog,Daglicht,Droog,Beethovenstraat,amsterdam,POINT (120244.69299999997 483321.5210000016),POINT (4.877260749456915 52.33671930483808),4.877260749456915,52.33671930483808,1,1,1,1
3930,247075,20230040132,2023,Uitsluitend materiele schade,2,e-bike,fiets,Frontaal,"Kruispunt, 4 takken",Binnen,30.0,Niet brandend,ZOAB,Droog,Daglicht,Droog,HAARLEMMERSLUIS 0014,amsterdam,POINT (121429.13210000098 488044.58989999816),POINT (4.894167286704327 52.37924064070966),4.894167286704327,52.37924064070966,1,1,2,1
3931,247083,20230049463,2023,Letsel,3,fiets,fiets,Onbekend,Rechte weg,Binnen,30.0,Niet aanwezig,Overig asfalt,Droog,Daglicht,Droog,Jan Evertsenstraat,amsterdam,POINT (118579.58100000024 487087.79199999943),POINT (4.852422853542546 52.37046003573042),4.852422853542546,52.37046003573042,1,1,1,1
3932,247187,20220211633,2022,Uitsluitend materiele schade,1,bromfiets,unknown,Eenzijdig,"Kruispunt, 4 takken",Binnen,50.0,Brandend,Overig asfalt,Nat,Duisternis,Droog,Westeinde,amsterdam,POINT (121725.49560000002 485839.40790000185),POINT (4.898737938057021 52.359440042838415),4.898737938057021,52.359440042838415,1,1,2,1
3933,247256,20220211057,2022,Uitsluitend materiele schade,2,personenauto,fiets,Flank,"Kruispunt, 4 takken",Binnen,30.0,Niet brandend,Overig asfalt,Nat,Daglicht,Regen,Spaarndammerdijk,amsterdam,POINT (119196.52829999849 489514.0892999992),POINT (4.861222886783977 52.392306318423685),4.861222886783977,52.392306318423685,1,1,2,1
3934,247354,20220211176,2022,Uitsluitend materiele schade,2,fiets,fiets,Geparkeerd voertuig,Rechte weg,Binnen,Unknown,Unknown,Unknown,Nat,Schemer,Unknown,Troepiaalsingel,amsterdam,POINT (125914.60300000012 480960.2170000002),POINT (4.960653294911188 52.315826449083296),4.960653294911188,52.315826449083296,0,1,2,1
3935,247356,20220211198,2022,Uitsluitend materiele schade,1,fiets,unknown,Voetganger,"Kruispunt, 4 takken",Binnen,15.0,Brandend,Klinkers,Nat,Duisternis,Droog,Reguliersdwarsstraat,amsterdam,POINT (121355 486581),POINT (4.893225096229935 52.36608239446872),4.893225096229935,52.36608239446872,1,1,2,1
3936,247429,20220210552,2022,Uitsluitend materiele schade,2,personenauto,snorfiets,Flank,"Kruispunt, 3 takken",Binnen,30.0,Brandend,Overig asfalt,Droog,Duisternis,Droog,Troelstralaan,amsterdam,POINT (115101.01240000129 487542.7270000018),POINT (4.801293519720682 52.374306902069684),4.801293519720682,52.37430690206968,1,1,2,1
3937,247553,20220210668,2022,Uitsluitend materiele schade,2,personenauto,fiets,Frontaal,"Kruispunt, 4 takken",Binnen,15.0,Niet brandend,Klinkers,Droog,Daglicht,Unknown,Kinderdijkstraat,amsterdam,POINT (122005.43340000138 483988.9695000015),POINT (4.903028703262502 52.342826407010655),4.903028703262502,52.342826407010655,1,1,2,1
3938,247587,20220210702,2022,Letsel,2,personenauto,fiets,Flank,"Kruispunt, 3 takken",Binnen,50.0,Niet brandend,Overig asfalt,Nat,Daglicht,Droog,Wibautstraat,amsterdam,POINT (122949.15399999917 484752.94099999964),POINT (4.9168040330451195 52.34974833934168),4.91680403304512,52.34974833934168,1,1,1,1
3939,247655,20220210804,2022,Letsel,2,e-bike,voetganger,Voetganger,Rechte weg,Binnen,50.0,Niet brandend,Overig asfalt,Nat,Daglicht,Droog,Jan Pieter Heijestraat,amsterdam,POINT (119271.42300000042 486475.34699999914),POINT (4.862646234169733 52.36500127682234),4.862646234169733,52.36500127682234,1,1,1,1
3940,247656,20220211511,2022,Letsel,2,fiets,unknown,Eenzijdig,Rechte weg,Binnen,Unknown,Brandend,Overig asfalt,Nat,Duisternis,Droog,De Ruijterkade,amsterdam,POINT (121497.99599999934 488399.33100000024),POINT (4.895143243124019 52.38243300405771),4.895143243124019,52.38243300405771,1,1,1,1
3941,248065,20230111587,2023,Uitsluitend materiele schade,2,bromfiets,bestelauto,Flank,Rechte weg,Binnen,30.0,Niet brandend,Overig asfalt,Nat,Daglicht,Regen,Paulus Potterstraat,amsterdam,POINT (120525.70300000161 485788.061999999),POINT (4.881131015033039 52.35890459975467),4.881131015033039,52.35890459975467,1,1,2,1
3942,248079,20230066772,2023,Uitsluitend materiele schade,2,personenauto,fiets,Flank,"Kruispunt, 3 takken",Binnen,50.0,Niet brandend,Overig asfalt,Droog,Daglicht,Droog,Linnaeusstraat,amsterdam,POINT (123439 486104),POINT (4.923866368444891 52.36191913739694),4.923866368444891,52.36191913739694,1,1,2,1
3943,248093,20230020867,2023,Uitsluitend materiele schade,2,fiets,fiets,Flank,Rechte weg,Binnen,50.0,Niet brandend,ZOAB,Nat,Daglicht,Droog,Frederik Hendrikplnts,amsterdam,POINT (120261.94299999997 487998.19200000167),POINT (4.877030853565189 52.37875104201343),4.877030853565189,52.37875104201343,1,1,2,1
3944,248141,20230020370,2023,Letsel,2,overig wegmeubilair,fiets,Eenzijdig,Rechte weg,Binnen,30.0,Niet brandend,Beton,Nat,Daglicht,Regen,Parnassusweg,amsterdam,POINT (119651.08199999854 483552.30000000075),POINT (4.868527168323239 52.33875553962886),4.868527168323239,52.33875553962886,1,1,1,1
3945,248168,20230020402,2023,Uitsluitend materiele schade,2,personenauto,fiets,Flank,Rechte weg,Binnen,50.0,Niet brandend,Klinkers,Nat,Daglicht,Regen,Olympiaplein,amsterdam,POINT (119362.76900000125 484755.93400000036),POINT (4.864169466184197 52.349554354703244),4.864169466184197,52.34955435470325,1,1,2,1
3946,248194,20230020428,2023,Letsel,2,bromfiets,personenauto,Onbekend,Rechte weg,Binnen,50.0,Niet brandend,Overig asfalt,Droog,Daglicht,Droog,Hemonylaan,amsterdam,POINT (121862.3350000009 485624.14400000125),POINT (4.900767864699961 52.35751366749753),4.900767864699961,52.35751366749753,1,1,1,1
3947,248202,20230036822,2023,Letsel,2,fiets,voetganger,Voetganger,"Kruispunt, 4 takken",Binnen,50.0,Niet brandend,Overig asfalt,Droog,Daglicht,Droog,P Cornelisz Hooftstr,amsterdam,POINT (120282.39440000057 485844.6697999984),POINT (4.877553603113518 52.359398028518015),4.877553603113518,52.359398028518015,1,1,1,1
3948,248236,20230020505,2023,Uitsluitend materiele schade,2,bromfiets,bestelauto,Kop/staart,Rechte weg,Binnen,30.0,Niet brandend,Overig asfalt,Droog,Daglicht,Droog,Elandsgracht,amsterdam,POINT (120560.65799999982 487018.59099999815),POINT (4.881518091734391 52.36996591706872),4.881518091734391,52.36996591706872,1,1,2,1
3949,248283,20230078908,2023,Letsel,2,bromfiets,fiets,Flank,"Kruispunt, 4 takken",Binnen,50.0,Niet brandend,Overig asfalt,Droog,Daglicht,Droog,FIETSPAD,amsterdam,POINT (122156 485445),POINT (4.905095993796829 52.355921275338254),4.905095993796829,52.355921275338254,1,1,1,1
3950,248293,20230022808,2023,Uitsluitend materiele schade,2,personenauto,bromfiets,Onbekend,"Kruispunt, 4 takken",Binnen,50.0,Niet brandend,ZOAB,Droog,Daglicht,Droog,Pesetalaan,amsterdam,POINT (114028.57200000063 484645.98849999905),POINT (4.785898633724757 52.34819441398417),4.785898633724757,52.34819441398417,1,1,2,1
3951,248294,20230024602,2023,Uitsluitend materiele schade,1,bromfiets,unknown,Voetganger,Rechte weg,Binnen,50.0,Niet aanwezig,ZOAB,Droog,Daglicht,Droog,Stadhouderskade,amsterdam,POINT (120518.30299999937 486144.54100000113),POINT (4.880985840147014 52.36210791891622),4.880985840147014,52.36210791891622,1,1,2,1
3952,248325,20230024021,2023,Uitsluitend materiele schade,2,bestelauto,fiets,Flank,"Kruispunt, 4 takken",Binnen,50.0,Niet brandend,Overig asfalt,Droog,Daglicht,Droog,Nobelweg,amsterdam,POINT (123784.53730000183 484493.5844999999),POINT (4.929088367461894 52.34746549472182),4.929088367461894,52.34746549472182,1,1,2,1
3953,248327,20230024641,2023,Uitsluitend materiele schade,2,bestelauto,fiets,Flank,Rechte weg,Binnen,50.0,Niet brandend,Overig asfalt,Nat,Daglicht,Regen,Churchill-laan,amsterdam,POINT (121332.17300000042 484442.9279999994),POINT (4.893103951129641 52.34686545789281),4.893103951129641,52.34686545789281,1,1,2,1
3954,248404,20230024160,2023,Uitsluitend materiele schade,2,personenauto,e-bike,Flank,"Kruispunt, 3 takken",Binnen,50.0,Niet brandend,Beton,Droog,Daglicht,Droog,Kamperfoelieweg,amsterdam,POINT (122795.63470000029 489983.8319000006),POINT (4.91404974090655 52.396751015733955),4.91404974090655,52.39675101573396,1,1,2,1
3955,248474,20230024234,2023,Letsel,2,personenauto,fiets,Flank,"Kruispunt, 4 takken",Binnen,50.0,Niet brandend,Overig asfalt,Droog,Daglicht,Droog,Utrechtsestraat,amsterdam,POINT (121747.88340000063 486121.8836000003),POINT (4.899038648422317 52.36198009770566),4.899038648422317,52.36198009770566,1,1,1,1
3956,248484,20230077088,2023,Uitsluitend materiele schade,2,bromfiets,fiets,Frontaal,Rechte weg,Binnen,30.0,Niet brandend,Overig asfalt,Droog,Daglicht,Droog,Johan Huizingalaan,amsterdam,POINT (116871.67799999937 484001.1799999997),POINT (4.827695745252711 52.34260397832246),4.827695745252711,52.34260397832246,1,1,2,1
3957,248638,20230097615,2023,Uitsluitend materiele schade,2,trein/tram,e-bike,Flank,"Kruispunt, 4 takken",Binnen,50.0,Brandend,Overig asfalt,Nat,Schemer,Regen,1e C Huygensstr,amsterdam,POINT (120133.75899999961 486228.48900000006),POINT (4.875331942567186 52.362838110272676),4.875331942567186,52.36283811027268,1,1,2,1
3958,248657,20230087709,2023,Letsel,2,personenauto,fiets,Flank,"Kruispunt, 4 takken",Binnen,30.0,Niet brandend,Overig asfalt,Nat,Daglicht,Regen,Utrechtsedwarsstraat,amsterdam,POINT (121758.99590000138 486067.9978),POINT (4.899207108733494 52.36149648147822),4.899207108733494,52.36149648147822,1,1,1,1
3959,248751,20230087297,2023,Uitsluitend materiele schade,2,personenauto,fiets,Kop/staart,Rechte weg,Binnen,30.0,Niet brandend,Overig asfalt,Droog,Daglicht,Droog,Ceintuurbaan,amsterdam,POINT (121319.80999999866 485122.8660000004),POINT (4.892854467245355 52.35297552886028),4.892854467245355,52.35297552886028,1,1,2,1
3960,248789,20230087386,2023,Uitsluitend materiele schade,2,personenauto,bromfiets,Flank,Rechte weg,Binnen,50.0,Brandend,Overig asfalt,Droog,Duisternis,Droog,Stadhouderskade,amsterdam,POINT (120686.35399999842 486088.743999999),POINT (4.883458562656379 52.36161697790491),4.883458562656379,52.36161697790491,1,1,2,1
3961,248790,20230087388,2023,Letsel,2,bromfiets,voetganger,Voetganger,Rechte weg,Buiten,Unknown,Brandend,Overig asfalt,Nat,Duisternis,Droog,Provincialeweg,amsterdam,POINT (126560.55799999833 482119.29300000146),POINT (4.970028474098257 52.326277375325944),4.970028474098257,52.32627737532594,0,1,1,1
3962,248840,20230098009,2023,Uitsluitend materiele schade,2,snorfiets,personenauto,Geparkeerd voertuig,"Kruispunt, 3 takken",Binnen,50.0,Brandend,Overig asfalt,Droog,Schemer,Droog,Julianaplein,amsterdam,POINT (123159.21889999881 484297.0163999982),POINT (4.919930126003327 52.3456629905821),4.919930126003327,52.3456629905821,1,1,2,1