,Unnamed: 0,accident_id,accident_year,outcome,num_parties,party1_type,party2_type,accident_nature,road_situation,built_up_area,speed_limit_kmh,street_lighting,road_surface,road_condition,light_condition,weather_condition,street_name,municipality,shape,geometry,longitude,latitude,cluster,future_hotspot_spatial,outcome_encoded,future_hotspot_pred
3963,248884,20210080827,2021,Letsel,2,personenauto,e-bike,Flank,"Kruispunt, 3 takken",Binnen,15.0,Niet aanwezig,Overig asfalt,Droog,Daglicht,Droog,Riekerweg,amsterdam,POINT (117525.32200000063 483361.07499999925),POINT (4.837358371140956 52.33689612924648),4.837358371140956,52.33689612924648,1,1,1,1
3964,248941,20210088657,2021,Uitsluitend materiele schade,2,bus,snorfiets,Flank,Rechte weg,Binnen,50.0,Niet brandend,Overig asfalt,Droog,Daglicht,Droog,Olympiaplein,amsterdam,POINT (119593.72300000116 484423.68499999866),POINT (4.8675939164346005 52.34658326069918),4.8675939164346005,52.34658326069918,1,1,2,1
3965,249011,20210084848,2021,Uitsluitend materiele schade,2,personenauto,bromfiets,Flank,"Kruispunt, 3 takken",Binnen,30.0,Niet brandend,Klinkers,Droog,Daglicht,Droog,Egelantiersgracht,amsterdam,POINT (120316.73310000077 487619.22509999946),POINT (4.87787460220515 52.375348629557834),4.87787460220515,52.37534862955784,1,1,2,1
3966,249083,20210016372,2021,Uitsluitend materiele schade,2,personenauto,fiets,Onbekend,Bocht,Binnen,50.0,Brandend,Overig asfalt,Nat,Duisternis,Regen,Europaboulevard,amsterdam,POINT (121087.23699999973 482279.5879999995),POINT (4.889727340889262 52.32740770131465),4.889727340889262,52.32740770131465,1,1,2,1
3967,249191,20210033247,2021,Uitsluitend materiele schade,2,e-bike,bromfiets,Kop/staart,Rechte weg,Binnen,50.0,Brandend,Beton,Droog,Duisternis,Unknown,Raadhuisstraat,amsterdam,POINT (120875.23600000143 487435.26199999824),POINT (4.88609468955041 52.3737302951456),4.88609468955041,52.3737302951456,1,1,2,1
3968,249264,20210024203,2021,Uitsluitend materiele schade,2,personenauto,bromfiets,Flank,"Kruispunt, 4 takken",Binnen,Unknown,Niet brandend,Overig asfalt,Droog,Daglicht,Droog,Marnixstraat,amsterdam,POINT (120176 487276),POINT (4.875843555276513 52.372255065674786),4.875843555276513,52.37225506567479,1,1,2,1
3969,249270,20210033825,2021,Uitsluitend materiele schade,1,bromfiets,unknown,Eenzijdig,Rechte weg,Binnen,50.0,Brandend,Overig asfalt,Droog,Schemer,Droog,Martelaarsgracht,amsterdam,POINT (121587.42399999872 487902.30000000075),POINT (4.896506101178609 52.37797149690647),4.896506101178609,52.37797149690647,1,1,2,1
3970,249308,20210019350,2021,Uitsluitend materiele schade,2,fiets,personenauto,Flank,"Kruispunt, 4 takken",Binnen,Unknown,Niet brandend,Klinkers,Droog,Daglicht,Droog,Frederik Hendrikstraat,amsterdam,POINT (119920.21180000156 487443.25609999895),POINT (4.8720702113238445 52.373741960437805),4.8720702113238445,52.373741960437805,1,1,2,1
3971,249334,20210013009,2021,Uitsluitend materiele schade,2,snorfiets,fiets,Flank,Rechte weg,Binnen,50.0,Niet brandend,Overig asfalt,Droog,Daglicht,Droog,Paulus Potterstraat,amsterdam,POINT (120409.67500000075 485739.86300000176),POINT (4.87943277656737 52.35846412737978),4.87943277656737,52.35846412737978,1,1,2,1
3972,249342,20210025580,2021,Uitsluitend materiele schade,3,personenauto,fiets,Onbekend,Rechte weg,Binnen,15.0,Brandend,Klinkers,Droog,Duisternis,Droog,Koningin Wilhelminaplein,amsterdam,POINT (117665.03700000048 485391.8520000018),POINT (4.839182968309223 52.3551567912358),4.839182968309223,52.3551567912358,1,1,2,1
3973,249380,20210026496,2021,Uitsluitend materiele schade,2,personenauto,fiets,Onbekend,Rechte weg,Binnen,30.0,Niet aanwezig,Unknown,Droog,Daglicht,Droog,Van Woustraat,amsterdam,POINT (121906.12900000066 485286.45699999854),POINT (4.901443926631697 52.35448140267752),4.901443926631697,52.35448140267752,1,1,2,1
3974,249618,20210035493,2021,Uitsluitend materiele schade,2,personenauto,fiets,Flank,"Kruispunt, 4 takken",Binnen,50.0,Niet brandend,Overig asfalt,Droog,Daglicht,Droog,Admiraal De Ruijterweg,amsterdam,POINT (118874.89779999852 488043.35990000144),POINT (4.856656258017785 52.379067465080844),4.856656258017785,52.37906746508085,1,1,2,1
3975,249729,20210056654,2021,Uitsluitend materiele schade,2,snorfiets,bromfiets,Flank,"Kruispunt, 4 takken",Binnen,Unknown,Niet brandend,ZOAB,Nat,Daglicht,Droog,Plesmanlaan,amsterdam,POINT (115267.53599999845 484763.2349999994),POINT (4.804067178637002 52.349339116210025),4.804067178637002,52.349339116210025,1,1,2,1
3976,249817,20210044442,2021,Letsel,2,fiets,fiets,Eenzijdig,Rechte weg,Binnen,50.0,Niet brandend,Overig asfalt,Droog,Daglicht,Droog,Van Baerlestraat,amsterdam,POINT (120516.65500000119 485301.5689999983),POINT (4.881048069431687 52.35453177017994),4.881048069431687,52.35453177017994,1,1,1,1
3977,249833,20210067942,2021,Uitsluitend materiele schade,1,fiets,unknown,Onbekend,Rechte weg,Binnen,50.0,Niet brandend,Overig asfalt,Droog,Daglicht,Droog,Willem de Zwijgerlaan,amsterdam,POINT (119273.6240000017 487641.1180000007),POINT (4.862554645271871 52.375478508079915),4.862554645271871,52.37547850807992,1,1,2,1
3978,249881,20210047578,2021,Uitsluitend materiele schade,1,snorfiets,unknown,Eenzijdig,Rotonde,Binnen,50.0,Niet brandend,Overig asfalt,Nat,Daglicht,Droog,Beemsterstraat,amsterdam,POINT (125163.28200000152 489653.72199999914),POINT (4.948864135740456 52.393918053310614),4.948864135740456,52.39391805331061,1,1,2,1
3979,249926,20210069650,2021,Uitsluitend materiele schade,2,fiets,overig vast object,Vast voorwerp,Rechte weg,Binnen,30.0,Niet brandend,Klinkers,Droog,Daglicht,Droog,Mercatorstraat,amsterdam,POINT (118453.42300000042 487219.4990000017),POINT (4.850556162232077 52.371635337578226),4.850556162232077,52.37163533757823,1,1,2,1
3980,250331,20210090825,2021,Letsel,2,bromfiets,fiets,Los voorwerp,"Kruispunt, 3 takken",Binnen,Unknown,Niet brandend,Overig asfalt,Droog,Daglicht,Droog,Hogevecht,amsterdam,POINT (125572.6649999991 480233.2019999996),POINT (4.955702203120745 52.30927424260545),4.955702203120745,52.30927424260545,0,1,1,1
3981,250355,20210077158,2021,Uitsluitend materiele schade,1,bromfiets,unknown,Flank,"Kruispunt, 4 takken",Binnen,30.0,Brandend,ZOAB,Nat,Duisternis,Regen,Elandsgracht,amsterdam,POINT (120497.94150000066 486985.0379000008),POINT (4.880600679331988 52.36966042933614),4.880600679331988,52.36966042933614,1,1,2,1
3982,250662,20220081139,2022,Uitsluitend materiele schade,2,bromfiets,fiets,Flank,Rechte weg,Binnen,30.0,Brandend,Overig asfalt,Droog,Daglicht,Droog,Europaplein,amsterdam,POINT (121252.68910000101 483910.4985000007),POINT (4.891990889184804 52.34207545734561),4.891990889184804,52.34207545734561,1,1,2,1
3983,250688,20220055538,2022,Letsel,2,bromfiets,fiets,Flank,"Kruispunt, 4 takken",Binnen,50.0,Niet brandend,Overig asfalt,Droog,Daglicht,Droog,Johan Huizingalaan,amsterdam,POINT (116847.61969999969 485848.0379000008),POINT (4.827133308059287 52.359200488249805),4.827133308059287,52.359200488249805,1,1,1,1
3984,250728,20220054377,2022,Letsel,2,personenauto,fiets,Flank,"Kruispunt, 4 takken",Binnen,30.0,Niet brandend,Klinkers,Droog,Daglicht,Droog,De Boelelaan,amsterdam,POINT (120732.28909999877 483100.89350000024),POINT (4.884437135147512 52.334767060502635),4.884437135147512,52.33476706050264,1,1,1,1
3985,250730,20220054441,2022,Uitsluitend materiele schade,1,fiets,unknown,Onbekend,Rotonde,Binnen,50.0,Niet brandend,Overig asfalt,Nat,Daglicht,Droog,Zuiderzeeweg,amsterdam,POINT (126633.61129999906 488366.3995999992),POINT (4.970573354125796 52.38242641180587),4.970573354125796,52.38242641180587,-1,0,2,0
3986,250731,20220055641,2022,Letsel,1,bromfiets,unknown,Eenzijdig,Rechte weg,Binnen,50.0,Brandend,Overig asfalt,Droog,Duisternis,Droog,Mauritskade,amsterdam,POINT (122594.81300000101 485953.12999999896),POINT (4.911488044563223 52.36051406787703),4.911488044563223,52.36051406787703,1,1,1,1
3987,250736,20220081307,2022,Letsel,2,bromfiets,personenauto,Geparkeerd voertuig,Rechte weg,Binnen,50.0,Niet brandend,Overig asfalt,Droog,Daglicht,Droog,Overtoom,amsterdam,POINT (119398.69200000167 485933.7199999988),POINT (4.864572032805695 52.36014178891083),4.864572032805695,52.36014178891083,1,1,1,1
3988,250817,20220103117,2022,Uitsluitend materiele schade,4,personenauto,e-bike,Onbekend,"Kruispunt, 3 takken",Binnen,50.0,Niet brandend,Overig asfalt,Droog,Daglicht,Droog,Vrolikstraat,amsterdam,POINT (123595.37420000136 485723.2391999997),POINT (4.926197534605522 52.35850606934463),4.926197534605522,52.35850606934463,1,1,2,1
3989,250842,20220102846,2022,Uitsluitend materiele schade,2,bromfiets,fiets,Flank,"Kruispunt, 3 takken",Binnen,30.0,Niet brandend,Overig asfalt,Droog,Daglicht,Droog,Kadoelenpad,amsterdam,POINT (122737.81399999931 491832.8830000013),POINT (4.913022469557413 52.41336550899591),4.913022469557413,52.41336550899591,1,1,2,1
3990,250929,20220055058,2022,Uitsluitend materiele schade,2,personenauto,bromfiets,Kop/staart,Rechte weg,Binnen,50.0,Niet brandend,Klinkers,Droog,Daglicht,Droog,Damrak,amsterdam,POINT (121725.39600000158 487823.48699999973),POINT (4.898540096384547 52.37727156062918),4.898540096384547,52.37727156062918,1,1,2,1
3991,251161,20230003958,2023,Letsel,2,fiets,fiets,Onbekend,"Kruispunt, 4 takken",Binnen,50.0,Brandend,Beton,Droog,Schemer,Droog,Orteliuskade,amsterdam,POINT (118308.34200000018 487008.1779999994),POINT (4.848448957487902 52.369726469773525),4.848448957487902,52.369726469773525,1,1,1,1
3992,251225,20230004039,2023,Letsel,2,personenauto,fiets,Flank,"Kruispunt, 4 takken",Binnen,50.0,Niet brandend,ZOAB,Nat,Daglicht,Regen,Bijlmerdreef,amsterdam,POINT (126216 481409),POINT (4.965034983473555 52.31987572314168),4.965034983473555,52.31987572314168,0,1,1,1
3993,251374,20230040569,2023,Uitsluitend materiele schade,1,bromfiets,unknown,Onbekend,Unknown,Unknown,Unknown,Unknown,Unknown,Unknown,Daglicht,Unknown,BLAUWBRUG 0236,amsterdam,POINT (121881.55799999833 486604.71400000155),POINT (4.90095346767635 52.366327522194034),4.90095346767635,52.366327522194034,1,1,2,1
3994,251556,20230004271,2023,Letsel,2,bestelauto,e-bike,Flank,Rotonde,Binnen,50.0,Niet brandend,Overig asfalt,Nat,Daglicht,Regen,Hugo de Grootplein,amsterdam,POINT (119981.78249999881 487556.3216000013),POINT (4.872962538863532 52.37476204002756),4.872962538863532,52.37476204002756,1,1,1,1
3995,251634,20210009522,2021,Letsel,2,bromfiets,bestelauto,Flank,"Kruispunt, 4 takken",Binnen,50.0,Niet brandend,Overig asfalt,Droog,Daglicht,Droog,Johan Huizingalaan,amsterdam,POINT (116847.61969999969 485848.0379000008),POINT (4.827133308059287 52.359200488249805),4.827133308059287,52.359200488249805,1,1,1,1
3996,251670,20210027230,2021,Letsel,2,personenauto,fiets,Onbekend,Rechte weg,Binnen,30.0,Niet brandend,Klinkers,Droog,Daglicht,Droog,Curaçaostraat,amsterdam,POINT (118544.20300000161 485824.97100000083),POINT (4.852040319521777 52.35910838989957),4.852040319521777,52.35910838989957,1,1,1,1
3997,251735,20210091223,2021,Letsel,2,bromfiets,personenauto,Flank,"Kruispunt, 4 takken",Binnen,50.0,Niet brandend,Overig asfalt,Droog,Daglicht,Droog,Gustav Mahlerlaan,amsterdam,POINT (119793.86670000106 483319.7551999986),POINT (4.87064649055211 52.33667474680105),4.87064649055211,52.33667474680105,1,1,1,1
3998,251847,20220177035,2022,Uitsluitend materiele schade,2,bus,fiets,Voetganger,Rechte weg,Binnen,50.0,Niet brandend,Overig asfalt,Droog,Daglicht,Droog,Insulindeweg,amsterdam,POINT (124380.78500000015 486017.30999999866),POINT (4.937699920064701 52.36119332511579),4.937699920064701,52.36119332511579,1,1,2,1
3999,251880,20220176210,2022,Letsel,2,fiets,fiets,Flank,"Kruispunt, 3 takken",Binnen,50.0,Niet brandend,Klinkers,Droog,Daglicht,Droog,Willem de Zwijgerlaan,amsterdam,POINT (119245.94350000098 487154.37689999864),POINT (4.862199948196667 52.371102240067046),4.862199948196667,52.371102240067046,1,1,1,1
4000,251882,20220177751,2022,Uitsluitend materiele schade,2,personenauto,fiets,Flank,"Kruispunt, 3 takken",Binnen,30.0,Niet brandend,Klinkers,Droog,Daglicht,Droog,Prinsengracht,amsterdam,POINT (120689.95059999824 487612.4241000004),POINT (4.883355855327126 52.37531095431837),4.883355855327126,52.37531095431837,1,1,2,1
4001,251891,20220123144,2022,Uitsluitend materiele schade,2,bromfiets,bestelauto,Frontaal,"Kruispunt, 4 takken",Binnen,50.0,Niet brandend,Overig asfalt,Droog,Daglicht,Droog,Johan Huizingalaan,amsterdam,POINT (116877.3104000017 484477.03390000015),POINT (4.827724495925658 52.34688099406395),4.827724495925658,52.34688099406395,1,1,2,1
4002,252017,20220123499,2022,Uitsluitend materiele schade,2,bromfiets,snorfiets,Flank,"Kruispunt, 4 takken",Binnen,50.0,Brandend,ZOAB,Droog,Duisternis,Droog,Bilderdijkstraat,amsterdam,POINT (119808.14400000125 487129.2950000018),POINT (4.870457472950803 52.37091313771353),4.870457472950803,52.37091313771353,1,1,2,1
4003,252118,20220142599,2022,Letsel,2,bromfiets,personenauto,Flank,"Kruispunt, 4 takken",Binnen,50.0,Niet brandend,Overig asfalt,Droog,Daglicht,Droog,Meer en Vaart,amsterdam,POINT (115703.6988000013 485305.4428999983),POINT (4.810404921074098 52.35424342839877),4.810404921074098,52.35424342839877,1,1,1,1
4004,252267,20220141577,2022,Uitsluitend materiele schade,2,personenauto,bromfiets,Frontaal,"Kruispunt, 4 takken",Binnen,50.0,Brandend,Overig asfalt,Droog,Duisternis,Droog,Banne Buikslootlaan,amsterdam,POINT (122681.89779999852 491067.0815999992),POINT (4.912274430185734 52.40647977416993),4.912274430185734,52.40647977416993,1,1,2,1
4005,252297,20220124137,2022,Uitsluitend materiele schade,2,personenauto,bromfiets,Onbekend,Rechte weg,Binnen,50.0,Niet brandend,Overig asfalt,Droog,Daglicht,Droog,Kabelweg,amsterdam,POINT (118247.76999999955 489326.66000000015),POINT (4.847305973009988 52.39055913829474),4.847305973009988,52.39055913829474,1,1,2,1
4006,252299,20220124147,2022,Letsel,2,fiets,fiets,Frontaal,"Kruispunt, 3 takken",Binnen,30.0,Niet brandend,Klinkers,Droog,Daglicht,Droog,Stadionkade,amsterdam,POINT (119363.3033999987 484069.3574000001),POINT (4.864250007879216 52.3433839155881),4.864250007879216,52.3433839155881,1,1,1,1
4007,252498,20230059217,2023,Letsel,2,e-bike,personenauto,Flank,"Kruispunt, 3 takken",Binnen,30.0,Niet brandend,Overig asfalt,Droog,Daglicht,Droog,Jan Oudegeeststraat,amsterdam,POINT (114537.31830000132 485119.0117999986),POINT (4.793307835537656 52.35248327103089),4.793307835537656,52.35248327103089,1,1,1,1
4008,252531,20230058620,2023,Letsel,3,bestelauto,bromfiets,Onbekend,Rechte weg,Binnen,30.0,Niet brandend,Klinkers,Droog,Daglicht,Droog,Abcouderpad,amsterdam,POINT (125259.33300000057 480845.25400000066),POINT (4.951053862811425 52.31475818673641),4.951053862811425,52.31475818673641,0,1,1,1
4009,252571,20230049265,2023,Uitsluitend materiele schade,1,fiets,unknown,Voetganger,"Kruispunt, 4 takken",Binnen,30.0,Niet aanwezig,Overig asfalt,Droog,Daglicht,Droog,Plantage Middenlaan,amsterdam,POINT (122454.44530000165 486700.2925999984),POINT (4.909355165481826 52.367220762650206),4.909355165481826,52.367220762650206,1,1,2,1
4010,252577,20230059381,2023,Letsel,2,bromfiets,fiets,Flank,"Kruispunt, 4 takken",Binnen,30.0,Brandend,Overig asfalt,Droog,Schemer,Droog,Gulden Kruis,amsterdam,POINT (126318.43499999866 481218.18200000003),POINT (4.966553575423014 52.318166104845666),4.966553575423014,52.31816610484567,0,1,1,1
4011,252603,20230059821,2023,Uitsluitend materiele schade,2,bromfiets,fiets,Onbekend,"Kruispunt, 4 takken",Binnen,50.0,Niet brandend,Overig asfalt,Nat,Daglicht,Regen,Mr. Visserplein,amsterdam,POINT (122045.31489999965 486790.3381000012),POINT (4.903339498253784 52.36800563370964),4.903339498253784,52.36800563370964,1,1,2,1
4012,252671,20230048888,2023,Uitsluitend materiele schade,2,bromfiets,personenauto,Flank,"Kruispunt, 4 takken",Binnen,Unknown,Niet brandend,ZOAB,Droog,Daglicht,Droog,Meer en Vaart,amsterdam,POINT (115403.34200000018 486227.7569999993),POINT (4.80588785541726 52.3625108964499),4.80588785541726,52.3625108964499,1,1,2,1
4013,252733,20220211566,2022,Letsel,2,snorfiets,bromfiets,Flank,Rechte weg,Binnen,50.0,Brandend,Unknown,Droog,Duisternis,Droog,Meteorenweg,amsterdam,POINT (121176.51799999923 491563.33900000155),POINT (4.890102899072659 52.410849002621994),4.890102899072659,52.410849002622,1,1,1,1
4014,252770,20220210913,2022,Uitsluitend materiele schade,2,bromfiets,fiets,Frontaal,Rechte weg,Binnen,50.0,Brandend,Overig asfalt,Droog,Duisternis,Droog,Insulindeweg,amsterdam,POINT (124695.14799999818 486087.31599999964),POINT (4.942308473280747 52.361839926359714),4.942308473280747,52.361839926359714,1,1,2,1
4015,252806,20220211621,2022,Letsel,2,fiets,personenauto,Flank,"Kruispunt, 3 takken",Binnen,60.0,Niet brandend,Overig asfalt,Droog,Daglicht,Droog,Amsteldijk,amsterdam,POINT (122328.19170000032 485140.3337999992),POINT (4.907653051987687 52.35319340336218),4.907653051987687,52.35319340336218,1,1,1,1
4016,252844,20220211016,2022,Letsel,2,personenauto,fiets,Flank,Rechte weg,Buiten,50.0,Niet brandend,Overig asfalt,Droog,Daglicht,Droog,Postjesweg,amsterdam,POINT (118260.98800000176 486396.9620000012),POINT (4.847820465756358 52.3642301533627),4.847820465756358,52.3642301533627,1,1,1,1
4017,252875,20220211722,2022,Uitsluitend materiele schade,2,bromfiets,personenauto,Flank,Rechte weg,Binnen,50.0,Niet brandend,Overig asfalt,Nat,Daglicht,Regen,Rijnstraat,amsterdam,POINT (122230.56799999997 484048.0379999988),POINT (4.906326556643306 52.34337074579366),4.906326556643306,52.34337074579366,1,1,2,1
4018,252913,20220211087,2022,Letsel,1,fiets,unknown,Eenzijdig,Unknown,Unknown,60.0,Unknown,Unknown,Unknown,Daglicht,Unknown,Buikslotermeerdijk,amsterdam,POINT (123590.9450000003 490957.1700000018),POINT (4.9256431819320765 52.405544767443914),4.9256431819320765,52.40554476744392,1,1,1,1
4019,252914,20220212488,2022,Uitsluitend materiele schade,2,personenauto,bromfiets,Onbekend,Unknown,Unknown,30.0,Unknown,Unknown,Unknown,Daglicht,Unknown,Ceintuurbaan,amsterdam,POINT (121317.03299999982 485132.77899999917),POINT (4.892812716135894 52.35306444999656),4.892812716135894,52.35306444999656,1,1,2,1
4020,252983,20220210456,2022,Letsel,2,snorfiets,bus,Flank,"Kruispunt, 3 takken",Binnen,50.0,Niet brandend,Overig asfalt,Nat,Daglicht,Droog,Ringdijk,amsterdam,POINT (122946.12620000169 484772.8176999986),POINT (4.916757703078948 52.34992680174903),4.916757703078948,52.34992680174903,1,1,1,1
4021,253022,20220211888,2022,Letsel,2,fiets,bestelauto,Eenzijdig,"Kruispunt, 4 takken",Binnen,50.0,Niet brandend,Overig asfalt,Nat,Daglicht,Droog,Jacob van Lennepkade,amsterdam,POINT (119339.74579999968 486277.5144000016),POINT (4.863670273028626 52.363227741283815),4.863670273028626,52.363227741283815,1,1,1,1
4022,253221,20220210771,2022,Uitsluitend materiele schade,2,fiets,fiets,Flank,"Kruispunt, 4 takken",Binnen,50.0,Brandend,Beton,Droog,Duisternis,Droog,Stadionweg,amsterdam,POINT (119350 484362),POINT (4.864023798164941 52.34601312218894),4.864023798164941,52.34601312218894,1,1,2,1
4023,253571,20230111638,2023,Uitsluitend materiele schade,1,fiets,unknown,Voetganger,Rechte weg,Binnen,30.0,Brandend,Unknown,Droog,Duisternis,Droog,Osdorper Ban,amsterdam,POINT (115013.27400000021 486191.9979999997),POINT (4.800165826825271 52.36216126531659),4.800165826825271,52.36216126531659,1,1,2,1
4024,253617,20230111464,2023,Letsel,2,motor,fiets,Frontaal,Rechte weg,Binnen,50.0,Brandend,Overig asfalt,Nat,Duisternis,Regen,IJdoornlaan,amsterdam,POINT (125268.43360000104 490076.89130000025),POINT (4.950371430170814 52.397726912486135),4.950371430170814,52.397726912486135,1,1,1,1
4025,253643,20230066783,2023,Letsel,3,personenauto,fiets,Onbekend,"Kruispunt, 4 takken",Binnen,50.0,Niet brandend,Overig asfalt,Droog,Daglicht,Droog,Nassaukade,amsterdam,POINT (120049.61780000106 487217.34760000184),POINT (4.873993910507227 52.37171991157909),4.873993910507227,52.37171991157909,1,1,1,1
4026,253644,20230067293,2023,Letsel,3,bromfiets,unknown,Eenzijdig,"Kruispunt, 4 takken",Binnen,50.0,Niet brandend,Klinkers,Droog,Daglicht,Droog,Quellijnstraat,amsterdam,POINT (121171.84380000085 485549.0238999985),POINT (4.890639880619272 52.35679645668271),4.890639880619272,52.35679645668271,1,1,1,1
4027,253686,20230024334,2023,Letsel,3,fiets,fiets,Onbekend,Rechte weg,Binnen,50.0,Niet brandend,Overig asfalt,Droog,Daglicht,Droog,Stadhouderskade,amsterdam,POINT (121192.3946999982 485680.13479999825),POINT (4.890928359467203 52.35797605682354),4.890928359467203,52.35797605682354,1,1,1,1
4028,253693,20230067187,2023,Letsel,2,bromfiets,fiets,Flank,Rechte weg,Binnen,30.0,Niet brandend,Overig asfalt,Droog,Daglicht,Droog,De Ruijterkade,amsterdam,POINT (121488.5549999997 488398.7010000013),POINT (4.895004646066382 52.3824267658551),4.895004646066382,52.3824267658551,1,1,1,1
4029,253705,20230023779,2023,Uitsluitend materiele schade,2,bromfiets,personenauto,Frontaal,"Kruispunt, 4 takken",Binnen,50.0,Niet brandend,Overig asfalt,Droog,Daglicht,Droog,Paasheuvelweg,amsterdam,POINT (125507.43499999866 478787.08300000057),POINT (4.954872171029238 52.29627378580924),4.954872171029238,52.29627378580924,0,1,2,1
4030,253717,20230067202,2023,Uitsluitend materiele schade,2,snorfiets,fiets,Flank,"Kruispunt, 3 takken",Buiten,30.0,Niet brandend,Overig asfalt,Droog,Daglicht,Droog,Van Limburg Stirumstraat,amsterdam,POINT (120127.66319999844 488745.15989999846),POINT (4.874981316071079 52.385455719485876),4.874981316071079,52.38545571948588,1,1,2,1
4031,253771,20230067456,2023,Uitsluitend materiele schade,2,bromfiets,personenauto,Flank,"Kruispunt, 4 takken",Binnen,50.0,Niet brandend,Klinkers,Droog,Daglicht,Droog,Keizersgracht,amsterdam,POINT (120757.40089999884 487062.5335999988),POINT (4.88440236077997 52.37037314433008),4.88440236077997,52.37037314433008,1,1,2,1
4032,253870,20230020582,2023,Uitsluitend materiele schade,2,fiets,fiets,Flank,"Kruispunt, 4 takken",Binnen,50.0,Brandend,ZOAB,Nat,Duisternis,Droog,Marnixstraat,amsterdam,POINT (120171.96799999848 487260.68200000003),POINT (4.8757859383135225 52.37211714292982),4.8757859383135225,52.37211714292982,1,1,2,1
4033,253900,20230024652,2023,Letsel,1,fiets,unknown,Eenzijdig,Rechte weg,Binnen,50.0,Niet brandend,Overig asfalt,Droog,Daglicht,Droog,Burg Van Tienhovengracht,amsterdam,POINT (117132.00310000032 487824.1864),POINT (4.831085221469557 52.376980260606075),4.831085221469557,52.37698026060608,1,1,1,1
4034,253944,20230078028,2023,Letsel,2,fiets,trein/tram,Flank,Rechte weg,Binnen,50.0,Niet brandend,Klinkers,Nat,Daglicht,Regen,Insulindeweg,amsterdam,POINT (124219.31300000101 485997.93499999866),POINT (4.93533127953042 52.36101017124875),4.93533127953042,52.36101017124875,1,1,1,1
4035,253983,20230022951,2023,Uitsluitend materiele schade,3,personenauto,fiets,Onbekend,"Kruispunt, 4 takken",Binnen,50.0,Brandend,Overig asfalt,Nat,Duisternis,Droog,Reyer Anslostraat,amsterdam,POINT (119087 485794),POINT (4.860011454210355 52.3588657978755),4.860011454210355,52.3588657978755,1,1,2,1
4036,254061,20230078138,2023,Letsel,2,bromfiets,personenauto,Flank,"Kruispunt, 4 takken",Binnen,50.0,Niet brandend,Overig asfalt,Droog,Daglicht,Droog,Dijkmanshuizenstraat,amsterdam,POINT (125550.81949999928 489878.3894999996),POINT (4.954537702963636 52.395958142021136),4.954537702963636,52.395958142021136,1,1,1,1
4037,254069,20230020818,2023,Uitsluitend materiele schade,1,bromfiets,unknown,Flank,"Kruispunt, 3 takken",Binnen,50.0,Unknown,Overig asfalt,Droog,Daglicht,Droog,Houtmankade,amsterdam,POINT (120580.68950000033 488793.40680000186),POINT (4.881630408223018 52.38591791934252),4.881630408223018,52.38591791934252,1,1,2,1
4038,254123,20230103026,2023,Uitsluitend materiele schade,2,fiets,personenauto,Flank,"Kruispunt, 3 takken",Binnen,50.0,Niet brandend,Overig asfalt,Droog,Daglicht,Droog,Jan Evertsenstraat,amsterdam,POINT (119023.51399999857 487191.35500000045),POINT (4.858930019222236 52.37142004486753),4.858930019222236,52.37142004486753,1,1,2,1
4039,254185,20230087631,2023,Uitsluitend materiele schade,2,bromfiets,fiets,Frontaal,"Kruispunt, 4 takken",Binnen,50.0,Niet brandend,Overig asfalt,Nat,Daglicht,Regen,Koninginneweg,amsterdam,POINT (119623.45199999958 485393.7879999988),POINT (4.867928197955793 52.35530378390853),4.867928197955793,52.35530378390853,1,1,2,1
4040,254210,20230087678,2023,Letsel,2,bestelauto,fiets,Frontaal,Rotonde,Buiten,60.0,Niet aanwezig,Beton,Nat,Daglicht,Mist,Gooilandseweg,amsterdam,POINT (134248.40399999917 478181.2157000005),POINT (5.083041292892759 52.291227443736126),5.083041292892759,52.291227443736126,-1,0,1,0
4041,254281,20230097732,2023,Uitsluitend materiele schade,2,bestelauto,e-bike,Flank,"Kruispunt, 4 takken",Binnen,50.0,Niet brandend,Overig asfalt,Droog,Daglicht,Droog,Prins Hendrikkade,amsterdam,POINT (122404.34200000018 487265.3465999998),POINT (4.908564759670134 52.37229610864568),4.908564759670134,52.37229610864568,1,1,2,1
4042,254316,20230097824,2023,Uitsluitend materiele schade,2,snorfiets,motor,Kop/staart,Rechte weg,Binnen,Unknown,Niet aanwezig,Klinkers,Unknown,Daglicht,Droog,Het Laagt,amsterdam,POINT (124465.54300000146 489897.4450000003),POINT (4.938591571980507 52.39607008844127),4.938591571980507,52.39607008844127,1,1,2,1
4043,254455,20210088981,2021,Letsel,2,personenauto,bromfiets,Flank,"Kruispunt, 4 takken",Binnen,50.0,Niet brandend,Beton,Nat,Daglicht,Regen,Kalkmarkt,amsterdam,POINT (122322.87700000033 487333.69000000134),POINT (4.907361911058038 52.372905490245785),4.907361911058038,52.372905490245785,1,1,1,1
4044,254469,20210075196,2021,Letsel,2,bus,bromfiets,Flank,"Kruispunt, 4 takken",Binnen,50.0,Brandend,Overig asfalt,Droog,Duisternis,Droog,Lodewijk van Deysselstr,amsterdam,POINT (116343.72459999844 487842.0549999997),POINT (4.819507261176482 52.377085916058356),4.819507261176482,52.37708591605836,1,1,1,1
4045,254475,20210083076,2021,Uitsluitend materiele schade,2,fiets,bestelauto,Flank,"Kruispunt, 4 takken",Binnen,50.0,Niet brandend,ZOAB,Nat,Daglicht,Droog,Wibautstraat,amsterdam,POINT (122541.01099999994 485490.41800000146),POINT (4.910742896172171 52.35635234335688),4.910742896172171,52.35635234335688,1,1,2,1