,Unnamed: 0,accident_id,accident_year,outcome,num_parties,party1_type,party2_type,accident_nature,road_situation,built_up_area,speed_limit_kmh,street_lighting,road_surface,road_condition,light_condition,weather_condition,street_name,municipality,shape,geometry,longitude,latitude,cluster,future_hotspot_spatial,outcome_encoded,future_hotspot_pred
4295,271431,20230020575,2023,Uitsluitend materiele schade,1,fiets,unknown,Geparkeerd voertuig,Rechte weg,Binnen,30.0,Brandend,Overig asfalt,Nat,Duisternis,Droog,Vlaardingenlaan,amsterdam,POINT (117988.91099999845 484467.7679999992),POINT (4.844038393663792 52.346873709035414),4.844038393663792,52.34687370903541,1,1,2,1
4296,271437,20230024618,2023,Letsel,2,personenauto,fiets,Flank,"Kruispunt, 4 takken",Binnen,50.0,Brandend,Overig asfalt,Droog,Duisternis,Droog,Overtoom,amsterdam,POINT (120130.13670000061 486217.85599999875),POINT (4.8752798680896765 52.362742318492245),4.8752798680896765,52.362742318492245,1,1,1,1
4297,271449,20230077162,2023,Uitsluitend materiele schade,1,fiets,unknown,Flank,Rechte weg,Binnen,50.0,Niet brandend,Overig asfalt,Droog,Daglicht,Droog,De Ruijterkade,amsterdam,POINT (122344.08199999854 487857.875),POINT (4.907622346415534 52.377617760564576),4.907622346415534,52.377617760564576,1,1,2,1
4298,271450,20230077405,2023,Uitsluitend materiele schade,2,bromfiets,e-bike,Flank,"Kruispunt, 4 takken",Binnen,50.0,Niet brandend,Overig asfalt,Droog,Daglicht,Droog,Rhijnspoorplein,amsterdam,POINT (122365.29710000008 486043.4004999995),POINT (4.908110046903633 52.361311771676625),4.908110046903633,52.36131177167663,1,1,2,1
4299,271488,20230036495,2023,Uitsluitend materiele schade,3,bestelauto,bromfiets,Flank,Rechte weg,Binnen,50.0,Niet brandend,Unknown,Droog,Daglicht,Droog,Van Diemenstraat,amsterdam,POINT (121112.8740000017 489229.59099999815),POINT (4.8894031945765954 52.38987113118168),4.8894031945765954,52.38987113118168,1,1,2,1
4300,271538,20230036565,2023,Letsel,2,fiets,unknown,Eenzijdig,Rechte weg,Binnen,15.0,Brandend,Klinkers,Droog,Duisternis,Droog,Dam,amsterdam,POINT (121308.39900000021 487323.8429999985),POINT (4.892466469484683 52.372755688002684),4.892466469484683,52.37275568800269,1,1,1,1
4301,271568,20230024779,2023,Uitsluitend materiele schade,2,personenauto,fiets,Kop/staart,"Kruispunt, 4 takken",Binnen,50.0,Brandend,Overig asfalt,Droog,Duisternis,Droog,Vijzelstraat,amsterdam,POINT (121344.98440000042 486578.51729999855),POINT (4.893078299960081 52.36605946807973),4.893078299960081,52.36605946807973,1,1,2,1
4302,271621,20230020271,2023,Uitsluitend materiele schade,2,fiets,bromfiets,Frontaal,Rechte weg,Binnen,50.0,Niet brandend,Overig asfalt,Droog,Daglicht,Droog,Burg De Vlugtlaan,amsterdam,POINT (117514.89799999818 488056.97399999946),POINT (4.836682091523529 52.37909864748602),4.836682091523529,52.37909864748602,1,1,2,1
4303,271718,20230096963,2023,Uitsluitend materiele schade,2,fiets,fiets,Flank,"Kruispunt, 4 takken",Binnen,Unknown,Niet brandend,Beton,Nat,Daglicht,Droog,Brettenpad,amsterdam,POINT (120194.08040000126 488949.13049999997),POINT (4.875935711550472 52.387293068885946),4.875935711550472,52.387293068885946,1,1,2,1
4304,271740,20230096994,2023,Uitsluitend materiele schade,2,fiets,bromfiets,Flank,"Kruispunt, 4 takken",Binnen,50.0,Niet brandend,Overig asfalt,Nat,Daglicht,Harde windstoten/Regen,Pretoriusstraat,amsterdam,POINT (123685.02189999819 485485.0197999999),POINT (4.927535661379873 52.35637022425164),4.927535661379873,52.35637022425164,1,1,2,1
4305,271756,20230097034,2023,Letsel,2,personenauto,fiets,Frontaal,"Kruispunt, 4 takken",Binnen,50.0,Brandend,ZOAB,Nat,Duisternis,Droog,Harriet Freezerstraat,amsterdam,POINT (126751.91860000044 481804.6710000001),POINT (4.97286183066078 52.32345958659744),4.97286183066078,52.32345958659744,0,1,1,1
4306,271789,20230087168,2023,Uitsluitend materiele schade,2,personenauto,fiets,Flank,"Kruispunt, 4 takken",Binnen,30.0,Brandend,Klinkers,Nat,Duisternis,Regen,FIETSPAD,amsterdam,POINT (126916.06289999932 481047.6994000003),POINT (4.975332509970953 52.31666473507313),4.975332509970953,52.31666473507313,0,1,2,1
4307,271801,20230097134,2023,Letsel,2,fiets,bromfiets,Flank,Rechte weg,Binnen,30.0,Brandend,Overig asfalt,Nat,Duisternis,Droog,Kinkerstraat,amsterdam,POINT (119131.11300000176 486416.8920000009),POINT (4.8605925567987045 52.36446678106743),4.8605925567987045,52.36446678106743,1,1,1,1
4308,271837,20230087251,2023,Uitsluitend materiele schade,2,bromfiets,personenauto,Kop/staart,"Kruispunt, 4 takken",Binnen,50.0,Niet brandend,ZOAB,Nat,Daglicht,Droog,Europaplein,amsterdam,POINT (121273.37200000137 483770.7899999991),POINT (4.892308378832598 52.34082111819117),4.892308378832598,52.34082111819117,1,1,2,1
4309,271848,20230097758,2023,Uitsluitend materiele schade,2,motor,fiets,Flank,"Kruispunt, 4 takken",Binnen,50.0,Brandend,Overig asfalt,Droog,Duisternis,Droog,Jacob van Arteveldestr,amsterdam,POINT (117891.99500000104 487940.99500000104),POINT (4.84223286709354 52.37808193574538),4.84223286709354,52.37808193574538,1,1,2,1
4310,271852,20230102832,2023,Uitsluitend materiele schade,2,personenauto,bromfiets,Flank,Rotonde,Binnen,50.0,Brandend,Overig asfalt,Nat,Duisternis,Regen,Schipluidenlaan,amsterdam,POINT (117758 485527),POINT (4.840532503868862 52.35637771101041),4.840532503868862,52.35637771101041,1,1,2,1
4311,271919,20230088014,2023,Letsel,4,fiets,fiets,Onbekend,Rechte weg,Binnen,30.0,Niet aanwezig,Klinkers,Droog,Daglicht,Droog,Amstel,amsterdam,POINT (121670.66299999878 486680.34800000116),POINT (4.897849680136962 52.366994511154104),4.897849680136962,52.3669945111541,1,1,1,1
4312,271935,20230087463,2023,Uitsluitend materiele schade,2,personenauto,bromfiets,Flank,"Kruispunt, 4 takken",Binnen,30.0,Brandend,ZOAB,Droog,Schemer,Droog,Flierbosdreef,amsterdam,POINT (125662.17000000179 480771.1559999995),POINT (4.956967800241457 52.31411386565108),4.956967800241457,52.31411386565108,0,1,2,1
4313,271991,20210080800,2021,Uitsluitend materiele schade,2,personenauto,fiets,Los voorwerp,Rechte weg,Binnen,30.0,Brandend,ZOAB,Droog,Duisternis,Droog,Zeeburgerpad,amsterdam,POINT (124731.59600000083 486654.1460000016),POINT (4.942792516540338 52.366936239988355),4.942792516540338,52.36693623998836,1,1,2,1
4314,272014,20210078625,2021,Uitsluitend materiele schade,2,snorfiets,fiets,Frontaal,Rechte weg,Binnen,50.0,Niet brandend,Beton,Droog,Daglicht,Droog,Burg De Vlugtlaan,amsterdam,POINT (116757.67399999872 488242.41000000015),POINT (4.8255405752711455 52.38071297497501),4.8255405752711455,52.38071297497501,1,1,2,1
4315,272036,20210084047,2021,Uitsluitend materiele schade,2,personenauto,bromfiets,Kop/staart,Rechte weg,Binnen,30.0,Niet aanwezig,Klinkers,Droog,Daglicht,Droog,Keizersgracht,amsterdam,POINT (120982.43400000036 486458.7670000009),POINT (4.887767610458204 52.36496090157898),4.887767610458204,52.36496090157898,1,1,2,1
4316,272056,20210089770,2021,Uitsluitend materiele schade,1,bromfiets,unknown,Onbekend,Unknown,Unknown,30.0,Unknown,Unknown,Unknown,Duisternis,Unknown,Sloterkade,amsterdam,POINT (118566.08199999854 485052.1499999985),POINT (4.85244518736371 52.3521642863173),4.85244518736371,52.3521642863173,1,1,2,1
4317,272062,20210075832,2021,Letsel,2,vrachtauto,bromfiets,Onbekend,Rechte weg,Binnen,50.0,Niet brandend,Overig asfalt,Droog,Daglicht,Droog,Mauritskade,amsterdam,POINT (123035 486106),POINT (4.917935360708536 52.361913752043336),4.917935360708536,52.361913752043336,1,1,1,1
4318,272074,20210074703,2021,Letsel,2,bromfiets,bromfiets,Flank,Rechte weg,Binnen,Unknown,Niet brandend,Overig asfalt,Droog,Schemer,Droog,Abcouderpad,amsterdam,POINT (125373.33799999952 480569.80099999905),POINT (4.95274991774183 52.3122887162532),4.95274991774183,52.3122887162532,0,1,1,1
4319,272097,20210083699,2021,Uitsluitend materiele schade,2,bromfiets,personenauto,Flank,Rechte weg,Binnen,50.0,Brandend,Overig asfalt,Nat,Schemer,Regen,Jan Evertsenstraat,amsterdam,POINT (117164.10500000045 487098.125),POINT (4.831638380911268 52.37045720219543),4.831638380911268,52.37045720219543,1,1,2,1
4320,272117,20210079462,2021,Uitsluitend materiele schade,2,fiets,personenauto,Flank,"Kruispunt, 3 takken",Binnen,50.0,Brandend,Overig asfalt,Droog,Duisternis,Droog,Th. Weeversweg,amsterdam,POINT (124803.65320000052 490042.45259999856),POINT (4.943545906483335 52.3973920233973),4.943545906483335,52.3973920233973,1,1,2,1
4321,272155,20210080042,2021,Letsel,2,personenauto,fiets,Flank,"Kruispunt, 3 takken",Binnen,50.0,Niet brandend,Overig asfalt,Droog,Daglicht,Droog,Radarweg,amsterdam,POINT (117375.74670000002 488692.50189999864),POINT (4.834567368340611 52.38480074920092),4.834567368340611,52.38480074920092,1,1,1,1
4322,272201,20210022473,2021,Uitsluitend materiele schade,3,motor,fiets,Flank,"Kruispunt, 4 takken",Binnen,50.0,Niet brandend,ZOAB,Droog,Daglicht,Droog,De Ruijterkade,amsterdam,POINT (122503.16930000111 487823.2963999994),POINT (4.909961954935388 52.377316430975746),4.909961954935388,52.37731643097575,1,1,2,1
4323,272396,20210008857,2021,Uitsluitend materiele schade,2,personenauto,bromfiets,Flank,"Kruispunt, 4 takken",Binnen,50.0,Brandend,Overig asfalt,Droog,Schemer,Droog,Zuiderzeeweg,amsterdam,POINT (125118.73279999942 486473.6810000017),POINT (4.948492477904325 52.36533553393321),4.948492477904325,52.36533553393321,1,1,2,1
4324,272450,20210033832,2021,Uitsluitend materiele schade,1,bromfiets,unknown,Onbekend,Rechte weg,Binnen,50.0,Niet brandend,Overig asfalt,Nat,Daglicht,Unknown,Linnaeusstraat,amsterdam,POINT (123719.40300000086 485399.4840000011),POINT (4.928048275177615 52.355603441902865),4.928048275177615,52.35560344190287,1,1,2,1
4325,272525,20210026009,2021,Uitsluitend materiele schade,2,personenauto,fiets,Flank,"Kruispunt, 4 takken",Binnen,50.0,Niet brandend,ZOAB,Droog,Daglicht,Droog,Postjesweg,amsterdam,POINT (117492.1099999994 486373),POINT (4.836535350644706 52.36396283422869),4.836535350644706,52.36396283422869,1,1,2,1
4326,272623,20210005926,2021,Uitsluitend materiele schade,2,bestelauto,fiets,Onbekend,"Kruispunt, 3 takken",Binnen,50.0,Niet brandend,Overig asfalt,Droog,Daglicht,Unknown,Sneeuwbalstraat,amsterdam,POINT (122791.87920000032 489984.5507000014),POINT (4.913994496990801 52.396757255378205),4.913994496990801,52.396757255378205,1,1,2,1
4327,272783,20210038603,2021,Uitsluitend materiele schade,2,fiets,snorfiets,Frontaal,Rechte weg,Binnen,Unknown,Niet brandend,Overig asfalt,Droog,Daglicht,Droog,Radarweg,amsterdam,POINT (117402.20699999854 488753.7809999995),POINT (4.8349491488311935 52.385353289739854),4.8349491488311935,52.385353289739854,1,1,2,1
4328,272804,20210071109,2021,Uitsluitend materiele schade,2,bromfiets,bromfiets,Frontaal,Rechte weg,Buiten,80.0,Brandend,Overig asfalt,Droog,Duisternis,Droog,Gooilandseweg,amsterdam,POINT (130931.39299999923 479419.8449999988),POINT (5.034335294894955 52.30222467573743),5.034335294894955,52.30222467573743,-1,0,2,0
4329,272813,20210041163,2021,Uitsluitend materiele schade,2,fiets,personenauto,Flank,"Kruispunt, 4 takken",Binnen,Unknown,Niet brandend,Overig asfalt,Droog,Daglicht,Droog,Jodenbreestraat,amsterdam,POINT (121985.49069999903 486909.70219999924),POINT (4.90244942356073 52.36907480285971),4.90244942356073,52.36907480285971,1,1,2,1
4330,272876,20210046817,2021,Uitsluitend materiele schade,2,snorfiets,fiets,Flank,"Kruispunt, 4 takken",Binnen,50.0,Brandend,Overig asfalt,Droog,Duisternis,Droog,Marnixstraat,amsterdam,POINT (120160.65199999884 487256.20899999887),POINT (4.875620243006127 52.37207622505741),4.875620243006127,52.37207622505741,1,1,2,1
4331,272996,20210075821,2021,Letsel,2,personenauto,e-bike,Flank,"Kruispunt, 3 takken",Binnen,30.0,Niet brandend,Overig asfalt,Droog,Daglicht,Droog,Vlakkerweg,amsterdam,POINT (121846.00979999825 490876.2320000008),POINT (4.900009933317488 52.40471468501811),4.900009933317488,52.40471468501811,1,1,1,1
4332,273041,20210066650,2021,Uitsluitend materiele schade,2,snorfiets,scootmobiel,Flank,"Kruispunt, 4 takken",Binnen,50.0,Niet brandend,Klinkers,Droog,Daglicht,Droog,Rijswijkstraat,amsterdam,POINT (117673.18800000101 484824.99599999934),POINT (4.839365497103955 52.35006285998608),4.839365497103955,52.35006285998608,1,1,2,1
4333,273675,20210076681,2021,Uitsluitend materiele schade,2,personenauto,bromfiets,Onbekend,"Kruispunt, 4 takken",Binnen,50.0,Niet brandend,Overig asfalt,Nat,Daglicht,Droog,Nassaukade,amsterdam,POINT (120123.51319999993 487487.6658000015),POINT (4.87505089622948 52.374154032365695),4.87505089622948,52.374154032365695,1,1,2,1
4334,273772,20220081488,2022,Letsel,2,personenauto,fiets,Onbekend,"Kruispunt, 4 takken",Binnen,30.0,Brandend,Klinkers,Droog,Duisternis,Droog,0026 BRUG,amsterdam,POINT (120932.87799999863 486883.30270000175),POINT (4.886997051889391 52.36877325769896),4.886997051889391,52.36877325769896,1,1,1,1
4335,273834,20220055241,2022,Uitsluitend materiele schade,2,bromfiets,bestelauto,Flank,"Kruispunt, 4 takken",Binnen,30.0,Niet brandend,Overig asfalt,Droog,Daglicht,Droog,Overleg,amsterdam,POINT (115475 485494),POINT (4.807026042213505 52.355921627425246),4.807026042213505,52.355921627425246,1,1,2,1
4336,273864,20220055377,2022,Uitsluitend materiele schade,2,personenauto,fiets,Flank,Rechte weg,Binnen,15.0,Brandend,Overig asfalt,Droog,Duisternis,Droog,Westerstraat,amsterdam,POINT (120743.78700000048 487964.4140000008),POINT (4.884110538950713 52.3784777450551),4.884110538950713,52.3784777450551,1,1,2,1
4337,273917,20220081074,2022,Letsel,2,personenauto,fiets,Flank,Rechte weg,Binnen,50.0,Niet brandend,ZOAB,Nat,Daglicht,Harde windstoten,Stadionplein,amsterdam,POINT (118916.55200000107 484269.45800000057),POINT (4.857672926205353 52.34515313068126),4.857672926205353,52.34515313068126,1,1,1,1
4338,274100,20220102189,2022,Uitsluitend materiele schade,2,bromfiets,bromfiets,Flank,"Kruispunt, 4 takken",Binnen,Unknown,Niet brandend,Beton,Droog,Daglicht,Droog,Krimpertplein,amsterdam,POINT (126425.76900000125 481108.875),POINT (4.968136986342121 52.317189298293655),4.968136986342121,52.317189298293655,0,1,2,1
4339,274124,20220103165,2022,Letsel,2,personenauto,fiets,Onbekend,Rechte weg,Binnen,30.0,Brandend,Overig asfalt,Droog,Duisternis,Droog,Sarphatistraat,amsterdam,POINT (122734.6400000006 486159.79300000146),POINT (4.913520845112585 52.362379647600854),4.913520845112585,52.36237964760085,1,1,1,1
4340,274454,20230097482,2023,Uitsluitend materiele schade,2,personenauto,fiets,Onbekend,Unknown,Unknown,Unknown,Unknown,Unknown,Unknown,Daglicht,Unknown,De Ruijterkade,amsterdam,POINT (121488.5549999997 488398.7010000013),POINT (4.895004646066382 52.3824267658551),4.895004646066382,52.3824267658551,1,1,2,1
4341,274506,20230003981,2023,Uitsluitend materiele schade,2,personenauto,fiets,Flank,"Kruispunt, 4 takken",Binnen,50.0,Niet brandend,Overig asfalt,Nat,Daglicht,Regen,Geervliet,amsterdam,POINT (120392 482620),POINT (4.879494101920576 52.3304237864746),4.879494101920576,52.3304237864746,1,1,2,1
4342,274642,20230004138,2023,Uitsluitend materiele schade,2,bromfiets,personenauto,Onbekend,Rechte weg,Binnen,50.0,Brandend,Overig asfalt,Nat,Duisternis,Regen,Dolingadreef,amsterdam,POINT (124896.97269999981 481690.59479999915),POINT (4.945664461278637 52.322335928310174),4.945664461278637,52.322335928310174,0,1,2,1
4343,274897,20210071192,2021,Letsel,3,trein/tram,fiets,Onbekend,Rechte weg,Binnen,50.0,Niet brandend,Overig asfalt,Droog,Daglicht,Droog,Joh.M. Coenenstraat,amsterdam,POINT (120431.46200000122 484956.90100000054),POINT (4.87983304291153 52.35142877785968),4.87983304291153,52.35142877785968,1,1,1,1
4344,275034,20210063751,2021,Letsel,2,snorfiets,e-bike,Flank,Rechte weg,Binnen,50.0,Niet brandend,Beton,Nat,Daglicht,Regen,Van Slingelandtstraat,amsterdam,POINT (119494.77699999884 488481.8220000006),POINT (4.865713355128268 52.38304846820767),4.865713355128268,52.38304846820767,1,1,1,1
4345,275072,20230004207,2023,Letsel,2,bromfiets,bromfiets,Flank,Rechte weg,Binnen,30.0,Brandend,Overig asfalt,Droog,Duisternis,Droog,De loper,amsterdam,POINT (124556.75899999961 480945.68499999866),POINT (4.9407417627320624 52.315622371318035),4.9407417627320624,52.31562237131804,0,1,1,1
4346,275207,20220175951,2022,Uitsluitend materiele schade,2,personenauto,bromfiets,Flank,Rechte weg,Binnen,50.0,Niet brandend,Overig asfalt,Droog,Daglicht,Droog,Stadhouderskade,amsterdam,POINT (120471.46299999952 486201.10599999875),POINT (4.880292409958894 52.36261334299782),4.880292409958894,52.36261334299782,1,1,2,1
4347,275237,20220177093,2022,Uitsluitend materiele schade,2,bromfiets,personenauto,Kop/staart,Rechte weg,Binnen,50.0,Niet brandend,Klinkers,Nat,Daglicht,Unknown,Fred. Roeskestraat,amsterdam,POINT (119157.5 483881),POINT (4.861250102814544 52.34167770634196),4.861250102814544,52.34167770634196,1,1,2,1
4348,275265,20220123344,2022,Uitsluitend materiele schade,2,fiets,personenauto,Onbekend,Unknown,Binnen,30.0,Unknown,Unknown,Nat,Daglicht,Unknown,Van der Helstplein,amsterdam,POINT (121460.67000000179 484976.243999999),POINT (4.89493651900299 52.351666404840635),4.89493651900299,52.35166640484064,1,1,2,1
4349,275287,20220177519,2022,Uitsluitend materiele schade,2,unknown,snorfiets,Voetganger,Rechte weg,Binnen,30.0,Niet brandend,Klinkers,Droog,Daglicht,Droog,Haarlemmerweg,amsterdam,POINT (118325.5 488687.5),POINT (4.848517594141774 52.38482007133659),4.848517594141774,52.38482007133659,1,1,2,1
4350,275288,20220178155,2022,Uitsluitend materiele schade,2,personenauto,bromfiets,Flank,Bocht,Binnen,30.0,Niet brandend,Klinkers,Nat,Daglicht,Regen,Platanenweg,amsterdam,POINT (122804.28500000015 485267.01300000027),POINT (4.914628715641436 52.35436001648258),4.914628715641436,52.35436001648258,1,1,2,1
4351,275305,20220142190,2022,Uitsluitend materiele schade,2,bromfiets,overig wegmeubilair,Vast voorwerp,Rechte weg,Binnen,50.0,Niet brandend,Klinkers,Nat,Daglicht,Regen,Bos en Lommerweg,amsterdam,POINT (118399.12299999967 487996.15300000086),POINT (4.8496742692918655 52.37861169447241),4.8496742692918655,52.37861169447241,1,1,2,1
4352,275325,20220178211,2022,Letsel,2,snorfiets,e-bike,Kop/staart,Rechte weg,Binnen,50.0,Niet brandend,Overig asfalt,Droog,Daglicht,Droog,Pieter Calandlaan,amsterdam,POINT (114741.66299999878 484993.3720000014),POINT (4.7963220124147945 52.35136913030567),4.7963220124147945,52.35136913030567,1,1,1,1
4353,275326,20220178256,2022,Uitsluitend materiele schade,1,fiets,unknown,Voetganger,Rechte weg,Binnen,50.0,Brandend,Overig asfalt,Droog,Duisternis,Droog,Damrak,amsterdam,POINT (121725.39600000158 487823.48699999973),POINT (4.898540096384547 52.37727156062918),4.898540096384547,52.37727156062918,1,1,2,1
4354,275340,20220123485,2022,Uitsluitend materiele schade,2,personenauto,bromfiets,Kop/staart,"Kruispunt, 4 takken",Binnen,50.0,Brandend,Overig asfalt,Droog,Duisternis,Droog,Burgemeester Eliasstraat,amsterdam,POINT (116839.77540000156 488217.29100000113),POINT (4.826749193637247 52.380492938497994),4.826749193637247,52.380492938498,1,1,2,1
4355,275424,20220142393,2022,Letsel,2,personenauto,e-bike,Flank,"Kruispunt, 4 takken",Buiten,50.0,Niet brandend,Overig asfalt,Nat,Daglicht,Regen,De Boelelaan,amsterdam,POINT (119645.55429999903 483143.66690000147),POINT (4.868488967656723 52.33508266456715),4.868488967656723,52.33508266456715,1,1,1,1
4356,275454,20220123736,2022,Letsel,2,bestelauto,fiets,Geparkeerd voertuig,Rechte weg,Binnen,30.0,Niet brandend,Overig asfalt,Droog,Daglicht,Droog,Hoogte Kadijk,amsterdam,POINT (122978.24700000137 486867.1090000011),POINT (4.917029729089277 52.36875078447848),4.917029729089277,52.36875078447848,1,1,1,1
4357,275470,20220155195,2022,Letsel,5,personenauto,fiets,Kop/staart,Rechte weg,Binnen,30.0,Niet aanwezig,Overig asfalt,Droog,Daglicht,Droog,FIETSPAD,amsterdam,POINT (122072.86100000143 487789.30000000075),POINT (4.903646073292087 52.37698525897823),4.903646073292087,52.37698525897823,1,1,1,1
4358,275497,20220123789,2022,Letsel,2,fiets,personenauto,Flank,Rechte weg,Binnen,30.0,Niet brandend,Overig asfalt,Droog,Daglicht,Droog,Sint Antoniesbreestraat,amsterdam,POINT (121865.23200000077 487044.9140000008),POINT (4.900670388026679 52.37028275017536),4.900670388026679,52.37028275017536,1,1,1,1
4359,275498,20220123805,2022,Uitsluitend materiele schade,2,bromfiets,fiets,Flank,Rechte weg,Binnen,Unknown,Niet brandend,Overig asfalt,Droog,Daglicht,Droog,Joop van Weezelhof,amsterdam,POINT (116582.4690000005 488164.0709999986),POINT (4.822976422804212 52.379996694582616),4.822976422804212,52.379996694582616,1,1,2,1
4360,275551,20220155380,2022,Letsel,2,fiets,personenauto,Kop/staart,Rechte weg,Binnen,30.0,Brandend,Klinkers,Droog,Duisternis,Droog,Herengracht,amsterdam,POINT (121278.15700000152 487999.7800000012),POINT (4.891954574159612 52.37882866955637),4.891954574159612,52.37882866955637,1,1,1,1
4361,275639,20220155636,2022,Uitsluitend materiele schade,2,bromfiets,personenauto,Flank,"Kruispunt, 3 takken",Binnen,50.0,Niet brandend,Klinkers,Nat,Daglicht,Droog,Troelstralaan,amsterdam,POINT (115101.01240000129 487542.7270000018),POINT (4.801293519720682 52.374306902069684),4.801293519720682,52.37430690206968,1,1,2,1
4362,275696,20220141741,2022,Uitsluitend materiele schade,2,bromfiets,bromfiets,Flank,"Kruispunt, 4 takken",Binnen,50.0,Brandend,Overig asfalt,Droog,Duisternis,Droog,Leeuwendalersweg,amsterdam,POINT (117654.86349999905 487963.8586000018),POINT (4.838747944005849 52.37827133764908),4.838747944005849,52.37827133764908,1,1,2,1
4363,275775,20230039608,2023,Letsel,2,bromfiets,voetganger,Voetganger,Rechte weg,Binnen,50.0,Brandend,Beton,Nat,Duisternis,Regen,Landsmeerderdijk,amsterdam,POINT (122254.77800000086 491511.7430000007),POINT (4.905954509381237 52.410450724776595),4.905954509381237,52.4104507247766,1,1,1,1
4364,275814,20230059964,2023,Uitsluitend materiele schade,2,snorfiets,personenauto,Frontaal,"Kruispunt, 4 takken",Binnen,50.0,Niet brandend,Overig asfalt,Droog,Daglicht,Droog,Amstelveenseweg,amsterdam,POINT (118856.35799999908 484982.3660000004),POINT (4.856713035776248 52.35155628866749),4.856713035776248,52.35155628866749,1,1,2,1
4365,275823,20230040255,2023,Uitsluitend materiele schade,2,fiets,unknown,Kop/staart,"Kruispunt, 4 takken",Binnen,50.0,Niet brandend,Overig asfalt,Droog,Daglicht,Droog,Kerkstraat,amsterdam,POINT (121271.43510000035 486232.1684000008),POINT (4.892033222790585 52.362942213353975),4.892033222790585,52.362942213353975,1,1,2,1
4366,275843,20230058182,2023,Letsel,2,motor,fiets,Flank,"Kruispunt, 4 takken",Binnen,50.0,Niet brandend,Overig asfalt,Nat,Daglicht,Droog,C. van Eesterenlaan,amsterdam,POINT (124434.05099999905 487119.31920000166),POINT (4.938381685791726 52.37110043433069),4.938381685791726,52.37110043433069,1,1,1,1
4367,275871,20230039185,2023,Uitsluitend materiele schade,2,personenauto,fiets,Flank,"Kruispunt, 4 takken",Binnen,50.0,Niet brandend,Beton,Droog,Daglicht,Droog,Middenweg,amsterdam,POINT (124540.49500000104 484522.5095000006),POINT (4.940179802140015 52.347767873818576),4.940179802140015,52.347767873818576,1,1,2,1
4368,275872,20230039756,2023,Letsel,2,personenauto,bromfiets,Frontaal,"Kruispunt, 4 takken",Binnen,30.0,Niet brandend,Klinkers,Droog,Daglicht,Droog,FIETSPAD,amsterdam,POINT (126906.97410000116 481042.7485000007),POINT (4.975199631921599 52.31661977488604),4.975199631921599,52.31661977488604,0,1,1,1
4369,275882,20230050832,2023,Uitsluitend materiele schade,2,bromfiets,bromfiets,Flank,Rechte weg,Binnen,50.0,Niet brandend,Overig asfalt,Droog,Daglicht,Droog,Kamperfoelieweg,amsterdam,POINT (122815.85610000044 489993.811999999),POINT (4.914345872281342 52.39684189590417),4.914345872281342,52.39684189590417,1,1,2,1
4370,275899,20230050846,2023,Uitsluitend materiele schade,1,bromfiets,unknown,Voetganger,Rechte weg,Binnen,50.0,Niet brandend,Overig asfalt,Droog,Daglicht,Droog,Vijzelstraat,amsterdam,POINT (121263.84299999848 486197.81599999964),POINT (4.891925213016765 52.36263301153487),4.891925213016765,52.36263301153487,1,1,2,1
4371,275917,20230048623,2023,Uitsluitend materiele schade,2,bestelauto,e-bike,Flank,"Kruispunt, 3 takken",Binnen,50.0,Niet brandend,ZOAB,Droog,Daglicht,Droog,President Allendelaan,amsterdam,POINT (115332.66789999977 486634.90040000156),POINT (4.804802311379114 52.36616487645111),4.804802311379114,52.36616487645111,1,1,2,1
4372,275919,20230050327,2023,Uitsluitend materiele schade,2,personenauto,fiets,Flank,"Kruispunt, 4 takken",Binnen,50.0,Brandend,Klinkers,Nat,Duisternis,Regen,Geldersekade,amsterdam,POINT (121929.85990000144 487464.3319000006),POINT (4.901578052209045 52.374056080656516),4.901578052209045,52.37405608065652,1,1,2,1
4373,275923,20230059302,2023,Letsel,2,snorfiets,personenauto,Flank,Rotonde,Binnen,50.0,Niet brandend,Overig asfalt,Droog,Daglicht,Droog,Bijlmerdreef,amsterdam,POINT (126471.19849999994 481496.9567999989),POINT (4.968770387360563 52.3206795275601),4.968770387360563,52.3206795275601,0,1,1,1
4374,275947,20230058957,2023,Uitsluitend materiele schade,2,bromfiets,personenauto,Flank,Rechte weg,Binnen,50.0,Niet aanwezig,Overig asfalt,Droog,Daglicht,Droog,Overtoom,amsterdam,POINT (118764.95699999854 485667.7340000011),POINT (4.85529774996978 52.35770986329487),4.85529774996978,52.35770986329487,1,1,2,1
4375,275961,20230049835,2023,Letsel,2,bromfiets,personenauto,Flank,"Kruispunt, 4 takken",Binnen,30.0,Niet brandend,Klinkers,Droog,Daglicht,Droog,Geertruida van Lierstr,amsterdam,POINT (113845 485122),POINT (4.783146412564078 52.352458705216044),4.783146412564078,52.35245870521605,1,1,1,1
4376,276087,20230049462,2023,Letsel,2,fiets,fiets,Flank,"Kruispunt, 4 takken",Binnen,30.0,Niet brandend,ZOAB,Droog,Duisternis,Droog,Leidsegracht,amsterdam,POINT (120463.27809999883 486506.17130000144),POINT (4.880140919103697 52.3653545394879),4.880140919103697,52.3653545394879,1,1,1,1
4377,276168,20220212278,2022,Letsel,2,fiets,fiets,Onbekend,Rechte weg,Binnen,50.0,Brandend,Overig asfalt,Nat,Duisternis,Regen,Albert Cuypstraat,amsterdam,POINT (120970.4459999986 485304.4849999994),POINT (4.887708401449662 52.3545862706803),4.887708401449662,52.3545862706803,1,1,1,1