,Unnamed: 0,accident_id,accident_year,outcome,num_parties,party1_type,party2_type,accident_nature,road_situation,built_up_area,speed_limit_kmh,street_lighting,road_surface,road_condition,light_condition,weather_condition,street_name,municipality,shape,geometry,longitude,latitude,cluster,future_hotspot_spatial,outcome_encoded,future_hotspot_pred
4378,276202,20220211650,2022,Letsel,1,fiets,unknown,Eenzijdig,"Kruispunt, 4 takken",Binnen,50.0,Brandend,Beton,Droog,Duisternis,Droog,Oosterdokskade,amsterdam,POINT (122364.74610000104 487642.52800000086),POINT (4.9079467212923245 52.375683601126184),4.9079467212923245,52.37568360112618,1,1,1,1
4379,276256,20220211038,2022,Uitsluitend materiele schade,1,bromfiets,unknown,Onbekend,"Kruispunt, 4 takken",Binnen,30.0,Brandend,ZOAB,Droog,Duisternis,Droog,FIETSPAD,amsterdam,POINT (122156 485445),POINT (4.905095993796829 52.355921275338254),4.905095993796829,52.355921275338254,1,1,2,1
4380,276257,20220211720,2022,Letsel,2,fiets,fiets,Onbekend,Unknown,Unknown,50.0,Unknown,Unknown,Unknown,Schemer,Unknown,Pieter Calandlaan,amsterdam,POINT (116558.54300000146 485511.99500000104),POINT (4.8229283098146745 52.35616023862477),4.8229283098146745,52.35616023862477,1,1,1,1
4381,276316,20220210360,2022,Uitsluitend materiele schade,2,bestelauto,fiets,Flank,"Kruispunt, 4 takken",Binnen,50.0,Niet brandend,Overig asfalt,Nat,Daglicht,Regen,Barentszplein,amsterdam,POINT (121249.35080000013 489194.28180000186),POINT (4.891411512635331 52.389562207434025),4.891411512635331,52.389562207434025,1,1,2,1
4382,276318,20220211800,2022,Uitsluitend materiele schade,1,snorfiets,unknown,Voetganger,Rechte weg,Binnen,30.0,Brandend,Klinkers,Nat,Duisternis,Regen,Aalbersestraat,amsterdam,POINT (114890.12000000104 488318.26099999994),POINT (4.7981041730693725 52.38126139101155),4.7981041730693725,52.38126139101155,1,1,2,1
4383,276462,20220210564,2022,Letsel,2,bestelauto,bromfiets,Onbekend,Rechte weg,Binnen,50.0,Niet brandend,Beton,Droog,Daglicht,Droog,Overtoom,amsterdam,POINT (119874.82200000063 486106.3209999986),POINT (4.871543388270828 52.36172365456619),4.871543388270828,52.36172365456619,1,1,1,1
4384,276463,20220210575,2022,Uitsluitend materiele schade,2,personenauto,bromfiets,Flank,Rechte weg,Binnen,50.0,Niet brandend,Overig asfalt,Droog,Duisternis,Droog,Rosa Luxemburgstraat,amsterdam,POINT (126077.84499999881 481657.16699999943),POINT (4.962987448316403 52.32209886547019),4.962987448316403,52.32209886547019,0,1,2,1
4385,276500,20220210658,2022,Letsel,2,personenauto,fiets,Flank,"Kruispunt, 4 takken",Binnen,50.0,Niet brandend,Overig asfalt,Droog,Daglicht,Droog,Robert Fruinlaan,amsterdam,POINT (117222.5709999986 486380.0760000013),POINT (4.8325775185637685 52.364007955601245),4.8325775185637685,52.364007955601245,1,1,1,1
4386,276557,20220210712,2022,Uitsluitend materiele schade,1,snorfiets,unknown,Eenzijdig,Rechte weg,Binnen,50.0,Niet brandend,Beton,Droog,Daglicht,Droog,Willemsparkweg,amsterdam,POINT (119716.82600000128 485432.1559999995),POINT (4.8692947139606995 52.35565461286013),4.8692947139607,52.35565461286013,1,1,2,1
4387,276973,20230113635,2023,Letsel,2,fiets,personenauto,Flank,"Kruispunt, 4 takken",Binnen,30.0,Niet brandend,Overig asfalt,Droog,Daglicht,Droog,Jodenbreestraat,amsterdam,POINT (122090.75549999997 486837.67440000176),POINT (4.90400203389201 52.36843378443208),4.90400203389201,52.36843378443208,1,1,1,1
4388,276984,20230111320,2023,Uitsluitend materiele schade,2,personenauto,fiets,Flank,"Kruispunt, 4 takken",Binnen,30.0,Niet brandend,Beton,Nat,Daglicht,Droog,Schippersstraat,amsterdam,POINT (122239.55700000003 487426.6070000008),POINT (4.906129395170114 52.3737355992424),4.906129395170114,52.3737355992424,1,1,2,1
4389,276985,20230111918,2023,Letsel,2,personenauto,fiets,Frontaal,"Kruispunt, 4 takken",Binnen,30.0,Niet brandend,Overig asfalt,Droog,Daglicht,Droog,Apollolaan,amsterdam,POINT (120618.0709999986 484626.6411000006),POINT (4.88260559274169 52.34847233449403),4.88260559274169,52.34847233449403,1,1,1,1
4390,276999,20230111980,2023,Uitsluitend materiele schade,3,fiets,unknown,Los voorwerp,"Kruispunt, 4 takken",Binnen,50.0,Brandend,Overig asfalt,Droog,Duisternis,Droog,Blauwhoedenveem,amsterdam,POINT (122936.74199999869 487791.8420000002),POINT (4.916332116306301 52.377059230259896),4.916332116306301,52.377059230259896,1,1,2,1
4391,277079,20230067142,2023,Letsel,2,fiets,fiets,Flank,Rechte weg,Binnen,50.0,Niet brandend,Overig asfalt,Droog,Daglicht,Droog,Zeilstraat,amsterdam,POINT (118748.24599999934 484932.73900000006),POINT (4.855131655489611 52.35110315443822),4.855131655489611,52.35110315443822,1,1,1,1
4392,277080,20230067164,2023,Uitsluitend materiele schade,2,personenauto,fiets,Flank,"Kruispunt, 4 takken",Binnen,50.0,Niet brandend,Overig asfalt,Droog,Daglicht,Droog,Meeuwenlaan,amsterdam,POINT (123116.30900000036 488732.26520000026),POINT (4.918879854713037 52.385521554710316),4.918879854713037,52.38552155471032,1,1,2,1
4393,277152,20230020409,2023,Uitsluitend materiele schade,2,bromfiets,personenauto,Flank,"Kruispunt, 4 takken",Binnen,50.0,Niet brandend,Klinkers,Nat,Daglicht,Droog,Oostenburgervoorstraat,amsterdam,POINT (123412.93239999935 486965.02910000086),POINT (4.923402801169589 52.369655996811225),4.923402801169589,52.369655996811225,1,1,2,1
4394,277174,20230020444,2023,Uitsluitend materiele schade,2,personenauto,bromfiets,Onbekend,"Kruispunt, 4 takken",Binnen,50.0,Niet brandend,Klinkers,Droog,Daglicht,Droog,Bellamystraat,amsterdam,POINT (119270.26590000093 486610.6554000005),POINT (4.8626148676610175 52.36621725458276),4.8626148676610175,52.36621725458276,1,1,2,1
4395,277227,20230020507,2023,Uitsluitend materiele schade,2,unknown,fiets,Onbekend,Rechte weg,Binnen,50.0,Niet aanwezig,Overig asfalt,Droog,Daglicht,Droog,Mauritskade,amsterdam,POINT (123038.0009999983 486109.91000000015),POINT (4.917979044497438 52.36194906715093),4.917979044497438,52.36194906715093,1,1,2,1
4396,277282,20230078762,2023,Letsel,1,bromfiets,unknown,Eenzijdig,"Kruispunt, 4 takken",Binnen,30.0,Niet brandend,Klinkers,Droog,Daglicht,Droog,Willem de Zwijgerlaan,amsterdam,POINT (118901.72159999982 488447.8530000001),POINT (4.857006724615454 52.38270450386245),4.857006724615454,52.38270450386245,1,1,1,1
4397,277290,20230020595,2023,Uitsluitend materiele schade,2,personenauto,fiets,Flank,"Kruispunt, 4 takken",Binnen,30.0,Niet brandend,Klinkers,Droog,Daglicht,Droog,Vaartstraat,amsterdam,POINT (118704.684799999 484836.8627999984),POINT (4.85450266938521 52.350238611849484),4.85450266938521,52.35023861184949,1,1,2,1
4398,277301,20230074688,2023,Uitsluitend materiele schade,2,bromfiets,personenauto,Flank,Unknown,Binnen,50.0,Niet brandend,Overig asfalt,Droog,Daglicht,Droog,Jan Tooropstraat,amsterdam,POINT (117496.66000000015 485891.16600000113),POINT (4.836655883461319 52.35963278465537),4.836655883461319,52.35963278465537,1,1,2,1
4399,277309,20230022831,2023,Uitsluitend materiele schade,2,snorfiets,voetganger,Voetganger,"Kruispunt, 4 takken",Binnen,30.0,Niet aanwezig,Overig asfalt,Nat,Daglicht,Regen,Ten Katestraat,amsterdam,POINT (119602.56599999964 486584.5159999989),POINT (4.867496307315289 52.36600384939198),4.867496307315289,52.36600384939198,1,1,2,1
4400,277372,20230036530,2023,Uitsluitend materiele schade,2,fiets,fiets,Flank,Rechte weg,Binnen,30.0,Niet brandend,ZOAB,Droog,Daglicht,Droog,SKYEHOF,amsterdam,POINT (114490.0399999991 484673.8779999986),POINT (4.792667529669095 52.34847927652869),4.792667529669095,52.34847927652869,1,1,2,1
4401,277401,20230036596,2023,Uitsluitend materiele schade,3,snorfiets,bromfiets,Geparkeerd voertuig,"Kruispunt, 4 takken",Binnen,30.0,Niet brandend,Klinkers,Droog,Daglicht,Droog,Haarlemmerweg,amsterdam,POINT (118284 488687),POINT (4.847908109416528 52.38481280352681),4.847908109416528,52.38481280352681,1,1,2,1
4402,277464,20230078117,2023,Uitsluitend materiele schade,2,bromfiets,personenauto,Frontaal,"Kruispunt, 3 takken",Binnen,30.0,Niet brandend,Klinkers,Droog,Daglicht,Droog,Comeniusstraat,amsterdam,POINT (116757 485850),POINT (4.825802863106853 52.359211820944076),4.825802863106853,52.35921182094408,1,1,2,1
4403,277538,20230103070,2023,Letsel,2,bromfiets,bestelauto,Eenzijdig,"Kruispunt, 4 takken",Binnen,50.0,Brandend,ZOAB,Nat,Duisternis,Droog,Kanaalstraat,amsterdam,POINT (119376.79410000145 486182.4365000017),POINT (4.864224235562163 52.362375653907435),4.864224235562163,52.36237565390744,1,1,1,1
4404,277550,20230086438,2023,Uitsluitend materiele schade,2,bromfiets,bromfiets,Flank,"Kruispunt, 4 takken",Binnen,Unknown,Niet brandend,Unknown,Droog,Daglicht,Droog,Oostoever,amsterdam,POINT (117003.4290000014 486897.74639999866),POINT (4.829301840777308 52.3686452614804),4.829301840777308,52.3686452614804,1,1,2,1
4405,277559,20230096965,2023,Uitsluitend materiele schade,2,bromfiets,personenauto,Flank,Rechte weg,Binnen,50.0,Niet brandend,ZOAB,Nat,Daglicht,Droog,Linnaeusstraat,amsterdam,POINT (123649.32800000161 485609.1009999998),POINT (4.927000167250927 52.357483350519466),4.927000167250927,52.357483350519466,1,1,2,1
4406,277696,20230097766,2023,Uitsluitend materiele schade,1,bromfiets,unknown,Eenzijdig,Rechte weg,Binnen,50.0,Brandend,Overig asfalt,Nat,Duisternis,Droog,Heemstedestraat,amsterdam,POINT (118180.26399999857 484991.0179999992),POINT (4.8467892713222716 52.35158915753174),4.846789271322272,52.35158915753174,1,1,2,1
4407,277732,20230097842,2023,Letsel,2,fiets,personenauto,Flank,"Kruispunt, 4 takken",Binnen,50.0,Brandend,Overig asfalt,Droog,Duisternis,Droog,Weesperstraat,amsterdam,POINT (122358.5850000009 486036.19200000167),POINT (4.90801221276785 52.36124658772878),4.90801221276785,52.36124658772878,1,1,1,1
4408,277757,20230102919,2023,Letsel,2,bromfiets,boom,Vast voorwerp,Rechte weg,Binnen,50.0,Niet brandend,Overig asfalt,Nat,Daglicht,Regen,Rozenburglaan,amsterdam,POINT (124129.4140000008 483927.5179999992),POINT (4.93420151596127 52.34239751854769),4.93420151596127,52.34239751854769,1,1,1,1
4409,277854,20210080828,2021,Uitsluitend materiele schade,2,fiets,personenauto,Flank,Rechte weg,Binnen,30.0,Niet brandend,Klinkers,Droog,Daglicht,Droog,Prinses Irenestraat,amsterdam,POINT (120432.72700000182 483902.15900000185),POINT (4.879959940039245 52.34194955012349),4.879959940039245,52.34194955012349,1,1,2,1
4410,277906,20210075858,2021,Letsel,4,personenauto,fiets,Vast voorwerp,Bocht,Binnen,50.0,Niet brandend,Overig asfalt,Nat,Daglicht,Droog,Archimedesplantsoen,amsterdam,POINT (124687.45800000057 485228.97199999914),POINT (4.94227293219153 52.35412524780894),4.94227293219153,52.35412524780894,1,1,1,1
4411,277990,20210077855,2021,Uitsluitend materiele schade,2,fiets,bestelauto,Kop/staart,Rechte weg,Binnen,50.0,Brandend,Klinkers,Droog,Duisternis,Unknown,Palestrinastraat,amsterdam,POINT (120207.04500000179 485499.006000001),POINT (4.8764832793971875 52.35628667740631),4.876483279397188,52.35628667740631,1,1,2,1
4412,278042,20210030797,2021,Uitsluitend materiele schade,2,bromfiets,fiets,Flank,Rechte weg,Buiten,50.0,Niet brandend,Overig asfalt,Nat,Daglicht,Droog,Gooiseweg,amsterdam,POINT (126351.89299999923 480551.5850000009),POINT (4.967100910875722 52.31217682860507),4.967100910875722,52.31217682860507,0,1,2,1
4413,278072,20210002638,2021,Letsel,3,bestelauto,fiets,Onbekend,"Kruispunt, 3 takken",Binnen,50.0,Niet brandend,Overig asfalt,Nat,Daglicht,Droog,Aalbersestraat,amsterdam,POINT (114880.53249999881 488096.46269999817),POINT (4.7979898538966035 52.3792673530937),4.797989853896604,52.3792673530937,1,1,1,1
4414,278115,20210023984,2021,Uitsluitend materiele schade,2,bestelauto,fiets,Flank,"Kruispunt, 4 takken",Binnen,50.0,Niet brandend,Overig asfalt,Droog,Daglicht,Droog,Plesmanlaan,amsterdam,POINT (116868.4149999991 484988.9079999998),POINT (4.827535951006524 52.351480720809754),4.827535951006524,52.35148072080976,1,1,2,1
4415,278124,20210032646,2021,Uitsluitend materiele schade,2,personenauto,bromfiets,Kop/staart,"Kruispunt, 4 takken",Binnen,50.0,Niet brandend,Overig asfalt,Nat,Daglicht,Droog,Hemonystraat,amsterdam,POINT (121928.95279999822 485715.1671999991),POINT (4.9017367817279744 52.35833573695349),4.9017367817279744,52.35833573695349,1,1,2,1
4416,278191,20210021721,2021,Letsel,2,snorfiets,fiets,Frontaal,Rechte weg,Binnen,30.0,Niet brandend,Overig asfalt,Droog,Daglicht,Droog,Buiksloterweg,amsterdam,POINT (122175.10200000182 488466.0489999987),POINT (4.9050813859333156 52.383073520565866),4.905081385933316,52.383073520565866,1,1,1,1
4417,278211,20210020521,2021,Uitsluitend materiele schade,2,personenauto,fiets,Flank,Rechte weg,Binnen,50.0,Niet brandend,Overig asfalt,Droog,Daglicht,Droog,Kinkerstraat,amsterdam,POINT (119328.95199999958 486470.4470000006),POINT (4.863491346588333 52.36496097839189),4.863491346588333,52.36496097839189,1,1,2,1
4418,278225,20210031445,2021,Uitsluitend materiele schade,1,fiets,unknown,Onbekend,Rechte weg,Binnen,50.0,Niet brandend,Overig asfalt,Droog,Daglicht,Droog,Overtoom,amsterdam,POINT (119092.5 485796.5),POINT (4.860091922500689 52.358888625597736),4.860091922500689,52.358888625597736,1,1,2,1
4419,278256,20210003652,2021,Uitsluitend materiele schade,2,motor,fiets,Flank,Rechte weg,Binnen,50.0,Niet brandend,Overig asfalt,Nat,Daglicht,Droog,Funke Küpperstraat,amsterdam,POINT (115715.95589999855 485042.16310000047),POINT (4.810615566824983 52.35187814928857),4.810615566824983,52.35187814928857,1,1,2,1
4420,278289,20210008306,2021,Uitsluitend materiele schade,2,personenauto,bromfiets,Onbekend,Unknown,Unknown,30.0,Unknown,Unknown,Unknown,Daglicht,Unknown,Alexander Boersstraat,amsterdam,POINT (120345.82200000063 485574.25),POINT (4.8785125390545705 52.35697168919201),4.8785125390545705,52.35697168919201,1,1,2,1
4421,278407,20210013131,2021,Uitsluitend materiele schade,2,snorfiets,personenauto,Flank,"Kruispunt, 4 takken",Binnen,30.0,Niet brandend,Klinkers,Nat,Daglicht,Unknown,Muiderstraat,amsterdam,POINT (122289.81100000069 486736.8110000007),POINT (4.90693445550319 52.367539184773385),4.90693445550319,52.367539184773385,1,1,2,1
4422,278418,20210032414,2021,Uitsluitend materiele schade,2,bromfiets,personenauto,Flank,Rotonde,Binnen,50.0,Niet brandend,Overig asfalt,Droog,Daglicht,Droog,Eef Kamerbeekstraat,amsterdam,POINT (126081.34899999946 487401.1378999986),POINT (4.96254528984051 52.37372245324791),4.96254528984051,52.37372245324791,1,1,2,1
4423,278444,20210073095,2021,Letsel,1,bromfiets,unknown,Eenzijdig,"Kruispunt, 4 takken",Binnen,50.0,Niet aanwezig,Overig asfalt,Nat,Duisternis,Regen,Ferdinand Bolstraat,amsterdam,POINT (121202.09600000083 485096.61100000143),POINT (4.8911293886755605 52.35273233850009),4.8911293886755605,52.35273233850009,1,1,1,1
4424,278509,20210055414,2021,Letsel,2,personenauto,fiets,Flank,"Kruispunt, 3 takken",Binnen,50.0,Niet brandend,Overig asfalt,Droog,Daglicht,Droog,Hobbemakade,amsterdam,POINT (120876.45279999822 485429.69359999895),POINT (4.886316091505912 52.35570573022864),4.886316091505912,52.35570573022864,1,1,1,1
4425,278643,20210075190,2021,Letsel,3,bestelauto,e-bike,Los voorwerp,Rechte weg,Binnen,50.0,Niet brandend,Beton,Droog,Daglicht,Droog,Weteringschans,amsterdam,POINT (120791.8440000005 486125.0089999996),POINT (4.885003475602133 52.361949481826684),4.885003475602133,52.36194948182669,1,1,1,1
4426,278668,20210062461,2021,Uitsluitend materiele schade,2,bestelauto,fiets,Frontaal,"Kruispunt, 4 takken",Binnen,30.0,Niet brandend,Klinkers,Droog,Daglicht,Droog,Gerard Doustraat,amsterdam,POINT (121155.9737999998 485397.81230000034),POINT (4.890422145991284 52.35543649253752),4.890422145991284,52.35543649253752,1,1,2,1
4427,278677,20210041167,2021,Letsel,2,bromfiets,overig vast object,Vast voorwerp,Rechte weg,Binnen,Unknown,Niet brandend,Klinkers,Droog,Daglicht,Droog,Papaverweg,amsterdam,POINT (121967.82400000095 490153.4279999994),POINT (4.901871061092768 52.39822601439412),4.901871061092768,52.39822601439412,1,1,1,1
4428,278708,20210056634,2021,Letsel,2,personenauto,fiets,Onbekend,"Kruispunt, 3 takken",Binnen,30.0,Niet brandend,Beton,Droog,Daglicht,Droog,Buikslotermeerplein,amsterdam,POINT (124190.33830000088 490322.7441999987),POINT (4.934509343949543 52.39987699345284),4.934509343949543,52.39987699345284,1,1,1,1
4429,278826,20210050542,2021,Uitsluitend materiele schade,2,personenauto,fiets,Frontaal,"Kruispunt, 4 takken",Binnen,50.0,Niet brandend,Overig asfalt,Droog,Daglicht,Droog,Osdorperweg,amsterdam,POINT (114521.16250000149 484930.44889999926),POINT (4.793093404792208 52.350787427015504),4.793093404792208,52.350787427015504,1,1,2,1
4430,278849,20210042637,2021,Uitsluitend materiele schade,2,bestelauto,fiets,Onbekend,Rechte weg,Binnen,Unknown,Niet aanwezig,Overig asfalt,Droog,Daglicht,Droog,Scheldeplein,amsterdam,POINT (121152.10799999908 484137.2569999993),POINT (4.890492198517532 52.34410722856058),4.890492198517532,52.34410722856058,1,1,2,1
4431,278939,20210069659,2021,Uitsluitend materiele schade,3,personenauto,fiets,Onbekend,"Kruispunt, 4 takken",Binnen,50.0,Niet brandend,Beton,Droog,Daglicht,Droog,Van Nijenrodeweg,amsterdam,POINT (120387.05519999936 482318.0540000014),POINT (4.879452587999708 52.327709779584644),4.879452587999708,52.32770977958464,1,1,2,1
4432,279262,20219006044,2021,Uitsluitend materiele schade,2,personenauto,fiets,Flank,Bocht,Binnen,50.0,Niet brandend,Overig asfalt,Nat,Daglicht,Droog,Kinkerstraat,amsterdam,POINT (119328.95199999958 486470.4470000006),POINT (4.863491346588333 52.36496097839189),4.863491346588333,52.36496097839189,1,1,2,1
4433,279353,20210090800,2021,Uitsluitend materiele schade,1,bromfiets,unknown,Eenzijdig,Rechte weg,Binnen,50.0,Niet brandend,Overig asfalt,Nat,Daglicht,Droog,Nassaukade,amsterdam,POINT (120236.71999999881 486783.4539999999),POINT (4.8767860800981895 52.367832265291526),4.8767860800981895,52.367832265291526,1,1,2,1
4434,279495,20210090369,2021,Uitsluitend materiele schade,2,personenauto,fiets,Flank,Rotonde,Binnen,50.0,Brandend,Overig asfalt,Droog,Duisternis,Droog,Burg Van de Pollstraat,amsterdam,POINT (117138.31320000067 487182.3905000016),POINT (4.831250190586652 52.37121273734982),4.831250190586652,52.37121273734982,1,1,2,1
4435,279499,20210093207,2021,Uitsluitend materiele schade,1,bromfiets,unknown,Voetganger,Rechte weg,Buiten,30.0,Brandend,Overig asfalt,Nat,Duisternis,Unknown,Provincialeweg,amsterdam,POINT (129402.01000000164 479737.60500000045),POINT (5.011889415056408 52.30501154092385),5.011889415056408,52.30501154092385,-1,0,2,0
4436,279509,20220081396,2022,Uitsluitend materiele schade,2,bromfiets,fiets,Kop/staart,Rechte weg,Binnen,50.0,Brandend,Klinkers,Droog,Duisternis,Droog,Rozengracht,amsterdam,POINT (120318 487326),POINT (4.877923465754311 52.37271341598058),4.877923465754311,52.37271341598058,1,1,2,1
4437,279546,20220081435,2022,Uitsluitend materiele schade,2,personenauto,snorfiets,Flank,"Kruispunt, 4 takken",Binnen,50.0,Brandend,Overig asfalt,Droog,Duisternis,Droog,Pieter Calandlaan,amsterdam,POINT (114693 484966),POINT (4.795611088271561 52.35111956466351),4.795611088271561,52.35111956466351,1,1,2,1
4438,279714,20220036076,2022,Uitsluitend materiele schade,2,personenauto,snorfiets,Flank,"Kruispunt, 4 takken",Binnen,50.0,Niet brandend,Overig asfalt,Droog,Daglicht,Droog,Frederiksplein,amsterdam,POINT (121715 485846),POINT (4.8985832167148775 52.35949865233819),4.8985832167148775,52.35949865233819,1,1,2,1
4439,279724,20220055526,2022,Uitsluitend materiele schade,2,personenauto,e-bike,Flank,"Kruispunt, 3 takken",Binnen,50.0,Brandend,Overig asfalt,Droog,Duisternis,Droog,Wibautstraat,amsterdam,POINT (122866.13300000131 484864.7368000001),POINT (4.915574923625049 52.35074823946396),4.915574923625049,52.35074823946396,1,1,2,1
4440,279783,20220054412,2022,Uitsluitend materiele schade,2,personenauto,bromfiets,Flank,"Kruispunt, 4 takken",Binnen,50.0,Niet brandend,Overig asfalt,Droog,Daglicht,Droog,Laan van Vlaanderen,amsterdam,POINT (116075.0720999986 484509.7626999989),POINT (4.815947802812439 52.34711889672361),4.815947802812439,52.34711889672361,1,1,2,1
4441,279857,20220055785,2022,Letsel,2,snorfiets,trein/tram,Flank,"Kruispunt, 4 takken",Binnen,Unknown,Unknown,Overig asfalt,Droog,Daglicht,Droog,Dr. H. Colijnstraat,amsterdam,POINT (115467.79080000147 487842.1218000017),POINT (4.806644119257824 52.37702414670833),4.806644119257824,52.37702414670833,1,1,1,1
4442,279859,20220055801,2022,Letsel,1,fiets,unknown,Eenzijdig,Rechte weg,Binnen,30.0,Niet aanwezig,Beton,Droog,Daglicht,Droog,Mauritskade,amsterdam,POINT (123172.62799999863 486206.6279999986),POINT (4.919946249382394 52.36282612122516),4.919946249382394,52.36282612122516,1,1,1,1
4443,279876,20220102223,2022,Uitsluitend materiele schade,1,bromfiets,unknown,Flank,Rechte weg,Binnen,50.0,Niet brandend,Klinkers,Droog,Daglicht,Droog,NDSM-straat,amsterdam,POINT (121381.88560000062 490576.20430000126),POINT (4.893219974192438 52.40199002223895),4.893219974192438,52.40199002223895,1,1,2,1
4444,279878,20220102749,2022,Uitsluitend materiele schade,3,bestelauto,fiets,Los voorwerp,Rechte weg,Binnen,30.0,Niet brandend,Overig asfalt,Droog,Daglicht,Droog,Elandsgracht,amsterdam,POINT (120463.8040000014 486951.2980000004),POINT (4.880102913793497 52.369355053616566),4.880102913793497,52.369355053616566,1,1,2,1
4445,279880,20220103111,2022,Letsel,2,fiets,bromfiets,Onbekend,Rechte weg,Binnen,30.0,Niet brandend,Overig asfalt,Droog,Daglicht,Droog,Haarlemmerweg,amsterdam,POINT (118254.5 488707),POINT (4.847472634497544 52.384990573917605),4.847472634497544,52.384990573917605,1,1,1,1
4446,279897,20220054684,2022,Uitsluitend materiele schade,2,fiets,bestelauto,Flank,"Kruispunt, 4 takken",Binnen,50.0,Niet brandend,Overig asfalt,Droog,Daglicht,Droog,Plantage Middenlaan,amsterdam,POINT (122461.19139999896 486709.41699999943),POINT (4.90945332850677 52.3673031662455),4.90945332850677,52.3673031662455,1,1,2,1
4447,279916,20220102631,2022,Letsel,2,brommobiel,fiets,Flank,"Kruispunt, 3 takken",Binnen,50.0,Niet brandend,Overig asfalt,Nat,Daglicht,Regen,Hobbemakade,amsterdam,POINT (120854.56859999895 484949.6867999993),POINT (4.886043588739981 52.351390396913196),4.886043588739981,52.3513903969132,1,1,1,1
4448,280000,20220054968,2022,Uitsluitend materiele schade,2,personenauto,bromfiets,Flank,"Kruispunt, 4 takken",Binnen,50.0,Niet brandend,Overig asfalt,Droog,Daglicht,Droog,Prins Hendrikkade,amsterdam,POINT (122533.96029999852 487190.69680000097),POINT (4.910475241461608 52.37163288600946),4.910475241461608,52.37163288600946,1,1,2,1
4449,280029,20220015952,2022,Uitsluitend materiele schade,2,bromfiets,bestelauto,Geparkeerd voertuig,Rechte weg,Binnen,50.0,Brandend,Overig asfalt,Nat,Duisternis,Droog,Molukkenstraat,amsterdam,POINT (124541.13599999994 485971.9050000012),POINT (4.940057990722529 52.36079416817566),4.940057990722529,52.36079416817566,1,1,2,1
4450,280081,20230004145,2023,Dodelijk,2,fiets,bromfiets,Flank,Rechte weg,Binnen,30.0,Brandend,Klinkers,Droog,Duisternis,Droog,Halvemaansteeg,amsterdam,POINT (121534.47899999842 486600.7980000004),POINT (4.895858160836321 52.36627129007089),4.895858160836321,52.36627129007089,1,1,0,1
4451,280299,20230003969,2023,Letsel,2,bromfiets,voetganger,Voetganger,Rechte weg,Binnen,30.0,Niet brandend,Overig asfalt,Nat,Daglicht,Regen,Pampuslaan,amsterdam,POINT (130290.9609999992 480514.86300000176),POINT (5.0248659094152845 52.31203780509333),5.0248659094152845,52.31203780509333,-1,0,1,0
4452,280351,20230004040,2023,Uitsluitend materiele schade,2,personenauto,fiets,Geparkeerd voertuig,"Kruispunt, 4 takken",Binnen,30.0,Brandend,Klinkers,Nat,Duisternis,Droog,Keizersgracht,amsterdam,POINT (120870 486566),POINT (4.88610606041056 52.36591766145152),4.88610606041056,52.36591766145152,1,1,2,1
4453,280832,20210041157,2021,Letsel,2,personenauto,fiets,Flank,Rechte weg,Binnen,30.0,Niet brandend,Klinkers,Droog,Daglicht,Droog,Prinsengracht,amsterdam,POINT (120768.71400000155 486481.3909999989),POINT (4.88462764344588 52.3651509522404),4.88462764344588,52.3651509522404,1,1,1,1
4454,280902,20210030220,2021,Letsel,4,bromfiets,unknown,Eenzijdig,"Kruispunt, 3 takken",Binnen,Unknown,Brandend,Overig asfalt,Nat,Duisternis,Droog,Kolfschotenstraat,amsterdam,POINT (126528.93789999932 481017.06859999895),POINT (4.969657767492112 52.31636954082787),4.969657767492112,52.31636954082787,0,1,1,1
4455,280903,20210043549,2021,Letsel,2,motor,fiets,Flank,Rechte weg,Binnen,50.0,Niet brandend,Overig asfalt,Droog,Daglicht,Droog,Willem de Zwijgerlaan,amsterdam,POINT (119317.80299999937 487377.19999999925),POINT (4.863231418875118 52.37310948266224),4.863231418875118,52.37310948266224,1,1,1,1
4456,280915,20210056263,2021,Letsel,2,fiets,personenauto,Onbekend,Rechte weg,Binnen,50.0,Niet brandend,Overig asfalt,Droog,Daglicht,Droog,Stadhouderskade,amsterdam,POINT (121494.14999999851 485656.6979999989),POINT (4.8953601284988615 52.35778390935079),4.8953601284988615,52.35778390935079,1,1,1,1
4457,280957,20210092248,2021,Letsel,3,bestelauto,e-bike,Onbekend,"Kruispunt, 4 takken",Binnen,50.0,Brandend,Overig asfalt,Nat,Duisternis,Droog,FIETSPAD,amsterdam,POINT (124154.04199999943 485708.9609999992),POINT (4.934399605189435 52.358409397327094),4.934399605189435,52.35840939732709,1,1,1,1
4458,281006,20220177638,2022,Letsel,2,fiets,e-bike,Kop/staart,"Kruispunt, 3 takken",Binnen,Unknown,Brandend,Overig asfalt,Droog,Duisternis,Droog,Nassauplein,amsterdam,POINT (120565.56069999933 488800.9717999995),POINT (4.881407418961444 52.38598495908775),4.881407418961444,52.38598495908775,1,1,1,1
4459,281007,20220178300,2022,Uitsluitend materiele schade,2,personenauto,fiets,Flank,"Kruispunt, 3 takken",Binnen,50.0,Niet brandend,Beton,Nat,Daglicht,Regen,Van Hilligaertstraat,amsterdam,POINT (121221.67990000173 484738.62889999896),POINT (4.891452761268394 52.34951624016009),4.891452761268394,52.34951624016009,1,1,2,1