,Unnamed: 0,accident_id,accident_year,outcome,num_parties,party1_type,party2_type,accident_nature,road_situation,built_up_area,speed_limit_kmh,street_lighting,road_surface,road_condition,light_condition,weather_condition,street_name,municipality,shape,geometry,longitude,latitude,cluster,future_hotspot_spatial,outcome_encoded,future_hotspot_pred
4460,281048,20220177437,2022,Letsel,2,fiets,fiets,Flank,"Kruispunt, 4 takken",Binnen,Unknown,Niet brandend,Klinkers,Nat,Daglicht,Regen,Olympiaplein,amsterdam,POINT (119542.8658999987 484827.82919999957),POINT (4.866805002904878 52.35021214903571),4.866805002904878,52.35021214903571,1,1,1,1
4461,281076,20220177487,2022,Letsel,2,bromfiets,fiets,Frontaal,Rechte weg,Binnen,30.0,Brandend,ZOAB,Droog,Duisternis,Droog,Van Baerlestraat,amsterdam,POINT (120298.58300000057 485812.9840000011),POINT (4.877794510159079 52.35911428162569),4.877794510159079,52.35911428162569,1,1,1,1
4462,281101,20220177497,2022,Uitsluitend materiele schade,3,bromfiets,dier,Dier,Rechte weg,Binnen,50.0,Niet brandend,Klinkers,Droog,Daglicht,Droog,Tilanusstraat,amsterdam,POINT (122592.99799999967 485723.51000000164),POINT (4.9114835250832805 52.358450288995165),4.9114835250832805,52.358450288995165,1,1,2,1
4463,281103,20220178120,2022,Letsel,2,personenauto,bromfiets,Flank,"Kruispunt, 3 takken",Buiten,50.0,Niet brandend,ZOAB,Droog,Daglicht,Droog,Radarweg,amsterdam,POINT (117501.58269999921 490451.30260000005),POINT (4.836219170586531 52.40061603239427),4.836219170586531,52.40061603239427,1,1,1,1
4464,281123,20220142214,2022,Letsel,2,bromfiets,fiets,Flank,"Kruispunt, 4 takken",Binnen,30.0,Niet brandend,Overig asfalt,Droog,Daglicht,Droog,FIETSPAD,amsterdam,POINT (125255.05009999871 478609.5694999993),POINT (4.9511882062602215 52.294664803462375),4.9511882062602215,52.294664803462375,-1,0,1,0
4465,281144,20220142230,2022,Uitsluitend materiele schade,2,bromfiets,fiets,Onbekend,Unknown,Unknown,30.0,Unknown,Unknown,Unknown,Daglicht,Unknown,Julianaplein,amsterdam,POINT (123109.56899999827 484435.7329999991),POINT (4.919188376953401 52.34690680876096),4.919188376953401,52.34690680876096,1,1,2,1
4466,281158,20220178271,2022,Uitsluitend materiele schade,2,snorfiets,fiets,Flank,"Kruispunt, 3 takken",Binnen,Unknown,Niet aanwezig,Beton,Droog,Daglicht,Droog,Meer en Vaart,amsterdam,POINT (115472 486005),POINT (4.8069219538091295 52.36051387806336),4.8069219538091295,52.36051387806336,1,1,2,1
4467,281217,20220142410,2022,Letsel,2,motor,fiets,Flank,"Kruispunt, 4 takken",Binnen,50.0,Niet brandend,Overig asfalt,Droog,Daglicht,Droog,Van Limburg Stirumstraat,amsterdam,POINT (120127.66319999844 488745.15989999846),POINT (4.874981316071079 52.385455719485876),4.874981316071079,52.38545571948588,1,1,1,1
4468,281308,20220123932,2022,Uitsluitend materiele schade,3,personenauto,fiets,Onbekend,Rechte weg,Binnen,50.0,Niet brandend,Klinkers,Droog,Daglicht,Droog,Computerweg,amsterdam,POINT (120978.73099999875 491352.79300000146),POINT (4.887217495077903 52.40894454873672),4.887217495077903,52.40894454873672,1,1,2,1
4469,281458,20220124153,2022,Uitsluitend materiele schade,2,personenauto,bromfiets,Frontaal,Rechte weg,Binnen,50.0,Niet brandend,Overig asfalt,Droog,Daglicht,Droog,Vlaardingenlaan,amsterdam,POINT (117546.88899999857 484483.1579999998),POINT (4.83754995694466 52.346982075484206),4.83754995694466,52.346982075484206,1,1,2,1
4470,281513,20220155711,2022,Uitsluitend materiele schade,2,personenauto,e-bike,Flank,"Kruispunt, 4 takken",Binnen,50.0,Brandend,Overig asfalt,Droog,Duisternis,Unknown,Prins Hendrikkade,amsterdam,POINT (121722.47690000013 487797.82990000024),POINT (4.898499769418886 52.377040795954194),4.898499769418886,52.377040795954194,1,1,2,1
4471,281540,20220141834,2022,Uitsluitend materiele schade,2,personenauto,fiets,Flank,"Kruispunt, 3 takken",Binnen,50.0,Brandend,Overig asfalt,Droog,Duisternis,Droog,Van Ollefenstraat,amsterdam,POINT (116714.1587000005 485512.8834999986),POINT (4.825212360909875 52.35617909045783),4.825212360909875,52.35617909045783,1,1,2,1
4472,281609,20230049017,2023,Letsel,2,personenauto,bromfiets,Flank,Rechte weg,Binnen,50.0,Niet brandend,Overig asfalt,Droog,Daglicht,Droog,Pieter Calandlaan,amsterdam,POINT (115986.69799999893 485373.6570000015),POINT (4.814550732126017 52.35487665265156),4.814550732126017,52.35487665265156,1,1,1,1
4473,281616,20230058765,2023,Uitsluitend materiele schade,2,bestelauto,fiets,Flank,"Kruispunt, 4 takken",Binnen,50.0,Niet brandend,Overig asfalt,Droog,Daglicht,Droog,De Clercqstraat,amsterdam,POINT (119525.63980000094 487029.2404999994),POINT (4.866319987455948 52.36999574510904),4.866319987455948,52.36999574510904,1,1,2,1
4474,281780,20230059335,2023,Letsel,1,fiets,unknown,Geparkeerd voertuig,Rechte weg,Binnen,30.0,Niet brandend,Overig asfalt,Droog,Daglicht,Droog,Pieter Calandlaan,amsterdam,POINT (114212.96799999848 484846.4840000011),POINT (4.788580425594984 52.35001002624067),4.788580425594984,52.35001002624067,1,1,1,1
4475,281948,20220211517,2022,Uitsluitend materiele schade,2,personenauto,bromfiets,Onbekend,"Kruispunt, 4 takken",Binnen,50.0,Brandend,ZOAB,Droog,Duisternis,Droog,Turbinestraat,amsterdam,POINT (118636.71920000017 489462.9521000013),POINT (4.853004723723483 52.391809931618965),4.853004723723483,52.391809931618965,1,1,2,1
4476,282241,20220211208,2022,Letsel,3,personenauto,fiets,Flank,"Kruispunt, 3 takken",Binnen,50.0,Niet brandend,Overig asfalt,Droog,Daglicht,Droog,Bonnefantenstraat,amsterdam,POINT (116864.57559999824 486568.91010000184),POINT (4.827300455085648 52.36568031164667),4.827300455085648,52.36568031164667,1,1,1,1
4477,282400,20220210697,2022,Uitsluitend materiele schade,2,snorfiets,lichtmast,Vast voorwerp,Rechte weg,Binnen,30.0,Niet brandend,Overig asfalt,Droog,Daglicht,Droog,Slotermeerlaan,amsterdam,POINT (116265.1959999986 487503.80099999905),POINT (4.818393052628006 52.374040426129156),4.818393052628006,52.37404042612916,1,1,2,1
4478,282432,20220211429,2022,Uitsluitend materiele schade,3,personenauto,fiets,Onbekend,"Kruispunt, 4 takken",Binnen,50.0,Niet brandend,Overig asfalt,Droog,Daglicht,Droog,Meer en Vaart,amsterdam,POINT (115703.6988000013 485305.4428999983),POINT (4.810404921074098 52.35424342839877),4.810404921074098,52.35424342839877,1,1,2,1
4479,282860,20230111135,2023,Letsel,2,personenauto,fiets,Flank,"Kruispunt, 4 takken",Buiten,30.0,Brandend,Klinkers,Nat,Duisternis,Droog,Halvemaansteeg,amsterdam,POINT (121527.95399999991 486683.0186999999),POINT (4.895754177528011 52.36700983496419),4.895754177528011,52.36700983496419,1,1,1,1
4480,282869,20230111841,2023,Letsel,2,motor,fiets,Flank,"Kruispunt, 3 takken",Binnen,50.0,Brandend,Overig asfalt,Nat,Duisternis,Droog,Sloterweg,amsterdam,POINT (116860.80110000074 484011.9978),POINT (4.827534915406985 52.34270044610862),4.827534915406985,52.34270044610862,1,1,1,1
4481,282947,20230020864,2023,Uitsluitend materiele schade,2,bromfiets,personenauto,Flank,"Kruispunt, 4 takken",Binnen,50.0,Niet brandend,Overig asfalt,Nat,Daglicht,Regen,Kabelweg,amsterdam,POINT (118248.25160000101 489210.9583999999),POINT (4.84732571072665 52.38951933638394),4.84732571072665,52.38951933638394,1,1,2,1
4482,283027,20230023207,2023,Uitsluitend materiele schade,2,personenauto,fiets,Onbekend,"Kruispunt, 4 takken",Binnen,30.0,Niet brandend,Overig asfalt,Droog,Daglicht,Droog,Surinameplein,amsterdam,POINT (118611 485709),POINT (4.85303339237987 52.358070555860394),4.85303339237987,52.3580705558604,1,1,2,1
4483,283028,20230023211,2023,Uitsluitend materiele schade,2,bromfiets,personenauto,Kop/staart,"Kruispunt, 4 takken",Binnen,50.0,Niet brandend,Overig asfalt,Droog,Daglicht,Droog,Nieuwe Kerkstraat,amsterdam,POINT (122236.54899999872 486376.6039999984),POINT (4.906187558691509 52.36429871542486),4.906187558691509,52.36429871542486,1,1,2,1
4484,283032,20230024415,2023,Uitsluitend materiele schade,2,snorfiets,personenauto,Flank,"Kruispunt, 4 takken",Binnen,30.0,Niet brandend,Klinkers,Droog,Daglicht,Droog,Leeuwendalersweg,amsterdam,POINT (117934.39570000023 488096.4310000017),POINT (4.842838393270656 52.37948173764576),4.842838393270656,52.37948173764576,1,1,2,1
4485,283061,20230020451,2023,Uitsluitend materiele schade,2,bestelauto,fiets,Flank,"Kruispunt, 3 takken",Binnen,50.0,Niet brandend,Overig asfalt,Droog,Daglicht,Droog,Baden Powellweg,amsterdam,POINT (114570.61710000038 485064.8491999991),POINT (4.793803066508581 52.351998951735474),4.793803066508581,52.351998951735474,1,1,2,1
4486,283062,20230020998,2023,Uitsluitend materiele schade,2,personenauto,e-bike,Flank,"Kruispunt, 3 takken",Binnen,30.0,Niet brandend,Overig asfalt,Nat,Daglicht,Droog,Suze Groenewegplantsoen,amsterdam,POINT (115672.81749999896 488514.00499999896),POINT (4.809576293922648 52.38307720449375),4.809576293922648,52.38307720449375,1,1,2,1
4487,283069,20230023866,2023,Uitsluitend materiele schade,2,snorfiets,personenauto,Flank,Rechte weg,Binnen,50.0,Niet brandend,Klinkers,Droog,Daglicht,Droog,Apollolaan,amsterdam,POINT (120633.11300000176 484647.9970000014),POINT (4.88282416413764 52.34866520778926),4.88282416413764,52.34866520778926,1,1,2,1
4488,283079,20230067705,2023,Uitsluitend materiele schade,2,fiets,bromfiets,Flank,"Kruispunt, 4 takken",Binnen,50.0,Niet brandend,Overig asfalt,Droog,Daglicht,Droog,Ferdinand Bolstraat,amsterdam,POINT (121224.65199999884 484864.1429999992),POINT (4.8914837819115125 52.35064445949769),4.8914837819115125,52.35064445949769,1,1,2,1
4489,283080,20230067712,2023,Uitsluitend materiele schade,2,personenauto,fiets,Flank,Rotonde,Binnen,50.0,Niet brandend,Overig asfalt,Droog,Daglicht,Droog,Dapperplein,amsterdam,POINT (123682.4609999992 486123.0967999995),POINT (4.927438659851796 52.362104700808494),4.927438659851796,52.362104700808494,1,1,2,1
4490,283150,20230020544,2023,Uitsluitend materiele schade,2,fiets,scootmobiel,Kop/staart,Rechte weg,Binnen,50.0,Niet brandend,Overig asfalt,Droog,Daglicht,Droog,Kamperfoelieweg,amsterdam,POINT (122757.00699999928 490063.97300000116),POINT (4.913474533915121 52.39746899704111),4.913474533915121,52.39746899704111,1,1,2,1
4491,283169,20230074671,2023,Letsel,2,bromfiets,fiets,Flank,Rechte weg,Binnen,30.0,Niet brandend,Unknown,Droog,Daglicht,Droog,Amstelveenseweg,amsterdam,POINT (118883.35799999908 483019.4459999986),POINT (4.857319911660987 52.33391670502405),4.857319911660987,52.33391670502405,1,1,1,1
4492,283173,20230078882,2023,Letsel,2,personenauto,fiets,Flank,"Kruispunt, 4 takken",Binnen,30.0,Niet brandend,ZOAB,Droog,Daglicht,Droog,Tolstraat,amsterdam,POINT (122011 485027),POINT (4.9030086374074155 52.352155881842265),4.903008637407416,52.352155881842265,1,1,1,1
4493,283207,20230024640,2023,Uitsluitend materiele schade,2,personenauto,fiets,Eenzijdig,Rotonde,Binnen,50.0,Niet brandend,Overig asfalt,Nat,Daglicht,Droog,Baden Powellweg,amsterdam,POINT (114840.02789999917 484599.5976999998),POINT (4.797812663312513 52.34783739325024),4.797812663312513,52.34783739325024,1,1,2,1
4494,283227,20230078537,2023,Letsel,2,bromfiets,voetganger,Voetganger,Rechte weg,Binnen,50.0,Niet brandend,Overig asfalt,Droog,Daglicht,Droog,Tweede Nassaustraat,amsterdam,POINT (120357.25499999896 488402.7569999993),POINT (4.878388864787173 52.38239299507623),4.878388864787173,52.38239299507623,1,1,1,1
4495,283266,20230077941,2023,Letsel,2,personenauto,fiets,Onbekend,Rechte weg,Binnen,50.0,Niet brandend,Klinkers,Droog,Daglicht,Droog,Prinsengracht,amsterdam,POINT (120709.77199999988 487646.1090000011),POINT (4.883643487806243 52.37561492796387),4.883643487806243,52.37561492796387,1,1,1,1
4496,283270,20230020699,2023,Uitsluitend materiele schade,2,bromfiets,bestelauto,Flank,"Kruispunt, 4 takken",Binnen,50.0,Unknown,Beton,Droog,Schemer,Droog,Plantage Middenlaan,amsterdam,POINT (122613 486604),POINT (4.911692338826204 52.366364722508926),4.911692338826204,52.366364722508926,1,1,2,1
4497,283350,20230020249,2023,Uitsluitend materiele schade,2,personenauto,bromfiets,Flank,Rechte weg,Binnen,50.0,Brandend,Unknown,Nat,Duisternis,Droog,Maxwellstraat,amsterdam,POINT (123975 484321.5),POINT (4.931899362131818 52.34592969154582),4.931899362131818,52.34592969154582,1,1,2,1
4498,283351,20230020778,2023,Letsel,2,personenauto,bromfiets,Flank,"Kruispunt, 4 takken",Binnen,50.0,Niet brandend,Overig asfalt,Nat,Daglicht,Droog,Burgemeester Eliasstraat,amsterdam,POINT (116839.77540000156 488217.29100000113),POINT (4.826749193637247 52.380492938497994),4.826749193637247,52.380492938498,1,1,1,1
4499,283366,20230077785,2023,Uitsluitend materiele schade,2,personenauto,fiets,Flank,"Kruispunt, 4 takken",Binnen,50.0,Niet brandend,ZOAB,Droog,Daglicht,Droog,Ceintuurbaan,amsterdam,POINT (121889.26199999824 485321.49130000174),POINT (4.901192908937568 52.35479525138284),4.901192908937568,52.35479525138284,1,1,2,1
4500,283367,20230077914,2023,Letsel,2,bestelauto,fiets,Flank,"Kruispunt, 4 takken",Binnen,50.0,Niet brandend,Klinkers,Droog,Daglicht,Droog,Statenjachtstraat,amsterdam,POINT (122898.6790000014 491075.2749999985),POINT (4.915459246101075 52.406566137877),4.915459246101075,52.406566137877,1,1,1,1
4501,283493,20230088253,2023,Letsel,2,snorfiets,fiets,Frontaal,Rechte weg,Binnen,30.0,Brandend,Overig asfalt,Nat,Duisternis,Droog,Wibautstraat,amsterdam,POINT (122981.95600000024 484680.05999999866),POINT (4.917292376453625 52.34909524383836),4.917292376453625,52.34909524383836,1,1,1,1
4502,283631,20230097317,2023,Uitsluitend materiele schade,1,fiets,unknown,Eenzijdig,Rechte weg,Binnen,30.0,Niet brandend,Overig asfalt,Nat,Daglicht,Regen,Utrechtsestraat,amsterdam,POINT (121713.37700000033 486264.24599999934),POINT (4.8985179950373645 52.36325746358491),4.8985179950373645,52.36325746358491,1,1,2,1
4503,283729,20210087336,2021,Uitsluitend materiele schade,2,snorfiets,personenauto,Flank,"Kruispunt, 4 takken",Binnen,50.0,Brandend,Overig asfalt,Nat,Duisternis,Droog,Tussen Meer,amsterdam,POINT (114255.41200000048 485503.8997000009),POINT (4.789123717497112 52.35592150181496),4.789123717497112,52.35592150181496,1,1,2,1
4504,283773,20210075193,2021,Uitsluitend materiele schade,2,personenauto,fiets,Flank,"Kruispunt, 4 takken",Binnen,30.0,Niet brandend,Klinkers,Nat,Daglicht,Regen,Keizersgracht,amsterdam,POINT (121085.78489999846 486364.2804000005),POINT (4.889294455345125 52.36411811311453),4.889294455345125,52.36411811311453,1,1,2,1
4505,283787,20210075817,2021,Letsel,2,fiets,voetganger,Voetganger,Rechte weg,Binnen,30.0,Niet brandend,Overig asfalt,Nat,Daglicht,Droog,Oude Doelenstraat,amsterdam,POINT (121576.38800000027 487200.6409999989),POINT (4.896413814892575 52.37166481182476),4.896413814892575,52.37166481182476,1,1,1,1
4506,283885,20210087303,2021,Letsel,2,fiets,fiets,Flank,Rechte weg,Binnen,50.0,Niet brandend,Beton,Droog,Daglicht,Droog,Frederik Hendrikstraat,amsterdam,POINT (119910.23900000006 487394.94900000095),POINT (4.871928813596088 52.37330717450571),4.871928813596088,52.37330717450571,1,1,1,1
4507,283886,20210087313,2021,Uitsluitend materiele schade,2,personenauto,fiets,Onbekend,Rechte weg,Binnen,30.0,Brandend,Overig asfalt,Droog,Duisternis,Droog,Eerste Helmersstraat,amsterdam,POINT (119712.73999999836 486132.3520000018),POINT (4.86916127866282 52.361947214435546),4.86916127866282,52.361947214435546,1,1,2,1
4508,283938,20210001218,2021,Uitsluitend materiele schade,2,bestelauto,fiets,Flank,"Kruispunt, 4 takken",Binnen,50.0,Brandend,Overig asfalt,Nat,Schemer,Regen,H Roland Holststr,amsterdam,POINT (116358 487837),POINT (4.8197174778493554 52.377041490666976),4.8197174778493554,52.377041490666976,1,1,2,1
4509,283946,20210016370,2021,Uitsluitend materiele schade,2,personenauto,fiets,Flank,"Kruispunt, 4 takken",Binnen,50.0,Niet brandend,ZOAB,Droog,Daglicht,Droog,Bloemgracht,amsterdam,POINT (120206.20100000128 487469.3680000007),POINT (4.8762669961352305 52.37399483073155),4.876266996135231,52.37399483073155,1,1,2,1
4510,284025,20210023978,2021,Uitsluitend materiele schade,2,personenauto,fiets,Flank,Bocht,Binnen,30.0,Brandend,Klinkers,Nat,Schemer,Regen,Europaplein,amsterdam,POINT (121205.7274999991 484128.84109999985),POINT (4.8912798721534685 52.34403489162633),4.8912798721534685,52.34403489162633,1,1,2,1
4511,284066,20210006169,2021,Uitsluitend materiele schade,3,personenauto,fiets,Onbekend,"Kruispunt, 4 takken",Binnen,30.0,Niet aanwezig,Unknown,Droog,Daglicht,Droog,Beukenweg,amsterdam,POINT (123079.316300001 485490.1121000014),POINT (4.91864438467426 52.35638113326578),4.91864438467426,52.35638113326578,1,1,2,1
4512,284176,20210032859,2021,Uitsluitend materiele schade,3,snorfiets,unknown,Vast voorwerp,Rechte weg,Binnen,30.0,Niet brandend,Klinkers,Droog,Daglicht,Droog,James Wattstraat,amsterdam,POINT (123216.15199999884 484721.506000001),POINT (4.920725522866879 52.34948132948645),4.920725522866879,52.34948132948645,1,1,2,1
4513,284192,20210019349,2021,Uitsluitend materiele schade,2,fiets,fiets,Onbekend,"Kruispunt, 4 takken",Binnen,30.0,Niet brandend,Klinkers,Droog,Daglicht,Droog,Waalstraat,amsterdam,POINT (121811.99060000107 484253.15989999846),POINT (4.9001640960510064 52.345189132077685),4.9001640960510064,52.345189132077685,1,1,2,1
4514,284309,20210026986,2021,Uitsluitend materiele schade,2,fiets,fiets,Onbekend,"Kruispunt, 3 takken",Binnen,Unknown,Niet brandend,Beton,Droog,Daglicht,Droog,Gosschalklaan,amsterdam,POINT (119504.98999999836 488846.8429999985),POINT (4.865824781654645 52.38632965931109),4.865824781654645,52.38632965931109,1,1,2,1
4515,284401,20210045961,2021,Uitsluitend materiele schade,2,fiets,personenauto,Flank,"Kruispunt, 3 takken",Binnen,30.0,Niet brandend,Unknown,Droog,Daglicht,Droog,Spaklerweg,amsterdam,POINT (123277.09200000018 483456.86100000143),POINT (4.921739067103759 52.338119013658364),4.921739067103759,52.33811901365837,1,1,2,1
4516,284408,20210080784,2021,Letsel,2,e-bike,e-bike,Onbekend,"Kruispunt, 3 takken",Binnen,30.0,Niet brandend,Overig asfalt,Droog,Daglicht,Droog,Buikslotermeerdijk,amsterdam,POINT (123540.09290000051 490678.30579999834),POINT (4.924922069478353 52.40303562692973),4.924922069478353,52.40303562692973,1,1,1,1
4517,284458,20210054771,2021,Uitsluitend materiele schade,2,personenauto,fiets,Frontaal,Rechte weg,Binnen,50.0,Niet brandend,Klinkers,Droog,Daglicht,Droog,Eerste Jan Steenstraat,amsterdam,POINT (121274.19200000167 485267.7199999988),POINT (4.8921704003870765 52.35427458061606),4.8921704003870765,52.35427458061606,1,1,2,1
4518,284721,20210044444,2021,Uitsluitend materiele schade,3,snorfiets,personenauto,Flank,"Kruispunt, 3 takken",Binnen,50.0,Brandend,Overig asfalt,Droog,Schemer,Droog,WILLEMSBRUG 0151,amsterdam,POINT (120631.16420000046 488672.2862999998),POINT (4.882384180447247 52.38483254101927),4.882384180447247,52.38483254101927,1,1,2,1
4519,284739,20210035750,2021,Uitsluitend materiele schade,1,bromfiets,unknown,Eenzijdig,Rechte weg,Binnen,50.0,Brandend,Unknown,Nat,Duisternis,Regen,Nieuwe Westerdokstraat,amsterdam,POINT (121466.59699999914 488121.4990000017),POINT (4.894709817808856 52.37993413384339),4.894709817808856,52.37993413384339,1,1,2,1
4520,284792,20210063745,2021,Uitsluitend materiele schade,2,snorfiets,personenauto,Flank,"Kruispunt, 4 takken",Binnen,50.0,Brandend,Beton,Droog,Duisternis,Droog,Laan van Vlaanderen,amsterdam,POINT (116087.53929999843 484510.3781999983),POINT (4.816130689695277 52.34712531132661),4.816130689695277,52.34712531132661,1,1,2,1
4521,284793,20210063756,2021,Uitsluitend materiele schade,2,personenauto,fiets,Flank,"Kruispunt, 3 takken",Binnen,50.0,Brandend,ZOAB,Droog,Schemer,Droog,Willem de Zwijgerlaan,amsterdam,POINT (119286.3220999986 487854.2049999982),POINT (4.862718465327655 52.37739440020872),4.862718465327655,52.37739440020872,1,1,2,1
4522,284817,20210043329,2021,Uitsluitend materiele schade,2,bromfiets,fiets,Flank,Rechte weg,Binnen,15.0,Niet aanwezig,Overig asfalt,Droog,Daglicht,Droog,Oostoever,amsterdam,POINT (117092.76799999923 487069.48999999836),POINT (4.830594175851396 52.37019493348188),4.830594175851396,52.37019493348188,1,1,2,1
4523,284860,20210051299,2021,Uitsluitend materiele schade,3,personenauto,bromfiets,Flank,Rechte weg,Binnen,30.0,Niet brandend,Overig asfalt,Droog,Daglicht,Droog,Koninginneweg,amsterdam,POINT (119194.7659999989 485122.7280000001),POINT (4.8616648143894245 52.35283991901933),4.8616648143894245,52.35283991901933,1,1,2,1
4524,285154,20210091236,2021,Uitsluitend materiele schade,3,personenauto,fiets,Onbekend,"Kruispunt, 4 takken",Binnen,50.0,Niet brandend,Overig asfalt,Droog,Daglicht,Droog,Oostzanerdijk,amsterdam,POINT (121515.09360000119 492133.6477999985),POINT (4.8950218084185035 52.41599526460589),4.895021808418504,52.41599526460589,1,1,2,1
4525,285453,20220016439,2022,Letsel,2,bromfiets,e-bike,Flank,Rechte weg,Binnen,30.0,Brandend,Overig asfalt,Droog,Duisternis,Droog,Westhavenweg,amsterdam,POINT (117361.63100000098 491103.4070000015),POINT (4.834089729075131 52.40646701980185),4.834089729075131,52.40646701980185,-1,0,1,0
4526,285645,20220036074,2022,Letsel,2,e-bike,e-bike,Flank,"Kruispunt, 4 takken",Binnen,50.0,Unknown,ZOAB,Droog,Daglicht,Unknown,Rozenoordpad,amsterdam,POINT (121672.02459999919 482999.3225999996),POINT (4.898234256437606 52.33391197953826),4.898234256437606,52.33391197953826,1,1,1,1
4527,285661,20220081217,2022,Uitsluitend materiele schade,2,bromfiets,personenauto,Onbekend,Unknown,Unknown,30.0,Unknown,Unknown,Unknown,Daglicht,Unknown,Bernard Kochstraat,amsterdam,POINT (118968.62200000137 484748.86400000006),POINT (4.85838570493357 52.34946511128589),4.85838570493357,52.34946511128589,1,1,2,1
4528,285793,20220102226,2022,Letsel,1,bromfiets,unknown,Eenzijdig,Rechte weg,Binnen,50.0,Niet brandend,Overig asfalt,Droog,Daglicht,Droog,Prins Hendrikkade,amsterdam,POINT (122629.48999999836 487166.87999999896),POINT (4.911880240240558 52.371424476260174),4.911880240240558,52.371424476260174,1,1,1,1
4529,285794,20220102529,2022,Letsel,3,personenauto,fiets,Flank,"Kruispunt, 4 takken",Binnen,50.0,Brandend,Overig asfalt,Droog,Duisternis,Droog,Weteringlaan,amsterdam,POINT (121185.9849999994 485686.30999999866),POINT (4.890833651413056 52.358031160813745),4.890833651413056,52.35803116081375,1,1,1,1
4530,285871,20220054939,2022,Letsel,2,bestelauto,fiets,Flank,"Kruispunt, 3 takken",Binnen,30.0,Niet brandend,Klinkers,Droog,Daglicht,Droog,Wierdestraat,amsterdam,POINT (114009.27600000054 485625.7718999982),POINT (4.785496081952992 52.356998480601604),4.785496081952992,52.3569984806016,1,1,1,1
4531,285936,20220055098,2022,Uitsluitend materiele schade,1,bromfiets,unknown,Voetganger,Rechte weg,Binnen,30.0,Brandend,Klinkers,Droog,Duisternis,Droog,Plein '40-'45,amsterdam,POINT (116466.12900000066 488094.3040000014),POINT (4.821275850238399 52.37936153162707),4.821275850238399,52.37936153162707,1,1,2,1
4532,286211,20230004017,2023,Uitsluitend materiele schade,2,unknown,bromfiets,Kop/staart,Rechte weg,Binnen,50.0,Niet brandend,Overig asfalt,Droog,Daglicht,Droog,Kruislaan,amsterdam,POINT (123768.6799999997 483761.63800000027),POINT (4.928923565051051 52.340886312156705),4.928923565051051,52.34088631215671,1,1,2,1
4533,286214,20230004394,2023,Letsel,3,overig wegmeubilair,fiets,Eenzijdig,"Kruispunt, 3 takken",Binnen,30.0,Niet brandend,Overig asfalt,Droog,Daglicht,Droog,Herensingel,amsterdam,POINT (131126.89840000123 480336.84809999913),POINT (5.03713663820612 52.31047479729225),5.03713663820612,52.31047479729225,-1,0,1,0
4534,286502,20210001727,2021,Letsel,3,bestelauto,fiets,Onbekend,Rechte weg,Binnen,50.0,Niet brandend,Klinkers,Droog,Daglicht,Droog,Van Eeghenstraat,amsterdam,POINT (119693.83300000057 485495.9910000004),POINT (4.868950521065933 52.35622683967872),4.868950521065933,52.35622683967872,1,1,1,1
4535,286590,20210093656,2021,Letsel,2,fiets,personenauto,Onbekend,"Kruispunt, 3 takken",Binnen,Unknown,Niet aanwezig,Beton,Nat,Daglicht,Unknown,Wibautstraat,amsterdam,POINT (122963.8953000009 484758.3203999996),POINT (4.917019867368656 52.34979754553004),4.917019867368656,52.34979754553004,1,1,1,1
4536,286814,20230004228,2023,Uitsluitend materiele schade,2,personenauto,fiets,Flank,"Kruispunt, 3 takken",Binnen,30.0,Brandend,Overig asfalt,Nat,Duisternis,Regen,Postjesweg,amsterdam,POINT (117747.17599999905 486385.0720000006),POINT (4.840278579129367 52.36408868685661),4.840278579129367,52.36408868685661,1,1,2,1
4537,286849,20210045951,2021,Letsel,2,bromfiets,voetganger,Voetganger,Rechte weg,Binnen,50.0,Brandend,Overig asfalt,Nat,Duisternis,Unknown,Van Spilbergenstraat,amsterdam,POINT (118558.11800000072 486556.76900000125),POINT (4.85216527656851 52.365686174128356),4.85216527656851,52.36568617412836,1,1,1,1
4538,286888,20220177979,2022,Uitsluitend materiele schade,3,personenauto,fiets,Onbekend,Rechte weg,Binnen,50.0,Niet brandend,Klinkers,Droog,Daglicht,Droog,Meer en Vaart,amsterdam,POINT (115436.9459999986 486122.8289999999),POINT (4.806393514484166 52.3615703082678),4.806393514484166,52.3615703082678,1,1,2,1
4539,286919,20220177440,2022,Uitsluitend materiele schade,2,fiets,fiets,Los voorwerp,Rechte weg,Binnen,50.0,Brandend,Overig asfalt,Droog,Duisternis,Droog,De Boelelaan,amsterdam,POINT (119820.42700000107 483132),POINT (4.871055792878184 52.334989028790794),4.871055792878184,52.3349890287908,1,1,2,1
4540,286921,20220177452,2022,Uitsluitend materiele schade,2,personenauto,fiets,Flank,"Kruispunt, 4 takken",Binnen,50.0,Niet brandend,Overig asfalt,Nat,Daglicht,Droog,Vrijheidslaan,amsterdam,POINT (122097.1988000013 484337.6897),POINT (4.904341172302 52.345965980129975),4.904341172302,52.345965980129975,1,1,2,1
4541,286931,20220123205,2022,Uitsluitend materiele schade,1,fiets,unknown,Eenzijdig,Rotonde,Binnen,50.0,Brandend,Overig asfalt,Nat,Duisternis,Droog,Weteringschans,amsterdam,POINT (121183.31830000132 485867.8458000012),POINT (4.890776255368535 52.35966251582848),4.890776255368535,52.35966251582848,1,1,2,1
4542,286984,20220177839,2022,Uitsluitend materiele schade,2,personenauto,bromfiets,Frontaal,Rechte weg,Binnen,30.0,Brandend,Klinkers,Droog,Duisternis,Droog,1e Van der Helststraat,amsterdam,POINT (121312.00899999961 485566.256000001),POINT (4.892695569842807 52.3569599396311),4.892695569842807,52.3569599396311,1,1,2,1