,Unnamed: 0,accident_id,accident_year,outcome,num_parties,party1_type,party2_type,accident_nature,road_situation,built_up_area,speed_limit_kmh,street_lighting,road_surface,road_condition,light_condition,weather_condition,street_name,municipality,shape,geometry,longitude,latitude,cluster,future_hotspot_spatial,outcome_encoded,future_hotspot_pred
4626,292733,20220141980,2022,Uitsluitend materiele schade,1,fiets,unknown,Frontaal,Rechte weg,Binnen,15.0,Niet brandend,Klinkers,Droog,Schemer,Droog,Osdorper Ban,amsterdam,POINT (114877.11699999869 486161.59800000116),POINT (4.798170656910178 52.36187812572014),4.798170656910178,52.36187812572014,1,1,2,1
4627,292746,20220177157,2022,Uitsluitend materiele schade,2,snorfiets,personenauto,Kop/staart,Rechte weg,Binnen,50.0,Niet brandend,Klinkers,Droog,Daglicht,Droog,Damrak,amsterdam,POINT (121725.39600000158 487823.48699999973),POINT (4.898540096384547 52.37727156062918),4.898540096384547,52.37727156062918,1,1,2,1
4628,292749,20220177752,2022,Uitsluitend materiele schade,2,snorfiets,fiets,Onbekend,"Kruispunt, 4 takken",Binnen,50.0,Niet brandend,Overig asfalt,Nat,Daglicht,Regen,Weesperzijde,amsterdam,POINT (122732.67210000008 484521.4365000017),POINT (4.913649097144241 52.34765505682743),4.913649097144241,52.34765505682743,1,1,2,1
4629,292771,20220141990,2022,Uitsluitend materiele schade,2,personenauto,fiets,Flank,Rechte weg,Binnen,50.0,Niet brandend,Overig asfalt,Droog,Daglicht,Droog,Van Woustraat,amsterdam,POINT (122038.10799999908 484940.4070000015),POINT (4.903414984015161 52.351379267927236),4.903414984015161,52.35137926792724,1,1,2,1
4630,292789,20220177488,2022,Uitsluitend materiele schade,2,fiets,e-bike,Frontaal,Rechte weg,Binnen,30.0,Brandend,ZOAB,Droog,Duisternis,Droog,Papaverweg,amsterdam,POINT (121928.87000000104 490190.4129999988),POINT (4.901295095638462 52.3985560616437),4.901295095638462,52.3985560616437,1,1,2,1
4631,292790,20220178113,2022,Uitsluitend materiele schade,2,personenauto,fiets,Flank,"Kruispunt, 4 takken",Binnen,30.0,Niet brandend,ZOAB,Droog,Duisternis,Droog,Dam,amsterdam,POINT (121337.39600000158 487319.4750000015),POINT (4.892892692645682 52.372718209812454),4.892892692645682,52.37271820981245,1,1,2,1
4632,292826,20220177545,2022,Uitsluitend materiele schade,2,bromfiets,fiets,Flank,Rechte weg,Binnen,50.0,Niet brandend,Overig asfalt,Nat,Daglicht,Regen,Stadhouderskade,amsterdam,POINT (120471.6259999983 486219.34699999914),POINT (4.880292929911742 52.36277729048974),4.880292929911742,52.36277729048974,1,1,2,1
4633,292827,20220177879,2022,Uitsluitend materiele schade,1,bromfiets,unknown,Voetganger,Rechte weg,Binnen,50.0,Niet brandend,Klinkers,Nat,Daglicht,Droog,Oudezijds Voorburgwal,amsterdam,POINT (121568.47500000149 487285.3359999992),POINT (4.896289200844388 52.37242550916187),4.896289200844388,52.37242550916187,1,1,2,1
4634,292864,20220123445,2022,Uitsluitend materiele schade,2,personenauto,fiets,Flank,"Kruispunt, 4 takken",Binnen,30.0,Niet brandend,Klinkers,Nat,Daglicht,Regen,Zeeburgerpad,amsterdam,POINT (124503.90749999881 486651.36560000107),POINT (4.939449860368622 52.366898656848555),4.939449860368622,52.36689865684856,1,1,2,1
4635,292938,20220123648,2022,Uitsluitend materiele schade,2,e-bike,personenauto,Flank,Rotonde,Binnen,Unknown,Niet brandend,ZOAB,Droog,Daglicht,Droog,Hugo de Grootplein,amsterdam,POINT (119981.78249999881 487556.3216000013),POINT (4.872962538863532 52.37476204002756),4.872962538863532,52.37476204002756,1,1,2,1
4636,292939,20220123655,2022,Uitsluitend materiele schade,2,personenauto,bromfiets,Flank,"Kruispunt, 4 takken",Binnen,30.0,Niet brandend,Overig asfalt,Droog,Daglicht,Droog,Huntumpad,amsterdam,POINT (126069.59169999883 479979.11030000076),POINT (4.963010392864507 52.30701695359028),4.963010392864507,52.30701695359028,0,1,2,1
4637,293110,20220141419,2022,Uitsluitend materiele schade,2,personenauto,fiets,Frontaal,"Kruispunt, 4 takken",Binnen,30.0,Niet brandend,Overig asfalt,Droog,Daglicht,Droog,Raadhuisstraat,amsterdam,POINT (121084 487387),POINT (4.88916507116131 52.37330948454955),4.88916507116131,52.37330948454955,1,1,2,1
4638,293182,20220155648,2022,Uitsluitend materiele schade,2,personenauto,fiets,Flank,"Kruispunt, 4 takken",Binnen,50.0,Niet brandend,Klinkers,Nat,Daglicht,Regen,Mosveld,amsterdam,POINT (122886.87280000001 489240.64090000093),POINT (4.915461273699268 52.39007709920877),4.915461273699268,52.39007709920877,1,1,2,1
4639,293209,20220124174,2022,Uitsluitend materiele schade,2,personenauto,fiets,Flank,"Kruispunt, 3 takken",Binnen,50.0,Niet brandend,Overig asfalt,Nat,Daglicht,Droog,Schinkelkade,amsterdam,POINT (118580.97250000015 484912.27600000054),POINT (4.852678873554128 52.35090818626605),4.852678873554128,52.35090818626605,1,1,2,1
4640,293225,20220155709,2022,Uitsluitend materiele schade,2,personenauto,bromfiets,Flank,Rechte weg,Binnen,50.0,Brandend,Overig asfalt,Droog,Duisternis,Droog,Stolwijkstraat,amsterdam,POINT (118295.65269999951 484990.95589999855),POINT (4.848482802856444 52.3515963195229),4.848482802856444,52.3515963195229,1,1,2,1
4641,293243,20220124222,2022,Letsel,2,snorfiets,personenauto,Flank,"Kruispunt, 4 takken",Binnen,30.0,Brandend,Unknown,Nat,Schemer,Droog,President Allendelaan,amsterdam,POINT (115332.66789999977 486634.90040000156),POINT (4.804802311379114 52.36616487645111),4.804802311379114,52.36616487645111,1,1,1,1
4642,293280,20230040178,2023,Uitsluitend materiele schade,3,fiets,unknown,Dier,Rechte weg,Binnen,30.0,Niet brandend,Klinkers,Droog,Daglicht,Droog,Kerkstraat,amsterdam,POINT (121613.20499999821 486189.2740000002),POINT (4.897054848717692 52.362577587309104),4.897054848717692,52.362577587309104,1,1,2,1
4643,293286,20230048996,2023,Uitsluitend materiele schade,2,bromfiets,personenauto,Kop/staart,Rechte weg,Binnen,50.0,Brandend,ZOAB,Droog,Schemer,Droog,Plein '40-'45,amsterdam,POINT (116515.02600000054 488170.5240000002),POINT (4.821985212613669 52.38004996535438),4.821985212613669,52.38004996535438,1,1,2,1
4644,293301,20230059089,2023,Uitsluitend materiele schade,2,personenauto,bromfiets,Flank,"Kruispunt, 4 takken",Binnen,30.0,Niet brandend,Klinkers,Droog,Daglicht,Droog,Prof. R. Casimirstraat,amsterdam,POINT (115548.52109999955 485078.6206),POINT (4.808153899945624 52.35219380451073),4.808153899945624,52.35219380451073,1,1,2,1
4645,293310,20230040801,2023,Letsel,3,bromfiets,personenauto,Flank,"Kruispunt, 4 takken",Buiten,80.0,Niet brandend,Overig asfalt,Droog,Daglicht,Droog,Gooilandseweg,amsterdam,POINT (131074.09099999815 479438.43620000035),POINT (5.03642602772645 52.30239798733515),5.03642602772645,52.30239798733515,-1,0,1,0
4646,293333,20230039097,2023,Letsel,3,personenauto,fiets,Onbekend,Rechte weg,Binnen,50.0,Niet brandend,Klinkers,Droog,Daglicht,Droog,Gyroscoopweg,amsterdam,POINT (118009.1099999994 490141.1229999997),POINT (4.843710415139162 52.39786284224636),4.843710415139162,52.39786284224636,1,1,1,1
4647,293397,20230059218,2023,Uitsluitend materiele schade,2,personenauto,fiets,Flank,"Kruispunt, 4 takken",Binnen,50.0,Niet brandend,Overig asfalt,Droog,Daglicht,Droog,Pieter Calandlaan,amsterdam,POINT (114332 484887),POINT (4.790322448604892 52.350382974664356),4.790322448604892,52.35038297466436,1,1,2,1
4648,293408,20230040354,2023,Uitsluitend materiele schade,2,personenauto,snorfiets,Frontaal,"Kruispunt, 4 takken",Binnen,50.0,Niet brandend,Overig asfalt,Droog,Daglicht,Droog,Haarlemmer Houttuinen,amsterdam,POINT (121253.92760000005 488259.01399999857),POINT (4.891572708430962 52.38115698835864),4.891572708430962,52.38115698835864,1,1,2,1
4649,293451,20230059697,2023,Uitsluitend materiele schade,2,bromfiets,personenauto,Flank,Rechte weg,Binnen,50.0,Niet brandend,Klinkers,Droog,Daglicht,Droog,Sarphatistraat,amsterdam,POINT (122963.68200000003 486221.23000000045),POINT (4.916877418304584 52.362945208068446),4.916877418304584,52.362945208068446,1,1,2,1
4650,293571,20230040641,2023,Letsel,2,e-bike,voetganger,Voetganger,Rechte weg,Binnen,30.0,Niet brandend,Klinkers,Droog,Daglicht,Droog,Mauritskade,amsterdam,POINT (123492.49700000137 486436.5780000016),POINT (4.924620556770461 52.364911200440496),4.924620556770461,52.364911200440496,1,1,1,1
4651,293597,20230049464,2023,Uitsluitend materiele schade,2,bromfiets,bromfiets,Eenzijdig,Rotonde,Binnen,50.0,Niet brandend,ZOAB,Unknown,Daglicht,Droog,Oostoever,amsterdam,POINT (117099.53539999947 487087.6383999996),POINT (4.830691494056684 52.37035850428278),4.830691494056684,52.37035850428278,1,1,2,1
4652,293642,20220211563,2022,Uitsluitend materiele schade,2,bestelauto,bromfiets,Flank,"Kruispunt, 4 takken",Binnen,50.0,Niet brandend,Overig asfalt,Nat,Daglicht,Droog,Velserweg,amsterdam,POINT (118107.78390000015 488846.26520000026),POINT (4.845302408511265 52.38623233901139),4.845302408511265,52.38623233901139,1,1,2,1
4653,293684,20220210909,2022,Uitsluitend materiele schade,2,bromfiets,personenauto,Flank,"Kruispunt, 4 takken",Binnen,50.0,Niet brandend,Overig asfalt,Nat,Daglicht,Droog,Bijlmerdreef,amsterdam,POINT (126216 481409),POINT (4.965034983473555 52.31987572314168),4.965034983473555,52.31987572314168,0,1,2,1
4654,293707,20220210950,2022,Letsel,2,fiets,fiets,Flank,"Kruispunt, 4 takken",Binnen,30.0,Niet brandend,Klinkers,Droog,Daglicht,Droog,Nieuwe Amstelstraat,amsterdam,POINT (122089.2239000015 486741.8530000001),POINT (4.903988926645803 52.367572515900285),4.903988926645803,52.367572515900285,1,1,1,1
4655,293738,20220211675,2022,Uitsluitend materiele schade,2,personenauto,e-bike,Flank,"Kruispunt, 4 takken",Binnen,30.0,Niet brandend,Overig asfalt,Nat,Daglicht,Droog,Van Ostadestraat,amsterdam,POINT (121945.56569999829 485219.51359999925),POINT (4.902029345933046 52.353882133917125),4.902029345933046,52.353882133917125,1,1,2,1
4656,293880,20220210467,2022,Letsel,2,bromfiets,personenauto,Flank,Rotonde,Binnen,50.0,Brandend,Overig asfalt,Nat,Duisternis,Regen,Burgemeester Röellstraat,amsterdam,POINT (116353.815200001 487667.91000000015),POINT (4.8196754705497415 52.37552155087834),4.8196754705497415,52.37552155087834,1,1,1,1
4657,293881,20220210484,2022,Uitsluitend materiele schade,2,fiets,fiets,Flank,"Kruispunt, 4 takken",Binnen,50.0,Niet brandend,Klinkers,Droog,Daglicht,Droog,Westerkade,amsterdam,POINT (120362.09070000052 487864.62000000104),POINT (4.8785153664555025 52.377556922360974),4.878515366455503,52.377556922360974,1,1,2,1
4658,293882,20220211169,2022,Uitsluitend materiele schade,2,personenauto,fiets,Flank,Rechte weg,Binnen,30.0,Niet brandend,Klinkers,Nat,Daglicht,Regen,Spuistraat,amsterdam,POINT (121112.26000000164 487323.1970000006),POINT (4.889586472945401 52.37273781340701),4.889586472945401,52.37273781340701,1,1,2,1
4659,293883,20220211835,2022,Letsel,2,bromfiets,personenauto,Flank,"Kruispunt, 3 takken",Binnen,50.0,Niet brandend,Overig asfalt,Droog,Schemer,Droog,Klokkenbergweg,amsterdam,POINT (124399.31210000068 479654.32090000063),POINT (4.938549994020453 52.30400756387569),4.938549994020453,52.30400756387569,0,1,1,1
4660,293920,20220210491,2022,Uitsluitend materiele schade,2,personenauto,fiets,Flank,Rotonde,Binnen,30.0,Brandend,Overig asfalt,Droog,Duisternis,Droog,Vlaardingenlaan,amsterdam,POINT (117682.06439999864 484471.13120000064),POINT (4.839535010295601 52.34688318344936),4.839535010295601,52.34688318344936,1,1,2,1
4661,293921,20220210511,2022,Letsel,1,fiets,unknown,Eenzijdig,Bocht,Binnen,30.0,Brandend,Beton,Droog,Duisternis,Droog,Weteringschans,amsterdam,POINT (121056.30999999866 485918.3920000009),POINT (4.888906742926325 52.36010895715839),4.888906742926325,52.36010895715839,1,1,1,1
4662,294175,20220210783,2022,Uitsluitend materiele schade,2,snorfiets,personenauto,Flank,"Kruispunt, 3 takken",Binnen,50.0,Niet brandend,ZOAB,Droog,Daglicht,Droog,Ookmeerweg,amsterdam,POINT (115258.49500000104 486640.94000000134),POINT (4.8037126334059215 52.36621379338372),4.8037126334059215,52.36621379338372,1,1,2,1
4663,294625,20230111622,2023,Uitsluitend materiele schade,4,bromfiets,vrachtauto,Flank,Rechte weg,Binnen,30.0,Niet aanwezig,Overig asfalt,Droog,Daglicht,Droog,Admiraal De Ruijterweg,amsterdam,POINT (118192.39699999988 488661.81799999997),POINT (4.846565432375951 52.38458035286413),4.846565432375951,52.38458035286413,1,1,2,1
4664,294640,20230067092,2023,Uitsluitend materiele schade,2,personenauto,fiets,Flank,"Kruispunt, 4 takken",Binnen,50.0,Niet brandend,Overig asfalt,Droog,Daglicht,Droog,Klaprozenweg,amsterdam,POINT (122302.78079999983 490182.00759999827),POINT (4.9067895453748385 52.398502927685044),4.906789545374839,52.39850292768504,1,1,2,1
4665,294641,20230067496,2023,Letsel,1,fiets,unknown,Eenzijdig,Rechte weg,Binnen,30.0,Niet brandend,ZOAB,Droog,Daglicht,Droog,Marnixstraat,amsterdam,POINT (120359.18299999833 486785.8269999996),POINT (4.878583852957302 52.36786132992395),4.878583852957302,52.36786132992395,1,1,1,1
4666,294741,20230023797,2023,Uitsluitend materiele schade,2,personenauto,bromfiets,Kop/staart,Rechte weg,Binnen,50.0,Brandend,Overig asfalt,Nat,Duisternis,Regen,Overtoom,amsterdam,POINT (120068.87999999896 486201.80700000003),POINT (4.874382260170822 52.362594189444394),4.874382260170822,52.3625941894444,1,1,2,1
4667,294785,20230077600,2023,Uitsluitend materiele schade,2,bromfiets,personenauto,Flank,"Kruispunt, 4 takken",Binnen,30.0,Brandend,Overig asfalt,Droog,Duisternis,Droog,Pieter Calandlaan,amsterdam,POINT (114332 484887),POINT (4.790322448604892 52.350382974664356),4.790322448604892,52.35038297466436,1,1,2,1
4668,294898,20230020630,2023,Letsel,2,bromfiets,personenauto,Onbekend,"Kruispunt, 4 takken",Binnen,50.0,Brandend,Klinkers,Droog,Schemer,Droog,Gerrit van der Veenstr,amsterdam,POINT (119831.31399999931 484668.565200001),POINT (4.871054993552794 52.34879933136592),4.871054993552794,52.34879933136592,1,1,1,1
4669,294919,20230078460,2023,Letsel,2,bestelauto,bromfiets,Flank,"Kruispunt, 3 takken",Buiten,50.0,Niet brandend,ZOAB,Droog,Daglicht,Droog,Zijkanaal H-weg,amsterdam,POINT (119411.01249999925 493696.20589999855),POINT (4.863929984086227 52.429905732691374),4.863929984086227,52.429905732691374,-1,0,1,0
4670,294980,20230024135,2023,Uitsluitend materiele schade,2,personenauto,bromfiets,Onbekend,Rechte weg,Binnen,50.0,Niet brandend,Overig asfalt,Droog,Daglicht,Droog,Ceintuurbaan,amsterdam,POINT (121319.80999999866 485122.8660000004),POINT (4.892854467245355 52.35297552886028),4.892854467245355,52.35297552886028,1,1,2,1
4671,294981,20230024767,2023,Uitsluitend materiele schade,2,personenauto,fiets,Frontaal,"Kruispunt, 3 takken",Binnen,30.0,Niet brandend,Overig asfalt,Nat,Daglicht,Regen,Liergouw,amsterdam,POINT (126694.61080000177 488372.88049999997),POINT (4.97146871489301 52.382487806230586),4.97146871489301,52.382487806230586,-1,0,2,0
4672,295024,20230024219,2023,Letsel,3,bestelauto,fiets,Onbekend,"Kruispunt, 4 takken",Binnen,Unknown,Niet brandend,Klinkers,Droog,Daglicht,Droog,Maasstraat,amsterdam,POINT (121489.43200000003 484157.01110000163),POINT (4.895440228153606 52.34430543656159),4.895440228153606,52.34430543656159,1,1,1,1
4673,295076,20230097471,2023,Letsel,2,bromfiets,voetganger,Voetganger,Rechte weg,Binnen,50.0,Brandend,ZOAB,Nat,Schemer,Regen,Abcouderpad,amsterdam,POINT (125623.21599999815 480128.56700000167),POINT (4.956452542359394 52.30833654015389),4.956452542359394,52.30833654015389,0,1,1,1
4674,295123,20230087589,2023,Letsel,2,personenauto,fiets,Flank,"Kruispunt, 4 takken",Binnen,50.0,Niet brandend,Overig asfalt,Nat,Daglicht,Regen,Alexanderplein,amsterdam,POINT (123106.36199999973 486281.7019999996),POINT (4.918966308299095 52.36349699299695),4.918966308299095,52.36349699299695,1,1,1,1
4675,295212,20230088325,2023,Uitsluitend materiele schade,2,personenauto,bromfiets,Onbekend,"Kruispunt, 3 takken",Binnen,Unknown,Brandend,Overig asfalt,Nat,Schemer,Unknown,Julianaplein,amsterdam,POINT (123167.41050000116 484299.54879999906),POINT (4.920050097134472 52.34568622472258),4.920050097134472,52.34568622472258,1,1,2,1
4676,295238,20230097112,2023,Uitsluitend materiele schade,2,snorfiets,fiets,Flank,"Kruispunt, 4 takken",Binnen,30.0,Brandend,Klinkers,Nat,Duisternis,Droog,Linnaeusstraat,amsterdam,POINT (123439 486104),POINT (4.923866368444891 52.36191913739694),4.923866368444891,52.36191913739694,1,1,2,1
4677,295482,20210077479,2021,Letsel,2,personenauto,fiets,Geparkeerd voertuig,Rechte weg,Binnen,50.0,Niet brandend,Klinkers,Droog,Daglicht,Droog,Bastenakenstraat,amsterdam,POINT (116104.2899999991 484051.6259999983),POINT (4.816429523949984 52.34300357649398),4.816429523949984,52.34300357649398,1,1,1,1
4678,295587,20210078905,2021,Letsel,2,bromfiets,personenauto,Onbekend,Rechte weg,Binnen,50.0,Unknown,Overig asfalt,Droog,Duisternis,Droog,Jan Evertsenstraat,amsterdam,POINT (118752.3590000011 487123.4919999987),POINT (4.854955894945622 52.37079231199226),4.854955894945622,52.37079231199226,1,1,1,1
4679,295639,20210019551,2021,Uitsluitend materiele schade,2,personenauto,bromfiets,Flank,"Kruispunt, 4 takken",Binnen,50.0,Niet aanwezig,Overig asfalt,Droog,Daglicht,Droog,Bijlmerdreef,amsterdam,POINT (126007.97700000182 481307.6730000004),POINT (4.961992747955515 52.31895412530931),4.961992747955515,52.31895412530931,0,1,2,1
4680,295673,20210021480,2021,Uitsluitend materiele schade,2,personenauto,fiets,Frontaal,Rechte weg,Binnen,50.0,Niet brandend,Overig asfalt,Droog,Daglicht,Droog,Aalbersestraat,amsterdam,POINT (114886.59899999946 488386.3990000002),POINT (4.798044325945871 52.38187350086094),4.798044325945871,52.38187350086094,1,1,2,1
4681,295696,20210015758,2021,Uitsluitend materiele schade,2,personenauto,fiets,Flank,"Kruispunt, 4 takken",Binnen,50.0,Niet brandend,Overig asfalt,Droog,Daglicht,Droog,Willem de Zwijgerlaan,amsterdam,POINT (119296.50470000133 487528.67269999906),POINT (4.86290258623726 52.37446942202595),4.86290258623726,52.37446942202595,1,1,2,1
4682,295739,20210023015,2021,Uitsluitend materiele schade,2,personenauto,fiets,Flank,"Kruispunt, 3 takken",Binnen,Unknown,Brandend,Klinkers,Nat,Duisternis,Droog,Prinsengracht,amsterdam,POINT (120626.6165000014 487070.0245999992),POINT (4.882481290473629 52.37043229773778),4.882481290473629,52.37043229773778,1,1,2,1
4683,295745,20210024364,2021,Uitsluitend materiele schade,2,fiets,e-bike,Kop/staart,Rotonde,Binnen,Unknown,Niet brandend,Overig asfalt,Droog,Daglicht,Droog,Adelaarsweg,amsterdam,POINT (123508.94200000167 489294.26900000125),POINT (4.924594177350397 52.390595113659295),4.924594177350397,52.390595113659295,1,1,2,1
4684,295762,20210023977,2021,Uitsluitend materiele schade,1,bromfiets,unknown,Frontaal,Rechte weg,Binnen,50.0,Niet brandend,Overig asfalt,Droog,Daglicht,Droog,Zuiderzeeweg,amsterdam,POINT (126400.34600000083 487948.88500000164),POINT (4.96718289992932 52.378661959382114),4.96718289992932,52.378661959382114,-1,0,2,0
4685,295917,20210029136,2021,Uitsluitend materiele schade,2,bromfiets,personenauto,Onbekend,"Kruispunt, 4 takken",Binnen,50.0,Niet brandend,Overig asfalt,Nat,Daglicht,Regen,Stekkenbergweg,amsterdam,POINT (124813.00879999995 478690.2175000012),POINT (4.944701521510548 52.29536556001538),4.944701521510548,52.29536556001538,-1,0,2,0
4686,296032,20210009168,2021,Uitsluitend materiele schade,3,bromfiets,personenauto,Flank,"Kruispunt, 4 takken",Binnen,50.0,Niet brandend,Overig asfalt,Droog,Daglicht,Droog,Middenweg,amsterdam,POINT (125377 483664),POINT (4.95253157552314 52.34009782860926),4.95253157552314,52.34009782860926,1,1,2,1
4687,296118,20210052589,2021,Uitsluitend materiele schade,1,bromfiets,unknown,Voetganger,Rechte weg,Binnen,50.0,Niet brandend,Overig asfalt,Nat,Daglicht,Droog,Osdorpplein,amsterdam,POINT (115209.25800000131 485894.7729999982),POINT (4.8030780593398195 52.35950427575019),4.80307805933982,52.35950427575019,1,1,2,1
4688,296135,20210084045,2021,Letsel,2,personenauto,fiets,Flank,"Kruispunt, 4 takken",Binnen,50.0,Niet brandend,Overig asfalt,Droog,Daglicht,Droog,Speerstraat,amsterdam,POINT (119279.7974999994 484698.8753999993),POINT (4.86295782900352 52.349036164727636),4.86295782900352,52.34903616472764,1,1,1,1
4689,296138,20210065461,2021,Uitsluitend materiele schade,2,personenauto,fiets,Flank,Bocht,Binnen,30.0,Brandend,Overig asfalt,Nat,Duisternis,Regen,Waterlooplein,amsterdam,POINT (121955.66600000113 486644.4690000005),POINT (4.90203758976861 52.366689276338505),4.90203758976861,52.366689276338505,1,1,2,1
4690,296160,20210054770,2021,Uitsluitend materiele schade,2,snorfiets,bestelauto,Kop/staart,"Kruispunt, 4 takken",Binnen,50.0,Brandend,Overig asfalt,Nat,Duisternis,Droog,Daguerrestraat,amsterdam,POINT (128002.71730000153 485602.8808000013),POINT (4.990903537296015 52.357658614027144),4.990903537296015,52.35765861402714,-1,0,2,0
4691,296205,20210081694,2021,Letsel,2,personenauto,bromfiets,Flank,"Kruispunt, 4 takken",Binnen,50.0,Niet brandend,Overig asfalt,Droog,Daglicht,Droog,Rijnstraat,amsterdam,POINT (122311.08879999816 483704.6653999984),POINT (4.907541467759607 52.34028952678348),4.907541467759607,52.34028952678348,1,1,1,1
4692,296227,20210042931,2021,Uitsluitend materiele schade,2,bromfiets,fiets,Flank,Rechte weg,Binnen,50.0,Brandend,Overig asfalt,Nat,Duisternis,Unknown,Van Woustraat,amsterdam,POINT (121786.88699999824 485560.7250000015),POINT (4.8996666441349355 52.356939144243725),4.899666644134936,52.356939144243725,1,1,2,1
4693,296278,20210071189,2021,Uitsluitend materiele schade,2,bestelauto,fiets,Flank,"Kruispunt, 3 takken",Binnen,50.0,Niet brandend,Overig asfalt,Droog,Daglicht,Droog,Van Reigersbergenstraat,amsterdam,POINT (119875.16849999875 487582.1629000008),POINT (4.871394274352922 52.37498747306687),4.871394274352922,52.37498747306687,1,1,2,1
4694,296282,20210041160,2021,Uitsluitend materiele schade,1,bromfiets,unknown,Onbekend,Unknown,Unknown,50.0,Unknown,Unknown,Unknown,Daglicht,Unknown,Hoofdweg,amsterdam,POINT (118637 486052),POINT (4.853377957884387 52.36115491081843),4.853377957884387,52.36115491081843,1,1,2,1
4695,296300,20210088653,2021,Letsel,2,snorfiets,personenauto,Flank,"Kruispunt, 4 takken",Buiten,50.0,Niet brandend,ZOAB,Droog,Daglicht,Droog,Dortmuiden,amsterdam,POINT (113576.13659999892 490146.2725000009),POINT (4.778581012389095 52.39759237326522),4.778581012389095,52.39759237326522,-1,0,1,0
4696,296345,20210041874,2021,Uitsluitend materiele schade,2,bestelauto,snorfiets,Flank,Rechte weg,Binnen,50.0,Niet brandend,Beton,Droog,Daglicht,Droog,Bestevâerstraat,amsterdam,POINT (119072.53489999846 487561.1832000017),POINT (4.859610273068408 52.3747469934787),4.859610273068408,52.3747469934787,1,1,2,1
4697,296426,20210064499,2021,Uitsluitend materiele schade,2,personenauto,bromfiets,Flank,"Kruispunt, 4 takken",Binnen,50.0,Brandend,Unknown,Nat,Duisternis,Regen,Van Woustraat,amsterdam,POINT (121780.98429999873 485586.4503000006),POINT (4.899577460508502 52.35716998903969),4.899577460508502,52.35716998903969,1,1,2,1
4698,296438,20210045076,2021,Uitsluitend materiele schade,2,bromfiets,personenauto,Flank,Rechte weg,Binnen,50.0,Niet brandend,Overig asfalt,Droog,Daglicht,Droog,Asterweg,amsterdam,POINT (122040.61899999902 489531.03400000185),POINT (4.903001687968614 52.392636774982606),4.903001687968614,52.392636774982606,1,1,2,1
4699,296458,20210065108,2021,Uitsluitend materiele schade,2,bromfiets,los voorwerp,Los voorwerp,Rechte weg,Binnen,50.0,Brandend,Overig asfalt,Droog,Duisternis,Droog,Statenjachtstraat,amsterdam,POINT (122919.48299999908 491103.90100000054),POINT (4.915762224442025 52.406824623896796),4.915762224442025,52.4068246238968,1,1,2,1
4700,296492,20210038309,2021,Letsel,2,personenauto,fiets,Flank,"Kruispunt, 4 takken",Binnen,30.0,Niet aanwezig,Klinkers,Nat,Daglicht,Unknown,Fagelstraat,amsterdam,POINT (120229.98959999904 488171.43569999933),POINT (4.876543665719539 52.38030600553967),4.876543665719539,52.38030600553967,1,1,1,1
4701,296517,20210064796,2021,Letsel,2,fiets,personenauto,Frontaal,Rechte weg,Binnen,50.0,Niet brandend,Overig asfalt,Nat,Daglicht,Regen,Guido Gezellestraat,amsterdam,POINT (120625.63919999823 484252.3830999993),POINT (4.882754886733312 52.34510922920054),4.882754886733312,52.34510922920054,1,1,1,1
4702,296537,20210050068,2021,Uitsluitend materiele schade,2,snorfiets,dier,Dier,Rechte weg,Binnen,30.0,Niet brandend,Overig asfalt,Droog,Daglicht,Droog,Olympisch Stadion,amsterdam,POINT (118581.95100000128 484031.8269999996),POINT (4.852788508713022 52.342995399474916),4.852788508713022,52.34299539947492,1,1,2,1
4703,296545,20210058763,2021,Uitsluitend materiele schade,2,personenauto,fiets,Flank,"Kruispunt, 4 takken",Binnen,50.0,Niet brandend,Klinkers,Droog,Daglicht,Droog,Nieuwmarkt,amsterdam,POINT (121852.52499999851 487246.01399999857),POINT (4.9004639801592385 52.372089329740064),4.900463980159239,52.372089329740064,1,1,2,1
4704,296562,20210068739,2021,Uitsluitend materiele schade,2,personenauto,fiets,Flank,"Kruispunt, 3 takken",Binnen,50.0,Niet brandend,Overig asfalt,Droog,Daglicht,Droog,Sloterweg,amsterdam,POINT (115459.66930000111 483877.4998999983),POINT (4.806990958622871 52.34139266384527),4.806990958622871,52.34139266384527,1,1,2,1
4705,296822,20210091207,2021,Uitsluitend materiele schade,2,personenauto,fiets,Onbekend,"Kruispunt, 4 takken",Binnen,50.0,Niet aanwezig,Overig asfalt,Droog,Daglicht,Droog,Insulindeweg,amsterdam,POINT (124797 486121),POINT (4.943800661702887 52.36214826606816),4.943800661702887,52.36214826606816,1,1,2,1
4706,296852,20210091222,2021,Letsel,2,personenauto,fiets,Flank,"Kruispunt, 3 takken",Binnen,Unknown,Brandend,Overig asfalt,Nat,Duisternis,Droog,Jozef Israëlskade,amsterdam,POINT (122463.84459999949 484792.58139999956),POINT (4.909677701997706 52.35007608127956),4.909677701997706,52.35007608127956,1,1,1,1
4707,296853,20210091233,2021,Uitsluitend materiele schade,2,personenauto,fiets,Kop/staart,Rechte weg,Binnen,50.0,Brandend,Overig asfalt,Nat,Schemer,Droog,Weteringschans,amsterdam,POINT (121684.01900000125 485831.75),POINT (4.898129845599996 52.35936870503188),4.898129845599996,52.35936870503188,1,1,2,1