,Unnamed: 0,accident_id,accident_year,outcome,num_parties,party1_type,party2_type,accident_nature,road_situation,built_up_area,speed_limit_kmh,street_lighting,road_surface,road_condition,light_condition,weather_condition,street_name,municipality,shape,geometry,longitude,latitude,cluster,future_hotspot_spatial,outcome_encoded,future_hotspot_pred
4790,301948,20210052587,2021,Uitsluitend materiele schade,2,bromfiets,personenauto,Flank,Bocht,Binnen,30.0,Niet aanwezig,Overig asfalt,Nat,Daglicht,Regen,Kikkenstein,amsterdam,POINT (126911.70399999991 481037.7170000002),POINT (4.975269416830353 52.316574795952086),4.975269416830353,52.316574795952086,0,1,2,1
4791,301952,20210055420,2021,Uitsluitend materiele schade,2,personenauto,bromfiets,Flank,Rechte weg,Binnen,30.0,Niet brandend,Overig asfalt,Nat,Daglicht,Unknown,Concertgebouwplein,amsterdam,POINT (120329.88199999928 485417.35500000045),POINT (4.878294733696181 52.35556062040428),4.878294733696181,52.35556062040428,1,1,2,1
4792,301954,20210057273,2021,Uitsluitend materiele schade,3,personenauto,fiets,Los voorwerp,Rechte weg,Binnen,50.0,Niet brandend,Overig asfalt,Droog,Daglicht,Droog,Osdorperweg,amsterdam,POINT (113201.24100000039 487424.6429999992),POINT (4.773411840867645 52.37310433250158),4.773411840867645,52.37310433250158,-1,0,2,0
4793,301965,20210061865,2021,Uitsluitend materiele schade,2,fiets,personenauto,Kop/staart,Rechte weg,Binnen,30.0,Brandend,Overig asfalt,Droog,Schemer,Droog,Marieken van Nimwegenstr,amsterdam,POINT (118377.3909999989 487797.3669999987),POINT (4.8493767871486275 52.376823709486615),4.849376787148628,52.376823709486615,1,1,2,1
4794,302040,20210042940,2021,Uitsluitend materiele schade,2,personenauto,bromfiets,Flank,Rotonde,Binnen,50.0,Niet brandend,Unknown,Droog,Daglicht,Droog,Hugo de Grootplein,amsterdam,POINT (119953.31199999899 487534.62889999896),POINT (4.872546728550138 52.37456526559557),4.872546728550138,52.37456526559557,1,1,2,1
4795,302061,20210070105,2021,Uitsluitend materiele schade,2,personenauto,bromfiets,Flank,"Kruispunt, 4 takken",Binnen,50.0,Brandend,Overig asfalt,Nat,Duisternis,Regen,Mauritskade,amsterdam,POINT (123191.05939999968 486226.67639999837),POINT (4.920214935994748 52.36300737058467),4.920214935994748,52.36300737058467,1,1,2,1
4796,302062,20210070107,2021,Uitsluitend materiele schade,2,personenauto,bromfiets,Kop/staart,"Kruispunt, 4 takken",Binnen,50.0,Brandend,Overig asfalt,Droog,Duisternis,Droog,Ruyschstraat,amsterdam,POINT (122511.39799999818 485625.99500000104),POINT (4.910295130872363 52.35756906936881),4.910295130872363,52.35756906936881,1,1,2,1
4797,302063,20210070124,2021,Uitsluitend materiele schade,1,bromfiets,unknown,Eenzijdig,Rechte weg,Binnen,50.0,Brandend,Overig asfalt,Nat,Schemer,Regen,Havenstraat,amsterdam,POINT (118759.73699999973 484710.5529999994),POINT (4.855324233164414 52.34910706271113),4.855324233164414,52.34910706271113,1,1,2,1
4798,302067,20210037356,2021,Uitsluitend materiele schade,2,bromfiets,fiets,Frontaal,Rechte weg,Binnen,30.0,Niet brandend,Beton,Droog,Daglicht,Droog,Jan van Galenstraat,amsterdam,POINT (118684.2509999983 487456.03599999845),POINT (4.853919930040063 52.373776467301454),4.853919930040063,52.373776467301454,1,1,2,1
4799,302089,20210070840,2021,Uitsluitend materiele schade,1,bromfiets,unknown,Voetganger,Rechte weg,Binnen,50.0,Brandend,Klinkers,Droog,Schemer,Droog,Keizersgracht,amsterdam,POINT (120764.20499999821 487172.8229999989),POINT (4.884491032153418 52.37136477078345),4.884491032153418,52.37136477078345,1,1,2,1
4800,302111,20210055890,2021,Uitsluitend materiele schade,2,bromfiets,fiets,Flank,"Kruispunt, 4 takken",Binnen,30.0,Niet brandend,Klinkers,Droog,Daglicht,Droog,Beemsterstraat,amsterdam,POINT (124966.43549999967 489259.48640000075),POINT (4.946007548200141 52.390364198846456),4.946007548200141,52.390364198846456,1,1,2,1
4801,302230,20210039448,2021,Uitsluitend materiele schade,2,personenauto,fiets,Flank,"Kruispunt, 3 takken",Binnen,50.0,Niet brandend,Overig asfalt,Droog,Daglicht,Droog,Naaldwijkstraat,amsterdam,POINT (117856.09099999815 484467.52870000154),POINT (4.8420892701446 52.346862596990405),4.8420892701446,52.346862596990405,1,1,2,1
4802,302267,20210068281,2021,Uitsluitend materiele schade,2,personenauto,bromfiets,Flank,Rechte weg,Binnen,50.0,Niet brandend,Klinkers,Nat,Daglicht,Droog,Damrak,amsterdam,POINT (121720.44200000167 487832.92599999905),POINT (4.89846641063574 52.37735609140127),4.89846641063574,52.37735609140127,1,1,2,1
4803,302276,20210065473,2021,Uitsluitend materiele schade,3,bromfiets,unknown,Onbekend,Rechte weg,Binnen,30.0,Niet brandend,Beton,Droog,Daglicht,Unknown,Kolfschotenstraat,amsterdam,POINT (126561.75800000131 481035.3680000007),POINT (4.970137539301092 52.3165357038669),4.970137539301092,52.3165357038669,0,1,2,1
4804,302277,20210065499,2021,Uitsluitend materiele schade,2,personenauto,fiets,Onbekend,"Kruispunt, 4 takken",Binnen,Unknown,Niet aanwezig,Beton,Nat,Daglicht,Regen,Naritaweg,amsterdam,POINT (117327.97370000184 489044.7547999993),POINT (4.833826183456309 52.38796323883239),4.833826183456309,52.38796323883239,1,1,2,1
4805,302288,20210047573,2021,Uitsluitend materiele schade,2,personenauto,fiets,Flank,Rotonde,Binnen,50.0,Niet brandend,Overig asfalt,Droog,Daglicht,Droog,Henk Sneevlietweg,amsterdam,POINT (118140.80810000002 484445.4609999992),POINT (4.846269946593022 52.34668343886125),4.846269946593022,52.34668343886125,1,1,2,1
4806,302290,20210048767,2021,Uitsluitend materiele schade,2,scootmobiel,fiets,Frontaal,Bocht,Binnen,30.0,Niet brandend,Overig asfalt,Droog,Daglicht,Droog,Abcouderpad,amsterdam,POINT (124927.28500000015 481586.6479999982),POINT (4.946118333545561 52.321403371312385),4.946118333545561,52.32140337131239,0,1,2,1
4807,302303,20210065504,2021,Uitsluitend materiele schade,2,brommobiel,fiets,Flank,"Kruispunt, 4 takken",Binnen,50.0,Niet brandend,Unknown,Droog,Daglicht,Unknown,Admiraal De Ruijterweg,amsterdam,POINT (118947.21559999883 487825.3489000015),POINT (4.857741695643938 52.37711290135068),4.857741695643938,52.37711290135068,1,1,2,1
4808,302326,20210065539,2021,Uitsluitend materiele schade,2,fiets,scootmobiel,Voetganger,"Kruispunt, 4 takken",Binnen,30.0,Niet brandend,Klinkers,Droog,Daglicht,Unknown,Van Reigersbergenstraat,amsterdam,POINT (119875.16849999875 487582.1629000008),POINT (4.871394274352922 52.37498747306687),4.871394274352922,52.37498747306687,1,1,2,1
4809,302327,20210065562,2021,Uitsluitend materiele schade,2,snorfiets,personenauto,Onbekend,Unknown,Binnen,50.0,Unknown,Unknown,Droog,Daglicht,Unknown,Kattenburgerstraat,amsterdam,POINT (122933.30700000003 487184.48699999973),POINT (4.916339622083302 52.37160054024129),4.916339622083302,52.37160054024129,1,1,2,1
4810,302824,20210093662,2021,Uitsluitend materiele schade,1,bromfiets,unknown,Onbekend,Unknown,Unknown,50.0,Unknown,Unknown,Unknown,Duisternis,Unknown,Burg De Vlugtlaan,amsterdam,POINT (116894.13399999961 488205.0940000005),POINT (4.827548899501798 52.38038709734137),4.827548899501798,52.38038709734137,1,1,2,1
4811,302944,20220081375,2022,Uitsluitend materiele schade,1,bromfiets,unknown,Onbekend,"Kruispunt, 3 takken",Binnen,50.0,Brandend,ZOAB,Droog,Duisternis,Droog,Piet Heinkade,amsterdam,POINT (123794.79809999838 487562.3647999987),POINT (4.928954209906522 52.37504627962194),4.928954209906522,52.37504627962194,1,1,2,1
4812,303025,20220016670,2022,Uitsluitend materiele schade,2,personenauto,fiets,Onbekend,"Kruispunt, 4 takken",Unknown,50.0,Brandend,Overig asfalt,Droog,Duisternis,Unknown,Slotermeerlaan,amsterdam,POINT (116421.39999999851 488106.1713999994),POINT (4.820617604947702 52.379465045004245),4.820617604947702,52.379465045004245,1,1,2,1
4813,303084,20220080924,2022,Letsel,1,bromfiets,unknown,Eenzijdig,Bocht,Binnen,50.0,Niet brandend,Overig asfalt,Nat,Daglicht,Droog,Koninginneweg,amsterdam,POINT (119594.87099999934 485292.2749999985),POINT (4.867519370726573 52.35438961561564),4.867519370726573,52.35438961561564,1,1,1,1
4814,303107,20220055361,2022,Letsel,2,bromfiets,voetganger,Voetganger,Rechte weg,Binnen,30.0,Brandend,Klinkers,Droog,Duisternis,Droog,Verbindingstraat,amsterdam,POINT (121732.79300000146 485131.118999999),POINT (4.898915104671376 52.35307486076909),4.898915104671376,52.35307486076909,1,1,1,1
4815,303125,20220035940,2022,Uitsluitend materiele schade,2,bestelauto,fiets,Onbekend,"Kruispunt, 4 takken",Binnen,50.0,Brandend,Overig asfalt,Droog,Duisternis,Droog,Jacob van Lennepstraat,amsterdam,POINT (119968 486601),POINT (4.872859712971377 52.36617542559926),4.872859712971377,52.36617542559926,1,1,2,1
4816,303151,20220081129,2022,Uitsluitend materiele schade,2,bestelauto,snorfiets,Flank,Rotonde,Binnen,50.0,Niet brandend,Overig asfalt,Droog,Daglicht,Droog,Burg De Vlugtlaan,amsterdam,POINT (116336.2985999994 488547.7237999998),POINT (4.819316998511565 52.383427372723254),4.819316998511565,52.38342737272325,1,1,2,1
4817,303152,20220081138,2022,Uitsluitend materiele schade,2,personenauto,fiets,Onbekend,"Kruispunt, 4 takken",Binnen,50.0,Niet brandend,Klinkers,Droog,Daglicht,Droog,Hoofdweg,amsterdam,POINT (118238.49020000175 487621.1176000014),POINT (4.847356303583655 52.375230432898114),4.847356303583655,52.375230432898114,1,1,2,1
4818,303188,20220081207,2022,Uitsluitend materiele schade,3,personenauto,bromfiets,Flank,"Kruispunt, 3 takken",Binnen,Unknown,Brandend,Overig asfalt,Droog,Duisternis,Droog,Stadhouderskade,amsterdam,POINT (120609.43710000068 486089.7252999991),POINT (4.88232931623876 52.36162098705331),4.88232931623876,52.36162098705331,1,1,2,1
4819,303322,20220054627,2022,Uitsluitend materiele schade,2,bromfiets,personenauto,Flank,Rechte weg,Binnen,50.0,Brandend,Overig asfalt,Droog,Duisternis,Droog,Europaboulevard,amsterdam,POINT (121123.9103000015 483091.0896999985),POINT (4.890183678497353 52.3347032219554),4.890183678497353,52.3347032219554,1,1,2,1
4820,303343,20220102845,2022,Uitsluitend materiele schade,2,bromfiets,fiets,Flank,"Kruispunt, 3 takken",Binnen,30.0,Niet brandend,Klinkers,Droog,Daglicht,Unknown,Vechtstraat,amsterdam,POINT (122160.47980000079 484673.92969999835),POINT (4.905237007802977 52.34899167158135),4.905237007802977,52.34899167158135,1,1,2,1
4821,303368,20220103193,2022,Uitsluitend materiele schade,2,fiets,bestelauto,Onbekend,"Kruispunt, 4 takken",Binnen,30.0,Niet brandend,Unknown,Droog,Daglicht,Droog,Rozenburglaan,amsterdam,POINT (124388.69999999925 483540.35500000045),POINT (4.938041432705088 52.338932432973806),4.938041432705088,52.338932432973806,1,1,2,1
4822,303369,20220103200,2022,Uitsluitend materiele schade,2,bus,bromfiets,Flank,Rechte weg,Binnen,50.0,Niet brandend,ZOAB,Droog,Daglicht,Droog,Klaprozenweg,amsterdam,POINT (122301.91600000113 490193.09699999914),POINT (4.906775759167503 52.398602539454224),4.906775759167503,52.398602539454224,1,1,2,1
4823,303748,20230004046,2023,Letsel,2,bromfiets,fiets,Frontaal,"Kruispunt, 3 takken",Binnen,30.0,Brandend,Klinkers,Droog,Duisternis,Droog,Langestraat,amsterdam,POINT (121331.92460000142 488019.7637999989),POINT (4.892742191664997 52.37901156927711),4.892742191664997,52.37901156927711,1,1,1,1
4824,303749,20230004614,2023,Uitsluitend materiele schade,2,bromfiets,personenauto,Flank,"Kruispunt, 3 takken",Binnen,50.0,Brandend,Overig asfalt,Droog,Duisternis,Droog,Kruislaan,amsterdam,POINT (125108.42870000005 485056.8225999996),POINT (4.948467112531704 52.352601137942116),4.948467112531704,52.35260113794212,1,1,2,1
4825,304248,20230004202,2023,Uitsluitend materiele schade,2,personenauto,bromfiets,Flank,Rechte weg,Binnen,50.0,Niet brandend,Overig asfalt,Droog,Daglicht,Droog,Osdorper Ban,amsterdam,POINT (114519.49100000039 486029.52899999917),POINT (4.79293660981045 52.3606649571038),4.79293660981045,52.3606649571038,1,1,2,1
4826,304325,20230004213,2023,Uitsluitend materiele schade,3,bromfiets,personenauto,Kop/staart,"Kruispunt, 4 takken",Binnen,50.0,Niet brandend,Overig asfalt,Nat,Daglicht,Regen,Wibautstraat,amsterdam,POINT (122866.13300000131 484864.7368000001),POINT (4.915574923625049 52.35074823946396),4.915574923625049,52.35074823946396,1,1,2,1
4827,304408,20220123218,2022,Letsel,2,e-bike,e-bike,Frontaal,Rechte weg,Binnen,30.0,Niet brandend,Overig asfalt,Droog,Daglicht,Droog,Haarlemmerstraat,amsterdam,POINT (121163.72199999914 488236.4079999998),POINT (4.890250175044141 52.380948269946856),4.890250175044141,52.380948269946856,1,1,1,1
4828,304431,20220177810,2022,Uitsluitend materiele schade,2,personenauto,snorfiets,Onbekend,Unknown,Unknown,30.0,Unknown,Unknown,Unknown,Daglicht,Unknown,Oostenburgergracht,amsterdam,POINT (123268.92399999872 486898.2470000014),POINT (4.921294657069562 52.369047502779345),4.921294657069562,52.36904750277935,1,1,2,1
4829,304432,20220178084,2022,Letsel,2,bromfiets,trekker,Flank,"Kruispunt, 3 takken",Binnen,50.0,Niet brandend,Overig asfalt,Droog,Daglicht,Droog,Lemelerbergweg,amsterdam,POINT (124383.69409999996 479646.5256000012),POINT (4.938321723917229 52.30393663516226),4.938321723917229,52.30393663516226,0,1,1,1
4830,304439,20220123286,2022,Uitsluitend materiele schade,2,personenauto,fiets,Flank,"Kruispunt, 4 takken",Binnen,50.0,Niet brandend,Overig asfalt,Droog,Daglicht,Droog,Zeeburgerdijk,amsterdam,POINT (125111.41530000046 486471.0491999984),POINT (4.948385280538705 52.36531148286952),4.948385280538705,52.36531148286952,1,1,2,1
4831,304447,20220177553,2022,Letsel,2,trekker,fiets,Flank,"Kruispunt, 4 takken",Binnen,50.0,Niet brandend,ZOAB,Droog,Daglicht,Droog,Klaprozenweg,amsterdam,POINT (122321.32669999823 490181.39930000156),POINT (4.907062087281462 52.39849856550894),4.907062087281462,52.39849856550894,1,1,1,1
4832,304466,20220123419,2022,Letsel,4,fiets,fiets,Onbekend,Rechte weg,Binnen,30.0,Niet brandend,ZOAB,Droog,Daglicht,Droog,Holterbergweg,amsterdam,POINT (124508.79300000146 480098.4310000017),POINT (4.940114959918686 52.30800506266247),4.940114959918686,52.30800506266247,0,1,1,1
4833,304518,20220142277,2022,Uitsluitend materiele schade,2,personenauto,fiets,Onbekend,"Kruispunt, 4 takken",Binnen,50.0,Niet brandend,Beton,Droog,Daglicht,Droog,Sneeuwbalstraat,amsterdam,POINT (122791.87920000032 489984.5507000014),POINT (4.913994496990801 52.396757255378205),4.913994496990801,52.396757255378205,1,1,2,1
4834,304519,20220142284,2022,Uitsluitend materiele schade,2,fiets,bromfiets,Flank,Bocht,Binnen,30.0,Niet brandend,Overig asfalt,Droog,Daglicht,Droog,Borgerstraat,amsterdam,POINT (119714.89699999988 486558.66600000113),POINT (4.869148208275582 52.36577875631298),4.869148208275582,52.36577875631298,1,1,2,1
4835,304580,20220142411,2022,Uitsluitend materiele schade,5,personenauto,fiets,Onbekend,Rechte weg,Binnen,50.0,Niet brandend,Overig asfalt,Droog,Daglicht,Droog,Heemstedestraat,amsterdam,POINT (118180.26399999857 484991.0179999992),POINT (4.8467892713222716 52.35158915753174),4.846789271322272,52.35158915753174,1,1,2,1
4836,304605,20220123742,2022,Letsel,2,snorfiets,bestelauto,Kop/staart,Rechte weg,Binnen,30.0,Brandend,Beton,Droog,Duisternis,Droog,Maria Austriastraat,amsterdam,POINT (128347.35300000012 485451.9389999993),POINT (4.995974386804104 52.35631886285821),4.995974386804104,52.35631886285821,-1,0,1,0
4837,304606,20220123756,2022,Uitsluitend materiele schade,2,personenauto,fiets,Flank,"Kruispunt, 3 takken",Binnen,50.0,Niet brandend,Overig asfalt,Droog,Daglicht,Droog,Plantage Middenlaan,amsterdam,POINT (122461.19139999896 486709.41699999943),POINT (4.90945332850677 52.3673031662455),4.90945332850677,52.3673031662455,1,1,2,1
4838,304673,20220123907,2022,Uitsluitend materiele schade,2,bromfiets,fiets,Frontaal,"Kruispunt, 4 takken",Binnen,50.0,Niet brandend,ZOAB,Droog,Daglicht,Droog,Haarlemmerweg,amsterdam,POINT (118261 488707),POINT (4.847568104882881 52.38499100898997),4.847568104882881,52.38499100898997,1,1,2,1
4839,304685,20220155400,2022,Uitsluitend materiele schade,3,bestelauto,fiets,Onbekend,Rotonde,Binnen,50.0,Niet brandend,Beton,Droog,Daglicht,Droog,Johan van Hasseltweg,amsterdam,POINT (123443.36780000106 488964.3883999996),POINT (4.923661906748472 52.38762661372296),4.923661906748472,52.38762661372296,1,1,2,1
4840,304717,20220155456,2022,Uitsluitend materiele schade,2,fiets,fiets,Frontaal,"Kruispunt, 4 takken",Binnen,30.0,Niet brandend,Overig asfalt,Droog,Daglicht,Droog,Insulindeweg,amsterdam,POINT (124132.61430000141 486035.94150000066),POINT (4.934055057214926 52.36134688445253),4.934055057214926,52.36134688445253,1,1,2,1
4841,304818,20220155660,2022,Letsel,2,bestelauto,fiets,Flank,"Kruispunt, 3 takken",Binnen,50.0,Niet brandend,Overig asfalt,Droog,Daglicht,Droog,BOS EN LOMMER 3,amsterdam,POINT (118012.44799999893 488680.4653000012),POINT (4.843920358386596 52.384735844576255),4.843920358386596,52.384735844576255,1,1,1,1
4842,304980,20230049614,2023,Letsel,2,bromfiets,personenauto,Flank,"Kruispunt, 3 takken",Binnen,50.0,Brandend,ZOAB,Droog,Duisternis,Droog,Ookmeerweg,amsterdam,POINT (114092.87700000033 486263.88699999824),POINT (4.78664559018306 52.36273957035072),4.78664559018306,52.36273957035072,1,1,1,1
4843,305088,20230059712,2023,Letsel,2,fiets,fiets,Onbekend,Rechte weg,Binnen,Unknown,Niet brandend,Unknown,Nat,Daglicht,Regen,Leidseplein,amsterdam,POINT (120479.73999999836 486238.4310000017),POINT (4.880410088080158 52.36294931400216),4.880410088080158,52.36294931400216,1,1,1,1
4844,305151,20230050461,2023,Uitsluitend materiele schade,2,bromfiets,fiets,Flank,"Kruispunt, 4 takken",Binnen,30.0,Niet brandend,Klinkers,Droog,Daglicht,Droog,Singel,amsterdam,POINT (120990.21730000153 487042.9807999991),POINT (4.887822778817154 52.370211885015216),4.887822778817154,52.370211885015216,1,1,2,1
4845,305297,20220212246,2022,Letsel,2,personenauto,fiets,Flank,"Kruispunt, 4 takken",Binnen,50.0,Niet brandend,Overig asfalt,Droog,Duisternis,Droog,Kamerlingh Onneslaan,amsterdam,POINT (123208.15799999982 484601.0320000015),POINT (4.920619583124382 52.34839812345123),4.920619583124382,52.34839812345123,1,1,1,1
4846,305324,20220212326,2022,Uitsluitend materiele schade,1,fiets,unknown,Voetganger,Rechte weg,Binnen,50.0,Brandend,ZOAB,Droog,Duisternis,Droog,Rijnstraat,amsterdam,POINT (122114.57499999925 484589.9789999984),POINT (4.904571515316531 52.348234432332326),4.904571515316531,52.348234432332326,1,1,2,1
4847,305355,20220211013,2022,Uitsluitend materiele schade,2,snorfiets,bestelauto,Frontaal,Rechte weg,Binnen,50.0,Niet brandend,ZOAB,Droog,Daglicht,Droog,Osdorperweg,amsterdam,POINT (113657.61600000039 486987.7820000015),POINT (4.780166836237875 52.36921274537004),4.780166836237875,52.36921274537004,1,1,2,1
4848,305419,20220210251,2022,Letsel,2,personenauto,fiets,Frontaal,"Kruispunt, 4 takken",Buiten,30.0,Niet brandend,Overig asfalt,Nat,Daglicht,Droog,1e C Huygensstr,amsterdam,POINT (120121.46299999952 486223.42599999905),POINT (4.87515195666482 52.36279182700701),4.87515195666482,52.36279182700701,1,1,1,1
4849,305496,20220211185,2022,Uitsluitend materiele schade,2,fiets,e-bike,Flank,Rechte weg,Binnen,50.0,Brandend,Overig asfalt,Droog,Schemer,Droog,Ringdijk,amsterdam,POINT (123747.43530000001 485344.8561999984),POINT (4.928464812829994 52.35511407744943),4.928464812829994,52.35511407744943,1,1,2,1
4850,305532,20220210495,2022,Uitsluitend materiele schade,2,bromfiets,fiets,Frontaal,Rechte weg,Buiten,70.0,Brandend,Overig asfalt,Nat,Duisternis,Droog,Seineweg,amsterdam,POINT (116307.55999999866 489114.4230000004),POINT (4.818829623695597 52.38851837488469),4.818829623695597,52.38851837488469,1,1,2,1
4851,305565,20220211274,2022,Letsel,2,motor,fiets,Flank,"Kruispunt, 4 takken",Buiten,50.0,Niet brandend,Overig asfalt,Droog,Daglicht,Droog,AMSTERDAM-OUD ZUID 8,amsterdam,POINT (118930.33410000056 483367.6009999998),POINT (4.857971800450235 52.33704876886789),4.857971800450235,52.33704876886789,1,1,1,1
4852,305659,20220212053,2022,Letsel,2,personenauto,fiets,Frontaal,"Kruispunt, 4 takken",Binnen,50.0,Brandend,ZOAB,Droog,Duisternis,Droog,Hugo de Grootplein,amsterdam,POINT (119981.78249999881 487556.3216000013),POINT (4.872962538863532 52.37476204002756),4.872962538863532,52.37476204002756,1,1,1,1
4853,305660,20220212068,2022,Uitsluitend materiele schade,2,snorfiets,personenauto,Kop/staart,Rechte weg,Binnen,30.0,Niet brandend,Klinkers,Droog,Daglicht,Droog,Rijswijkstraat,amsterdam,POINT (117650.08199999854 484824.6330000013),POINT (4.839026429766853 52.35005802752391),4.839026429766853,52.35005802752391,1,1,2,1
4854,305745,20220211489,2022,Uitsluitend materiele schade,2,bromfiets,personenauto,Flank,"Kruispunt, 4 takken",Binnen,30.0,Brandend,Overig asfalt,Nat,Duisternis,Regen,Kanaalstraat,amsterdam,POINT (119376.79410000145 486182.4365000017),POINT (4.864224235562163 52.362375653907435),4.864224235562163,52.36237565390744,1,1,2,1
4855,306058,20230111677,2023,Uitsluitend materiele schade,1,snorfiets,unknown,Onbekend,"Kruispunt, 4 takken",Binnen,30.0,Niet brandend,Klinkers,Nat,Daglicht,Regen,Elandsgracht,amsterdam,POINT (120503.08269999921 486972.39869999886),POINT (4.880677463271294 52.369547160238355),4.880677463271294,52.36954716023836,1,1,2,1
4856,306143,20230024262,2023,Uitsluitend materiele schade,2,fiets,bus,Flank,"Kruispunt, 4 takken",Binnen,50.0,Niet brandend,Overig asfalt,Droog,Daglicht,Droog,Radarweg,amsterdam,POINT (117472.49799999967 489371.06799999997),POINT (4.835912592467789 52.39090577907301),4.835912592467789,52.39090577907301,1,1,2,1
4857,306239,20230020921,2023,Uitsluitend materiele schade,2,fiets,bestelauto,Flank,"Kruispunt, 3 takken",Binnen,50.0,Niet aanwezig,Overig asfalt,Droog,Daglicht,Droog,Julius Pergerstraat,amsterdam,POINT (128751.90300000086 484944.3920000009),POINT (5.00195217558545 52.35177679392936),5.00195217558545,52.35177679392936,-1,0,2,0
4858,306317,20230067737,2023,Uitsluitend materiele schade,3,personenauto,fiets,Vast voorwerp,Bocht,Binnen,Unknown,Brandend,ZOAB,Nat,Duisternis,Droog,Houtmankade,amsterdam,POINT (120685.5159999989 488888.97199999914),POINT (4.883160349445002 52.38678335106579),4.883160349445002,52.38678335106579,1,1,2,1
4859,306390,20230079147,2023,Uitsluitend materiele schade,2,bromfiets,personenauto,Flank,Rotonde,Binnen,50.0,Brandend,Overig asfalt,Droog,Duisternis,Droog,IJdoornlaan,amsterdam,POINT (122896.70199999958 491366.0850000009),POINT (4.915402366862347 52.40917960433174),4.915402366862347,52.40917960433174,1,1,2,1
4860,306392,20230077301,2023,Letsel,2,boom,fiets,Eenzijdig,Rechte weg,Binnen,30.0,Niet brandend,Overig asfalt,Droog,Daglicht,Droog,Rijnstraat,amsterdam,POINT (122202.66000000015 484170.8969999999),POINT (4.905905061654983 52.344473258815455),4.905905061654983,52.344473258815455,1,1,1,1
4861,306467,20230024718,2023,Letsel,2,bromfiets,fiets,Onbekend,Rechte weg,Binnen,50.0,Niet brandend,Overig asfalt,Droog,Daglicht,Droog,Nassaukade,amsterdam,POINT (120259.34699999914 486653.3379999995),POINT (4.877131737955176 52.366664307714544),4.877131737955176,52.366664307714544,1,1,1,1
4862,306490,20230020165,2023,Letsel,2,bromfiets,personenauto,Flank,"Kruispunt, 4 takken",Binnen,50.0,Niet brandend,Overig asfalt,Droog,Daglicht,Droog,Anderlechtlaan,amsterdam,POINT (115760.56269999966 484048.86470000073),POINT (4.8113860662881605 52.3429543263105),4.8113860662881605,52.3429543263105,1,1,1,1
4863,306519,20230024811,2023,Letsel,1,fiets,unknown,Eenzijdig,Rechte weg,Binnen,30.0,Brandend,Unknown,Droog,Duisternis,Droog,Haarlemmerweg,amsterdam,POINT (120122.62799999863 488902.72399999946),POINT (4.874890997384086 52.38687146689343),4.874890997384086,52.38687146689343,1,1,1,1
4864,306555,20230023017,2023,Uitsluitend materiele schade,3,fiets,bromfiets,Onbekend,Rotonde,Binnen,Unknown,Niet brandend,Overig asfalt,Nat,Daglicht,Regen,Burgemeester Röellstraat,amsterdam,POINT (116272 487690),POINT (4.818471504801881 52.37571431347062),4.818471504801881,52.37571431347062,1,1,2,1
4865,306575,20230077755,2023,Uitsluitend materiele schade,2,personenauto,e-bike,Flank,"Kruispunt, 4 takken",Binnen,50.0,Brandend,Overig asfalt,Droog,Duisternis,Droog,Kastrupstraat,amsterdam,POINT (117463.56940000132 489366.85539999977),POINT (4.835781905038983 52.39086730905018),4.835781905038983,52.39086730905018,1,1,2,1
4866,306612,20230087511,2023,Uitsluitend materiele schade,2,personenauto,bromfiets,Flank,Rechte weg,Binnen,50.0,Brandend,Overig asfalt,Nat,Duisternis,Droog,Burg De Vlugtlaan,amsterdam,POINT (117342.74799999967 488088.02699999884),POINT (4.834150455138145 52.37936594659288),4.834150455138145,52.37936594659288,1,1,2,1
4867,306635,20230088166,2023,Uitsluitend materiele schade,2,bromfiets,personenauto,Flank,Rechte weg,Binnen,30.0,Niet brandend,Overig asfalt,Droog,Daglicht,Droog,Baarsjesweg,amsterdam,POINT (118833.26199999824 485926.33399999887),POINT (4.856272573605887 52.36003847334865),4.856272573605887,52.36003847334865,1,1,2,1
4868,306824,20230097818,2023,Uitsluitend materiele schade,2,personenauto,fiets,Flank,"Kruispunt, 4 takken",Binnen,50.0,Niet brandend,Overig asfalt,Droog,Daglicht,Droog,Beethovenstraat,amsterdam,POINT (120361.75120000169 484876.21240000054),POINT (4.878818224712285 52.350699214015656),4.878818224712285,52.350699214015656,1,1,2,1
4869,306947,20210080792,2021,Uitsluitend materiele schade,2,snorfiets,personenauto,Kop/staart,Rechte weg,Binnen,30.0,Brandend,Overig asfalt,Droog,Duisternis,Droog,Govert Flinckstraat,amsterdam,POINT (121506.07600000128 485403.9070000015),POINT (4.89556035861577 52.35551272225999),4.89556035861577,52.35551272225999,1,1,2,1
4870,306986,20210084040,2021,Uitsluitend materiele schade,2,personenauto,bromfiets,Flank,"Kruispunt, 4 takken",Binnen,50.0,Brandend,Overig asfalt,Droog,Duisternis,Droog,Van Baerlestraat,amsterdam,POINT (120359 485701),POINT (4.87869291933363 52.358111660850895),4.87869291933363,52.358111660850895,1,1,2,1
4871,306987,20210084049,2021,Letsel,3,personenauto,fiets,Frontaal,Rechte weg,Binnen,30.0,Niet brandend,Klinkers,Nat,Daglicht,Regen,Van der Pekstraat,amsterdam,POINT (122530.89499999955 489176.84600000083),POINT (4.910238286726477 52.38948281388638),4.910238286726477,52.38948281388638,1,1,1,1