,Unnamed: 0,accident_id,accident_year,outcome,num_parties,party1_type,party2_type,accident_nature,road_situation,built_up_area,speed_limit_kmh,street_lighting,road_surface,road_condition,light_condition,weather_condition,street_name,municipality,shape,geometry,longitude,latitude,cluster,future_hotspot_spatial,outcome_encoded,future_hotspot_pred
4872,306995,20210075813,2021,Uitsluitend materiele schade,2,bestelauto,bromfiets,Flank,Rechte weg,Binnen,50.0,Brandend,Overig asfalt,Nat,Duisternis,Unknown,Rijnstraat,amsterdam,POINT (122267.52600000054 483879.9629999995),POINT (4.9068852242212495 52.34186239751165),4.9068852242212495,52.34186239751165,1,1,2,1
4873,307079,20210087272,2021,Uitsluitend materiele schade,3,bromfiets,motor,Kop/staart,Rechte weg,Binnen,50.0,Niet brandend,Beton,Droog,Daglicht,Droog,Rozengracht,amsterdam,POINT (120318 487326),POINT (4.877923465754311 52.37271341598058),4.877923465754311,52.37271341598058,1,1,2,1
4874,307083,20210085421,2021,Uitsluitend materiele schade,2,bestelauto,bromfiets,Flank,"Kruispunt, 3 takken",Binnen,Unknown,Niet brandend,Overig asfalt,Nat,Daglicht,Droog,Thomas à Kempisstraat,amsterdam,POINT (115622.82889999822 487560.05799999833),POINT (4.808953911473179 52.37450032826821),4.808953911473179,52.37450032826821,1,1,2,1
4875,307114,20210088328,2021,Uitsluitend materiele schade,2,bromfiets,fiets,Frontaal,Rechte weg,Binnen,50.0,Brandend,Overig asfalt,Droog,Duisternis,Droog,Haarlemmerweg,amsterdam,POINT (118940.31199999899 488699.6499999985),POINT (4.857546471679014 52.38496999762999),4.857546471679014,52.38496999762999,1,1,2,1
4876,307168,20210017713,2021,Uitsluitend materiele schade,2,bromfiets,personenauto,Onbekend,Rechte weg,Binnen,50.0,Brandend,Overig asfalt,Droog,Duisternis,Droog,Eerste Van Swindenstraat,amsterdam,POINT (123789.17199999839 486220.59699999914),POINT (4.928996162622641 52.362987042313456),4.928996162622641,52.362987042313456,1,1,2,1
4877,307172,20210020921,2021,Uitsluitend materiele schade,2,snorfiets,personenauto,Flank,"Kruispunt, 4 takken",Binnen,50.0,Niet brandend,Overig asfalt,Droog,Daglicht,Droog,Cornelis Lelylaan,amsterdam,POINT (116880.95109999925 485654.25019999966),POINT (4.827644548055057 52.357461185536884),4.827644548055057,52.35746118553688,1,1,2,1
4878,307222,20210006715,2021,Uitsluitend materiele schade,2,personenauto,fiets,Flank,"Kruispunt, 3 takken",Binnen,50.0,Brandend,Overig asfalt,Nat,Duisternis,Droog,Parnassusweg,amsterdam,POINT (119683.64600000158 483319.561999999),POINT (4.869029374330085 52.33666594032782),4.869029374330085,52.33666594032782,1,1,2,1
4879,307330,20210008860,2021,Uitsluitend materiele schade,2,personenauto,fiets,Onbekend,"Kruispunt, 4 takken",Binnen,50.0,Niet brandend,Overig asfalt,Droog,Daglicht,Droog,Van Woustraat,amsterdam,POINT (122053.47250000015 484839.38379999995),POINT (4.903650376089083 52.350472259344656),4.903650376089083,52.350472259344656,1,1,2,1
4880,307339,20210020518,2021,Uitsluitend materiele schade,2,snorfiets,personenauto,Frontaal,"Kruispunt, 3 takken",Binnen,Unknown,Niet brandend,Overig asfalt,Droog,Daglicht,Droog,Egidiusstraat,amsterdam,POINT (118556.16910000145 488001.80970000103),POINT (4.851979979230028 52.37867297944051),4.851979979230028,52.37867297944051,1,1,2,1
4881,307340,20210021126,2021,Uitsluitend materiele schade,2,fiets,trein/tram,Flank,"Kruispunt, 4 takken",Binnen,50.0,Niet brandend,Klinkers,Droog,Daglicht,Droog,Paulus Potterstraat,amsterdam,POINT (120587.09099999815 485799.9690000005),POINT (4.882030922216621 52.35901546047382),4.882030922216621,52.35901546047382,1,1,2,1
4882,307496,20210004541,2021,Letsel,2,personenauto,fiets,Geparkeerd voertuig,Rechte weg,Binnen,30.0,Niet brandend,Klinkers,Nat,Daglicht,Droog,Javastraat,amsterdam,POINT (124095.16600000113 486294.7710000016),POINT (4.933481527238447 52.36367097080379),4.933481527238447,52.36367097080379,1,1,1,1
4883,307557,20210073094,2021,Uitsluitend materiele schade,3,personenauto,bromfiets,Kop/staart,"Kruispunt, 4 takken",Binnen,50.0,Niet brandend,Overig asfalt,Droog,Daglicht,Droog,Stadhouderskade,amsterdam,POINT (120590.71799999848 486104.5179999992),POINT (4.882053004816464 52.36175276121561),4.882053004816464,52.36175276121561,1,1,2,1
4884,307587,20210058783,2021,Uitsluitend materiele schade,2,snorfiets,fiets,Frontaal,Rechte weg,Binnen,50.0,Niet brandend,Beton,Droog,Daglicht,Droog,Clauskindereweg,amsterdam,POINT (114605.80299999937 485596.8200000003),POINT (4.7942556035710915 52.356782470096626),4.794255603571092,52.35678247009663,1,1,2,1
4885,307703,20210044770,2021,Uitsluitend materiele schade,1,fiets,unknown,Eenzijdig,"Kruispunt, 4 takken",Binnen,30.0,Niet brandend,Overig asfalt,Droog,Daglicht,Droog,Nobelweg,amsterdam,POINT (123424.80750000104 484874.4228999987),POINT (4.923773430523097 52.35086767816786),4.923773430523097,52.35086767816786,1,1,2,1
4886,307728,20210037340,2021,Uitsluitend materiele schade,2,personenauto,bromfiets,Kop/staart,"Kruispunt, 4 takken",Binnen,50.0,Niet brandend,Overig asfalt,Droog,Daglicht,Droog,Linnaeusstraat,amsterdam,POINT (123618.85810000077 485669.9433000013),POINT (4.926547229951391 52.35802842221616),4.926547229951391,52.35802842221616,1,1,2,1
4887,307835,20210046791,2021,Uitsluitend materiele schade,2,snorfiets,personenauto,Flank,"Kruispunt, 4 takken",Binnen,50.0,Niet brandend,Overig asfalt,Droog,Daglicht,Droog,De Boelelaan,amsterdam,POINT (118908.17599999905 483151.1739999987),POINT (4.857669895739586 52.33510221651896),4.857669895739586,52.33510221651896,1,1,2,1
4888,307899,20210085609,2021,Letsel,2,personenauto,fiets,Flank,"Kruispunt, 4 takken",Binnen,50.0,Niet brandend,Overig asfalt,Droog,Daglicht,Unknown,Maasstraat,amsterdam,POINT (121563.49450000003 484015.49909999967),POINT (4.896541105845824 52.343038129914305),4.896541105845824,52.34303812991431,1,1,1,1
4889,307953,20210065485,2021,Uitsluitend materiele schade,2,personenauto,fiets,Flank,Rechte weg,Binnen,50.0,Niet brandend,Klinkers,Droog,Daglicht,Unknown,Moreelsestraat,amsterdam,POINT (120545.71700000018 485387.5769999996),POINT (4.881465825022978 52.35530657398688),4.881465825022978,52.35530657398688,1,1,2,1
4890,307964,20210042638,2021,Uitsluitend materiele schade,2,fiets,fiets,Onbekend,Rechte weg,Binnen,50.0,Brandend,Overig asfalt,Droog,Duisternis,Droog,Overtoom,amsterdam,POINT (120068.87999999896 486201.80700000003),POINT (4.874382260170822 52.362594189444394),4.874382260170822,52.3625941894444,1,1,2,1
4891,308003,20210047580,2021,Uitsluitend materiele schade,3,personenauto,fiets,Flank,"Kruispunt, 3 takken",Binnen,Unknown,Brandend,Overig asfalt,Droog,Duisternis,Droog,Dr. H. Colijnstraat,amsterdam,POINT (115462.83639999852 488102.27600000054),POINT (4.8065407508469296 52.37936184190246),4.8065407508469296,52.37936184190246,1,1,2,1
4892,308055,20210069652,2021,Uitsluitend materiele schade,2,vrachtauto,e-bike,Onbekend,"Kruispunt, 3 takken",Binnen,30.0,Niet brandend,Klinkers,Nat,Daglicht,Unknown,Falckstraat,amsterdam,POINT (121564.24949999899 485923.44260000065),POINT (4.896362590657021 52.36018549905858),4.896362590657021,52.36018549905858,1,1,2,1
4893,308284,20210076300,2021,Uitsluitend materiele schade,2,personenauto,fiets,Los voorwerp,Rotonde,Binnen,50.0,Niet brandend,Overig asfalt,Droog,Duisternis,Droog,Koningin Wilhelminaplein,amsterdam,POINT (117448.99069999903 485509.65199999884),POINT (4.835998722895116 52.35620076596408),4.835998722895116,52.35620076596408,1,1,2,1
4894,308349,20210091238,2021,Uitsluitend materiele schade,2,personenauto,fiets,Flank,Rotonde,Binnen,50.0,Niet brandend,Overig asfalt,Nat,Daglicht,Unknown,Wagenaarstraat,amsterdam,POINT (123434.73020000011 486175.55099999905),POINT (4.923796970810568 52.36256194541931),4.923796970810568,52.36256194541931,1,1,2,1
4895,308638,20220080644,2022,Uitsluitend materiele schade,1,fiets,unknown,Voetganger,Rechte weg,Binnen,50.0,Niet brandend,Klinkers,Droog,Daglicht,Unknown,Comeniusstraat,amsterdam,POINT (116556.71499999985 485845.4629999995),POINT (4.822863364809008 52.35915706617628),4.822863364809008,52.35915706617628,1,1,2,1
4896,308672,20220080802,2022,Uitsluitend materiele schade,3,bromfiets,bestelauto,Kop/staart,Rechte weg,Binnen,50.0,Niet brandend,Overig asfalt,Nat,Daglicht,Unknown,Bos en Lommerweg,amsterdam,POINT (117606.14200000092 488016.625),POINT (4.838026571539376 52.37874224452898),4.838026571539376,52.37874224452898,1,1,2,1
4897,308705,20220016782,2022,Letsel,2,bestelauto,fiets,Flank,Rechte weg,Binnen,Unknown,Brandend,Overig asfalt,Droog,Duisternis,Droog,Louwesweg,amsterdam,POINT (116546.89200000092 484422.6950000003),POINT (4.822881785431727 52.34636961512367),4.822881785431727,52.34636961512367,1,1,1,1
4898,308720,20220080922,2022,Letsel,2,personenauto,fiets,Flank,"Kruispunt, 4 takken",Binnen,50.0,Niet brandend,Overig asfalt,Nat,Daglicht,Regen,Van Leijenberghlaan,amsterdam,POINT (120340.64449999854 483119.9818999991),POINT (4.878689277385786 52.33491406228359),4.878689277385786,52.33491406228359,1,1,1,1
4899,308777,20220055463,2022,Letsel,2,fiets,personenauto,Frontaal,Rechte weg,Binnen,30.0,Brandend,Klinkers,Droog,Duisternis,Droog,Nieuwe Passeerdersstraat,amsterdam,POINT (120386.67399999872 486636.3269999996),POINT (4.879002871373768 52.36651946404161),4.879002871373768,52.36651946404161,1,1,1,1
4900,308813,20220055568,2022,Letsel,2,personenauto,fiets,Frontaal,"Kruispunt, 4 takken",Binnen,50.0,Niet brandend,ZOAB,Droog,Daglicht,Droog,Amsteldijk,amsterdam,POINT (122229.49740000069 485298.95329999924),POINT (4.906189032565806 52.35461309321803),4.906189032565806,52.35461309321803,1,1,1,1
4901,308969,20220055795,2022,Uitsluitend materiele schade,2,personenauto,snorfiets,Flank,"Kruispunt, 3 takken",Binnen,50.0,Niet brandend,Overig asfalt,Droog,Daglicht,Droog,Linnaeusstraat,amsterdam,POINT (123627.45459999889 485615.0298999995),POINT (4.926678539299269 52.35753538703248),4.926678539299269,52.35753538703248,1,1,2,1
4902,308982,20220103131,2022,Letsel,2,personenauto,e-bike,Onbekend,"Kruispunt, 3 takken",Binnen,50.0,Niet brandend,ZOAB,Droog,Daglicht,Droog,Theemsweg,amsterdam,POINT (116308.85819999874 489186.9274000004),POINT (4.818840339025071 52.389170076021244),4.818840339025071,52.38917007602125,1,1,1,1
4903,309001,20220102378,2022,Letsel,2,personenauto,fiets,Eenzijdig,"Kruispunt, 4 takken",Binnen,50.0,Niet brandend,Overig asfalt,Droog,Daglicht,Unknown,Australiëhavenweg,amsterdam,POINT (114666.82789999992 490355.2558999993),POINT (4.794580134472249 52.39955178834106),4.794580134472249,52.39955178834106,-1,0,1,0
4904,309003,20220103163,2022,Uitsluitend materiele schade,2,snorfiets,personenauto,Frontaal,"Kruispunt, 3 takken",Binnen,50.0,Niet brandend,Overig asfalt,Nat,Daglicht,Regen,Bellamystraat,amsterdam,POINT (119205.91180000082 486595.2617000006),POINT (4.861671687826328 52.36607471705225),4.861671687826328,52.36607471705225,1,1,2,1
4905,309020,20220054793,2022,Uitsluitend materiele schade,2,bromfiets,fiets,Flank,"Kruispunt, 4 takken",Binnen,Unknown,Niet brandend,Overig asfalt,Droog,Daglicht,Droog,Tidorestraat,amsterdam,POINT (124558.67460000142 485893.4706999995),POINT (4.940322554800662 52.36009022282657),4.940322554800662,52.36009022282657,1,1,2,1
4906,309118,20220055093,2022,Letsel,2,personenauto,fiets,Frontaal,"Kruispunt, 3 takken",Binnen,50.0,Niet brandend,ZOAB,Droog,Daglicht,Droog,Van Boshuizenstraat,amsterdam,POINT (120872.99780000001 482008.09109999985),POINT (4.88661221494448 52.32495440409266),4.88661221494448,52.32495440409266,1,1,1,1
4907,309120,20220055162,2022,Letsel,2,personenauto,e-bike,Flank,"Kruispunt, 3 takken",Binnen,50.0,Niet brandend,Overig asfalt,Droog,Daglicht,Droog,Kingsfordweg,amsterdam,POINT (117920.78339999914 488937.4836000018),POINT (4.842545645609441 52.38703953750139),4.842545645609441,52.38703953750139,1,1,1,1
4908,309373,20230004010,2023,Letsel,1,fiets,unknown,Eenzijdig,Rechte weg,Binnen,50.0,Brandend,ZOAB,Droog,Duisternis,Droog,IJburglaan,amsterdam,POINT (127071.16699999943 486425.01399999857),POINT (4.977161107173574 52.36500088709934),4.977161107173574,52.36500088709934,1,1,1,1
4909,309584,20230020886,2023,Uitsluitend materiele schade,2,personenauto,bromfiets,Onbekend,Unknown,Unknown,30.0,Unknown,Unknown,Unknown,Duisternis,Unknown,Prinses Irenelaan,amsterdam,POINT (131025.19949999824 480097.71009999886),POINT (5.035662385090004 52.30832111343299),5.035662385090004,52.30832111343299,-1,0,2,0
4910,309794,20210026213,2021,Letsel,2,bromfiets,personenauto,Geparkeerd voertuig,Rechte weg,Binnen,30.0,Brandend,Klinkers,Droog,Duisternis,Droog,Van Karnebeekstraat,amsterdam,POINT (114858.21299999952 487583.875),POINT (4.797723311265451 52.374659009797256),4.797723311265451,52.374659009797256,1,1,1,1
4911,309970,20210033062,2021,Letsel,2,fiets,fiets,Flank,Rechte weg,Binnen,50.0,Niet brandend,Overig asfalt,Droog,Daglicht,Droog,Heemstedestraat,amsterdam,POINT (118320.51099999994 484992.5769999996),POINT (4.848847463905507 52.35161254877549),4.848847463905507,52.35161254877549,1,1,1,1
4912,310018,20220178007,2022,Letsel,2,fiets,voetganger,Voetganger,Rechte weg,Binnen,30.0,Niet brandend,Klinkers,Droog,Daglicht,Unknown,Paleisstraat,amsterdam,POINT (121232.51999999955 487317.2410000004),POINT (4.891352942109468 52.37269169325148),4.891352942109468,52.37269169325148,1,1,1,1
4913,310023,20220123113,2022,Uitsluitend materiele schade,2,personenauto,e-bike,Flank,"Kruispunt, 3 takken",Binnen,50.0,Niet brandend,Overig asfalt,Droog,Daglicht,Droog,Jan van Galenstraat,amsterdam,POINT (118818.57829999924 487523.52219999954),POINT (4.85588513368657 52.37439184973622),4.85588513368657,52.37439184973622,1,1,2,1
4914,310035,20220141919,2022,Uitsluitend materiele schade,2,personenauto,e-bike,Frontaal,"Kruispunt, 4 takken",Binnen,50.0,Niet brandend,ZOAB,Droog,Daglicht,Droog,Coentunnelcircuit,amsterdam,POINT (120106 492149),POINT (4.874309227528829 52.41604539685903),4.874309227528829,52.41604539685903,-1,0,2,0
4915,310103,20220142131,2022,Uitsluitend materiele schade,2,bestelauto,bromfiets,Kop/staart,Rechte weg,Binnen,30.0,Brandend,Klinkers,Droog,Duisternis,Droog,Looiersgracht,amsterdam,POINT (120457.91800000146 486818.48600000143),POINT (4.880030138408146 52.3681610643363),4.880030138408146,52.3681610643363,1,1,2,1
4916,310156,20220178200,2022,Letsel,2,bromfiets,voetganger,Voetganger,"Kruispunt, 4 takken",Binnen,50.0,Niet brandend,Overig asfalt,Nat,Daglicht,Droog,Dapperstraat,amsterdam,POINT (123766.96220000088 485976.4791000001),POINT (4.928692780828434 52.36079180734572),4.928692780828434,52.36079180734572,1,1,1,1
4917,310312,20220123796,2022,Letsel,2,personenauto,fiets,Flank,"Kruispunt, 3 takken",Binnen,50.0,Niet brandend,ZOAB,Droog,Daglicht,Droog,Kwelderweg,amsterdam,POINT (114002.6138000004 485498.98160000145),POINT (4.785413745226437 52.35585849505402),4.785413745226437,52.35585849505402,1,1,1,1
4918,310313,20220123802,2022,Letsel,1,snorfiets,unknown,Eenzijdig,Rechte weg,Binnen,50.0,Niet brandend,Overig asfalt,Droog,Daglicht,Droog,De Boelelaan,amsterdam,POINT (119880.57299999893 483114.49599999934),POINT (4.8719400353986 52.33483556013045),4.8719400353986,52.33483556013045,1,1,1,1
4919,310359,20220155362,2022,Uitsluitend materiele schade,2,personenauto,fiets,Flank,Rechte weg,Binnen,50.0,Niet brandend,Overig asfalt,Droog,Daglicht,Droog,Westermarkt,amsterdam,POINT (120735.24500000104 487463.81700000167),POINT (4.884036137673385 52.37397820942806),4.884036137673385,52.37397820942806,1,1,2,1
4920,310415,20220124046,2022,Uitsluitend materiele schade,2,personenauto,fiets,Flank,Rechte weg,Binnen,30.0,Brandend,Klinkers,Droog,Schemer,Droog,Schollenbrugstraat,amsterdam,POINT (122770.54899999872 484822.01999999955),POINT (4.914176172772937 52.35035873057506),4.914176172772937,52.35035873057506,1,1,2,1
4921,310446,20220124093,2022,Letsel,2,personenauto,bromfiets,Onbekend,"Kruispunt, 4 takken",Binnen,50.0,Niet brandend,Beton,Droog,Daglicht,Droog,Noordzijde,amsterdam,POINT (116839.94029999897 487415.3431000002),POINT (4.826842688432981 52.37328567940766),4.826842688432981,52.37328567940766,1,1,1,1
4922,310447,20220124111,2022,Uitsluitend materiele schade,2,personenauto,fiets,Flank,"Kruispunt, 4 takken",Binnen,50.0,Niet brandend,Overig asfalt,Droog,Daglicht,Droog,Amsteldijk,amsterdam,POINT (122206.25679999962 485343.5150000006),POINT (4.905843567834258 52.35501219759191),4.905843567834258,52.35501219759191,1,1,2,1
4923,310504,20220141756,2022,Uitsluitend materiele schade,2,snorfiets,personenauto,Flank,Rechte weg,Binnen,50.0,Niet brandend,Overig asfalt,Droog,Daglicht,Droog,Bos en Lommerweg,amsterdam,POINT (118801.9609999992 488505.5949999988),POINT (4.855535317515703 52.38321687549527),4.855535317515703,52.38321687549527,1,1,2,1
4924,310602,20230059910,2023,Uitsluitend materiele schade,2,fiets,personenauto,Flank,"Kruispunt, 4 takken",Binnen,50.0,Niet brandend,Klinkers,Droog,Daglicht,Droog,Voorburgstraat,amsterdam,POINT (117680.57470000163 484654.7564000003),POINT (4.8394927857626096 52.34853337227339),4.8394927857626096,52.34853337227339,1,1,2,1
4925,310655,20230059146,2023,Uitsluitend materiele schade,2,personenauto,fiets,Onbekend,"Kruispunt, 4 takken",Binnen,50.0,Niet brandend,Overig asfalt,Nat,Daglicht,Droog,Nassaukade,amsterdam,POINT (120366.17390000075 486323.56500000134),POINT (4.878734111172744 52.363707289333064),4.878734111172744,52.36370728933306,1,1,2,1
4926,310737,20230059709,2023,Uitsluitend materiele schade,2,bestelauto,bromfiets,Flank,"Kruispunt, 4 takken",Binnen,50.0,Niet brandend,ZOAB,Droog,Daglicht,Droog,Wilhelmina Druckerstraat,amsterdam,POINT (116875.64959999919 484820.21009999886),POINT (4.827661244716254 52.34996509195315),4.827661244716254,52.34996509195315,1,1,2,1
4927,310762,20230050397,2023,Uitsluitend materiele schade,2,personenauto,bromfiets,Flank,"Kruispunt, 4 takken",Binnen,50.0,Niet brandend,Overig asfalt,Droog,Daglicht,Droog,Admiraal De Ruijterweg,amsterdam,POINT (118741.58689999953 488212.1264999993),POINT (4.854680266981408 52.380575422198376),4.854680266981408,52.380575422198376,1,1,2,1
4928,310783,20230049870,2023,Uitsluitend materiele schade,2,fiets,fiets,Kop/staart,Rechte weg,Binnen,30.0,Niet brandend,Klinkers,Droog,Daglicht,Droog,Parnassusweg,amsterdam,POINT (119608.49599999934 484040.9750000015),POINT (4.867850952707957 52.34314467783044),4.867850952707957,52.34314467783044,1,1,2,1
4929,310987,20220210930,2022,Letsel,2,personenauto,fiets,Flank,Rotonde,Binnen,50.0,Niet brandend,Overig asfalt,Droog,Daglicht,Droog,Baden Powellweg,amsterdam,POINT (114172.81579999998 486280.7868999988),POINT (4.787817060554894 52.362897400459936),4.787817060554894,52.362897400459936,1,1,1,1
4930,311028,20220211628,2022,Uitsluitend materiele schade,2,personenauto,fiets,Flank,"Kruispunt, 3 takken",Binnen,50.0,Niet brandend,Overig asfalt,Droog,Daglicht,Droog,Willem Schermerhornstr,amsterdam,POINT (115239.95600000024 488454.75459999964),POINT (4.803225857805807 52.38251353024352),4.803225857805807,52.38251353024352,1,1,2,1
4931,311053,20220211695,2022,Uitsluitend materiele schade,2,bromfiets,fiets,Flank,"Kruispunt, 4 takken",Binnen,30.0,Niet brandend,Klinkers,Droog,Daglicht,Droog,Piet Mondriaanstraat,amsterdam,POINT (117759.14189999923 486585.3691999987),POINT (4.840432063365826 52.36588961809934),4.840432063365826,52.36588961809934,1,1,2,1
4932,311055,20220212372,2022,Uitsluitend materiele schade,2,bromfiets,personenauto,Flank,"Kruispunt, 4 takken",Binnen,50.0,Brandend,Overig asfalt,Nat,Duisternis,Regen,Rijnstraat,amsterdam,POINT (122121.88850000128 484514.6425999999),POINT (4.904686205906896 52.34755779546415),4.904686205906896,52.34755779546415,1,1,2,1
4933,311122,20220211093,2022,Uitsluitend materiele schade,3,bromfiets,fiets,Onbekend,"Kruispunt, 4 takken",Binnen,50.0,Brandend,ZOAB,Droog,Duisternis,Droog,Westeinde,amsterdam,POINT (121762 485657),POINT (4.899291825636309 52.3578028939327),4.899291825636309,52.3578028939327,1,1,2,1
4934,311123,20220211757,2022,Uitsluitend materiele schade,2,snorfiets,personenauto,Onbekend,"Kruispunt, 4 takken",Binnen,30.0,Brandend,Klinkers,Nat,Duisternis,Droog,Krimpertplein,amsterdam,POINT (126517.95080000162 481011.1688000001),POINT (4.96949713721223 52.316315947772146),4.96949713721223,52.31631594777215,0,1,2,1
4935,311192,20220211839,2022,Letsel,2,bromfiets,fiets,Flank,"Kruispunt, 4 takken",Binnen,30.0,Niet brandend,Klinkers,Droog,Daglicht,Droog,Korte Prinsengracht,amsterdam,POINT (121087.87220000103 488308.40019999817),POINT (4.889128940581713 52.38159060336896),4.889128940581713,52.38159060336896,1,1,1,1
4936,311229,20220211894,2022,Uitsluitend materiele schade,2,bromfiets,bestelauto,Flank,"Kruispunt, 4 takken",Binnen,50.0,Niet brandend,ZOAB,Nat,Daglicht,Regen,Willem Schermerhornstr,amsterdam,POINT (115239.95600000024 488454.75459999964),POINT (4.803225857805807 52.38251353024352),4.803225857805807,52.38251353024352,1,1,2,1
4937,311256,20220211917,2022,Uitsluitend materiele schade,2,bromfiets,personenauto,Onbekend,Rechte weg,Binnen,50.0,Brandend,Overig asfalt,Nat,Duisternis,Regen,Osdorper Ban,amsterdam,POINT (115298.03000000119 486280.0709999986),POINT (4.804335675530521 52.362973451096074),4.804335675530521,52.36297345109608,1,1,2,1
4938,311258,20220211922,2022,Uitsluitend materiele schade,3,personenauto,fiets,Onbekend,"Kruispunt, 4 takken",Binnen,30.0,Niet brandend,Klinkers,Nat,Daglicht,Droog,Dolingadreef,amsterdam,POINT (124508.22670000046 482016.6484000012),POINT (4.939933145391853 52.32524489567439),4.939933145391853,52.32524489567439,0,1,2,1
4939,311298,20220210566,2022,Uitsluitend materiele schade,2,fiets,e-bike,Flank,Rechte weg,Binnen,50.0,Niet brandend,Overig asfalt,Droog,Daglicht,Droog,Marnixstraat,amsterdam,POINT (120316.61699999869 486883.66000000015),POINT (4.877948799779006 52.36873789625751),4.877948799779006,52.36873789625751,1,1,2,1
4940,311333,20220211326,2022,Letsel,1,fiets,unknown,Eenzijdig,Rechte weg,Binnen,50.0,Niet brandend,Overig asfalt,Droog,Daglicht,Droog,Aquamarin,amsterdam,POINT (130356.34299999848 480301.7030000016),POINT (5.0258402429936115 52.310124956281896),5.025840242993612,52.310124956281896,-1,0,1,0
4941,311368,20220210678,2022,Uitsluitend materiele schade,1,bromfiets,unknown,Voetganger,Rechte weg,Binnen,50.0,Brandend,Overig asfalt,Droog,Duisternis,Droog,Transformatorweg,amsterdam,POINT (118331.08900000155 489439.9279999994),POINT (4.8485175261091085 52.39158267412204),4.8485175261091085,52.39158267412204,1,1,2,1
4942,311370,20220212047,2022,Letsel,2,snorfiets,fiets,Flank,Rechte weg,Binnen,30.0,Niet aanwezig,Overig asfalt,Droog,Daglicht,Droog,Julianaplein,amsterdam,POINT (123109.56899999827 484435.7329999991),POINT (4.919188376953401 52.34690680876096),4.919188376953401,52.34690680876096,1,1,1,1
4943,311429,20220212151,2022,Uitsluitend materiele schade,2,snorfiets,fiets,Flank,"Kruispunt, 4 takken",Binnen,Unknown,Brandend,Overig asfalt,Droog,Duisternis,Droog,Geldersekade,amsterdam,POINT (122024.31199999899 487694.05099999905),POINT (4.902942468163898 52.37612631461478),4.902942468163898,52.37612631461478,1,1,2,1
4944,311782,20230111139,2023,Letsel,2,fiets,unknown,Eenzijdig,"Kruispunt, 4 takken",Binnen,30.0,Niet brandend,Overig asfalt,Droog,Daglicht,Droog,Pieter Lastmankade,amsterdam,POINT (119066.91059999913 484685.7564000003),POINT (4.859834928605797 52.3489043807098),4.859834928605797,52.3489043807098,1,1,1,1
4945,311824,20230111987,2023,Uitsluitend materiele schade,2,fiets,personenauto,Onbekend,"Kruispunt, 4 takken",Binnen,30.0,Niet brandend,Overig asfalt,Droog,Schemer,Droog,Andersensingel,amsterdam,POINT (124885.21550000086 481683.9257999994),POINT (4.945492612038425 52.32227534743438),4.945492612038425,52.32227534743438,0,1,2,1
4946,311864,20230067104,2023,Uitsluitend materiele schade,2,personenauto,fiets,Flank,"Kruispunt, 4 takken",Binnen,50.0,Niet brandend,Beton,Droog,Daglicht,Droog,Wibautstraat,amsterdam,POINT (122409.76099999994 485909.1420000009),POINT (4.908775788043706 52.36010778599409),4.908775788043706,52.36010778599409,1,1,2,1
4947,311865,20230067303,2023,Uitsluitend materiele schade,1,fiets,unknown,Voetganger,Rechte weg,Binnen,50.0,Niet brandend,Beton,Nat,Daglicht,Regen,Haarlemmerweg,amsterdam,POINT (120353.85799999908 488742.88899999857),POINT (4.878303891316488 52.38544963333849),4.878303891316488,52.38544963333849,1,1,2,1
4948,311874,20230020856,2023,Letsel,2,fiets,motor,Flank,"Kruispunt, 4 takken",Binnen,50.0,Niet brandend,ZOAB,Nat,Daglicht,Droog,Pienemanstraat,amsterdam,POINT (121057.41679999977 484751.7965000011),POINT (4.889040693594372 52.34962445995326),4.889040693594372,52.34962445995326,1,1,1,1
4949,311927,20230074626,2023,Letsel,2,personenauto,fiets,Flank,"Kruispunt, 4 takken",Binnen,50.0,Brandend,Overig asfalt,Droog,Duisternis,Droog,Haarlemmerweg,amsterdam,POINT (118276.44610000029 488699.04740000144),POINT (4.847795842863237 52.3849205708168),4.847795842863237,52.3849205708168,1,1,1,1
4950,311936,20230023777,2023,Uitsluitend materiele schade,3,bestelauto,fiets,Los voorwerp,"Kruispunt, 4 takken",Binnen,50.0,Niet brandend,Overig asfalt,Droog,Daglicht,Droog,Johan Huizingalaan,amsterdam,POINT (116856 485517),POINT (4.827293864979522 52.35622595284293),4.827293864979522,52.35622595284293,1,1,2,1
4951,311947,20230067220,2023,Uitsluitend materiele schade,7,personenauto,fiets,Vast voorwerp,Bocht,Binnen,50.0,Niet brandend,Overig asfalt,Nat,Daglicht,Droog,Archimedesweg,amsterdam,POINT (124492.73999999836 485423.3729999997),POINT (4.939397291836031 52.35586162511926),4.939397291836031,52.35586162511926,1,1,2,1
4952,312002,20230020434,2023,Uitsluitend materiele schade,2,bestelauto,fiets,Flank,Rechte weg,Binnen,50.0,Niet brandend,Klinkers,Nat,Schemer,Droog,Haarlemmer Houttuinen,amsterdam,POINT (121201.68499999866 488304.19299999997),POINT (4.890800899007422 52.38155981063489),4.890800899007422,52.38155981063489,1,1,2,1