,Unnamed: 0,accident_id,accident_year,outcome,num_parties,party1_type,party2_type,accident_nature,road_situation,built_up_area,speed_limit_kmh,street_lighting,road_surface,road_condition,light_condition,weather_condition,street_name,municipality,shape,geometry,longitude,latitude,cluster,future_hotspot_spatial,outcome_encoded,future_hotspot_pred
4953,312024,20230077585,2023,Uitsluitend materiele schade,2,fiets,scootmobiel,Flank,"Kruispunt, 4 takken",Binnen,50.0,Niet brandend,Klinkers,Droog,Daglicht,Droog,Camperstraat,amsterdam,POINT (122765.06529999897 485580.3903999999),POINT (4.914023031062792 52.35717414748704),4.914023031062792,52.35717414748704,1,1,2,1
4954,312077,20230068050,2023,Letsel,2,bromfiets,fiets,Flank,"Kruispunt, 4 takken",Binnen,50.0,Niet brandend,Overig asfalt,Droog,Daglicht,Droog,Alexanderplein,amsterdam,POINT (123106.36199999973 486281.7019999996),POINT (4.918966308299095 52.36349699299695),4.918966308299095,52.36349699299695,1,1,1,1
4955,312116,20230078881,2023,Letsel,2,personenauto,fiets,Frontaal,"Kruispunt, 4 takken",Binnen,50.0,Niet brandend,ZOAB,Droog,Daglicht,Droog,Rooseveltlaan,amsterdam,POINT (122032.0791000016 484262.3498999998),POINT (4.903392924255276 52.345284972342476),4.903392924255276,52.34528497234248,1,1,1,1
4956,312181,20230020643,2023,Uitsluitend materiele schade,2,bromfiets,personenauto,Flank,"Kruispunt, 4 takken",Binnen,50.0,Brandend,Klinkers,Droog,Duisternis,Droog,Jasonstraat,amsterdam,POINT (119049.53599999845 484295.4230000004),POINT (4.859621638249948 52.34539520129253),4.859621638249948,52.34539520129253,1,1,2,1
4957,312184,20230024691,2023,Uitsluitend materiele schade,2,personenauto,e-bike,Flank,"Kruispunt, 3 takken",Binnen,50.0,Niet brandend,Overig asfalt,Nat,Daglicht,Regen,Buikslotermeerplein,amsterdam,POINT (124628.54729999974 490240.82719999924),POINT (4.940955296452347 52.39916521095215),4.940955296452347,52.39916521095215,1,1,2,1
4958,312231,20230020718,2023,Uitsluitend materiele schade,2,personenauto,fiets,Kop/staart,Rechte weg,Binnen,30.0,Brandend,Klinkers,Droog,Duisternis,Droog,Prinsengracht,amsterdam,POINT (120737.03599999845 487623.7179999985),POINT (4.884046134778392 52.37541539580356),4.884046134778392,52.37541539580356,1,1,2,1
4959,312310,20230020839,2023,Letsel,1,fiets,unknown,Eenzijdig,Rechte weg,Binnen,Unknown,Niet brandend,Klinkers,Nat,Daglicht,Droog,Transformatorweg,amsterdam,POINT (119196.60500000045 489604.40100000054),POINT (4.861214382964129 52.393117974358105),4.861214382964129,52.393117974358105,1,1,1,1
4960,312354,20230102531,2023,Uitsluitend materiele schade,2,personenauto,bromfiets,Flank,Rechte weg,Binnen,30.0,Niet brandend,Klinkers,Nat,Daglicht,Regen,Baarsjesweg,amsterdam,POINT (118718.42799999937 485702.7520000003),POINT (4.854610985966541 52.358021508743946),4.854610985966541,52.358021508743946,1,1,2,1
4961,312383,20230097531,2023,Uitsluitend materiele schade,2,fiets,fiets,Voetganger,Rechte weg,Binnen,50.0,Niet brandend,Unknown,Droog,Daglicht,Droog,Rozenstraat,amsterdam,POINT (120572.5850000009 487349.98999999836),POINT (4.881659270620872 52.37294504065738),4.881659270620872,52.37294504065738,1,1,2,1
4962,312475,20230097608,2023,Uitsluitend materiele schade,2,snorfiets,personenauto,Flank,"Kruispunt, 4 takken",Binnen,50.0,Niet aanwezig,ZOAB,Nat,Duisternis,Regen,tt. Vasumweg,amsterdam,POINT (121250.28799999878 490935.9230000004),POINT (4.891250170073003 52.40521481862714),4.891250170073003,52.40521481862714,1,1,2,1
4963,312489,20230087721,2023,Letsel,2,bromfiets,fiets,Kop/staart,Rechte weg,Binnen,30.0,Niet brandend,Klinkers,Droog,Daglicht,Droog,Alexander Dumaslaan,amsterdam,POINT (124598.28599999845 481772.9059999995),POINT (4.941276139983865 52.3230592645203),4.941276139983865,52.3230592645203,0,1,1,1
4964,312539,20230097142,2023,Uitsluitend materiele schade,2,personenauto,e-bike,Flank,"Kruispunt, 4 takken",Binnen,30.0,Brandend,Klinkers,Nat,Duisternis,Droog,Arcadia,amsterdam,POINT (123910.94099999964 485671.68659999967),POINT (4.930834546078869 52.358060695992044),4.930834546078869,52.358060695992044,1,1,2,1
4965,312595,20230087324,2023,Letsel,2,fiets,fiets,Kop/staart,Rechte weg,Binnen,Unknown,Niet aanwezig,Overig asfalt,Droog,Daglicht,Droog,Zuiderzeeweg,amsterdam,POINT (125770.36300000176 488957.63500000164),POINT (4.957843293521243 52.38769476169771),4.957843293521243,52.38769476169771,1,1,1,1
4966,312604,20230097262,2023,Letsel,2,fiets,fiets,Onbekend,Rechte weg,Binnen,50.0,Niet brandend,Overig asfalt,Nat,Daglicht,Regen,Jan Evertsenstraat,amsterdam,POINT (118926.35000000149 487180.7030000016),POINT (4.8575044765774305 52.37131793855779),4.857504476577431,52.37131793855779,1,1,1,1
4967,312666,20230097421,2023,Letsel,2,bromfiets,unknown,Eenzijdig,"Kruispunt, 4 takken",Binnen,50.0,Niet brandend,ZOAB,Nat,Daglicht,Regen,Kerkstraat,amsterdam,POINT (121271.43510000035 486232.1684000008),POINT (4.892033222790585 52.362942213353975),4.892033222790585,52.362942213353975,1,1,1,1
4968,312724,20210080825,2021,Uitsluitend materiele schade,2,personenauto,snorfiets,Flank,"Kruispunt, 3 takken",Binnen,50.0,Niet brandend,Overig asfalt,Droog,Daglicht,Droog,Houthavenkade,amsterdam,POINT (120160.378800001 489562.1251000017),POINT (4.875377084405155 52.39280005997345),4.875377084405155,52.39280005997345,1,1,2,1
4969,312773,20210075834,2021,Uitsluitend materiele schade,2,bromfiets,lichtmast,Vast voorwerp,Rechte weg,Binnen,50.0,Brandend,Overig asfalt,Droog,Duisternis,Unknown,Westerdoksdijk,amsterdam,POINT (121363.34200000018 488673.8269999996),POINT (4.893138094612057 52.38489174018211),4.893138094612057,52.38489174018211,1,1,2,1
4970,312823,20210080020,2021,Uitsluitend materiele schade,2,vrachtauto,fiets,Flank,Rechte weg,Buiten,50.0,Niet brandend,Overig asfalt,Droog,Daglicht,Unknown,Van Woustraat,amsterdam,POINT (122072.41600000113 484732.7329999991),POINT (4.9039388350045865 52.349514887406286),4.9039388350045865,52.349514887406286,1,1,2,1
4971,312832,20210087245,2021,Uitsluitend materiele schade,2,snorfiets,personenauto,Flank,"Kruispunt, 4 takken",Binnen,50.0,Brandend,Overig asfalt,Droog,Duisternis,Droog,Johan Huizingalaan,amsterdam,POINT (116847.61969999969 485848.0379000008),POINT (4.827133308059287 52.359200488249805),4.827133308059287,52.359200488249805,1,1,2,1
4972,312839,20210080063,2021,Uitsluitend materiele schade,2,personenauto,fiets,Los voorwerp,"Kruispunt, 4 takken",Binnen,50.0,Niet brandend,Overig asfalt,Droog,Daglicht,Droog,Meer en Vaart,amsterdam,POINT (115375.23999999836 486308.6660999991),POINT (4.80546577756342 52.36323601648116),4.80546577756342,52.36323601648116,1,1,2,1
4973,312844,20210087258,2021,Uitsluitend materiele schade,2,bromfiets,fiets,Frontaal,Rechte weg,Binnen,50.0,Brandend,Overig asfalt,Droog,Duisternis,Droog,Arlandaweg,amsterdam,POINT (117374.87700000033 488818.7749999985),POINT (4.834540449161352 52.38593553113047),4.834540449161352,52.38593553113047,1,1,2,1
4974,312848,20210086187,2021,Uitsluitend materiele schade,2,fiets,bromfiets,Frontaal,"Kruispunt, 4 takken",Binnen,50.0,Brandend,Klinkers,Droog,Duisternis,Droog,Prins Hendrikkade,amsterdam,POINT (121722.47690000013 487797.82990000024),POINT (4.898499769418886 52.377040795954194),4.898499769418886,52.377040795954194,1,1,2,1
4975,312866,20210086492,2021,Uitsluitend materiele schade,2,personenauto,fiets,Flank,"Kruispunt, 3 takken",Binnen,50.0,Niet brandend,Overig asfalt,Nat,Daglicht,Droog,Marnixplein,amsterdam,POINT (120386.11600000039 487927.2965000011),POINT (4.878861729836541 52.378121727849326),4.878861729836541,52.378121727849326,1,1,2,1
4976,312868,20210088321,2021,Uitsluitend materiele schade,2,personenauto,fiets,Flank,"Kruispunt, 3 takken",Binnen,50.0,Niet brandend,Overig asfalt,Droog,Daglicht,Droog,J.S. Ruppertstraat,amsterdam,POINT (114791.85579999909 485011.11349999905),POINT (4.797056547717964 52.351532252269074),4.797056547717964,52.351532252269074,1,1,2,1
4977,312901,20210016377,2021,Uitsluitend materiele schade,2,bromfiets,personenauto,Flank,Rechte weg,Binnen,30.0,Niet brandend,Klinkers,Droog,Daglicht,Droog,Kikkenstein,amsterdam,POINT (126911.70399999991 481037.7170000002),POINT (4.975269416830353 52.316574795952086),4.975269416830353,52.316574795952086,0,1,2,1
4978,312908,20210022683,2021,Letsel,3,snorfiets,personenauto,Voetganger,Rechte weg,Binnen,30.0,Niet brandend,Overig asfalt,Droog,Daglicht,Droog,Cruquiuskade,amsterdam,POINT (123940.19700000063 486718.53400000185),POINT (4.9311673069412585 52.36747073401615),4.9311673069412585,52.36747073401615,1,1,1,1
4979,312951,20210023014,2021,Letsel,2,personenauto,fiets,Flank,Rechte weg,Binnen,50.0,Niet brandend,Overig asfalt,Droog,Daglicht,Droog,Oudeschans,amsterdam,POINT (122145.79800000042 487204.5920000002),POINT (4.90477432757168 52.371734681488185),4.90477432757168,52.371734681488185,1,1,1,1
4980,313065,20210020514,2021,Uitsluitend materiele schade,2,bromfiets,e-bike,Onbekend,Rechte weg,Binnen,30.0,Niet brandend,Overig asfalt,Droog,Daglicht,Unknown,Reigersbos,amsterdam,POINT (126960.5309999995 478693.15100000054),POINT (4.976180388585634 52.29550551607231),4.976180388585634,52.29550551607231,-1,0,2,0
4981,313085,20210016040,2021,Uitsluitend materiele schade,2,personenauto,fiets,Voetganger,"Kruispunt, 4 takken",Binnen,50.0,Niet brandend,Overig asfalt,Droog,Daglicht,Droog,Transvaalstraat,amsterdam,POINT (123711.27199999988 485420.44200000167),POINT (4.927926977745043 52.3557913359856),4.927926977745043,52.3557913359856,1,1,2,1
4982,313312,20210034062,2021,Uitsluitend materiele schade,2,personenauto,fiets,Flank,"Kruispunt, 4 takken",Binnen,50.0,Brandend,Klinkers,Nat,Duisternis,Droog,Voorburgstraat,amsterdam,POINT (117680.57470000163 484654.7564000003),POINT (4.8394927857626096 52.34853337227339),4.8394927857626096,52.34853337227339,1,1,2,1
4983,313347,20210065646,2021,Letsel,3,fiets,fiets,Flank,"Kruispunt, 4 takken",Binnen,50.0,Niet brandend,Overig asfalt,Droog,Daglicht,Droog,Vespuccistraat,amsterdam,POINT (118666.2292000018 487106.4846000001),POINT (4.853693084231545 52.370633770439575),4.853693084231545,52.370633770439575,1,1,1,1
4984,313361,20210047193,2021,Letsel,2,bestelauto,snorfiets,Flank,"Kruispunt, 4 takken",Binnen,50.0,Niet brandend,Overig asfalt,Nat,Daglicht,Unknown,Bos en Lommerweg,amsterdam,POINT (117896.8610999994 487964.68189999834),POINT (4.8423017123253675 52.378295144042085),4.842301712325368,52.378295144042085,1,1,1,1
4985,313433,20210083680,2021,Letsel,2,bromfiets,fiets,Flank,"Kruispunt, 4 takken",Binnen,30.0,Niet brandend,Overig asfalt,Droog,Daglicht,Unknown,Joh.M. Coenenstraat,amsterdam,POINT (120424.65349999815 484992.41589999944),POINT (4.87972946712184 52.35174753305182),4.87972946712184,52.35174753305182,1,1,1,1
4986,313445,20210042373,2021,Uitsluitend materiele schade,2,bromfiets,bromfiets,Onbekend,Unknown,Unknown,50.0,Unknown,Unknown,Unknown,Daglicht,Unknown,Kattenburgerstraat,amsterdam,POINT (122933.30700000003 487184.48699999973),POINT (4.916339622083302 52.37160054024129),4.916339622083302,52.37160054024129,1,1,2,1
4987,313455,20210056984,2021,Uitsluitend materiele schade,2,personenauto,fiets,Frontaal,Bocht,Binnen,30.0,Niet brandend,Overig asfalt,Droog,Daglicht,Droog,Haarlemmer Houttuinen,amsterdam,POINT (121150 488350),POINT (4.890037201659656 52.38196830621541),4.890037201659656,52.38196830621541,1,1,2,1
4988,313512,20210057957,2021,Uitsluitend materiele schade,2,bromfiets,personenauto,Flank,"Kruispunt, 4 takken",Binnen,50.0,Niet brandend,Overig asfalt,Droog,Daglicht,Droog,Floraweg,amsterdam,POINT (122465.38940000162 490326.5960999988),POINT (4.909164631828468 52.39981204725284),4.909164631828468,52.39981204725284,1,1,2,1
4989,313661,20210065526,2021,Letsel,2,bromfiets,bromfiets,Frontaal,Rechte weg,Binnen,30.0,Brandend,Overig asfalt,Droog,Schemer,Unknown,IJburglaan,amsterdam,POINT (127236.60000000149 486222.5560000017),POINT (4.979606603392933 52.36318970380388),4.979606603392933,52.36318970380388,1,1,1,1
4990,313694,20210090044,2021,Letsel,2,bromfiets,personenauto,Geparkeerd voertuig,"Kruispunt, 3 takken",Binnen,30.0,Niet brandend,Overig asfalt,Droog,Daglicht,Droog,Rijnsburgstraat,amsterdam,POINT (118383.71959999949 484548.7930999994),POINT (4.849823448347126 52.347628353118395),4.849823448347126,52.3476283531184,1,1,1,1
4991,314341,20220081389,2022,Letsel,2,e-bike,fiets,Onbekend,"Kruispunt, 4 takken",Binnen,50.0,Niet brandend,Klinkers,Droog,Daglicht,Droog,Westeinde,amsterdam,POINT (121762 485657),POINT (4.899291825636309 52.3578028939327),4.899291825636309,52.3578028939327,1,1,1,1
4992,314473,20220055335,2022,Uitsluitend materiele schade,2,bromfiets,bestelauto,Onbekend,"Kruispunt, 4 takken",Binnen,Unknown,Niet brandend,Overig asfalt,Droog,Duisternis,Droog,IJdok,amsterdam,POINT (121373.96999999881 488731.3020000011),POINT (4.89328844274586 52.38540893455508),4.89328844274586,52.38540893455508,1,1,2,1
4993,314494,20220035829,2022,Uitsluitend materiele schade,2,bromfiets,bestelauto,Frontaal,Rechte weg,Binnen,50.0,Brandend,Overig asfalt,Nat,Duisternis,Unknown,Amstelveenseweg,amsterdam,POINT (118791.19000000134 485245.05700000003),POINT (4.855728313516562 52.353912876846714),4.855728313516562,52.35391287684672,1,1,2,1
4994,314500,20220055365,2022,Uitsluitend materiele schade,2,bromfiets,unknown,Onbekend,Unknown,Unknown,50.0,Unknown,Unknown,Unknown,Duisternis,Unknown,Schipluidenlaan,amsterdam,POINT (117659.44099999964 485522.7809999995),POINT (4.8390862974498745 52.356333103772535),4.8390862974498745,52.356333103772535,1,1,2,1
4995,314540,20220081121,2022,Letsel,2,bromfiets,voetganger,Voetganger,"Kruispunt, 4 takken",Binnen,50.0,Niet brandend,Overig asfalt,Droog,Daglicht,Droog,Nobelweg,amsterdam,POINT (123424.80750000104 484874.4228999987),POINT (4.923773430523097 52.35086767816786),4.923773430523097,52.35086767816786,1,1,1,1
4996,314603,20220055589,2022,Uitsluitend materiele schade,2,snorfiets,fiets,Geparkeerd voertuig,"Kruispunt, 3 takken",Binnen,50.0,Niet brandend,Klinkers,Droog,Daglicht,Droog,Nieuwezijds Voorburgwal,amsterdam,POINT (121186 487310),POINT (4.890670582121924 52.37262375374616),4.890670582121924,52.37262375374616,1,1,2,1
4997,314706,20220054596,2022,Letsel,2,personenauto,e-bike,Flank,"Kruispunt, 4 takken",Binnen,50.0,Niet brandend,Overig asfalt,Droog,Daglicht,Droog,Marnixstraat,amsterdam,POINT (120315.15419999883 486887.20329999924),POINT (4.877926956741878 52.368769648509506),4.877926956741878,52.36876964850951,1,1,1,1
4998,314718,20220103079,2022,Letsel,2,fiets,fiets,Flank,"Kruispunt, 3 takken",Binnen,15.0,Niet brandend,Overig asfalt,Droog,Daglicht,Droog,Emmalaan,amsterdam,POINT (119192 485465),POINT (4.861587786441335 52.355915835949915),4.861587786441335,52.35591583594992,1,1,1,1
4999,314753,20220015334,2022,Uitsluitend materiele schade,2,bromfiets,personenauto,Flank,"Kruispunt, 4 takken",Unknown,50.0,Niet brandend,Overig asfalt,Nat,Daglicht,Regen,Hendrik Jacobszstraat,amsterdam,POINT (119143.3702000007 484892.7831999995),POINT (4.860934976385988 52.35076998625011),4.860934976385988,52.35076998625011,1,1,2,1
5000,314769,20220103220,2022,Uitsluitend materiele schade,1,bromfiets,unknown,Onbekend,Rechte weg,Binnen,50.0,Brandend,ZOAB,Nat,Duisternis,Droog,Nassaukade,amsterdam,POINT (120133.52600000054 486918.3669999987),POINT (4.875256980727527 52.369038224526044),4.875256980727527,52.36903822452605,1,1,2,1
5001,315120,20230004003,2023,Letsel,2,fiets,fiets,Flank,Rechte weg,Binnen,Unknown,Niet brandend,Overig asfalt,Droog,Daglicht,Droog,Middenweg,amsterdam,POINT (124515.06599999964 484554.2960000001),POINT (4.9398037371807675 52.34805214132421),4.939803737180768,52.34805214132421,1,1,1,1
5002,315121,20230004197,2023,Uitsluitend materiele schade,2,bromfiets,fiets,Kop/staart,"Kruispunt, 3 takken",Binnen,15.0,Niet brandend,Overig asfalt,Droog,Daglicht,Droog,Radarweg,amsterdam,POINT (117504.79699999839 490765.99439999834),POINT (4.836231237079866 52.40344444098042),4.836231237079866,52.40344444098042,-1,0,2,0
5003,315214,20230004668,2023,Uitsluitend materiele schade,1,bromfiets,unknown,Flank,"Kruispunt, 4 takken",Binnen,30.0,Niet brandend,Klinkers,Droog,Daglicht,Droog,Geldersekade,amsterdam,POINT (121929.85990000144 487464.3319000006),POINT (4.901578052209045 52.374056080656516),4.901578052209045,52.37405608065652,1,1,2,1
5004,315423,20230066027,2023,Uitsluitend materiele schade,1,bromfiets,unknown,Onbekend,Unknown,Unknown,30.0,Unknown,Unknown,Unknown,Daglicht,Unknown,Leidseplein,amsterdam,POINT (120652.5 486412.5),POINT (4.8829285141420735 52.36452455351917),4.8829285141420735,52.36452455351917,1,1,2,1
5005,315779,20210018633,2021,Letsel,1,e-bike,unknown,Eenzijdig,Rechte weg,Binnen,50.0,Niet brandend,Overig asfalt,Droog,Daglicht,Droog,Oude Haagseweg,amsterdam,POINT (115421.58709999919 482829.4609000012),POINT (4.806555357662272 52.331970931976066),4.806555357662272,52.33197093197607,-1,0,1,0
5006,315848,20220141924,2022,Uitsluitend materiele schade,2,personenauto,bromfiets,Flank,"Kruispunt, 3 takken",Binnen,50.0,Niet brandend,Overig asfalt,Droog,Daglicht,Droog,Jodenbreestraat,amsterdam,POINT (122097.06410000101 486845.7395000011),POINT (4.9040938697595315 52.36850664596971),4.904093869759532,52.36850664596971,1,1,2,1
5007,315897,20220178095,2022,Uitsluitend materiele schade,2,snorfiets,fiets,Frontaal,Rechte weg,Binnen,30.0,Niet brandend,Klinkers,Nat,Daglicht,Regen,Eerste Oosterparkstraat,amsterdam,POINT (122823.04699999839 485604.59699999914),POINT (4.914871809484456 52.357395099398154),4.914871809484456,52.35739509939816,1,1,2,1
5008,315933,20220177877,2022,Letsel,2,snorfiets,voetganger,Voetganger,Rechte weg,Binnen,50.0,Niet brandend,ZOAB,Droog,Daglicht,Droog,Louis Davidsstraat,amsterdam,POINT (115684.97800000012 485139.08199999854),POINT (4.810149587717375 52.352746965938195),4.810149587717375,52.3527469659382,1,1,1,1
5009,315934,20220178179,2022,Letsel,2,fiets,fiets,Flank,"Kruispunt, 4 takken",Binnen,50.0,Niet brandend,Klinkers,Droog,Daglicht,Droog,Keizersgracht,amsterdam,POINT (120757.40089999884 487062.5335999988),POINT (4.88440236077997 52.37037314433008),4.88440236077997,52.37037314433008,1,1,1,1
5010,315954,20220142215,2022,Letsel,2,personenauto,fiets,Flank,Rechte weg,Binnen,50.0,Niet brandend,Overig asfalt,Droog,Daglicht,Droog,Plesmanlaan,amsterdam,POINT (116646.02800000086 484849.1229999997),POINT (4.8242879971262695 52.35020895986218),4.8242879971262695,52.35020895986218,1,1,1,1
5011,316003,20220178265,2022,Letsel,1,fiets,unknown,Eenzijdig,Rechte weg,Binnen,50.0,Brandend,Beton,Nat,Duisternis,Droog,Kromwijkdreef,amsterdam,POINT (127280.65700000152 480983.54199999943),POINT (4.980684696289615 52.31610661519026),4.980684696289615,52.31610661519026,0,1,1,1
5012,316019,20220123501,2022,Letsel,1,fiets,unknown,Eenzijdig,"Kruispunt, 4 takken",Binnen,Unknown,Brandend,ZOAB,Nat,Duisternis,Droog,Westeinde,amsterdam,POINT (121762 485657),POINT (4.899291825636309 52.3578028939327),4.899291825636309,52.3578028939327,1,1,1,1
5013,316052,20220142394,2022,Letsel,2,bromfiets,unknown,Eenzijdig,"Kruispunt, 4 takken",Binnen,30.0,Niet brandend,Overig asfalt,Droog,Daglicht,Droog,Jacob van Lennepkade,amsterdam,POINT (120062.28700000048 486581.53350000083),POINT (4.874246017099849 52.366006480465344),4.874246017099849,52.366006480465344,1,1,1,1
5014,316122,20220155347,2022,Uitsluitend materiele schade,1,fiets,unknown,Voetganger,"Kruispunt, 4 takken",Binnen,Unknown,Niet brandend,Klinkers,Droog,Daglicht,Droog,Stromarkt,amsterdam,POINT (121461.61780000106 488011.50879999995),POINT (4.894647671675529 52.378945316943636),4.894647671675529,52.37894531694364,1,1,2,1
5015,316135,20220123903,2022,Uitsluitend materiele schade,2,bromfiets,lichtmast,Vast voorwerp,Unknown,Unknown,50.0,Unknown,Unknown,Unknown,Daglicht,Unknown,Baden Powellweg,amsterdam,POINT (114239.3049999997 486015.27699999884),POINT (4.7888253255542805 52.3605161522255),4.7888253255542805,52.3605161522255,1,1,2,1
5016,316192,20220124071,2022,Letsel,2,e-bike,voetganger,Voetganger,"Kruispunt, 4 takken",Binnen,50.0,Niet brandend,Overig asfalt,Droog,Daglicht,Droog,Tweede Nassaustraat,amsterdam,POINT (120321.31370000169 488437.8443999998),POINT (4.877857374623979 52.38270606531588),4.877857374623979,52.38270606531588,1,1,1,1
5017,316197,20220141454,2022,Letsel,3,personenauto,e-bike,Onbekend,"Kruispunt, 4 takken",Binnen,Unknown,Niet brandend,Overig asfalt,Droog,Daglicht,Droog,Wijttenbachstraat,amsterdam,POINT (123541.40230000019 485893.1953999996),POINT (4.925389378399312 52.36003043726986),4.925389378399312,52.36003043726986,1,1,1,1
5018,316228,20220124104,2022,Letsel,2,bromfiets,personenauto,Flank,"Kruispunt, 4 takken",Binnen,50.0,Niet brandend,ZOAB,Droog,Daglicht,Droog,Elandsgracht,amsterdam,POINT (120323.6400000006 486890.47100000083),POINT (4.878051211900658 52.36879955210582),4.878051211900658,52.36879955210582,1,1,1,1
5019,316237,20220141508,2022,Uitsluitend materiele schade,2,fiets,unknown,Flank,"Kruispunt, 4 takken",Binnen,50.0,Niet brandend,Overig asfalt,Droog,Daglicht,Droog,Jan van Galenstraat,amsterdam,POINT (119295.71790000051 487605.0861000009),POINT (4.8628829142539285 52.37515611741284),4.8628829142539285,52.37515611741284,1,1,2,1
5020,316300,20220141760,2022,Uitsluitend materiele schade,2,snorfiets,personenauto,Flank,"Kruispunt, 4 takken",Binnen,50.0,Niet brandend,Beton,Droog,Daglicht,Droog,Jan Rebelstraat,amsterdam,POINT (113888.32730000094 486145.36989999935),POINT (4.7836572389291225 52.36165916426676),4.7836572389291225,52.36165916426676,1,1,2,1
5021,316328,20220141818,2022,Uitsluitend materiele schade,2,motor,fiets,Flank,"Kruispunt, 4 takken",Binnen,50.0,Brandend,Overig asfalt,Droog,Schemer,Droog,Panamalaan,amsterdam,POINT (124118.67300000042 487266.5560000017),POINT (4.933737366692226 52.37240605732191),4.933737366692226,52.37240605732191,1,1,2,1
5022,316368,20230040201,2023,Uitsluitend materiele schade,2,personenauto,fiets,Flank,"Kruispunt, 3 takken",Binnen,50.0,Niet brandend,Overig asfalt,Droog,Daglicht,Droog,Hortensiastraat,amsterdam,POINT (122812.27800000086 489717.566300001),POINT (4.914319789728644 52.39435899090606),4.914319789728644,52.39435899090606,1,1,2,1
5023,316373,20230048992,2023,Uitsluitend materiele schade,2,personenauto,fiets,Flank,"Kruispunt, 4 takken",Binnen,80.0,Niet brandend,Overig asfalt,Droog,Daglicht,Droog,GEUZENVELD,amsterdam,POINT (117986.87429999933 487906.17330000177),POINT (4.843630048597287 52.377775389736335),4.843630048597287,52.377775389736335,1,1,2,1
5024,316478,20230059635,2023,Uitsluitend materiele schade,2,snorfiets,motor,Flank,"Kruispunt, 3 takken",Binnen,50.0,Brandend,Beton,Droog,Duisternis,Droog,Jan Puntstraat,amsterdam,POINT (116947.50989999995 485518.0042999983),POINT (4.828636951017895 52.35624132467615),4.828636951017895,52.35624132467615,1,1,2,1
5025,316494,20230059668,2023,Uitsluitend materiele schade,2,personenauto,fiets,Los voorwerp,"Kruispunt, 3 takken",Binnen,50.0,Niet brandend,Beton,Droog,Daglicht,Droog,Dollardpad,amsterdam,POINT (124614.04050000012 490184.5223999992),POINT (4.940747250630038 52.39865838013339),4.940747250630038,52.39865838013339,1,1,2,1
5026,316519,20230049754,2023,Letsel,1,fiets,unknown,Eenzijdig,Bocht,Binnen,50.0,Brandend,Overig asfalt,Nat,Duisternis,Regen,Marnixstraat,amsterdam,POINT (120531.76799999923 488285.5920000002),POINT (4.880963950462595 52.381350987340795),4.880963950462595,52.3813509873408,1,1,1,1
5027,316521,20230050322,2023,Uitsluitend materiele schade,2,personenauto,fiets,Onbekend,"Kruispunt, 4 takken",Binnen,30.0,Niet brandend,Klinkers,Droog,Daglicht,Droog,Rosa Luxemburgstraat,amsterdam,POINT (126168 481497),POINT (4.964323467524651 52.32066410532523),4.964323467524651,52.32066410532523,0,1,2,1
5028,316541,20230049794,2023,Uitsluitend materiele schade,2,fiets,bestelauto,Kop/staart,"Kruispunt, 4 takken",Binnen,50.0,Niet brandend,Overig asfalt,Droog,Daglicht,Droog,Nassaukade,amsterdam,POINT (120302.56210000068 487978.65370000154),POINT (4.877629392829977 52.37857801466797),4.877629392829977,52.37857801466797,1,1,2,1
5029,316632,20230040626,2023,Uitsluitend materiele schade,2,bromfiets,personenauto,Flank,"Kruispunt, 4 takken",Binnen,50.0,Niet brandend,ZOAB,Droog,Daglicht,Droog,Rhijnspoorplein,amsterdam,POINT (122413.44959999993 485898.94469999894),POINT (4.908830923312792 52.360016358298786),4.908830923312792,52.36001635829879,1,1,2,1
5030,316786,20220211649,2022,Letsel,2,personenauto,e-bike,Flank,"Kruispunt, 4 takken",Binnen,50.0,Niet brandend,ZOAB,Nat,Daglicht,Regen,FIETSPAD,amsterdam,POINT (115370.24080000073 485196.74430000037),POINT (4.805523400072141 52.35324257856753),4.805523400072141,52.35324257856753,1,1,1,1
5031,316821,20220212362,2022,Uitsluitend materiele schade,1,bromfiets,unknown,Eenzijdig,Rechte weg,Binnen,50.0,Brandend,ZOAB,Nat,Duisternis,Droog,Vrijheidslaan,amsterdam,POINT (122599 484472),POINT (4.911692150190004 52.34720288843009),4.911692150190004,52.34720288843009,1,1,2,1
5032,316862,20220211711,2022,Letsel,2,bromfiets,fiets,Flank,"Kruispunt, 4 takken",Binnen,30.0,Brandend,Overig asfalt,Droog,Duisternis,Mist,Alfred Döblinstraat,amsterdam,POINT (124912.09650000185 481476.3431000002),POINT (4.945905413001445 52.32041118208587),4.945905413001445,52.32041118208587,0,1,1,1
5033,316865,20220212408,2022,Uitsluitend materiele schade,2,snorfiets,personenauto,Flank,"Kruispunt, 4 takken",Binnen,50.0,Brandend,Beton,Droog,Schemer,Droog,IJburglaan,amsterdam,POINT (128308.1950000003 485344.2085000016),POINT (4.995408152962263 52.355348742485496),4.995408152962263,52.355348742485496,-1,0,2,0
5034,316901,20220211092,2022,Letsel,2,fiets,fiets,Kop/staart,Rechte weg,Binnen,30.0,Brandend,Overig asfalt,Nat,Duisternis,Regen,Wibautstraat,amsterdam,POINT (122525.38899999857 485588.1020000018),POINT (4.91050416007928 52.357229339377874),4.91050416007928,52.357229339377874,1,1,1,1
5035,316924,20220211112,2022,Uitsluitend materiele schade,2,fiets,fiets,Flank,Rechte weg,Binnen,50.0,Niet brandend,Overig asfalt,Droog,Daglicht,Droog,Mercatorplein,amsterdam,POINT (118511.36400000006 487004.43499999866),POINT (4.851430275457881 52.369706357335026),4.851430275457881,52.36970635733503,1,1,2,1