,Unnamed: 0,accident_id,accident_year,outcome,num_parties,party1_type,party2_type,accident_nature,road_situation,built_up_area,speed_limit_kmh,street_lighting,road_surface,road_condition,light_condition,weather_condition,street_name,municipality,shape,geometry,longitude,latitude,cluster,future_hotspot_spatial,outcome_encoded,future_hotspot_pred
5036,316925,20220211794,2022,Uitsluitend materiele schade,2,bromfiets,personenauto,Flank,"Kruispunt, 4 takken",Binnen,50.0,Niet aanwezig,Overig asfalt,Droog,Daglicht,Droog,Stadionkade,amsterdam,POINT (119608 484178),POINT (4.867829267090418 52.34437613269054),4.867829267090418,52.34437613269054,1,1,2,1
5037,316958,20220210466,2022,Uitsluitend materiele schade,2,personenauto,fiets,Flank,"Kruispunt, 4 takken",Binnen,50.0,Niet brandend,Overig asfalt,Droog,Daglicht,Droog,Stadionweg,amsterdam,POINT (120629.22639999911 484652.9946000017),POINT (4.8827666147685855 52.34870987975446),4.8827666147685855,52.34870987975446,1,1,2,1
5038,316959,20220211850,2022,Uitsluitend materiele schade,3,personenauto,fiets,Onbekend,Rechte weg,Binnen,50.0,Brandend,Overig asfalt,Nat,Duisternis,Droog,Zuideinde,amsterdam,POINT (121219.51399999857 492866.84699999914),POINT (4.890603476291692 52.422566547857876),4.890603476291692,52.42256654785788,-1,0,2,0
5039,317089,20220211338,2022,Uitsluitend materiele schade,1,fiets,unknown,Voetganger,"Kruispunt, 4 takken",Binnen,30.0,Niet brandend,Overig asfalt,Droog,Daglicht,Droog,Nieuwe Vijzelstraat,amsterdam,POINT (121222.85570000112 485853.4239999987),POINT (4.891358090878468 52.35953533500686),4.891358090878468,52.35953533500686,1,1,2,1
5040,317203,20220212141,2022,Letsel,2,personenauto,fiets,Flank,"Kruispunt, 4 takken",Binnen,50.0,Brandend,Overig asfalt,Nat,Duisternis,Droog,Bos en Lommerweg,amsterdam,POINT (118735.53920000046 488235.4609000012),POINT (4.854588929841845 52.38078473442458),4.854588929841845,52.38078473442458,1,1,1,1
5041,317245,20220212180,2022,Uitsluitend materiele schade,3,personenauto,fiets,Los voorwerp,Rechte weg,Binnen,50.0,Brandend,Overig asfalt,Nat,Duisternis,Mist,Zuiderzeeweg,amsterdam,POINT (126061.24799999967 487142.33399999887),POINT (4.9622724040381705 52.37139543003385),4.9622724040381705,52.37139543003385,1,1,2,1
5042,317609,20230111155,2023,Letsel,2,snorfiets,bestelauto,Eenzijdig,Rechte weg,Binnen,50.0,Niet brandend,Klinkers,Droog,Daglicht,Droog,Prinsengracht,amsterdam,POINT (120656.01799999923 486984.9140000008),POINT (4.882921688232413 52.369669224046525),4.882921688232413,52.369669224046525,1,1,1,1
5043,317614,20230111738,2023,Uitsluitend materiele schade,2,bus,fiets,Flank,"Kruispunt, 3 takken",Binnen,30.0,Brandend,Overig asfalt,Droog,Schemer,Droog,Spaarndammerdijk,amsterdam,POINT (119637.66200000048 489562.71400000155),POINT (4.867698113794362 52.39277192067422),4.867698113794362,52.39277192067422,1,1,2,1
5044,317657,20230111454,2023,Uitsluitend materiele schade,1,bromfiets,unknown,Onbekend,Rechte weg,Binnen,30.0,Niet brandend,ZOAB,Nat,Daglicht,Regen,Bilderdijkkade,amsterdam,POINT (119681.86300000176 487086.75499999896),POINT (4.868607742386272 52.37052271242439),4.868607742386272,52.37052271242439,1,1,2,1
5045,317665,20230111521,2023,Uitsluitend materiele schade,2,personenauto,fiets,Flank,"Kruispunt, 4 takken",Binnen,30.0,Niet brandend,Overig asfalt,Nat,Daglicht,Droog,Ferdinand Bolstraat,amsterdam,POINT (121202.09600000083 485096.61100000143),POINT (4.8911293886755605 52.35273233850009),4.8911293886755605,52.35273233850009,1,1,2,1
5046,317689,20230066774,2023,Letsel,1,bromfiets,unknown,Eenzijdig,Rechte weg,Binnen,50.0,Brandend,Overig asfalt,Nat,Duisternis,Regen,Mauritskade,amsterdam,POINT (122526.74799999967 485910.84800000116),POINT (4.910492948955852 52.36013004619787),4.910492948955852,52.36013004619787,1,1,1,1
5047,317780,20230020972,2023,Letsel,2,bromfiets,fiets,Flank,"Kruispunt, 4 takken",Binnen,50.0,Niet brandend,Overig asfalt,Nat,Daglicht,Droog,Houthavenweg,amsterdam,POINT (120165.50299999863 489678.9990000017),POINT (4.875440234834723 52.39385075824068),4.875440234834723,52.39385075824068,1,1,1,1
5048,317852,20230078356,2023,Uitsluitend materiele schade,2,personenauto,fiets,Onbekend,"Kruispunt, 4 takken",Binnen,50.0,Niet brandend,Klinkers,Droog,Daglicht,Droog,Javaplein,amsterdam,POINT (124505.48389999941 486304.4781000018),POINT (4.939504464614072 52.36378114397026),4.939504464614072,52.36378114397026,1,1,2,1
5049,317855,20230078687,2023,Letsel,2,fiets,fiets,Kop/staart,"Kruispunt, 4 takken",Binnen,50.0,Niet aanwezig,Beton,Droog,Daglicht,Droog,Buiksloterdijk,amsterdam,POINT (122321.92480000108 491008.6235000007),POINT (4.906990324925352 52.40593307312219),4.906990324925352,52.40593307312219,1,1,1,1
5050,317861,20230020526,2023,Uitsluitend materiele schade,2,bestelauto,fiets,Flank,Rechte weg,Buiten,50.0,Niet brandend,Overig asfalt,Droog,Daglicht,Droog,Westhavenweg,amsterdam,POINT (116986.39699999988 491384.4609999992),POINT (4.828543881093017 52.40896702123186),4.828543881093017,52.40896702123186,-1,0,2,0
5051,317909,20230078916,2023,Uitsluitend materiele schade,3,personenauto,fiets,Onbekend,Rechte weg,Binnen,30.0,Niet brandend,Overig asfalt,Droog,Daglicht,Droog,Osdorperweg,amsterdam,POINT (114807.9609999992 483933.6409999989),POINT (4.797421595566358 52.341849945515506),4.797421595566358,52.34184994551551,1,1,2,1
5052,317921,20230024606,2023,Uitsluitend materiele schade,2,personenauto,fiets,Voetganger,Rechte weg,Binnen,50.0,Niet brandend,Overig asfalt,Droog,Duisternis,Droog,Jan Springerhof,amsterdam,POINT (114702.95800000057 488044.2969999984),POINT (4.79538829613027 52.37878552635096),4.79538829613027,52.37878552635096,1,1,2,1
5053,317927,20230036428,2023,Uitsluitend materiele schade,2,bromfiets,fiets,Kop/staart,"Kruispunt, 3 takken",Binnen,30.0,Niet brandend,Overig asfalt,Droog,Daglicht,Droog,Stadhouderskade,amsterdam,POINT (120992.2675999999 485836.81060000136),POINT (4.887974875841722 52.35937179902555),4.887974875841722,52.35937179902555,1,1,2,1
5054,317946,20230024023,2023,Uitsluitend materiele schade,2,fiets,personenauto,Flank,"Kruispunt, 3 takken",Binnen,50.0,Niet brandend,Overig asfalt,Nat,Daglicht,Droog,Stadhouderskade,amsterdam,POINT (121319.8636999987 485662.7672000006),POINT (4.892801202072413 52.357827798097624),4.892801202072413,52.35782779809762,1,1,2,1
5055,317948,20230024651,2023,Uitsluitend materiele schade,2,bromfiets,fiets,Flank,Rechte weg,Binnen,Unknown,Niet brandend,Overig asfalt,Droog,Daglicht,Droog,Prins Hendrikkade,amsterdam,POINT (121780.42799999937 487762.5859999992),POINT (4.8993542778875385 52.376727557957345),4.8993542778875385,52.37672755795735,1,1,2,1
5056,318020,20230022952,2023,Uitsluitend materiele schade,2,bromfiets,personenauto,Flank,"Kruispunt, 4 takken",Binnen,50.0,Brandend,ZOAB,Nat,Duisternis,Droog,Willem de Zwijgerlaan,amsterdam,POINT (118807.81300000101 488413.9160999991),POINT (4.855631144357415 52.382393322011445),4.855631144357415,52.382393322011445,1,1,2,1
5057,318052,20230066666,2023,Uitsluitend materiele schade,2,bromfiets,fiets,Flank,Rotonde,Binnen,Unknown,Brandend,Overig asfalt,Droog,Duisternis,Droog,J.F. Berghoefplantsoen,amsterdam,POINT (116420.19839999825 487476.1446999982),POINT (4.82067229351592 52.373802785737126),4.82067229351592,52.373802785737126,1,1,2,1
5058,318102,20230078299,2023,Uitsluitend materiele schade,2,fiets,bestelauto,Flank,"Kruispunt, 4 takken",Binnen,50.0,Niet brandend,Overig asfalt,Nat,Daglicht,Droog,Meer en Vaart,amsterdam,POINT (115646.07499999925 485514.9970000014),POINT (4.809534632967224 52.356122613318746),4.809534632967224,52.356122613318746,1,1,2,1
5059,318287,20230097687,2023,Uitsluitend materiele schade,3,unknown,fiets,Onbekend,"Kruispunt, 4 takken",Binnen,50.0,Niet brandend,ZOAB,Nat,Daglicht,Droog,Admiraal De Ruijterweg,amsterdam,POINT (118516.24100000039 488430.65300000086),POINT (4.851347037987908 52.38252444042549),4.851347037987908,52.38252444042549,1,1,2,1
5060,318288,20230097708,2023,Letsel,3,fiets,fiets,Onbekend,"Kruispunt, 3 takken",Binnen,30.0,Brandend,Klinkers,Nat,Duisternis,Regen,Nieuwmarkt,amsterdam,POINT (121865.93299999833 487279.01999999955),POINT (4.900657603851536 52.372386773720706),4.900657603851536,52.37238677372071,1,1,1,1
5061,318339,20230086697,2023,Uitsluitend materiele schade,2,bromfiets,personenauto,Flank,Rechte weg,Binnen,30.0,Unknown,ZOAB,Droog,Daglicht,Droog,Planciusstraat,amsterdam,POINT (120772.70800000057 488816.3449999988),POINT (4.884448463037625 52.38613607736511),4.884448463037625,52.38613607736511,1,1,2,1
5062,318375,20230087963,2023,Letsel,2,unknown,bromfiets,Eenzijdig,Rechte weg,Binnen,30.0,Niet brandend,Overig asfalt,Nat,Daglicht,Regen,De passage,amsterdam,POINT (124493.01999999955 480756.23600000143),POINT (4.9398241753930625 52.313916177898335),4.939824175393063,52.313916177898335,0,1,1,1
5063,318394,20230097919,2023,Uitsluitend materiele schade,1,fiets,unknown,Voetganger,Rechte weg,Binnen,Unknown,Niet brandend,Klinkers,Droog,Daglicht,Droog,Ferdinand Bolstraat,amsterdam,POINT (121219.59200000018 484929.9219999984),POINT (4.891402915318194 52.35123532593569),4.891402915318194,52.35123532593569,1,1,2,1
5064,318450,20210087323,2021,Letsel,3,personenauto,fiets,Geparkeerd voertuig,Rechte weg,Binnen,30.0,Niet brandend,Klinkers,Droog,Daglicht,Droog,Van Ostadestraat,amsterdam,POINT (121336.02600000054 485050.6229999997),POINT (4.893099701588507 52.35232725113194),4.893099701588507,52.35232725113194,1,1,1,1
5065,318471,20210079156,2021,Uitsluitend materiele schade,2,snorfiets,fiets,Onbekend,"Kruispunt, 4 takken",Binnen,Unknown,Niet aanwezig,Beton,Nat,Daglicht,Unknown,Molukkenstraat,amsterdam,POINT (124599.69370000064 485687.5276999995),POINT (4.9409433153359785 52.35824160921826),4.9409433153359785,52.35824160921826,1,1,2,1
5066,318539,20210087370,2021,Uitsluitend materiele schade,2,bromfiets,fiets,Flank,"Kruispunt, 4 takken",Binnen,30.0,Niet brandend,Klinkers,Droog,Daglicht,Droog,0223 BRUG,amsterdam,POINT (121680.11050000042 486998.24159999937),POINT (4.897956879926359 52.36985209082332),4.897956879926359,52.36985209082332,1,1,2,1
5067,318540,20210087388,2021,Uitsluitend materiele schade,2,fiets,overig vast object,Vast voorwerp,Rechte weg,Binnen,30.0,Brandend,Klinkers,Droog,Duisternis,Droog,Singel,amsterdam,POINT (121081.7899999991 487379.0529999994),POINT (4.889133421607677 52.373237926090745),4.889133421607677,52.373237926090745,1,1,2,1
5068,318595,20210087248,2021,Uitsluitend materiele schade,2,bromfiets,fiets,Flank,Rechte weg,Binnen,50.0,Brandend,ZOAB,Nat,Duisternis,Droog,Amstelveenseweg,amsterdam,POINT (118747.50800000131 485433.3669999987),POINT (4.855066879210849 52.35560239106678),4.855066879210849,52.35560239106678,1,1,2,1
5069,318607,20210078912,2021,Letsel,2,fiets,personenauto,Flank,Rechte weg,Binnen,50.0,Niet brandend,Overig asfalt,Nat,Daglicht,Regen,Osdorper Ban,amsterdam,POINT (115179.19200000167 486225.22300000116),POINT (4.802597585032875 52.36247191851583),4.802597585032875,52.36247191851583,1,1,1,1
5070,318613,20210087257,2021,Uitsluitend materiele schade,2,bromfiets,bromfiets,Frontaal,Rechte weg,Binnen,30.0,Niet brandend,Overig asfalt,Droog,Daglicht,Unknown,De Ruijterkade,amsterdam,POINT (122378.30900000036 487910.06700000167),POINT (4.9081199173825745 52.37808886019767),4.908119917382575,52.37808886019767,1,1,2,1
5071,318615,20210087315,2021,Uitsluitend materiele schade,1,bromfiets,unknown,Onbekend,Rechte weg,Binnen,50.0,Niet aanwezig,Overig asfalt,Nat,Duisternis,Unknown,Mr. Visserplein,amsterdam,POINT (122072.57999999821 486759.22300000116),POINT (4.90374285821728 52.367727627919045),4.90374285821728,52.367727627919045,1,1,2,1
5072,318621,20210085424,2021,Uitsluitend materiele schade,2,bestelauto,fiets,Flank,"Kruispunt, 4 takken",Binnen,50.0,Niet brandend,Unknown,Nat,Daglicht,Droog,Meeuwenlaan,amsterdam,POINT (122964.24700000137 488602.5529999994),POINT (4.9166587308013066 52.38434693999297),4.9166587308013066,52.38434693999297,1,1,2,1
5073,318629,20210080091,2021,Uitsluitend materiele schade,2,personenauto,fiets,Flank,"Kruispunt, 3 takken",Binnen,50.0,Niet brandend,Overig asfalt,Droog,Daglicht,Unknown,Transformatorweg,amsterdam,POINT (119189.35929999873 489545.9096999988),POINT (4.861114178853718 52.39259182757131),4.861114178853718,52.39259182757131,1,1,2,1
5074,318738,20210005423,2021,Uitsluitend materiele schade,1,fiets,unknown,Onbekend,Unknown,Unknown,30.0,Unknown,Unknown,Unknown,Daglicht,Unknown,Planciusstraat,amsterdam,POINT (120796.17199999839 488873.7030000016),POINT (4.884787265782657 52.38665303098767),4.884787265782657,52.38665303098767,1,1,2,1
5075,319028,20210007160,2021,Uitsluitend materiele schade,2,personenauto,bromfiets,Flank,Rotonde,Binnen,50.0,Niet aanwezig,Overig asfalt,Droog,Daglicht,Unknown,Laan van Vlaanderen,amsterdam,POINT (115756.82499999925 484272.10599999875),POINT (4.811305192511832 52.34496038380233),4.811305192511832,52.34496038380233,1,1,2,1
5076,319031,20210013133,2021,Uitsluitend materiele schade,2,personenauto,bromfiets,Flank,Rechte weg,Binnen,30.0,Niet brandend,Overig asfalt,Droog,Daglicht,Droog,Javaplein,amsterdam,POINT (124453.76900000125 486304.55000000075),POINT (4.938745237240181 52.363778916777356),4.938745237240181,52.36377891677736,1,1,2,1
5077,319099,20210063285,2021,Uitsluitend materiele schade,2,snorfiets,bestelauto,Onbekend,"Kruispunt, 4 takken",Binnen,30.0,Niet brandend,Overig asfalt,Droog,Daglicht,Droog,Wibautstraat,amsterdam,POINT (122409.76099999994 485909.1420000009),POINT (4.908775788043706 52.36010778599409),4.908775788043706,52.36010778599409,1,1,2,1
5078,319144,20210047192,2021,Letsel,2,personenauto,fiets,Flank,"Kruispunt, 4 takken",Binnen,30.0,Niet brandend,Klinkers,Droog,Daglicht,Droog,Warmondstraat,amsterdam,POINT (118364.50869999826 485354.2644999996),POINT (4.849453820025584 52.354866069508994),4.849453820025584,52.354866069508994,1,1,1,1
5079,319152,20210054494,2021,Uitsluitend materiele schade,2,personenauto,e-bike,Onbekend,Rotonde,Binnen,50.0,Niet brandend,Overig asfalt,Droog,Daglicht,Droog,Aalsmeerplein,amsterdam,POINT (118152.12299999967 484468.15100000054),POINT (4.846433509257161 52.34688811913818),4.846433509257161,52.34688811913818,1,1,2,1
5080,319155,20210054772,2021,Uitsluitend materiele schade,2,trein/tram,bromfiets,Flank,"Kruispunt, 4 takken",Binnen,50.0,Brandend,ZOAB,Nat,Schemer,Regen,Meer en Vaart,amsterdam,POINT (115290.85200000182 486513.96400000155),POINT (4.80420267768472 52.36507497542915),4.80420267768472,52.36507497542915,1,1,2,1
5081,319198,20210087320,2021,Letsel,2,personenauto,fiets,Flank,"Kruispunt, 3 takken",Binnen,50.0,Niet brandend,Overig asfalt,Nat,Daglicht,Unknown,Th. Weeversweg,amsterdam,POINT (124701 489888),POINT (4.942051662727154 52.395998253691985),4.942051662727154,52.39599825369199,1,1,1,1
5082,319283,20210055881,2021,Uitsluitend materiele schade,2,bromfiets,fiets,Flank,Rotonde,Binnen,50.0,Niet brandend,Beton,Droog,Daglicht,Droog,Nieuwendammerdijk,amsterdam,POINT (123526.39869999886 489334.2441000007),POINT (4.924846865130606 52.39095538282932),4.924846865130606,52.39095538282932,1,1,2,1
5083,319325,20210056648,2021,Uitsluitend materiele schade,2,bromfiets,personenauto,Flank,Rechte weg,Binnen,50.0,Brandend,Beton,Droog,Duisternis,Unknown,IJsbaanpad,amsterdam,POINT (118776.63500000164 483837.88899999857),POINT (4.855666144568445 52.341265285564404),4.855666144568445,52.3412652855644,1,1,2,1
5084,319345,20210041870,2021,Letsel,2,bromfiets,personenauto,Onbekend,"Kruispunt, 4 takken",Binnen,50.0,Niet brandend,Overig asfalt,Nat,Daglicht,Regen,Amstelveenseweg,amsterdam,POINT (118888.86520000175 482331.7074000016),POINT (4.857474438903668 52.32773613608988),4.857474438903668,52.32773613608988,1,1,1,1
5085,319402,20210039454,2021,Uitsluitend materiele schade,1,snorfiets,unknown,Voetganger,Rechte weg,Binnen,50.0,Brandend,Overig asfalt,Droog,Duisternis,Droog,Churchill-laan,amsterdam,POINT (121534.96599999815 484464.6160000004),POINT (4.896077826813112 52.34707276177697),4.896077826813112,52.34707276177697,1,1,2,1
5086,319416,20210051694,2021,Uitsluitend materiele schade,2,personenauto,fiets,Frontaal,"Kruispunt, 3 takken",Binnen,30.0,Niet brandend,Overig asfalt,Droog,Daglicht,Unknown,Sloterweg,amsterdam,POINT (115459.66930000111 483877.4998999983),POINT (4.806990958622871 52.34139266384527),4.806990958622871,52.34139266384527,1,1,2,1
5087,319429,20210065093,2021,Uitsluitend materiele schade,2,personenauto,fiets,Flank,"Kruispunt, 4 takken",Binnen,50.0,Niet brandend,Overig asfalt,Droog,Daglicht,Droog,Weteringschans,amsterdam,POINT (121001.06469999999 485967.46709999815),POINT (4.8880908035792325 52.36054659382145),4.8880908035792325,52.36054659382145,1,1,2,1
5088,319448,20210067944,2021,Uitsluitend materiele schade,2,snorfiets,fiets,Frontaal,Rechte weg,Binnen,50.0,Niet brandend,Beton,Droog,Daglicht,Droog,Bos en Lommerplein,amsterdam,POINT (118094.64499999955 487895.41600000113),POINT (4.845213881249241 52.37768596608063),4.845213881249241,52.37768596608063,1,1,2,1
5089,319449,20210067946,2021,Uitsluitend materiele schade,2,snorfiets,personenauto,Flank,"Kruispunt, 3 takken",Binnen,50.0,Niet brandend,Overig asfalt,Nat,Daglicht,Regen,Joost Bilhamerstraat,amsterdam,POINT (114915.54690000042 488436.4331),POINT (4.7984635023436635 52.38232527978501),4.798463502343664,52.38232527978501,1,1,2,1
5090,319465,20210075822,2021,Letsel,3,bromfiets,personenauto,Flank,"Kruispunt, 4 takken",Binnen,50.0,Niet brandend,Overig asfalt,Nat,Daglicht,Droog,Postjesweg,amsterdam,POINT (118618.42570000142 486391.91640000045),POINT (4.853068513777147 52.3642085991534),4.853068513777147,52.3642085991534,1,1,1,1
5091,319484,20210042650,2021,Uitsluitend materiele schade,2,bromfiets,fiets,Flank,"Kruispunt, 3 takken",Binnen,30.0,Brandend,Unknown,Droog,Schemer,Droog,TOEGANG WESTER,amsterdam,POINT (121631.7853000015 488222.1917999983),POINT (4.897125800415886 52.380849152851965),4.897125800415886,52.380849152851965,1,1,2,1
5092,319608,20210093228,2021,Uitsluitend materiele schade,2,snorfiets,bromfiets,Kop/staart,Rotonde,Binnen,50.0,Niet brandend,Unknown,Droog,Daglicht,Droog,Linnaeusstraat,amsterdam,POINT (123408.54300000146 486254.81379999965),POINT (4.923405084420911 52.36327280181953),4.923405084420911,52.36327280181953,1,1,2,1
5093,319744,20210092816,2021,Uitsluitend materiele schade,2,bromfiets,personenauto,Kop/staart,Rechte weg,Binnen,50.0,Brandend,Overig asfalt,Droog,Duisternis,Droog,Kinkerstraat,amsterdam,POINT (119328.95199999958 486470.4470000006),POINT (4.863491346588333 52.36496097839189),4.863491346588333,52.36496097839189,1,1,2,1
5094,319952,20210092465,2021,Uitsluitend materiele schade,2,bestelauto,bromfiets,Flank,"Kruispunt, 4 takken",Binnen,Unknown,Niet aanwezig,Overig asfalt,Nat,Daglicht,Unknown,Jacob van Lennepkade,amsterdam,POINT (119996.42550000176 486555.1367999986),POINT (4.873281818714075 52.36576505245538),4.873281818714075,52.36576505245538,1,1,2,1
5095,320141,20210090385,2021,Uitsluitend materiele schade,2,bestelauto,fiets,Flank,"Kruispunt, 3 takken",Binnen,50.0,Niet brandend,ZOAB,Droog,Daglicht,Unknown,Buikslotermeerplein,amsterdam,POINT (124542 489979),POINT (4.9397074474187015 52.3968072961093),4.9397074474187015,52.3968072961093,1,1,2,1
5096,320181,20220081442,2022,Letsel,2,bestelauto,snorfiets,Flank,"Kruispunt, 4 takken",Binnen,50.0,Niet brandend,ZOAB,Droog,Daglicht,Droog,De Savornin Lohmanstraat,amsterdam,POINT (115182.47170000151 487627.05490000173),POINT (4.80247968624929 52.37507068507114),4.80247968624929,52.37507068507114,1,1,1,1
5097,320207,20220081506,2022,Uitsluitend materiele schade,2,snorfiets,personenauto,Flank,"Kruispunt, 4 takken",Binnen,Unknown,Niet brandend,Overig asfalt,Droog,Daglicht,Droog,Haarlemmerweg,amsterdam,POINT (119009.07360000163 488697.01110000163),POINT (4.858556708729029 52.384950793898206),4.858556708729029,52.384950793898206,1,1,2,1
5098,320288,20220055376,2022,Uitsluitend materiele schade,2,trein/tram,bromfiets,Flank,Rechte weg,Binnen,30.0,Niet brandend,Overig asfalt,Droog,Daglicht,Droog,Rokin,amsterdam,POINT (121274.58799999952 486922.15199999884),POINT (4.892010298814214 52.3691434978659),4.892010298814214,52.3691434978659,1,1,2,1
5099,320299,20220080995,2022,Uitsluitend materiele schade,2,bromfiets,fiets,Flank,"Kruispunt, 4 takken",Binnen,30.0,Brandend,Overig asfalt,Nat,Duisternis,Regen,Javastraat,amsterdam,POINT (123892.3440000005 486255.19299999997),POINT (4.930507590715959 52.36330382094795),4.930507590715959,52.36330382094795,1,1,2,1
5100,320364,20220055519,2022,Uitsluitend materiele schade,2,snorfiets,fiets,Frontaal,"Kruispunt, 4 takken",Binnen,Unknown,Niet brandend,Overig asfalt,Droog,Daglicht,Droog,FIETSPAD,amsterdam,POINT (124126.73710000142 487292.9594999999),POINT (4.933853352609152 52.372643807814654),4.933853352609152,52.372643807814654,1,1,2,1
5101,320373,20220081218,2022,Uitsluitend materiele schade,2,snorfiets,fiets,Onbekend,"Kruispunt, 3 takken",Binnen,Unknown,Niet brandend,ZOAB,Nat,Daglicht,Regen,Stadhouderskade,amsterdam,POINT (120848.97199999914 485961.2710000016),POINT (4.885858752965181 52.360481473333294),4.885858752965181,52.360481473333294,1,1,2,1
5102,320401,20220081280,2022,Letsel,2,bestelauto,snorfiets,Flank,Rechte weg,Binnen,50.0,Niet brandend,Overig asfalt,Droog,Daglicht,Droog,Nicolaas Japiksestraat,amsterdam,POINT (116906.37200000137 486175.938000001),POINT (4.827958601390843 52.36215148128396),4.827958601390843,52.36215148128396,1,1,1,1
5103,320437,20220081292,2022,Uitsluitend materiele schade,3,unknown,fiets,Flank,Rechte weg,Binnen,30.0,Niet brandend,Overig asfalt,Droog,Daglicht,Droog,Schollenbrugpad,amsterdam,POINT (122733.69799999893 484956.5480000004),POINT (4.913622432433675 52.351565618517135),4.913622432433675,52.351565618517135,1,1,2,1
5104,320515,20220103108,2022,Uitsluitend materiele schade,2,personenauto,fiets,Flank,"Kruispunt, 4 takken",Binnen,30.0,Brandend,Overig asfalt,Nat,Duisternis,Droog,Prins Hendrikkade,amsterdam,POINT (121619.78959999979 487907.88699999824),POINT (4.896980851781134 52.3780236775007),4.896980851781134,52.3780236775007,1,1,2,1
5105,320561,20220102383,2022,Uitsluitend materiele schade,2,bromfiets,voetganger,Voetganger,"Kruispunt, 3 takken",Binnen,Unknown,Niet brandend,Overig asfalt,Droog,Daglicht,Droog,Jan Tooropstraat,amsterdam,POINT (117486.56469999999 486582.66039999947),POINT (4.836430549478159 52.365846723702504),4.836430549478159,52.3658467237025,1,1,2,1
5106,320563,20220102995,2022,Uitsluitend materiele schade,2,personenauto,fiets,Flank,"Kruispunt, 4 takken",Binnen,50.0,Brandend,ZOAB,Droog,Duisternis,Droog,Herengracht,amsterdam,POINT (121664.06199999899 486491.39730000123),POINT (4.897771499254128 52.3652959524094),4.897771499254128,52.3652959524094,1,1,2,1
5107,320592,20220103275,2022,Letsel,2,fiets,e-bike,Flank,Rechte weg,Binnen,50.0,Niet brandend,Overig asfalt,Nat,Daglicht,Regen,Lumeijstraat,amsterdam,POINT (119162.503800001 487495.3005999997),POINT (4.860938436485718 52.37416076928954),4.860938436485718,52.37416076928954,1,1,1,1
5108,320665,20220055153,2022,Uitsluitend materiele schade,2,personenauto,bromfiets,Frontaal,"Kruispunt, 4 takken",Binnen,50.0,Brandend,Overig asfalt,Droog,Duisternis,Droog,Johan Huizingalaan,amsterdam,POINT (116855.94409999996 484456.3211000003),POINT (4.827413291006112 52.34669336007607),4.827413291006112,52.34669336007607,1,1,2,1
5109,320983,20230066718,2023,Dodelijk,2,bromfiets,overig vast object,Vast voorwerp,Rotonde,Binnen,50.0,Brandend,Klinkers,Droog,Duisternis,Droog,Hogeweg,amsterdam,POINT (124017.55139999837 485308.3269999996),POINT (4.932432944363904 52.3548010742863),4.932432944363904,52.3548010742863,1,1,0,1
5110,321341,20210071673,2021,Letsel,2,bromfiets,bromfiets,Flank,Rechte weg,Binnen,50.0,Niet brandend,Klinkers,Droog,Daglicht,Droog,Helena Mercierstraat,amsterdam,POINT (116958.10599999875 484668.9820000008),POINT (4.828888481144356 52.34861168078335),4.828888481144356,52.34861168078335,1,1,1,1
5111,321616,20220177680,2022,Uitsluitend materiele schade,2,snorfiets,fiets,Flank,"Kruispunt, 4 takken",Binnen,30.0,Brandend,Overig asfalt,Nat,Daglicht,Regen,Nova Zemblastraat,amsterdam,POINT (120805.0428000018 489248.41110000014),POINT (4.884879409967659 52.39002118021639),4.884879409967659,52.39002118021639,1,1,2,1
5112,321629,20220141935,2022,Letsel,2,bromfiets,personenauto,Kop/staart,Rechte weg,Binnen,50.0,Brandend,Overig asfalt,Droog,Schemer,Droog,Julianaplein,amsterdam,POINT (123109.56899999827 484435.7329999991),POINT (4.919188376953401 52.34690680876096),4.919188376953401,52.34690680876096,1,1,1,1
5113,321649,20220177696,2022,Uitsluitend materiele schade,2,bromfiets,bromfiets,Onbekend,Rechte weg,Binnen,50.0,Niet brandend,Unknown,Unknown,Daglicht,Droog,Postjesweg,amsterdam,POINT (117752.23699999973 486378.23000000045),POINT (4.840353636659665 52.36402753935285),4.840353636659665,52.36402753935285,1,1,2,1
5114,321695,20220142128,2022,Letsel,2,personenauto,fiets,Flank,"Kruispunt, 3 takken",Binnen,50.0,Niet aanwezig,Overig asfalt,Droog,Daglicht,Droog,President Kennedylaan,amsterdam,POINT (122684.35990000144 484044.52419999987),POINT (4.912985879390284 52.34336603477082),4.912985879390284,52.34336603477082,1,1,1,1
5115,321740,20220178250,2022,Letsel,2,personenauto,fiets,Flank,Rotonde,Binnen,50.0,Niet brandend,Overig asfalt,Nat,Daglicht,Droog,FIETSPAD,amsterdam,POINT (125421.4338000007 478385.6394999996),POINT (4.9536466969444914 52.29266120043939),4.9536466969444914,52.29266120043939,-1,0,1,0
5116,321752,20220142234,2022,Uitsluitend materiele schade,3,personenauto,fiets,Onbekend,Rechte weg,Binnen,30.0,Niet brandend,Klinkers,Droog,Daglicht,Unknown,Nieuwe Weteringstraat,amsterdam,POINT (121128.2490000017 485980.99599999934),POINT (4.889956473067229 52.360676039083685),4.889956473067229,52.360676039083685,1,1,2,1
5117,321892,20220155350,2022,Uitsluitend materiele schade,2,bromfiets,fiets,Flank,Rechte weg,Binnen,Unknown,Niet brandend,Overig asfalt,Droog,Daglicht,Unknown,Orlyplein,amsterdam,POINT (117511.32800000161 489239.7470000014),POINT (4.836497654316678 52.389728225636915),4.836497654316678,52.38972822563692,1,1,2,1