,Unnamed: 0,accident_id,accident_year,outcome,num_parties,party1_type,party2_type,accident_nature,road_situation,built_up_area,speed_limit_kmh,street_lighting,road_surface,road_condition,light_condition,weather_condition,street_name,municipality,shape,geometry,longitude,latitude,cluster,future_hotspot_spatial,outcome_encoded,future_hotspot_pred
5118,321924,20220155401,2022,Uitsluitend materiele schade,2,personenauto,bromfiets,Flank,"Kruispunt, 4 takken",Binnen,30.0,Brandend,ZOAB,Droog,Duisternis,Droog,Willem Schoutenstraat,amsterdam,POINT (118574.62649999931 486718.8564000018),POINT (4.852390083051026 52.36714399013534),4.852390083051026,52.36714399013534,1,1,2,1
5119,321943,20220141349,2022,Uitsluitend materiele schade,2,personenauto,bromfiets,Flank,"Kruispunt, 3 takken",Binnen,50.0,Niet brandend,Overig asfalt,Droog,Daglicht,Droog,Simonskerkestraat,amsterdam,POINT (114451.37660000101 485384.67060000077),POINT (4.792014460106148 52.354864464762244),4.792014460106148,52.35486446476224,1,1,2,1
5120,321977,20220124067,2022,Uitsluitend materiele schade,2,personenauto,bromfiets,Flank,"Kruispunt, 4 takken",Binnen,50.0,Niet brandend,Overig asfalt,Droog,Daglicht,Droog,Nassaukade,amsterdam,POINT (120302.56210000068 487978.65370000154),POINT (4.877629392829977 52.37857801466797),4.877629392829977,52.37857801466797,1,1,2,1
5121,321991,20220155533,2022,Uitsluitend materiele schade,2,fiets,personenauto,Flank,"Kruispunt, 4 takken",Binnen,50.0,Brandend,Overig asfalt,Droog,Duisternis,Droog,Orteliusstraat,amsterdam,POINT (118366.25930000097 487023.53449999914),POINT (4.849297666204842 52.36986834894942),4.849297666204842,52.36986834894942,1,1,2,1
5122,322019,20220141585,2022,Uitsluitend materiele schade,2,personenauto,fiets,Onbekend,"Kruispunt, 4 takken",Binnen,Unknown,Brandend,Beton,Droog,Duisternis,Droog,Kerkstraat,amsterdam,POINT (121722.94249999896 486222.9232000001),POINT (4.898662512010282 52.36288666215819),4.898662512010282,52.36288666215819,1,1,2,1
5123,322046,20220124121,2022,Uitsluitend materiele schade,2,personenauto,fiets,Flank,Rechte weg,Binnen,50.0,Niet brandend,Klinkers,Droog,Daglicht,Droog,Van Hogendorpstraat,amsterdam,POINT (120023.6240000017 488476.00400000066),POINT (4.873481219352952 52.383030129501186),4.873481219352952,52.38303012950119,1,1,2,1
5124,322141,20230050632,2023,Uitsluitend materiele schade,2,personenauto,fiets,Flank,"Kruispunt, 3 takken",Binnen,50.0,Brandend,Overig asfalt,Nat,Duisternis,Regen,Stationsplein,amsterdam,POINT (121682.86879999936 488020.2558999993),POINT (4.8978960616250715 52.379037400189006),4.897896061625072,52.379037400189006,1,1,2,1
5125,322255,20230050214,2023,Letsel,2,personenauto,fiets,Flank,"Kruispunt, 3 takken",Binnen,30.0,Niet brandend,Klinkers,Droog,Daglicht,Droog,Osdorper Ban,amsterdam,POINT (115086.60909999907 486197.26089999825),POINT (4.801241768499304 52.362213897803976),4.801241768499304,52.362213897803976,1,1,1,1
5126,322283,20230060064,2023,Uitsluitend materiele schade,2,bromfiets,bestelauto,Kop/staart,Rechte weg,Binnen,30.0,Niet brandend,ZOAB,Droog,Daglicht,Droog,Tijl Uilenspiegelstraat,amsterdam,POINT (118368.27600000054 487941.631000001),POINT (4.849227205483894 52.3781196354509),4.849227205483894,52.3781196354509,1,1,2,1
5127,322303,20230058304,2023,Uitsluitend materiele schade,2,bestelauto,fiets,Flank,"Kruispunt, 4 takken",Binnen,50.0,Niet brandend,Overig asfalt,Nat,Daglicht,Regen,Betuwestraat,amsterdam,POINT (121610.84499999881 483611.98900000006),POINT (4.897275944825286 52.33941452106729),4.897275944825286,52.33941452106729,1,1,2,1
5128,322318,20230048624,2023,Uitsluitend materiele schade,2,bromfiets,fiets,Onbekend,"Kruispunt, 4 takken",Binnen,Unknown,Niet brandend,Overig asfalt,Droog,Daglicht,Droog,Zandpad,amsterdam,POINT (120543 486119),POINT (4.881351014971975 52.36187992410592),4.881351014971975,52.36187992410592,1,1,2,1
5129,322407,20230049384,2023,Uitsluitend materiele schade,2,personenauto,bromfiets,Flank,Rechte weg,Binnen,50.0,Niet brandend,Overig asfalt,Droog,Daglicht,Droog,Methaanweg,amsterdam,POINT (117834.61300000176 491275.41099999845),POINT (4.841021077784735 52.40804509581559),4.841021077784735,52.40804509581559,-1,0,2,0
5130,322454,20230048894,2023,Uitsluitend materiele schade,2,fiets,personenauto,Flank,"Kruispunt, 4 takken",Binnen,50.0,Brandend,ZOAB,Droog,Duisternis,Droog,L. van Sonsbeeckstraat,amsterdam,POINT (115181.64400000125 485926.94200000167),POINT (4.802668898681958 52.35979138425469),4.802668898681958,52.35979138425469,1,1,2,1
5131,322456,20230049426,2023,Uitsluitend materiele schade,2,bromfiets,fiets,Flank,"Kruispunt, 4 takken",Binnen,50.0,Niet brandend,Overig asfalt,Droog,Daglicht,Droog,Admiraal De Ruijterweg,amsterdam,POINT (119010.43510000035 487544.9835000001),POINT (4.8587001108461685 52.37459733605554),4.8587001108461685,52.37459733605554,1,1,2,1
5132,322468,20230048905,2023,Uitsluitend materiele schade,2,personenauto,fiets,Onbekend,"Kruispunt, 4 takken",Binnen,50.0,Niet brandend,Overig asfalt,Droog,Daglicht,Droog,Trompenburgstraat,amsterdam,POINT (122149.7602000013 484096.2853000015),POINT (4.905136067858183 52.343799537585774),4.905136067858183,52.343799537585774,1,1,2,1
5133,322478,20230039569,2023,Uitsluitend materiele schade,2,personenauto,fiets,Flank,"Kruispunt, 4 takken",Binnen,30.0,Niet brandend,ZOAB,Droog,Daglicht,Droog,Sarphatistraat,amsterdam,POINT (123117.33430000022 486295.3198999986),POINT (4.9191260989088565 52.363620018601154),4.9191260989088565,52.363620018601154,1,1,2,1
5134,322508,20220210871,2022,Uitsluitend materiele schade,2,snorfiets,bestelauto,Flank,"Kruispunt, 4 takken",Binnen,30.0,Niet brandend,Klinkers,Nat,Daglicht,Regen,Egelantiersgracht,amsterdam,POINT (120623.74740000069 487720.8894999996),POINT (4.8823725915760114 52.37628162185343),4.8823725915760114,52.37628162185343,1,1,2,1
5135,322612,20220210987,2022,Uitsluitend materiele schade,2,motor,fiets,Flank,"Kruispunt, 4 takken",Binnen,Unknown,Brandend,Beton,Droog,Duisternis,Droog,Valkenburgerstraat,amsterdam,POINT (122105.35990000144 486839.4043000005),POINT (4.904216291875826 52.36845020649106),4.904216291875826,52.36845020649106,1,1,2,1
5136,322838,20220211286,2022,Letsel,2,bestelauto,fiets,Flank,Rechte weg,Binnen,30.0,Brandend,Klinkers,Droog,Duisternis,Droog,Eva Besnyöstraat,amsterdam,POINT (128861.50499999896 485000.23600000143),POINT (5.003556468165611 52.35228391251328),5.003556468165611,52.35228391251328,-1,0,1,0
5137,322839,20220211295,2022,Uitsluitend materiele schade,2,vrachtauto,bromfiets,Onbekend,Rechte weg,Binnen,30.0,Niet brandend,Overig asfalt,Droog,Daglicht,Droog,Julianaplein,amsterdam,POINT (123109.56899999827 484435.7329999991),POINT (4.919188376953401 52.34690680876096),4.919188376953401,52.34690680876096,1,1,2,1
5138,322868,20220210635,2022,Uitsluitend materiele schade,2,bromfiets,fiets,Onbekend,"Kruispunt, 4 takken",Binnen,30.0,Niet brandend,Overig asfalt,Droog,Schemer,Droog,Jephtastraat,amsterdam,POINT (118124.51619999856 488349.54740000144),POINT (4.845602705525556 52.3817693534504),4.845602705525556,52.3817693534504,1,1,2,1
5139,322932,20220211416,2022,Uitsluitend materiele schade,2,personenauto,fiets,Flank,Rotonde,Binnen,50.0,Brandend,Overig asfalt,Nat,Duisternis,Regen,Meeuwenlaan,amsterdam,POINT (123447.70120000094 488971.6944999993),POINT (4.923724872652865 52.387692524913284),4.923724872652865,52.38769252491328,1,1,2,1
5140,322960,20220212156,2022,Letsel,2,bromfiets,personenauto,Flank,"Kruispunt, 4 takken",Binnen,Unknown,Niet brandend,ZOAB,Droog,Daglicht,Droog,Burg Cramergracht,amsterdam,POINT (117173.79250000045 487315.25719999894),POINT (4.8317561857037274 52.37240928476049),4.831756185703728,52.37240928476049,1,1,1,1
5141,322990,20220210810,2022,Letsel,2,bromfiets,personenauto,Flank,Rotonde,Binnen,50.0,Brandend,Overig asfalt,Nat,Duisternis,Droog,Softwareweg,amsterdam,POINT (120922.76550000161 491403.07620000094),POINT (4.8863899312924595 52.40939298092994),4.88638993129246,52.40939298092994,1,1,1,1
5142,323379,20230112076,2023,Letsel,2,personenauto,bromfiets,Geparkeerd voertuig,Rechte weg,Binnen,30.0,Brandend,Klinkers,Droog,Duisternis,Droog,Bloemendalerweg,amsterdam,POINT (130354.9149999991 481384.4299999997),POINT (5.025740159051617 52.319855923251865),5.025740159051617,52.319855923251865,-1,0,1,0
5143,323430,20230024292,2023,Letsel,1,e-bike,unknown,Eenzijdig,"Kruispunt, 4 takken",Binnen,50.0,Niet brandend,Overig asfalt,Nat,Daglicht,Regen,Haarlemmerweg,amsterdam,POINT (116324.4712000005 488675.61769999936),POINT (4.819128561476381 52.38457594542085),4.819128561476381,52.38457594542085,1,1,1,1
5144,323471,20230066930,2023,Uitsluitend materiele schade,2,bromfiets,fiets,Flank,"Kruispunt, 4 takken",Binnen,30.0,Niet brandend,Overig asfalt,Droog,Daglicht,Droog,Efua Sutherlandstraat,amsterdam,POINT (126389.82829999924 481594.89649999887),POINT (4.967568641980786 52.32155552991174),4.967568641980786,52.32155552991174,0,1,2,1
5145,323513,20230020410,2023,Uitsluitend materiele schade,2,snorfiets,bromfiets,Flank,"Kruispunt, 4 takken",Binnen,50.0,Brandend,Klinkers,Nat,Duisternis,Regen,Gerard Doustraat,amsterdam,POINT (121125.16849999875 485387.7446000017),POINT (4.88997099814674 52.355344112440825),4.88997099814674,52.355344112440825,1,1,2,1
5146,323586,20230078245,2023,Letsel,2,bromfiets,unknown,Eenzijdig,Rechte weg,Binnen,50.0,Niet brandend,Overig asfalt,Nat,Daglicht,Regen,Amstelveenseweg,amsterdam,POINT (118889.35000000149 482340.7899999991),POINT (4.857480576781046 52.32781779626139),4.857480576781046,52.32781779626139,1,1,1,1
5147,323655,20230078815,2023,Uitsluitend materiele schade,2,fiets,unknown,Los voorwerp,Rechte weg,Binnen,15.0,Niet brandend,Beton,Droog,Daglicht,Droog,Aletta Jacobslaan,amsterdam,POINT (117048.02899999917 484479.43200000003),POINT (4.83022953824643 52.34691436310695),4.83022953824643,52.34691436310695,1,1,2,1
5148,323708,20230077016,2023,Uitsluitend materiele schade,1,bromfiets,unknown,Frontaal,"Kruispunt, 4 takken",Binnen,50.0,Niet brandend,ZOAB,Droog,Daglicht,Droog,Haarlemmerweg,amsterdam,POINT (118284 488687),POINT (4.847908109416528 52.38481280352681),4.847908109416528,52.38481280352681,1,1,2,1
5149,323710,20230078361,2023,Uitsluitend materiele schade,2,motor,fiets,Flank,Rechte weg,Binnen,50.0,Niet brandend,Beton,Nat,Daglicht,Regen,2e Hugo de Grootstraat,amsterdam,POINT (119822.66899999976 487604.27800000086),POINT (4.870621031453034 52.375182866439324),4.870621031453034,52.37518286643933,1,1,2,1
5150,323747,20230020690,2023,Uitsluitend materiele schade,2,bromfiets,motor,Kop/staart,"Kruispunt, 3 takken",Binnen,50.0,Niet brandend,Overig asfalt,Droog,Schemer,Droog,Papaverweg,amsterdam,POINT (122669.44700000063 489745.9970000014),POINT (4.912218725030693 52.39460610959674),4.912218725030693,52.39460610959674,1,1,2,1
5151,323888,20230097470,2023,Uitsluitend materiele schade,2,personenauto,fiets,Flank,"Kruispunt, 4 takken",Binnen,50.0,Brandend,Overig asfalt,Droog,Duisternis,Droog,Mauritskade,amsterdam,POINT (123191.05939999968 486226.67639999837),POINT (4.920214935994748 52.36300737058467),4.920214935994748,52.36300737058467,1,1,2,1
5152,324229,20210075814,2021,Uitsluitend materiele schade,2,snorfiets,bestelauto,Flank,Rechte weg,Binnen,30.0,Niet brandend,Klinkers,Droog,Daglicht,Droog,Spaarndammerstraat,amsterdam,POINT (120403.62900000066 489241.5940000005),POINT (4.8789835523661065 52.389934757763264),4.8789835523661065,52.389934757763264,1,1,2,1
5153,324262,20210084055,2021,Letsel,2,bromfiets,personenauto,Flank,"Kruispunt, 4 takken",Binnen,50.0,Niet brandend,Overig asfalt,Droog,Daglicht,Droog,Coentunnelcircuit,amsterdam,POINT (120106 492149),POINT (4.874309227528829 52.41604539685903),4.874309227528829,52.41604539685903,-1,0,1,1
5154,324273,20210081695,2021,Uitsluitend materiele schade,2,personenauto,snorfiets,Flank,"Kruispunt, 4 takken",Binnen,50.0,Niet brandend,Overig asfalt,Droog,Daglicht,Unknown,Koos Vorrinkweg,amsterdam,POINT (114996.14600000158 485075.0700000003),POINT (4.800047224167302 52.35212195488326),4.800047224167302,52.35212195488326,1,1,2,1
5155,324336,20210087237,2021,Letsel,2,snorfiets,fiets,Kop/staart,"Kruispunt, 3 takken",Binnen,Unknown,Niet brandend,Overig asfalt,Droog,Daglicht,Droog,Wibautstraat,amsterdam,POINT (122949.15399999917 484752.94099999964),POINT (4.9168040330451195 52.34974833934168),4.91680403304512,52.34974833934168,1,1,1,1
5156,324389,20210089320,2021,Uitsluitend materiele schade,2,bromfiets,bestelauto,Flank,Rechte weg,Binnen,50.0,Brandend,Overig asfalt,Droog,Duisternis,Droog,Burg De Vlugtlaan,amsterdam,POINT (116343.70399999991 488379.69200000167),POINT (4.8194450994467735 52.38191776127794),4.8194450994467735,52.38191776127794,1,1,2,1
5157,324435,20210027231,2021,Letsel,2,personenauto,bromfiets,Onbekend,"Kruispunt, 4 takken",Binnen,50.0,Niet brandend,Overig asfalt,Droog,Daglicht,Droog,Jacob van Lennepstraat,amsterdam,POINT (119968 486601),POINT (4.872859712971377 52.36617542559926),4.872859712971377,52.36617542559926,1,1,1,1
5158,324466,20210020280,2021,Letsel,2,bromfiets,personenauto,Onbekend,Bocht,Binnen,30.0,Niet brandend,Overig asfalt,Droog,Daglicht,Droog,Bellamyplein,amsterdam,POINT (119619.80900000036 486840.73999999836),POINT (4.86772249636632 52.36830771528997),4.86772249636632,52.36830771528997,1,1,1,1
5159,324472,20210027594,2021,Letsel,2,personenauto,fiets,Flank,"Kruispunt, 3 takken",Binnen,50.0,Niet brandend,Overig asfalt,Droog,Daglicht,Droog,Kamerlingh Onneslaan,amsterdam,POINT (123440.47569999844 484669.90210000053),POINT (4.924022567289331 52.349030475168576),4.924022567289331,52.349030475168576,1,1,1,1
5160,324542,20210023728,2021,Letsel,2,bromfiets,personenauto,Flank,"Kruispunt, 3 takken",Binnen,30.0,Niet brandend,Overig asfalt,Droog,Daglicht,Droog,Lucellestraat,amsterdam,POINT (118352.56069999933 488357.6752000004),POINT (4.848951036899969 52.381857670337546),4.848951036899969,52.381857670337546,1,1,1,1
5161,324604,20210026726,2021,Uitsluitend materiele schade,2,personenauto,fiets,Flank,"Kruispunt, 4 takken",Binnen,Unknown,Niet brandend,Klinkers,Droog,Daglicht,Droog,Singel,amsterdam,POINT (120970.70820000023 486880.7833000012),POINT (4.887552747151846 52.36875296042486),4.887552747151846,52.36875296042486,1,1,2,1
5162,324702,20210026012,2021,Uitsluitend materiele schade,2,personenauto,fiets,Flank,Rotonde,Binnen,50.0,Brandend,Overig asfalt,Droog,Duisternis,Droog,Amstelplein,amsterdam,POINT (123050.69179999828 484094.48099999875),POINT (4.918356729851089 52.34383643195293),4.918356729851089,52.34383643195293,1,1,2,1
5163,324728,20210029779,2021,Uitsluitend materiele schade,2,personenauto,fiets,Flank,"Kruispunt, 3 takken",Binnen,Unknown,Niet brandend,Overig asfalt,Droog,Daglicht,Droog,Den Brielstraat,amsterdam,POINT (119009.5362999998 488714.51410000026),POINT (4.858561629282988 52.385108127704484),4.858561629282988,52.38510812770448,1,1,2,1
5164,324779,20210012399,2021,Letsel,3,bromfiets,personenauto,Onbekend,Unknown,Unknown,30.0,Unknown,Unknown,Unknown,Duisternis,Unknown,Zuideinde,amsterdam,POINT (121502.21799999848 492388.09600000083),POINT (4.894807143330155 52.418281257854964),4.894807143330155,52.41828125785496,1,1,1,1
5165,324780,20210012401,2021,Uitsluitend materiele schade,2,fiets,e-bike,Frontaal,Rechte weg,Binnen,30.0,Niet brandend,Klinkers,Droog,Daglicht,Droog,Ouderkerkerdijk,amsterdam,POINT (121865.00299999863 482895.19999999925),POINT (4.901075676561955 52.33298785609771),4.901075676561955,52.33298785609771,1,1,2,1
5166,324832,20210074212,2021,Uitsluitend materiele schade,2,personenauto,fiets,Flank,"Kruispunt, 3 takken",Binnen,30.0,Brandend,Overig asfalt,Droog,Duisternis,Unknown,Oosterdoksstraat,amsterdam,POINT (122346.59809999913 487734.96269999817),POINT (4.907671240182224 52.376513260644394),4.907671240182224,52.3765132606444,1,1,2,1
5167,324894,20210065656,2021,Uitsluitend materiele schade,2,personenauto,fiets,Onbekend,"Kruispunt, 4 takken",Binnen,Unknown,Niet brandend,Overig asfalt,Droog,Daglicht,Droog,De Ruijterkade,amsterdam,POINT (122163.30579999834 487921.1838000007),POINT (4.904961385935026 52.37817595393588),4.904961385935026,52.37817595393588,1,1,2,1
5168,324899,20210037851,2021,Uitsluitend materiele schade,2,fiets,bestelauto,Flank,"Kruispunt, 4 takken",Binnen,50.0,Niet brandend,Overig asfalt,Droog,Daglicht,Droog,Vondelpark,amsterdam,POINT (120570.76399999857 486104.5870000012),POINT (4.88176007060992 52.36175213104734),4.88176007060992,52.36175213104734,1,1,2,1
5169,324978,20210055033,2021,Uitsluitend materiele schade,2,personenauto,bromfiets,Flank,"Kruispunt, 4 takken",Binnen,50.0,Niet brandend,Overig asfalt,Droog,Daglicht,Droog,Westeinde,amsterdam,POINT (121762 485657),POINT (4.899291825636309 52.3578028939327),4.899291825636309,52.3578028939327,1,1,2,1
5170,325011,20210055873,2021,Uitsluitend materiele schade,2,bromfiets,personenauto,Flank,"Kruispunt, 4 takken",Binnen,50.0,Brandend,Overig asfalt,Droog,Duisternis,Droog,Bernard Zweerskade,amsterdam,POINT (120210.36199999973 484235.19000000134),POINT (4.876662633945137 52.34492857813586),4.876662633945137,52.34492857813586,1,1,2,1
5171,325179,20210064145,2021,Uitsluitend materiele schade,2,bromfiets,overig vast object,Vast voorwerp,Rechte weg,Binnen,30.0,Brandend,Overig asfalt,Droog,Duisternis,Unknown,Stadhouderskade,amsterdam,POINT (120518.30299999937 486144.54100000113),POINT (4.880985840147014 52.36210791891622),4.880985840147014,52.36210791891622,1,1,2,1
5172,325203,20210050541,2021,Letsel,2,personenauto,bromfiets,Flank,"Kruispunt, 4 takken",Binnen,50.0,Niet brandend,Overig asfalt,Droog,Daglicht,Droog,Willem Schoutenstraat,amsterdam,POINT (118574.62649999931 486718.8564000018),POINT (4.852390083051026 52.36714399013534),4.852390083051026,52.36714399013534,1,1,1,1
5173,325209,20210068285,2021,Uitsluitend materiele schade,1,bromfiets,unknown,Onbekend,Unknown,Unknown,30.0,Unknown,Unknown,Unknown,Duisternis,Unknown,Loenermark,amsterdam,POINT (123976.83300000057 490346.8509999998),POINT (4.931370116850376 52.40008161862939),4.931370116850376,52.40008161862939,1,1,2,1
5174,325246,20210037035,2021,Uitsluitend materiele schade,2,bestelauto,fiets,Onbekend,Unknown,Unknown,Unknown,Unknown,Unknown,Unknown,Daglicht,Unknown,Rozengracht,amsterdam,POINT (120650.07169999927 487458.5817000009),POINT (4.882785973471272 52.373925836951564),4.882785973471272,52.37392583695157,1,1,2,1
5175,325488,20230004667,2023,Letsel,2,bromfiets,voetganger,Voetganger,Unknown,Unknown,30.0,Unknown,Unknown,Unknown,Schemer,Unknown,Sam van Houtenstraat,amsterdam,POINT (115361.73200000077 488100.33399999887),POINT (4.80505618092382 52.37933709842431),4.80505618092382,52.37933709842431,1,1,1,1
5176,325560,20210091708,2021,Uitsluitend materiele schade,1,snorfiets,unknown,Onbekend,Unknown,Unknown,30.0,Unknown,Unknown,Unknown,Daglicht,Unknown,Spaarndammerstraat,amsterdam,POINT (120509.96700000018 489021.8429999985),POINT (4.880568168666768 52.38796649371498),4.880568168666768,52.38796649371498,1,1,2,1
5177,325944,20220016640,2022,Uitsluitend materiele schade,2,personenauto,bromfiets,Frontaal,Rechte weg,Binnen,30.0,Niet brandend,Klinkers,Droog,Daglicht,Droog,Tweede Jan Steenstraat,amsterdam,POINT (121907.06700000167 485505.83300000057),POINT (4.9014361140467715 52.35645306396767),4.901436114046772,52.35645306396767,1,1,2,1
5178,325975,20220035764,2022,Uitsluitend materiele schade,2,fiets,fiets,Flank,"Kruispunt, 3 takken",Binnen,30.0,Niet brandend,Overig asfalt,Droog,Daglicht,Unknown,Herman Heijermansweg,amsterdam,POINT (120788.9924999997 484362.0324999988),POINT (4.885140889324143 52.34610487757808),4.885140889324143,52.34610487757808,1,1,2,1
5179,325989,20220080925,2022,Uitsluitend materiele schade,2,personenauto,fiets,Flank,"Kruispunt, 3 takken",Binnen,50.0,Niet brandend,Overig asfalt,Droog,Daglicht,Droog,C. van Eesterenlaan,amsterdam,POINT (124427.81590000167 487299.3167000003),POINT (4.938273762494868 52.37271778596623),4.938273762494868,52.37271778596623,1,1,2,1
5180,326062,20220036075,2022,Uitsluitend materiele schade,2,personenauto,fiets,Flank,Rechte weg,Binnen,30.0,Niet aanwezig,Overig asfalt,Nat,Daglicht,Unknown,Leidseplein,amsterdam,POINT (120642.61300000176 486364.1339999996),POINT (4.882788304639319 52.364089255667174),4.882788304639319,52.36408925566717,1,1,2,1
5181,326074,20220054146,2022,Uitsluitend materiele schade,2,bromfiets,personenauto,Kop/staart,"Kruispunt, 4 takken",Binnen,50.0,Niet brandend,Overig asfalt,Nat,Daglicht,Droog,Vrijheidslaan,amsterdam,POINT (122136.76509999856 484388.5234999992),POINT (4.904916841907511 52.346425208765766),4.904916841907511,52.346425208765766,1,1,2,1
5182,326076,20220055506,2022,Uitsluitend materiele schade,3,fiets,fiets,Flank,Rotonde,Binnen,Unknown,Niet brandend,ZOAB,Droog,Daglicht,Droog,Amstelveenseweg,amsterdam,POINT (118927.45149999857 484747.7003999986),POINT (4.857781610956115 52.34945195254041),4.857781610956115,52.34945195254041,1,1,2,1
5183,326077,20220055533,2022,Uitsluitend materiele schade,2,bromfiets,personenauto,Onbekend,Rechte weg,Binnen,50.0,Niet brandend,Overig asfalt,Nat,Daglicht,Droog,Postjesweg,amsterdam,POINT (117752.23699999973 486378.23000000045),POINT (4.840353636659665 52.36402753935285),4.840353636659665,52.36402753935285,1,1,2,1
5184,326149,20220055649,2022,Uitsluitend materiele schade,2,bromfiets,personenauto,Flank,"Kruispunt, 4 takken",Binnen,50.0,Brandend,Overig asfalt,Droog,Duisternis,Droog,Uiterwaardenstraat,amsterdam,POINT (122244.60379999876 483984.9415999986),POINT (4.906538658773734 52.342804512465065),4.906538658773734,52.342804512465065,1,1,2,1
5185,326214,20220055808,2022,Letsel,2,personenauto,fiets,Flank,"Kruispunt, 4 takken",Binnen,50.0,Niet brandend,Overig asfalt,Droog,Daglicht,Droog,Beukenweg,amsterdam,POINT (123079.316300001 485490.1121000014),POINT (4.91864438467426 52.35638113326578),4.91864438467426,52.35638113326578,1,1,1,1
5186,326264,20220102583,2022,Uitsluitend materiele schade,2,fiets,personenauto,Flank,"Kruispunt, 4 takken",Buiten,Unknown,Niet brandend,ZOAB,Droog,Daglicht,Droog,Amerikahavenweg,amsterdam,POINT (113911 491055),POINT (4.783389490730385 52.40578437892904),4.783389490730385,52.40578437892904,-1,0,2,0
5187,326317,20220054898,2022,Uitsluitend materiele schade,2,personenauto,fiets,Flank,"Kruispunt, 4 takken",Binnen,50.0,Niet brandend,Overig asfalt,Droog,Daglicht,Droog,Haarlemmerweg,amsterdam,POINT (120493.96020000055 488699.7457000017),POINT (4.880366139822328 52.385070718280076),4.880366139822328,52.38507071828008,1,1,2,1
5188,326530,20230023848,2023,Uitsluitend materiele schade,2,personenauto,fiets,Onbekend,Unknown,Unknown,50.0,Unknown,Unknown,Unknown,Duisternis,Unknown,Cornelis Krusemanstraat,amsterdam,POINT (119212.1409999989 484921.6790000014),POINT (4.861941214263649 52.35103416468754),4.861941214263649,52.35103416468754,1,1,2,1
5189,326589,20230004175,2023,Uitsluitend materiele schade,2,personenauto,fiets,Flank,"Kruispunt, 3 takken",Binnen,50.0,Brandend,Overig asfalt,Droog,Duisternis,Droog,De Cuserstraat,amsterdam,POINT (118890.53720000014 481851.3066000007),POINT (4.857550452123578 52.323418722995804),4.857550452123578,52.32341872299581,1,1,2,1
5190,326650,20230004603,2023,Uitsluitend materiele schade,1,bromfiets,unknown,Voetganger,Rechte weg,Binnen,50.0,Brandend,Overig asfalt,Nat,Duisternis,Regen,Javaplein,amsterdam,POINT (124536.88100000098 486303.5689999983),POINT (4.93996548444776 52.363774715674566),4.93996548444776,52.363774715674566,1,1,2,1
5191,326748,20230004506,2023,Uitsluitend materiele schade,2,bromfiets,fiets,Onbekend,Bocht,Binnen,30.0,Niet brandend,ZOAB,Nat,Daglicht,Regen,Prins Hendrikkade,amsterdam,POINT (121620.16899999976 487977.76300000027),POINT (4.896979481835074 52.37865169608506),4.896979481835074,52.37865169608506,1,1,2,1
5192,326749,20230004512,2023,Letsel,2,snorfiets,voetganger,Voetganger,Rechte weg,Binnen,30.0,Brandend,Overig asfalt,Nat,Duisternis,Regen,Piet Heinkade,amsterdam,POINT (122814.61699999869 487814.3839999996),POINT (4.914536521344987 52.37725467710844),4.914536521344987,52.37725467710844,1,1,1,1
5193,327187,20210090821,2021,Letsel,3,personenauto,e-bike,Flank,"Kruispunt, 4 takken",Binnen,50.0,Niet aanwezig,Klinkers,Droog,Daglicht,Droog,Marco Polostraat,amsterdam,POINT (118863.65190000087 486579.0208999999),POINT (4.856648542712502 52.36590634481794),4.856648542712502,52.36590634481794,1,1,1,1
5194,327390,20220178082,2022,Uitsluitend materiele schade,1,fiets,unknown,Onbekend,Rechte weg,Binnen,50.0,Niet brandend,Overig asfalt,Droog,Daglicht,Droog,Linnaeusstraat,amsterdam,POINT (123698.14699999988 485452.73099999875),POINT (4.927731321566051 52.3560807811918),4.927731321566051,52.3560807811918,1,1,2,1
5195,327391,20220178085,2022,Letsel,2,personenauto,bromfiets,Frontaal,Rotonde,Binnen,50.0,Niet brandend,Beton,Droog,Daglicht,Droog,Hugo de Grootplein,amsterdam,POINT (119981.78249999881 487556.3216000013),POINT (4.872962538863532 52.37476204002756),4.872962538863532,52.37476204002756,1,1,1,1
5196,327392,20220178096,2022,Uitsluitend materiele schade,2,bromfiets,personenauto,Flank,Rotonde,Binnen,50.0,Niet brandend,Overig asfalt,Nat,Daglicht,Droog,Noordzijde,amsterdam,POINT (116344.24460000172 487416.9428000003),POINT (4.819563798139871 52.37326538451984),4.819563798139871,52.37326538451984,1,1,2,1
5197,327393,20220178109,2022,Uitsluitend materiele schade,2,bromfiets,personenauto,Flank,"Kruispunt, 4 takken",Binnen,50.0,Niet brandend,Beton,Droog,Daglicht,Droog,Meeuwenlaan,amsterdam,POINT (123500.85190000013 489054.5210000016),POINT (4.924497823619344 52.38843996379718),4.924497823619344,52.38843996379718,1,1,2,1
5198,327429,20220177546,2022,Uitsluitend materiele schade,1,fiets,unknown,Voetganger,Rechte weg,Binnen,50.0,Niet brandend,Overig asfalt,Droog,Daglicht,Droog,Sarphatipark,amsterdam,POINT (121436.70800000057 485149.936999999),POINT (4.894567506708462 52.35322597789807),4.894567506708462,52.35322597789807,1,1,2,1