,Unnamed: 0,accident_id,accident_year,outcome,num_parties,party1_type,party2_type,accident_nature,road_situation,built_up_area,speed_limit_kmh,street_lighting,road_surface,road_condition,light_condition,weather_condition,street_name,municipality,shape,geometry,longitude,latitude,cluster,future_hotspot_spatial,outcome_encoded,future_hotspot_pred
5199,327430,20220177581,2022,Uitsluitend materiele schade,2,personenauto,e-bike,Flank,"Kruispunt, 4 takken",Binnen,50.0,Niet brandend,Overig asfalt,Droog,Daglicht,Droog,Heemstedestraat,amsterdam,POINT (117772.19090000167 484979.4098000005),POINT (4.840801396720831 52.35145733489363),4.840801396720831,52.35145733489363,1,1,2,1
5200,327476,20220123447,2022,Uitsluitend materiele schade,3,snorfiets,personenauto,Onbekend,"Kruispunt, 4 takken",Binnen,Unknown,Niet aanwezig,Overig asfalt,Droog,Daglicht,Unknown,Leeuwendalersweg,amsterdam,POINT (117664.32899999991 488001.15399999917),POINT (4.838882805433624 52.37860716327935),4.838882805433624,52.37860716327935,1,1,2,1
5201,327661,20220123986,2022,Letsel,2,bromfiets,e-bike,Flank,"Kruispunt, 3 takken",Binnen,30.0,Niet brandend,Klinkers,Droog,Daglicht,Droog,Nieuwmarkt,amsterdam,POINT (121889.08130000159 487342.7982000001),POINT (4.900991223031329 52.37296136372385),4.900991223031329,52.37296136372385,1,1,1,1
5202,327668,20220141345,2022,Letsel,2,fiets,fiets,Flank,Rechte weg,Binnen,30.0,Brandend,Overig asfalt,Droog,Duisternis,Droog,Nieuwe Doelenstraat,amsterdam,POINT (121499.87700000033 486810.186999999),POINT (4.895329282559838 52.36815102315546),4.895329282559838,52.36815102315546,1,1,1,1
5203,327692,20220124069,2022,Uitsluitend materiele schade,1,fiets,unknown,Voetganger,"Kruispunt, 4 takken",Binnen,15.0,Niet brandend,Overig asfalt,Droog,Daglicht,Droog,Dam,amsterdam,POINT (121337.39600000158 487319.4750000015),POINT (4.892892692645682 52.372718209812454),4.892892692645682,52.37271820981245,1,1,2,1
5204,327716,20220124098,2022,Uitsluitend materiele schade,2,bromfiets,bromfiets,Kop/staart,Rechte weg,Binnen,50.0,Niet brandend,Overig asfalt,Droog,Daglicht,Droog,Linnaeusstraat,amsterdam,POINT (123559.21799999848 485802.2179999985),POINT (4.925659410708678 52.35921381151146),4.925659410708678,52.35921381151146,1,1,2,1
5205,327770,20220155652,2022,Letsel,3,motor,fiets,Voetganger,Rechte weg,Binnen,50.0,Niet brandend,Overig asfalt,Droog,Daglicht,Droog,BERLAGEBRUG 0423,amsterdam,POINT (122671.31399999931 484487.44000000134),POINT (4.9127519012407 52.347345911999895),4.9127519012407,52.347345911999895,1,1,1,1
5206,327771,20220155678,2022,Letsel,2,personenauto,fiets,Flank,"Kruispunt, 4 takken",Binnen,50.0,Niet brandend,Overig asfalt,Droog,Daglicht,Droog,Prins Hendrikkade,amsterdam,POINT (122016.10509999841 487706.0791000016),POINT (4.902820769921868 52.37623392177262),4.902820769921868,52.37623392177262,1,1,1,1
5207,327872,20230039595,2023,Uitsluitend materiele schade,2,personenauto,fiets,Onbekend,"Kruispunt, 4 takken",Binnen,50.0,Niet brandend,Overig asfalt,Nat,Daglicht,Droog,Transformatorweg,amsterdam,POINT (118224.29989999905 489455.33779999986),POINT (4.846947113327064 52.391714019788765),4.846947113327064,52.391714019788765,1,1,2,1
5208,327893,20230059480,2023,Letsel,2,fiets,voetganger,Voetganger,Rechte weg,Binnen,80.0,Niet brandend,Overig asfalt,Droog,Daglicht,Droog,FIETSPAD,amsterdam,POINT (128199.13399999961 493074.86100000143),POINT (4.993190392519025 52.42482157486958),4.993190392519025,52.42482157486958,-1,0,1,0
5209,327944,20230058181,2023,Letsel,2,fiets,fiets,Onbekend,"Kruispunt, 3 takken",Binnen,50.0,Niet aanwezig,Overig asfalt,Droog,Duisternis,Droog,Marnixstraat,amsterdam,POINT (120318.07899999991 486880.1160000004),POINT (4.877970631111093 52.36870613765962),4.877970631111093,52.36870613765962,1,1,1,1
5210,327996,20230059613,2023,Letsel,2,bromfiets,fiets,Frontaal,Rechte weg,Binnen,30.0,Niet brandend,ZOAB,Droog,Daglicht,Droog,De Ruijterkade,amsterdam,POINT (122344.08199999854 487857.875),POINT (4.907622346415534 52.377617760564576),4.907622346415534,52.377617760564576,1,1,1,1
5211,328021,20230050294,2023,Letsel,2,e-bike,e-bike,Onbekend,Rechte weg,Binnen,50.0,Brandend,Overig asfalt,Droog,Duisternis,Droog,Spaklerweg,amsterdam,POINT (123332.65399999917 482986),POINT (4.92259857220556 52.333890406546956),4.92259857220556,52.33389040654696,1,1,1,1
5212,328041,20230039814,2023,Uitsluitend materiele schade,2,bromfiets,personenauto,Geparkeerd voertuig,Rechte weg,Binnen,50.0,Niet brandend,Beton,Droog,Daglicht,Droog,Frederik Hendrikstraat,amsterdam,POINT (119948.93100000173 487485.34600000083),POINT (4.872487536441586 52.374122067488095),4.872487536441586,52.374122067488095,1,1,2,1
5213,328170,20230048856,2023,Uitsluitend materiele schade,2,bromfiets,e-bike,Flank,"Kruispunt, 4 takken",Binnen,30.0,Niet brandend,Klinkers,Droog,Daglicht,Droog,Beukenplein,amsterdam,POINT (123039.29399999976 485542.0700000003),POINT (4.918051984482294 52.35684577019703),4.918051984482294,52.35684577019703,1,1,2,1
5214,328207,20230048916,2023,Uitsluitend materiele schade,2,fiets,personenauto,Onbekend,"Kruispunt, 4 takken",Binnen,50.0,Niet brandend,ZOAB,Droog,Daglicht,Droog,Ruyschstraat,amsterdam,POINT (122496.7659999989 485619.4990000017),POINT (4.9100809785506305 52.357509822159905),4.910080978550631,52.35750982215991,1,1,2,1
5215,328306,20220212309,2022,Uitsluitend materiele schade,2,bestelauto,bromfiets,Onbekend,Rechte weg,Binnen,50.0,Niet brandend,Klinkers,Nat,Daglicht,Regen,Van Bossestraat,amsterdam,POINT (119684.24500000104 488338.4140000008),POINT (4.8685111758277575 52.38177184671608),4.8685111758277575,52.38177184671608,1,1,2,1
5216,328338,20220210997,2022,Uitsluitend materiele schade,3,personenauto,fiets,Onbekend,Rechte weg,Binnen,30.0,Niet brandend,ZOAB,Droog,Daglicht,Droog,Westerstraat,amsterdam,POINT (120740.39299999923 487976.8839999996),POINT (4.884059424338327 52.37858960454542),4.884059424338327,52.37858960454542,1,1,2,1
5217,328374,20220210138,2022,Uitsluitend materiele schade,2,personenauto,bromfiets,Flank,"Kruispunt, 4 takken",Binnen,50.0,Brandend,Overig asfalt,Nat,Duisternis,Droog,Bos en Lommerweg,amsterdam,POINT (118835.98380000144 488598.1207999997),POINT (4.8560250551349275 52.384050668389975),4.856025055134928,52.384050668389975,1,1,2,1
5218,328376,20220211705,2022,Uitsluitend materiele schade,3,personenauto,fiets,Onbekend,Rechte weg,Binnen,50.0,Niet aanwezig,ZOAB,Droog,Daglicht,Droog,0228 BRUG,amsterdam,POINT (122081.85660000145 487784.1838000007),POINT (4.9037786767013785 52.376939817556185),4.9037786767013785,52.376939817556185,1,1,2,1
5219,328377,20220212400,2022,Uitsluitend materiele schade,3,personenauto,e-bike,Geparkeerd voertuig,Rechte weg,Binnen,30.0,Brandend,Klinkers,Nat,Duisternis,Droog,Bos en Lommerplantsoen,amsterdam,POINT (118201.89400000125 487673.9770000018),POINT (4.8468131178311 52.37570304127596),4.8468131178311,52.37570304127596,1,1,2,1
5220,328413,20220211069,2022,Uitsluitend materiele schade,2,personenauto,fiets,Frontaal,Rechte weg,Binnen,50.0,Niet brandend,Overig asfalt,Nat,Daglicht,Regen,Bijlmerdreef,amsterdam,POINT (126230.45100000128 481376.1770000011),POINT (4.965249729556529 52.31958148383823),4.965249729556529,52.31958148383823,0,1,2,1
5221,328490,20220211190,2022,Letsel,2,snorfiets,fiets,Onbekend,"Kruispunt, 4 takken",Binnen,Unknown,Brandend,Overig asfalt,Droog,Duisternis,Droog,Stadhouderskade,amsterdam,POINT (120568.58150000125 486101.1112000011),POINT (4.8817283871144115 52.36172075619951),4.881728387114412,52.36172075619951,1,1,1,1
5222,328491,20220211196,2022,Uitsluitend materiele schade,2,personenauto,bromfiets,Flank,Rechte weg,Binnen,50.0,Niet brandend,Overig asfalt,Droog,Daglicht,Droog,Barajasweg,amsterdam,POINT (117370.6099999994 488936.3759999983),POINT (4.834464599200453 52.38699214203183),4.834464599200453,52.38699214203183,1,1,2,1
5223,328529,20220211231,2022,Uitsluitend materiele schade,2,personenauto,fiets,Flank,Rechte weg,Binnen,30.0,Brandend,Unknown,Droog,Schemer,Droog,Spuistraat,amsterdam,POINT (121112.26000000164 487323.1970000006),POINT (4.889586472945401 52.37273781340701),4.889586472945401,52.37273781340701,1,1,2,1
5224,328561,20220210529,2022,Letsel,2,fiets,voetganger,Voetganger,Rechte weg,Binnen,50.0,Brandend,Overig asfalt,Nat,Duisternis,Regen,Stadhouderskade,amsterdam,POINT (120414.8590000011 486277.1079999991),POINT (4.879453623792771 52.363292834271995),4.879453623792771,52.363292834272,1,1,1,1
5225,328767,20220211494,2022,Uitsluitend materiele schade,2,personenauto,fiets,Flank,"Kruispunt, 4 takken",Binnen,50.0,Niet brandend,ZOAB,Droog,Daglicht,Droog,Voorm Stadstimmertuin,amsterdam,POINT (122316.39070000127 486098.84010000154),POINT (4.907386712010596 52.36180711785338),4.907386712010596,52.36180711785338,1,1,2,1
5226,329127,20230111328,2023,Uitsluitend materiele schade,3,personenauto,fiets,Onbekend,Rechte weg,Binnen,30.0,Brandend,Overig asfalt,Droog,Duisternis,Droog,Voorburgstraat,amsterdam,POINT (117903.91000000015 484655.5529999994),POINT (4.842770293719369 52.34855565369936),4.842770293719369,52.34855565369936,1,1,2,1
5227,329175,20230066785,2023,Uitsluitend materiele schade,2,bromfiets,personenauto,Kop/staart,Rechte weg,Binnen,50.0,Niet brandend,Overig asfalt,Droog,Daglicht,Droog,De Boelelaan,amsterdam,POINT (120284.75899999961 483113.28599999845),POINT (4.877870058151903 52.334850357705015),4.877870058151903,52.334850357705015,1,1,2,1
5228,329201,20230066816,2023,Uitsluitend materiele schade,3,personenauto,fiets,Geparkeerd voertuig,Rechte weg,Binnen,30.0,Niet brandend,Overig asfalt,Droog,Daglicht,Droog,De Clercqstraat,amsterdam,POINT (119490.26799999923 487032.8830000013),POINT (4.865800244889092 52.370026195220596),4.865800244889092,52.3700261952206,1,1,2,1
5229,329318,20230020467,2023,Uitsluitend materiele schade,2,snorfiets,personenauto,Flank,"Kruispunt, 4 takken",Binnen,50.0,Brandend,Klinkers,Droog,Duisternis,Droog,Ookmeerweg,amsterdam,POINT (114555.14600000158 486400.3605999984),POINT (4.793415408492655 52.36400031723458),4.793415408492655,52.36400031723458,1,1,2,1
5230,329377,20230020549,2023,Letsel,3,vrachtauto,fiets,Eenzijdig,Rechte weg,Binnen,50.0,Niet brandend,Overig asfalt,Droog,Daglicht,Droog,Eerste Oosterparkstraat,amsterdam,POINT (122668.62900000066 485541.2320000008),POINT (4.912611238950817 52.356816550923185),4.912611238950817,52.35681655092319,1,1,1,1
5231,329426,20230074681,2023,Letsel,2,fiets,fiets,Frontaal,"Kruispunt, 3 takken",Binnen,50.0,Niet brandend,Klinkers,Droog,Daglicht,Droog,Utrechtsedwarsstraat,amsterdam,POINT (121972.98409999907 486133.5185999982),POINT (4.902342036477947 52.36209824522644),4.902342036477947,52.36209824522644,1,1,1,1
5232,329427,20230074687,2023,Uitsluitend materiele schade,2,fiets,fiets,Flank,"Kruispunt, 3 takken",Binnen,50.0,Niet brandend,Overig asfalt,Droog,Daglicht,Droog,Kattenburgerstraat,amsterdam,POINT (122856.29309999943 487158.11349999905),POINT (4.915211315076128 52.3713590108892),4.915211315076128,52.3713590108892,1,1,2,1
5233,329509,20230074548,2023,Uitsluitend materiele schade,2,fiets,personenauto,Flank,"Kruispunt, 4 takken",Binnen,Unknown,Niet brandend,ZOAB,Droog,Daglicht,Droog,Surinameplein,amsterdam,POINT (118665 485729),POINT (4.853823889736502 52.3582538755362),4.853823889736502,52.3582538755362,1,1,2,1
5234,329517,20230036535,2023,Letsel,2,fiets,fiets,Onbekend,Rechte weg,Binnen,15.0,Niet brandend,Overig asfalt,Droog,Daglicht,Droog,Wibautstraat,amsterdam,POINT (122542.78500000015 485486.44299999997),POINT (4.9107693191583595 52.35631672348601),4.91076931915836,52.35631672348601,1,1,1,1
5235,329571,20230036620,2023,Letsel,1,bromfiets,unknown,Eenzijdig,Rechte weg,Binnen,50.0,Niet brandend,Unknown,Droog,Daglicht,Droog,Burg Cramergracht,amsterdam,POINT (117274.38199999928 487515.92500000075),POINT (4.8332106720846895 52.37421965023319),4.8332106720846895,52.37421965023319,1,1,1,1
5236,329593,20230020237,2023,Uitsluitend materiele schade,2,personenauto,fiets,Flank,Rechte weg,Binnen,50.0,Niet brandend,Overig asfalt,Nat,Schemer,Unknown,Haarlemmerweg,amsterdam,POINT (118799.07009999827 488652.29940000176),POINT (4.855477047747883 52.384535150684115),4.855477047747883,52.38453515068412,1,1,2,1
5237,329674,20230097500,2023,Letsel,2,fiets,voetganger,Voetganger,Rechte weg,Binnen,50.0,Brandend,Klinkers,Nat,Duisternis,Regen,Bos en Lommerweg,amsterdam,POINT (118639.1259999983 488131.4629999995),POINT (4.853184225465642 52.37984370415305),4.853184225465642,52.37984370415305,1,1,1,1
5238,329700,20230096983,2023,Uitsluitend materiele schade,2,bestelauto,bromfiets,Kop/staart,Rechte weg,Binnen,30.0,Brandend,Klinkers,Nat,Duisternis,Regen,Lodewijk van Deysselstr,amsterdam,POINT (116102.23800000176 487859.93400000036),POINT (4.8159589438527695 52.377229542872385),4.8159589438527695,52.37722954287239,1,1,2,1
5239,329720,20230097579,2023,Letsel,1,e-bike,unknown,Eenzijdig,Rotonde,Binnen,30.0,Niet aanwezig,Overig asfalt,Nat,Daglicht,Droog,Zuiderzeeweg,amsterdam,POINT (126633.61129999906 488366.3995999992),POINT (4.970573354125796 52.38242641180587),4.970573354125796,52.38242641180587,-1,0,1,0
5240,329770,20230102693,2023,Uitsluitend materiele schade,2,personenauto,fiets,Flank,"Kruispunt, 4 takken",Binnen,50.0,Niet brandend,Klinkers,Nat,Daglicht,Regen,Johan Huizingalaan,amsterdam,POINT (116860.7164000012 485109.0276999995),POINT (4.827409345235111 52.352559732426414),4.827409345235111,52.352559732426414,1,1,2,1
5241,330048,20210075837,2021,Uitsluitend materiele schade,2,personenauto,fiets,Flank,"Kruispunt, 3 takken",Binnen,50.0,Niet brandend,Overig asfalt,Droog,Daglicht,Unknown,tt. Vasumweg,amsterdam,POINT (120845.67469999939 491259.45109999925),POINT (4.885271633765677 52.408097396739024),4.885271633765677,52.408097396739024,1,1,2,1
5242,330123,20210087268,2021,Letsel,3,personenauto,fiets,Onbekend,"Kruispunt, 4 takken",Binnen,50.0,Niet aanwezig,Overig asfalt,Nat,Daglicht,Unknown,Rijnstraat,amsterdam,POINT (122121.88850000128 484514.6425999999),POINT (4.904686205906896 52.34755779546415),4.904686205906896,52.34755779546415,1,1,1,1
5243,330149,20210086499,2021,Uitsluitend materiele schade,2,bestelauto,fiets,Frontaal,"Kruispunt, 3 takken",Binnen,50.0,Niet brandend,Klinkers,Nat,Daglicht,Regen,Wittenburgergracht,amsterdam,POINT (123090.23330000043 486982.23750000075),POINT (4.918663040130966 52.36979199958037),4.918663040130966,52.36979199958037,1,1,2,1
5244,330175,20210022676,2021,Uitsluitend materiele schade,2,bestelauto,bromfiets,Flank,Rechte weg,Binnen,50.0,Niet brandend,Overig asfalt,Droog,Daglicht,Droog,Pampuslaan,amsterdam,POINT (128934.27800000086 484852.97199999914),POINT (5.004635978137553 52.35096384315869),5.004635978137553,52.35096384315869,-1,0,2,0
5245,330198,20210021476,2021,Uitsluitend materiele schade,2,personenauto,e-bike,Flank,"Kruispunt, 4 takken",Binnen,30.0,Niet aanwezig,Klinkers,Droog,Daglicht,Droog,Argonautenstraat,amsterdam,POINT (119098.64550000057 484086.5736999996),POINT (4.860364580109974 52.34352141933229),4.860364580109974,52.34352141933229,1,1,2,1
5246,330264,20210024812,2021,Letsel,2,personenauto,fiets,Geparkeerd voertuig,Rechte weg,Binnen,50.0,Niet brandend,Overig asfalt,Droog,Daglicht,Droog,Plantage Kerklaan,amsterdam,POINT (122586.83399999887 486557.63800000027),POINT (4.911312646903814 52.365946508738666),4.911312646903814,52.365946508738666,1,1,1,1
5247,330527,20210031218,2021,Uitsluitend materiele schade,2,personenauto,bromfiets,Flank,"Kruispunt, 4 takken",Binnen,30.0,Niet brandend,Overig asfalt,Droog,Daglicht,Droog,Weesperplein,amsterdam,POINT (122344.72580000013 486160.44900000095),POINT (4.907796694118876 52.36236250228765),4.907796694118876,52.36236250228765,1,1,2,1
5248,330572,20210073529,2021,Uitsluitend materiele schade,2,personenauto,fiets,Onbekend,"Kruispunt, 3 takken",Binnen,50.0,Brandend,Overig asfalt,Nat,Daglicht,Regen,Marnixplein,amsterdam,POINT (120382.59380000085 487952.09629999846),POINT (4.878807449418029 52.378344388158865),4.878807449418029,52.37834438815887,1,1,2,1
5249,330605,20210034068,2021,Letsel,2,bestelauto,fiets,Voetganger,Rechte weg,Binnen,30.0,Niet brandend,Klinkers,Nat,Daglicht,Unknown,Weesperzijde,amsterdam,POINT (122232.82200000063 485725.1070000008),POINT (4.906196319579867 52.358443277361374),4.906196319579867,52.358443277361374,1,1,1,1
5250,330624,20210035978,2021,Uitsluitend materiele schade,2,bromfiets,personenauto,Onbekend,Unknown,Unknown,50.0,Unknown,Unknown,Unknown,Daglicht,Unknown,Krugerplein,amsterdam,POINT (123181.5309999995 485189.938000001),POINT (4.920173124427239 52.35368929211894),4.920173124427239,52.35368929211894,1,1,2,1
5251,330703,20210044772,2021,Letsel,2,personenauto,bromfiets,Flank,"Kruispunt, 3 takken",Binnen,50.0,Niet brandend,Overig asfalt,Droog,Daglicht,Droog,Da Costakade,amsterdam,POINT (119948.875 487191.3139999993),POINT (4.872517378091094 52.37147951963599),4.872517378091094,52.37147951963599,1,1,1,1
5252,330751,20210070837,2021,Uitsluitend materiele schade,2,personenauto,snorfiets,Flank,"Kruispunt, 4 takken",Binnen,50.0,Niet brandend,Overig asfalt,Nat,Schemer,Regen,Meer en Vaart,amsterdam,POINT (115375.23999999836 486308.6660999991),POINT (4.80546577756342 52.36323601648116),4.80546577756342,52.36323601648116,1,1,2,1
5253,331235,20210092250,2021,Letsel,2,bromfiets,personenauto,Flank,"Kruispunt, 4 takken",Binnen,50.0,Niet brandend,Overig asfalt,Droog,Duisternis,Droog,Nieuwe Purmerweg,amsterdam,POINT (123863.96999999881 489910.4589000009),POINT (4.929752310297031 52.39615324677409),4.929752310297031,52.39615324677409,1,1,1,1
5254,331314,20219065533,2021,Uitsluitend materiele schade,2,fiets,personenauto,Flank,Rechte weg,Binnen,50.0,Niet brandend,Overig asfalt,Nat,Daglicht,Regen,Plantage Kerklaan,amsterdam,POINT (122586.83399999887 486557.63800000027),POINT (4.911312646903814 52.365946508738666),4.911312646903814,52.365946508738666,1,1,2,1
5255,331368,20210091250,2021,Uitsluitend materiele schade,2,personenauto,snorfiets,Flank,"Kruispunt, 4 takken",Binnen,30.0,Brandend,Overig asfalt,Nat,Schemer,Regen,Weteringschans,amsterdam,POINT (121183.31830000132 485867.8458000012),POINT (4.890776255368535 52.35966251582848),4.890776255368535,52.35966251582848,1,1,2,1
5256,331427,20210092469,2021,Letsel,3,fiets,motor,Flank,"Kruispunt, 3 takken",Binnen,50.0,Niet brandend,Overig asfalt,Droog,Daglicht,Droog,Panamalaan,amsterdam,POINT (124122.18349999934 486722.71079999954),POINT (4.933838868105759 52.367518533613755),4.933838868105759,52.36751853361376,1,1,1,1
5257,331564,20219037335,2021,Uitsluitend materiele schade,2,voetganger,fiets,Voetganger,Rechte weg,Binnen,30.0,Niet brandend,Overig asfalt,Droog,Daglicht,Droog,Prins Hendrikkade,amsterdam,POINT (121571.84600000083 487987.23099999875),POINT (4.896268880725042 52.37873384772246),4.896268880725042,52.37873384772246,1,1,2,1
5258,331603,20220081382,2022,Uitsluitend materiele schade,1,bromfiets,unknown,Flank,Rechte weg,Binnen,50.0,Niet brandend,Overig asfalt,Droog,Daglicht,Droog,Hoofdweg,amsterdam,POINT (118394.97500000149 487194.813000001),POINT (4.849700639267071 52.371409585562986),4.849700639267071,52.371409585562986,1,1,2,1
5259,331661,20220081502,2022,Letsel,2,bromfiets,personenauto,Flank,"Kruispunt, 3 takken",Binnen,50.0,Niet brandend,Overig asfalt,Droog,Daglicht,Droog,De Savornin Lohmanstraat,amsterdam,POINT (115418.91539999843 487593.0843999982),POINT (4.805955716492994 52.37478248129603),4.805955716492994,52.37478248129603,1,1,1,1
5260,331702,20220080824,2022,Uitsluitend materiele schade,2,snorfiets,personenauto,Flank,"Kruispunt, 3 takken",Binnen,50.0,Brandend,Overig asfalt,Droog,Duisternis,Droog,Stadhouderskade,amsterdam,POINT (120491.23930000141 486171.28649999946),POINT (4.880585794069666 52.36234658910481),4.880585794069666,52.36234658910481,1,1,2,1
5261,331703,20220081527,2022,Uitsluitend materiele schade,2,snorfiets,fiets,Flank,Rechte weg,Binnen,30.0,Niet brandend,Overig asfalt,Droog,Daglicht,Droog,Plantage Middenlaan,amsterdam,POINT (123085.3599999994 486334.1950000003),POINT (4.918653000871308 52.36396754532543),4.918653000871308,52.36396754532543,1,1,2,1
5262,331718,20220016753,2022,Uitsluitend materiele schade,2,bestelauto,fiets,Flank,"Kruispunt, 4 takken",Binnen,50.0,Niet brandend,Overig asfalt,Droog,Daglicht,Unknown,Meteorenweg,amsterdam,POINT (121324.69999999925 491447.0080000013),POINT (4.892292320696384 52.40981262745148),4.892292320696384,52.40981262745148,1,1,2,1
5263,331731,20220055321,2022,Uitsluitend materiele schade,2,personenauto,fiets,Onbekend,"Kruispunt, 3 takken",Binnen,50.0,Niet brandend,Overig asfalt,Droog,Daglicht,Droog,Ringdijk,amsterdam,POINT (122965.86809999868 484760.9737999998),POINT (4.91704856804175 52.34982150759395),4.91704856804175,52.34982150759395,1,1,2,1
5264,331745,20220080935,2022,Letsel,2,bestelauto,fiets,Flank,Rotonde,Binnen,50.0,Niet brandend,Overig asfalt,Droog,Daglicht,Droog,Postjesweg,amsterdam,POINT (117998.77549999952 486387.7604999989),POINT (4.8439719706525635 52.36412985575009),4.843971970652564,52.36412985575009,1,1,1,1
5265,331850,20220055598,2022,Letsel,2,bromfiets,personenauto,Flank,Rechte weg,Binnen,50.0,Brandend,Overig asfalt,Droog,Schemer,Droog,Westerdoksdijk,amsterdam,POINT (121344.2650000006 488561.3599999994),POINT (4.892869164011538 52.383879799698256),4.892869164011538,52.383879799698256,1,1,1,1
5266,332033,20220054851,2022,Letsel,2,fiets,overig vast object,Vast voorwerp,"Kruispunt, 4 takken",Binnen,Unknown,Niet brandend,Overig asfalt,Droog,Daglicht,Droog,FIETSPAD,amsterdam,POINT (122615.05409999937 484486.39350000024),POINT (4.911926364894399 52.347333194246566),4.911926364894399,52.347333194246566,1,1,1,1
5267,332064,20220015525,2022,Uitsluitend materiele schade,2,personenauto,fiets,Flank,Rotonde,Unknown,50.0,Brandend,Overig asfalt,Droog,Schemer,Droog,Jan Tooropstraat,amsterdam,POINT (117541.6548999995 486995.7435999997),POINT (4.837193323345367 52.36956295951539),4.837193323345367,52.36956295951539,1,1,2,1
5268,332193,20230066653,2023,Letsel,1,fiets,unknown,Eenzijdig,Unknown,Unknown,30.0,Unknown,Unknown,Unknown,Daglicht,Unknown,Comeniusstraat,amsterdam,POINT (117241.66699999943 485815.01000000164),POINT (4.832921307697086 52.35893088427844),4.832921307697086,52.35893088427844,1,1,1,1
5269,332368,20230004576,2023,Uitsluitend materiele schade,3,personenauto,fiets,Onbekend,"Kruispunt, 4 takken",Binnen,50.0,Niet brandend,Overig asfalt,Droog,Daglicht,Droog,Willem de Zwijgerlaan,amsterdam,POINT (118807.81300000101 488413.9160999991),POINT (4.855631144357415 52.382393322011445),4.855631144357415,52.382393322011445,1,1,2,1
5270,332369,20230004584,2023,Letsel,2,fiets,fiets,Flank,"Kruispunt, 4 takken",Binnen,50.0,Niet aanwezig,Klinkers,Droog,Daglicht,Droog,Egelantiersstraat,amsterdam,POINT (120739.51449999958 487804.1490000002),POINT (4.884064135226175 52.377037133375616),4.884064135226175,52.377037133375616,1,1,1,1
5271,332419,20230004651,2023,Letsel,3,personenauto,bromfiets,Flank,"Kruispunt, 4 takken",Binnen,30.0,Niet brandend,Klinkers,Droog,Daglicht,Droog,Agatha Christiesingel,amsterdam,POINT (124848.45199999958 481749.72190000117),POINT (4.944947508296515 52.322864671297715),4.944947508296515,52.32286467129772,0,1,1,1
5272,332420,20230004652,2023,Letsel,1,fiets,unknown,Eenzijdig,Rechte weg,Binnen,30.0,Brandend,Overig asfalt,Droog,Duisternis,Droog,Weteringschans,amsterdam,POINT (120914.3909999989 486054.6279999986),POINT (4.886809623000567 52.361324564275286),4.886809623000567,52.361324564275286,1,1,1,1
5273,332426,20230006125,2023,Uitsluitend materiele schade,2,personenauto,e-bike,Flank,Rotonde,Binnen,50.0,Niet brandend,Overig asfalt,Nat,Daglicht,Regen,Frederik Hendrikstraat,amsterdam,POINT (119960.91800000146 487528.8641999997),POINT (4.872659018722982 52.374513942112),4.872659018722982,52.374513942112,1,1,2,1
5274,332454,20230004104,2023,Uitsluitend materiele schade,2,personenauto,fiets,Flank,"Kruispunt, 3 takken",Binnen,50.0,Niet brandend,ZOAB,Nat,Daglicht,Regen,Polderweg,amsterdam,POINT (123659.76220000163 485583.5425999984),POINT (4.927155709908057 52.35725424342136),4.927155709908057,52.35725424342136,1,1,2,1
5275,332737,20210071196,2021,Letsel,2,e-bike,overig vast object,Vast voorwerp,"Kruispunt, 4 takken",Binnen,30.0,Brandend,Klinkers,Droog,Duisternis,Droog,Kloveniersburgwal,amsterdam,POINT (121719.50149999931 487132.36719999835),POINT (4.898521972141425 52.37105990643872),4.898521972141425,52.37105990643872,1,1,1,1
5276,333065,20210059154,2021,Letsel,3,unknown,bromfiets,Eenzijdig,Rechte weg,Binnen,50.0,Niet brandend,Overig asfalt,Droog,Daglicht,Droog,IJdoornlaan,amsterdam,POINT (125603.09600000083 489759.48999999836),POINT (4.955316138311975 52.39489235771627),4.955316138311975,52.39489235771627,1,1,1,1
5277,333081,20220177279,2022,Letsel,2,personenauto,snorfiets,Flank,"Kruispunt, 4 takken",Binnen,30.0,Niet brandend,Klinkers,Droog,Daglicht,Droog,Smitstraat,amsterdam,POINT (123299.81340000033 485311.2633999996),POINT (4.921897785404157 52.35478652346042),4.921897785404157,52.35478652346042,1,1,1,1
5278,333082,20220177983,2022,Letsel,2,bestelauto,fiets,Flank,Rechte weg,Binnen,50.0,Niet brandend,Klinkers,Droog,Daglicht,Droog,Carolina MacGillavrylaan,amsterdam,POINT (125290.56799999997 485236.68499999866),POINT (4.951124527544798 52.354227508780056),4.951124527544798,52.354227508780056,1,1,1,1
5279,333123,20220177145,2022,Uitsluitend materiele schade,2,bromfiets,personenauto,Flank,"Kruispunt, 4 takken",Binnen,50.0,Brandend,Unknown,Nat,Duisternis,Unknown,Aalbersestraat,amsterdam,POINT (114891.07019999996 488281.24500000104),POINT (4.7981225475254625 52.38092879168106),4.798122547525463,52.38092879168106,1,1,2,1
5280,333125,20220177749,2022,Uitsluitend materiele schade,2,fiets,fiets,Frontaal,Rechte weg,Binnen,50.0,Niet brandend,Overig asfalt,Droog,Daglicht,Droog,Weteringschans,amsterdam,POINT (121056.30999999866 485918.3920000009),POINT (4.888906742926325 52.36010895715839),4.888906742926325,52.36010895715839,1,1,2,1