,Unnamed: 0,accident_id,accident_year,outcome,num_parties,party1_type,party2_type,accident_nature,road_situation,built_up_area,speed_limit_kmh,street_lighting,road_surface,road_condition,light_condition,weather_condition,street_name,municipality,shape,geometry,longitude,latitude,cluster,future_hotspot_spatial,outcome_encoded,future_hotspot_pred
5281,333147,20220142031,2022,Uitsluitend materiele schade,2,fiets,personenauto,Onbekend,Rechte weg,Binnen,30.0,Brandend,Klinkers,Droog,Duisternis,Droog,Ruysdaelkade,amsterdam,POINT (120923.39699999988 485214.9679999985),POINT (4.887026894670988 52.35377883690529),4.887026894670988,52.35377883690529,1,1,2,1
5282,333155,20220178076,2022,Uitsluitend materiele schade,2,snorfiets,personenauto,Frontaal,"Kruispunt, 4 takken",Binnen,30.0,Brandend,Klinkers,Droog,Duisternis,Droog,Bernard Loderstraat,amsterdam,POINT (116207.77309999987 488265.8311999999),POINT (4.817461874659344 52.38088488464122),4.817461874659344,52.38088488464122,1,1,2,1
5283,333156,20220178077,2022,Letsel,2,fiets,fiets,Flank,Rechte weg,Binnen,50.0,Niet brandend,Overig asfalt,Droog,Daglicht,Droog,IJdoornlaan,amsterdam,POINT (122672.85099999979 492046.0480000004),POINT (4.912047143571218 52.41527744787802),4.912047143571218,52.41527744787802,1,1,1,1
5284,333168,20220123318,2022,Uitsluitend materiele schade,1,bromfiets,unknown,Frontaal,"Kruispunt, 3 takken",Binnen,50.0,Niet brandend,Overig asfalt,Droog,Daglicht,Droog,Hagedoornplein,amsterdam,POINT (122581.80600000173 488923.76199999824),POINT (4.911010566670731 52.38721128601259),4.911010566670731,52.38721128601259,1,1,2,1
5285,333196,20220177851,2022,Letsel,1,bromfiets,unknown,Eenzijdig,Bocht,Binnen,50.0,Niet brandend,Overig asfalt,Droog,Daglicht,Droog,Amstellandlaan,amsterdam,POINT (130610.54800000042 480305.74599999934),POINT (5.029567431957333 52.3101726198778),5.029567431957333,52.3101726198778,-1,0,1,0
5286,333336,20220142403,2022,Uitsluitend materiele schade,1,fiets,unknown,Voetganger,Unknown,Binnen,30.0,Niet brandend,Klinkers,Droog,Daglicht,Droog,Johannes Vermeerstraat,amsterdam,POINT (120708.56199999899 485370.56500000134),POINT (4.883857796674515 52.35516386981677),4.883857796674515,52.35516386981677,1,1,2,1
5287,333488,20220155536,2022,Uitsluitend materiele schade,2,vrachtauto,fiets,Onbekend,Rechte weg,Binnen,Unknown,Niet brandend,Klinkers,Droog,Daglicht,Droog,Pazzanistraat,amsterdam,POINT (119995.17500000075 488832.76900000125),POINT (4.873026204686463 52.3862346512206),4.873026204686463,52.3862346512206,1,1,2,1
5288,333507,20220124095,2022,Letsel,2,personenauto,fiets,Flank,"Kruispunt, 4 takken",Binnen,50.0,Niet brandend,ZOAB,Droog,Daglicht,Droog,Kamerlingh Onneslaan,amsterdam,POINT (123888.46400000155 485191.75499999896),POINT (4.930548991405342 52.35374610504436),4.930548991405342,52.35374610504436,1,1,1,1
5289,333590,20220155700,2022,Letsel,1,fiets,unknown,Eenzijdig,"Kruispunt, 4 takken",Binnen,50.0,Brandend,Overig asfalt,Droog,Schemer,Droog,Leidsegracht,amsterdam,POINT (120463.27809999883 486506.17130000144),POINT (4.880140919103697 52.3653545394879),4.880140919103697,52.3653545394879,1,1,1,1
5290,333763,20230040315,2023,Uitsluitend materiele schade,3,personenauto,fiets,Onbekend,"Kruispunt, 4 takken",Binnen,30.0,Niet brandend,Klinkers,Droog,Daglicht,Droog,G.H.Breitnerstraat,amsterdam,POINT (131087.67909999937 480615.7910999991),POINT (5.036541769171069 52.312980104063826),5.036541769171069,52.31298010406383,-1,0,2,0
5291,333774,20230049688,2023,Uitsluitend materiele schade,2,motor,fiets,Flank,"Kruispunt, 4 takken",Binnen,50.0,Niet brandend,Beton,Droog,Daglicht,Droog,Haarlemmerweg,amsterdam,POINT (120122.35000000149 488833.5390000008),POINT (4.874894098563463 52.38624966667618),4.874894098563463,52.38624966667618,1,1,2,1
5292,333775,20230050252,2023,Letsel,2,fiets,personenauto,Flank,Rechte weg,Binnen,30.0,Niet brandend,Klinkers,Droog,Daglicht,Droog,Nieuwendammerdijk,amsterdam,POINT (125098.75200000033 488759.2809999995),POINT (4.94799577331136 52.38587591715245),4.94799577331136,52.38587591715245,1,1,1,1
5293,333776,20230050812,2023,Uitsluitend materiele schade,1,bromfiets,unknown,Onbekend,"Kruispunt, 4 takken",Binnen,50.0,Niet brandend,Beton,Nat,Daglicht,Droog,Inaristraat,amsterdam,POINT (113799.81949999928 484806.0084999986),POINT (4.782521998605462 52.34961544193153),4.782521998605462,52.34961544193153,1,1,2,1
5294,333801,20230049161,2023,Uitsluitend materiele schade,2,bromfiets,bestelauto,Flank,"Kruispunt, 3 takken",Binnen,50.0,Niet brandend,Overig asfalt,Droog,Daglicht,Droog,Distelweg,amsterdam,POINT (121973.48690000176 489685.1283),POINT (4.902000333638882 52.394017625266066),4.902000333638882,52.39401762526607,1,1,2,1
5295,333823,20230049198,2023,Uitsluitend materiele schade,2,snorfiets,personenauto,Flank,Rechte weg,Binnen,50.0,Niet brandend,Overig asfalt,Droog,Daglicht,Droog,Stadionweg,amsterdam,POINT (120371.27499999851 484462.0460000001),POINT (4.879000619228494 52.346977568990646),4.879000619228494,52.346977568990646,1,1,2,1
5296,333832,20230059281,2023,Uitsluitend materiele schade,2,vrachtauto,fiets,Flank,"Kruispunt, 4 takken",Binnen,50.0,Niet brandend,Overig asfalt,Nat,Daglicht,Droog,Ceintuurbaan,amsterdam,POINT (121892.76089999825 485313.4937000014),POINT (4.901245052327899 52.35472358513887),4.901245052327899,52.35472358513887,1,1,2,1
5297,333876,20230048730,2023,Uitsluitend materiele schade,2,personenauto,bromfiets,Onbekend,Rotonde,Binnen,50.0,Niet brandend,Overig asfalt,Droog,Daglicht,Droog,Jan Evertsenstraat,amsterdam,POINT (117525.23759999871 487012.6191999987),POINT (4.836950393016825 52.369713504391285),4.836950393016825,52.369713504391285,1,1,2,1
5298,333878,20230050440,2023,Uitsluitend materiele schade,2,fiets,personenauto,Onbekend,"Kruispunt, 4 takken",Binnen,50.0,Niet brandend,Overig asfalt,Droog,Daglicht,Droog,Wiltzanghlaan,amsterdam,POINT (118417.83179999888 488359.10550000146),POINT (4.849909499383928 52.38187487807875),4.849909499383928,52.38187487807875,1,1,2,1
5299,333890,20230040544,2023,Letsel,2,personenauto,fiets,Flank,"Kruispunt, 4 takken",Binnen,50.0,Niet brandend,Klinkers,Droog,Daglicht,Droog,Van Hallstraat,amsterdam,POINT (119830.23200000077 488421.46709999815),POINT (4.870646552368385 52.382527637298985),4.870646552368385,52.382527637298985,1,1,1,1
5300,333918,20230066475,2023,Uitsluitend materiele schade,3,personenauto,fiets,Los voorwerp,Rechte weg,Binnen,30.0,Niet brandend,Klinkers,Droog,Daglicht,Droog,Keizersgracht,amsterdam,POINT (121186.58199999854 486338.15300000086),POINT (4.890776876864781 52.36388951251385),4.890776876864781,52.36388951251385,1,1,2,1
5301,333953,20230049461,2023,Letsel,2,fiets,fiets,Frontaal,Rechte weg,Binnen,30.0,Niet brandend,Overig asfalt,Droog,Daglicht,Droog,Weteringschans,amsterdam,POINT (120948.375 485996.38800000027),POINT (4.887314404654525 52.36080325125941),4.887314404654525,52.36080325125941,1,1,1,1
5302,334005,20220210897,2022,Uitsluitend materiele schade,2,personenauto,fiets,Flank,"Kruispunt, 3 takken",Binnen,50.0,Niet brandend,Overig asfalt,Droog,Daglicht,Droog,Jan Rebelstraat,amsterdam,POINT (113888.32730000094 486145.36989999935),POINT (4.7836572389291225 52.36165916426676),4.7836572389291225,52.36165916426676,1,1,2,1
5303,334044,20220210928,2022,Uitsluitend materiele schade,1,snorfiets,unknown,Eenzijdig,"Kruispunt, 3 takken",Binnen,50.0,Niet brandend,Overig asfalt,Droog,Daglicht,Droog,0348 BRUG,amsterdam,POINT (118535.84180000052 484917.63219999894),POINT (4.852015933410769 52.3509533308633),4.852015933410769,52.3509533308633,1,1,2,1
5304,334078,20220211617,2022,Uitsluitend materiele schade,2,personenauto,fiets,Flank,"Kruispunt, 4 takken",Binnen,50.0,Brandend,Beton,Nat,Duisternis,Unknown,Bilderdijkstraat,amsterdam,POINT (119848.20069999993 486911.8055000007),POINT (4.871068374132569 52.368961066075045),4.871068374132569,52.368961066075045,1,1,2,1
5305,334080,20220212303,2022,Uitsluitend materiele schade,2,personenauto,fiets,Flank,Rechte weg,Binnen,30.0,Niet brandend,Klinkers,Droog,Daglicht,Droog,Faas Wilkesstraat,amsterdam,POINT (126573.19399999827 487237.30999999866),POINT (4.969781510611325 52.372275751964295),4.969781510611325,52.372275751964295,-1,0,2,1
5306,334081,20220212312,2022,Uitsluitend materiele schade,2,snorfiets,fiets,Kop/staart,"Kruispunt, 4 takken",Binnen,50.0,Niet brandend,ZOAB,Droog,Daglicht,Droog,Westeinde,amsterdam,POINT (121762 485657),POINT (4.899291825636309 52.3578028939327),4.899291825636309,52.3578028939327,1,1,2,1
5307,334180,20220212480,2022,Uitsluitend materiele schade,1,bromfiets,unknown,Onbekend,Rotonde,Binnen,30.0,Niet brandend,Overig asfalt,Nat,Daglicht,Regen,Jan Tooropstraat,amsterdam,POINT (117539.29329999909 486987.0148999989),POINT (4.83715962159661 52.3694843515796),4.83715962159661,52.3694843515796,1,1,2,1
5308,334213,20220211827,2022,Letsel,2,bromfiets,personenauto,Frontaal,"Kruispunt, 4 takken",Binnen,50.0,Niet brandend,Overig asfalt,Nat,Daglicht,Droog,Albert Neuhuysstraat,amsterdam,POINT (118423.02400000021 485431.09600000083),POINT (4.850304341009408 52.35556047396833),4.850304341009408,52.35556047396833,1,1,1,1
5309,334266,20220210412,2022,Letsel,2,bromfiets,bestelauto,Eenzijdig,"Kruispunt, 4 takken",Binnen,50.0,Niet brandend,Overig asfalt,Nat,Daglicht,Droog,Rooseveltlaan,amsterdam,POINT (121843.66710000113 484199.4296000004),POINT (4.900634231185206 52.34470815105307),4.900634231185206,52.34470815105307,1,1,1,1
5310,334294,20220210498,2022,Uitsluitend materiele schade,2,personenauto,fiets,Onbekend,"Kruispunt, 4 takken",Binnen,Unknown,Unknown,Unknown,Droog,Duisternis,Unknown,Wolbrantskerkweg,amsterdam,POINT (114797.875 485680.2529999986),POINT (4.797064923383669 52.357546388616235),4.797064923383669,52.35754638861624,1,1,2,1
5311,334296,20220211211,2022,Letsel,2,snorfiets,personenauto,Flank,"Kruispunt, 3 takken",Binnen,30.0,Niet aanwezig,Overig asfalt,Nat,Schemer,Regen,Klokkenbergweg,amsterdam,POINT (124399.31210000068 479654.32090000063),POINT (4.938549994020453 52.30400756387569),4.938549994020453,52.30400756387569,0,1,1,1
5312,334927,20230066866,2023,Letsel,2,personenauto,fiets,Flank,"Kruispunt, 4 takken",Binnen,30.0,Niet brandend,Unknown,Droog,Daglicht,Unknown,Geerdinkhofpad,amsterdam,POINT (127689.1323999986 481537.94680000097),POINT (4.986630151788615 52.321109749451715),4.986630151788615,52.32110974945172,0,1,1,1
5313,334930,20230068071,2023,Letsel,2,personenauto,bromfiets,Eenzijdig,Rechte weg,Binnen,50.0,Brandend,Overig asfalt,Droog,Duisternis,Droog,Marnixstraat,amsterdam,POINT (120529.14299999923 486397.2989999987),POINT (4.881119063696781 52.36438020993506),4.881119063696781,52.36438020993506,1,1,1,1
5314,334939,20230020869,2023,Uitsluitend materiele schade,2,personenauto,bromfiets,Flank,Rechte weg,Binnen,50.0,Niet brandend,Overig asfalt,Nat,Daglicht,Droog,Stadhouderskade,amsterdam,POINT (121494.14999999851 485656.6979999989),POINT (4.8953601284988615 52.35778390935079),4.8953601284988615,52.35778390935079,1,1,2,1
5315,334942,20230023692,2023,Uitsluitend materiele schade,2,fiets,personenauto,Flank,"Kruispunt, 4 takken",Binnen,50.0,Niet brandend,Beton,Droog,Daglicht,Droog,Orteliusstraat,amsterdam,POINT (118271.51700000092 487326.375),POINT (4.847873497579089 52.37258372154524),4.847873497579089,52.37258372154524,1,1,2,1
5316,334975,20230023139,2023,Uitsluitend materiele schade,1,fiets,unknown,Voetganger,Rechte weg,Binnen,Unknown,Niet brandend,Overig asfalt,Nat,Daglicht,Regen,Burg De Vlugtlaan,amsterdam,POINT (116363.48699999973 488325.0469999984),POINT (4.819741930797337 52.38142804907752),4.819741930797337,52.38142804907752,1,1,2,1
5317,334976,20230023747,2023,Uitsluitend materiele schade,2,snorfiets,fiets,Flank,"Kruispunt, 4 takken",Binnen,50.0,Niet brandend,Overig asfalt,Droog,Daglicht,Droog,Insulindeweg,amsterdam,POINT (124517 486075),POINT (4.939694332244337 52.36171938135959),4.939694332244337,52.36171938135959,1,1,2,1
5318,335095,20230067726,2023,Uitsluitend materiele schade,1,bromfiets,unknown,Onbekend,Rotonde,Binnen,50.0,Brandend,ZOAB,Droog,Duisternis,Unknown,Wibautstraat,amsterdam,POINT (123048.55319999903 484617.4569000006),POINT (4.918275700646892 52.3485364833902),4.918275700646892,52.3485364833902,1,1,2,1
5319,335096,20230068016,2023,Letsel,3,snorfiets,personenauto,Onbekend,Rechte weg,Binnen,50.0,Niet brandend,Overig asfalt,Droog,Daglicht,Droog,Nassaukade,amsterdam,POINT (120259.34699999914 486653.3379999995),POINT (4.877131737955176 52.366664307714544),4.877131737955176,52.366664307714544,1,1,1,1
5320,335155,20230023945,2023,Uitsluitend materiele schade,2,motor,e-bike,Flank,"Kruispunt, 4 takken",Binnen,50.0,Niet brandend,ZOAB,Droog,Daglicht,Droog,Amstelkade,amsterdam,POINT (121212.56399999931 484569.9079999998),POINT (4.891335915338263 52.34799932893631),4.891335915338263,52.34799932893631,1,1,2,1
5321,335189,20230024615,2023,Uitsluitend materiele schade,2,personenauto,bromfiets,Kop/staart,"Kruispunt, 4 takken",Binnen,50.0,Niet brandend,ZOAB,Droog,Daglicht,Droog,Stadionweg,amsterdam,POINT (120440.71810000017 484482.7388000004),POINT (4.880017587806736 52.347167913294335),4.880017587806736,52.347167913294335,1,1,2,1
5322,335219,20230036469,2023,Uitsluitend materiele schade,2,personenauto,fiets,Kop/staart,Rechte weg,Binnen,30.0,Brandend,Klinkers,Droog,Duisternis,Droog,Kloveniersburgwal,amsterdam,POINT (121630.68800000101 486913.31799999997),POINT (4.897239647694738 52.36908585609797),4.897239647694738,52.36908585609797,1,1,2,1
5323,335239,20230022889,2023,Uitsluitend materiele schade,2,fiets,fiets,Frontaal,Rechte weg,Binnen,50.0,Niet brandend,Overig asfalt,Droog,Daglicht,Droog,Surinamestraat,amsterdam,POINT (118678.45199999958 485704.8759999983),POINT (4.854023955521528 52.3580379561279),4.854023955521528,52.3580379561279,1,1,2,1
5324,335240,20230023449,2023,Uitsluitend materiele schade,1,bromfiets,unknown,Eenzijdig,Bocht,Binnen,50.0,Brandend,Overig asfalt,Nat,Duisternis,Regen,Buiksloterweg,amsterdam,POINT (122267.14699999988 488579.91099999845),POINT (4.90642217657596 52.38410232673879),4.90642217657596,52.38410232673879,1,1,2,1
5325,335378,20230020833,2023,Letsel,2,fiets,personenauto,Frontaal,Bocht,Binnen,50.0,Niet brandend,Overig asfalt,Droog,Daglicht,Droog,Van Slingelandtstraat,amsterdam,POINT (119515.1959999986 488389.66000000015),POINT (4.866022987212989 52.38222150624479),4.866022987212989,52.38222150624479,1,1,1,1
5326,335473,20230087615,2023,Uitsluitend materiele schade,2,personenauto,fiets,Flank,Rotonde,Binnen,50.0,Niet brandend,Overig asfalt,Droog,Daglicht,Droog,Hoofddorpplein,amsterdam,POINT (118377.86030000076 484929.6134000011),POINT (4.849696015783492 52.35105050263897),4.849696015783492,52.35105050263897,1,1,2,1
5327,335480,20230096969,2023,Uitsluitend materiele schade,1,bromfiets,unknown,Voetganger,Rechte weg,Binnen,50.0,Brandend,Beton,Nat,Duisternis,Droog,Robert Fruinlaan,amsterdam,POINT (117257.77800000086 486378.90900000185),POINT (4.8330945155609975 52.36399988785276),4.8330945155609975,52.36399988785276,1,1,2,1
5328,335499,20230087042,2023,Uitsluitend materiele schade,1,bromfiets,unknown,Onbekend,Rechte weg,Binnen,50.0,Niet brandend,Overig asfalt,Nat,Daglicht,Droog,Haarlemmerweg,amsterdam,POINT (120128.20450000092 488737.54659999907),POINT (4.874990057091593 52.38538733126303),4.874990057091593,52.38538733126303,1,1,2,1
5329,335509,20230097026,2023,Uitsluitend materiele schade,5,bromfiets,personenauto,Geparkeerd voertuig,Rechte weg,Binnen,50.0,Brandend,Overig asfalt,Nat,Duisternis,Droog,Ceintuurbaan,amsterdam,POINT (122092.5700000003 485432.48900000006),POINT (4.904166177380998 52.35580503930231),4.904166177380998,52.35580503930231,1,1,2,1
5330,335612,20230097177,2023,Uitsluitend materiele schade,2,bromfiets,personenauto,Kop/staart,Rechte weg,Binnen,50.0,Niet brandend,Overig asfalt,Nat,Daglicht,Regen,Haarlemmerweg,amsterdam,POINT (120117.6512000002 488745.2670000009),POINT (4.87483424911339 52.38545604589029),4.87483424911339,52.38545604589029,1,1,2,1
5331,335628,20230087255,2023,Uitsluitend materiele schade,1,fiets,unknown,Voetganger,"Kruispunt, 4 takken",Binnen,50.0,Niet brandend,Unknown,Droog,Daglicht,Unknown,Zeeburgerdijk,amsterdam,POINT (124503.4375 486565.48270000145),POINT (4.939450749687961 52.36612677100302),4.939450749687961,52.36612677100302,1,1,2,1
5332,335633,20230097218,2023,Uitsluitend materiele schade,2,bestelauto,bromfiets,Geparkeerd voertuig,Rechte weg,Binnen,15.0,Niet brandend,Klinkers,Nat,Daglicht,Droog,Waddendijk,amsterdam,POINT (124019.43299999833 489579.63500000164),POINT (4.9320668387642055 52.39318883432565),4.9320668387642055,52.39318883432565,1,1,2,1
5333,335705,20230097382,2023,Uitsluitend materiele schade,3,bromfiets,fiets,Onbekend,"Kruispunt, 3 takken",Binnen,30.0,Niet brandend,Overig asfalt,Nat,Daglicht,Droog,Emfuleni,amsterdam,POINT (126034.89209999889 481775.6046000011),POINT (4.962347272010165 52.32316105718551),4.962347272010165,52.32316105718551,0,1,2,1
5334,335763,20210087333,2021,Uitsluitend materiele schade,2,fiets,voetganger,Voetganger,"Kruispunt, 4 takken",Binnen,50.0,Niet brandend,Overig asfalt,Nat,Daglicht,Droog,Tollensstraat,amsterdam,POINT (119739.29529999942 486633.33210000023),POINT (4.8694985796096795 52.36645136806584),4.86949857960968,52.36645136806584,1,1,2,1
5335,335764,20210087351,2021,Letsel,2,fiets,scootmobiel,Frontaal,Rechte weg,Binnen,Unknown,Niet brandend,Overig asfalt,Droog,Daglicht,Droog,Holendrechtplein,amsterdam,POINT (126152.36600000039 479126.7529999986),POINT (4.964296933759865 52.2993607492905),4.964296933759865,52.2993607492905,0,1,1,1
5336,335871,20210082449,2021,Uitsluitend materiele schade,2,bromfiets,personenauto,Flank,Rechte weg,Binnen,30.0,Brandend,Klinkers,Nat,Duisternis,Regen,Bijlmerdreef,amsterdam,POINT (126320.25800000131 481470.01300000027),POINT (4.966558883276908 52.320429521264195),4.966558883276908,52.3204295212642,0,1,2,1
5337,335892,20210087212,2021,Letsel,2,snorfiets,fiets,Frontaal,Rechte weg,Binnen,50.0,Brandend,Overig asfalt,Droog,Duisternis,Droog,Hobbemastraat,amsterdam,POINT (120605.58100000024 486097.1229999997),POINT (4.882271951793516 52.3616872309657),4.882271951793516,52.3616872309657,1,1,1,1
5338,335896,20210000536,2021,Dodelijk,2,personenauto,fiets,Kop/staart,Rechte weg,Binnen,30.0,Niet brandend,Overig asfalt,Droog,Daglicht,Droog,Govert Flinckstraat,amsterdam,POINT (121254.9459999986 485325.93400000036),POINT (4.891882074847631 52.35479658690511),4.891882074847631,52.35479658690511,1,1,0,1
5339,335923,20210080108,2021,Letsel,2,personenauto,fiets,Flank,"Kruispunt, 3 takken",Binnen,50.0,Niet brandend,Overig asfalt,Droog,Daglicht,Droog,Daniël Goedkoopstraat,amsterdam,POINT (123350.73889999837 483053.6209000014),POINT (4.9228575407353565 52.33449918348598),4.9228575407353565,52.33449918348598,1,1,1,1
5340,336065,20210015908,2021,Uitsluitend materiele schade,2,bromfiets,personenauto,Onbekend,Unknown,Unknown,30.0,Unknown,Unknown,Unknown,Daglicht,Unknown,Herengracht,amsterdam,POINT (121238.41600000113 486482.3599999994),POINT (4.891523364473424 52.365188733089475),4.891523364473424,52.36518873308948,1,1,2,1
5341,336091,20210023726,2021,Uitsluitend materiele schade,2,motor,fiets,Flank,"Kruispunt, 4 takken",Binnen,50.0,Niet brandend,Unknown,Droog,Daglicht,Droog,Rooseveltlaan,amsterdam,POINT (122032.0791000016 484262.3498999998),POINT (4.903392924255276 52.345284972342476),4.903392924255276,52.34528497234248,1,1,2,1
5342,336175,20210033615,2021,Uitsluitend materiele schade,2,trein/tram,fiets,Frontaal,Rechte weg,Binnen,50.0,Niet brandend,Overig asfalt,Nat,Daglicht,Droog,Rozengracht,amsterdam,POINT (120404 487360),POINT (4.879182768063894 52.3730244081283),4.879182768063894,52.3730244081283,1,1,2,1
5343,336203,20210029132,2021,Uitsluitend materiele schade,3,snorfiets,e-bike,Geparkeerd voertuig,Rechte weg,Binnen,30.0,Niet brandend,Klinkers,Droog,Daglicht,Droog,Eerste Oosterparkstraat,amsterdam,POINT (122400.17799999937 485436.0379999988),POINT (4.908680965349282 52.35585527349133),4.908680965349282,52.35585527349133,1,1,2,1
5344,336271,20210021954,2021,Uitsluitend materiele schade,1,snorfiets,unknown,Flank,"Kruispunt, 3 takken",Binnen,50.0,Niet brandend,Unknown,Droog,Daglicht,Droog,Lorreinenstraat,amsterdam,POINT (118639.55050000176 488117.96130000055),POINT (4.853191920903368 52.37972238935271),4.853191920903368,52.37972238935271,1,1,2,1
5345,336300,20210018853,2021,Uitsluitend materiele schade,2,fiets,overig vast object,Vast voorwerp,Rechte weg,Binnen,50.0,Niet brandend,Overig asfalt,Droog,Daglicht,Droog,Kinkerstraat,amsterdam,POINT (119328.95199999958 486470.4470000006),POINT (4.863491346588333 52.36496097839189),4.863491346588333,52.36496097839189,1,1,2,1
5346,336414,20210052586,2021,Uitsluitend materiele schade,2,bestelauto,fiets,Onbekend,"Kruispunt, 3 takken",Binnen,Unknown,Niet brandend,ZOAB,Droog,Daglicht,Droog,Houtmankade,amsterdam,POINT (120873.65480000153 489283.816300001),POINT (4.885883687201126 52.39034364597169),4.885883687201126,52.39034364597169,1,1,2,1
5347,336456,20210061509,2021,Letsel,2,bromfiets,voetganger,Voetganger,"Kruispunt, 4 takken",Binnen,50.0,Niet brandend,ZOAB,Nat,Daglicht,Regen,Parnassusweg,amsterdam,POINT (119559.9459999986 484400.6409999989),POINT (4.867100662970594 52.346373979939926),4.867100662970594,52.346373979939926,1,1,1,1
5348,336511,20210053860,2021,Uitsluitend materiele schade,2,bromfiets,personenauto,Flank,"Kruispunt, 4 takken",Binnen,50.0,Niet brandend,Overig asfalt,Droog,Daglicht,Droog,AMSTERDAM-WESTPOORT 3,amsterdam,POINT (115208.60099999979 489528.6319999993),POINT (4.802638113355798 52.39216236159933),4.802638113355798,52.39216236159933,1,1,2,1
5349,336537,20210050909,2021,Uitsluitend materiele schade,2,bromfiets,fiets,Frontaal,Rechte weg,Binnen,Unknown,Niet brandend,Klinkers,Nat,Daglicht,Droog,Vredenhofpad,amsterdam,POINT (119175.13230000064 488686.7375999987),POINT (4.860996835460396 52.38486932609008),4.860996835460396,52.38486932609008,1,1,2,1
5350,336540,20210041178,2021,Letsel,1,fiets,unknown,Eenzijdig,Rechte weg,Binnen,Unknown,Niet brandend,Klinkers,Nat,Daglicht,Droog,Wachterliedplantsoen,amsterdam,POINT (118654.16099999845 487874.5170000009),POINT (4.85343282528291 52.377535465725806),4.85343282528291,52.377535465725806,1,1,1,1
5351,336569,20210049149,2021,Uitsluitend materiele schade,2,bromfiets,personenauto,Flank,"Kruispunt, 4 takken",Binnen,30.0,Niet brandend,ZOAB,Nat,Daglicht,Regen,Velserweg,amsterdam,POINT (118107.78390000015 488846.26520000026),POINT (4.845302408511265 52.38623233901139),4.845302408511265,52.38623233901139,1,1,2,1
5352,336596,20210038057,2021,Uitsluitend materiele schade,2,snorfiets,personenauto,Onbekend,Unknown,Unknown,30.0,Unknown,Unknown,Unknown,Daglicht,Unknown,Pieter van der Doesstr,amsterdam,POINT (118889.88599999994 487302.3420000002),POINT (4.856955998658381 52.37240874229634),4.856955998658381,52.37240874229634,1,1,2,1
5353,336598,20210041821,2021,Letsel,2,vrachtauto,fiets,Geparkeerd voertuig,"Kruispunt, 4 takken",Binnen,50.0,Niet brandend,Klinkers,Droog,Daglicht,Droog,E.du Perronstraat,amsterdam,POINT (131239.942400001 480656.59870000184),POINT (5.0387717197659105 52.31335346055864),5.038771719765911,52.31335346055864,-1,0,1,0
5354,336616,20210068725,2021,Uitsluitend materiele schade,2,bestelauto,fiets,Onbekend,"Kruispunt, 3 takken",Binnen,50.0,Niet aanwezig,Overig asfalt,Droog,Daglicht,Unknown,Europaboulevard,amsterdam,POINT (121256.99599999934 483757.8979999982),POINT (4.892069382377446 52.340704248232534),4.892069382377446,52.34070424823253,1,1,2,1
5355,336744,20210068298,2021,Uitsluitend materiele schade,2,personenauto,snorfiets,Kop/staart,Rechte weg,Binnen,50.0,Brandend,Klinkers,Droog,Duisternis,Droog,IJdoornlaan,amsterdam,POINT (122672.85099999979 492046.0480000004),POINT (4.912047143571218 52.41527744787802),4.912047143571218,52.41527744787802,1,1,2,1
5356,336758,20210034477,2021,Letsel,2,bromfiets,personenauto,Kop/staart,Rechte weg,Binnen,50.0,Brandend,Overig asfalt,Droog,Duisternis,Droog,Overtoom,amsterdam,POINT (119154.79899999872 485826.1550000012),POINT (4.861003257412374 52.3591592119065),4.861003257412374,52.3591592119065,1,1,1,1
5357,336775,20210048761,2021,Uitsluitend materiele schade,2,personenauto,fiets,Flank,"Kruispunt, 4 takken",Binnen,30.0,Niet brandend,Overig asfalt,Droog,Daglicht,Unknown,President Kennedylaan,amsterdam,POINT (121621.47619999945 483722.64389999956),POINT (4.897420963489852 52.34040966158747),4.897420963489852,52.34040966158747,1,1,2,1
5358,336814,20210066656,2021,Uitsluitend materiele schade,2,snorfiets,personenauto,Flank,"Kruispunt, 4 takken",Binnen,50.0,Niet brandend,Overig asfalt,Droog,Daglicht,Unknown,Pretoriusstraat,amsterdam,POINT (123183.86910000071 485256.69689999893),POINT (4.920201128719136 52.35428941336839),4.920201128719136,52.35428941336839,1,1,2,1
5359,336829,20210043318,2021,Letsel,3,fiets,e-bike,Onbekend,Rechte weg,Binnen,50.0,Niet brandend,Klinkers,Droog,Daglicht,Droog,Roemer Visscherstraat,amsterdam,POINT (120293.60599999875 486085.09099999815),POINT (4.8776933714640744 52.36155947343072),4.877693371464074,52.36155947343072,1,1,1,1
5360,336859,20210040889,2021,Uitsluitend materiele schade,3,personenauto,e-bike,Onbekend,"Kruispunt, 4 takken",Binnen,30.0,Niet brandend,Overig asfalt,Droog,Daglicht,Droog,Haarlemmer Houttuinen,amsterdam,POINT (121253.92760000005 488259.01399999857),POINT (4.891572708430962 52.38115698835864),4.891572708430962,52.38115698835864,1,1,2,1
5361,337051,20210076898,2021,Uitsluitend materiele schade,2,personenauto,fiets,Onbekend,"Kruispunt, 4 takken",Binnen,Unknown,Niet brandend,Overig asfalt,Nat,Daglicht,Unknown,Tussen de Bogen,amsterdam,POINT (121036 488474),POINT (4.888350366498495 52.38307568651919),4.888350366498495,52.38307568651919,1,1,2,1
5362,337432,20220080634,2022,Uitsluitend materiele schade,2,personenauto,fiets,Flank,"Kruispunt, 4 takken",Binnen,50.0,Niet brandend,Overig asfalt,Nat,Daglicht,Droog,Pieter Calandlaan,amsterdam,POINT (114269.41519999877 484851.68939999864),POINT (4.789408217470487 52.350060995370285),4.789408217470487,52.350060995370285,1,1,2,1