,Unnamed: 0,accident_id,accident_year,outcome,num_parties,party1_type,party2_type,accident_nature,road_situation,built_up_area,speed_limit_kmh,street_lighting,road_surface,road_condition,light_condition,weather_condition,street_name,municipality,shape,geometry,longitude,latitude,cluster,future_hotspot_spatial,outcome_encoded,future_hotspot_pred
5363,337479,20220016642,2022,Uitsluitend materiele schade,2,personenauto,fiets,Frontaal,"Kruispunt, 3 takken",Binnen,30.0,Niet brandend,Klinkers,Nat,Schemer,Regen,Voornestraat,amsterdam,POINT (123864.85720000044 489643.0106999986),POINT (4.929790147708539 52.393749662888936),4.929790147708539,52.393749662888936,1,1,2,1
5364,337481,20220016696,2022,Uitsluitend materiele schade,2,bromfiets,personenauto,Flank,"Kruispunt, 4 takken",Binnen,30.0,Niet brandend,Klinkers,Droog,Daglicht,Droog,Kleiburg,amsterdam,POINT (127183.52600000054 481302.4120000005),POINT (4.979233938421683 52.31896754857928),4.979233938421683,52.31896754857928,0,1,2,1
5365,337584,20220055424,2022,Uitsluitend materiele schade,2,snorfiets,bestelauto,Flank,Rechte weg,Binnen,50.0,Niet brandend,ZOAB,Droog,Daglicht,Droog,President Allendelaan,amsterdam,POINT (115376.24599999934 486648.55099999905),POINT (4.805440491418929 52.36629070278436),4.805440491418929,52.36629070278436,1,1,2,1
5366,337650,20220081240,2022,Letsel,3,snorfiets,personenauto,Flank,"Kruispunt, 4 takken",Binnen,30.0,Brandend,Klinkers,Nat,Duisternis,Droog,Bullewijkpad,amsterdam,POINT (125495.83430000022 479944.67859999835),POINT (4.954600883434115 52.30667703252399),4.954600883434115,52.30667703252399,0,1,1,1
5367,337674,20220054404,2022,Uitsluitend materiele schade,2,fiets,personenauto,Flank,"Kruispunt, 4 takken",Binnen,Unknown,Niet brandend,Overig asfalt,Droog,Daglicht,Droog,2e Van der Helststraat,amsterdam,POINT (121437.88599999994 485147.28400000185),POINT (4.894585061244837 52.35320220647382),4.894585061244837,52.35320220647382,1,1,2,1
5368,337735,20220055783,2022,Uitsluitend materiele schade,2,vrachtauto,fiets,Flank,"Kruispunt, 4 takken",Binnen,50.0,Niet brandend,Klinkers,Droog,Daglicht,Droog,Kloveniersburgwal,amsterdam,POINT (121643.75719999894 487005.8709000014),POINT (4.897422353527627 52.369918450841496),4.897422353527627,52.369918450841496,1,1,2,1
5369,337807,20220015599,2022,Uitsluitend materiele schade,2,personenauto,fiets,Kop/staart,"Kruispunt, 4 takken",Binnen,50.0,Niet brandend,Overig asfalt,Nat,Daglicht,Regen,Celebesstraat,amsterdam,POINT (123974.96489999816 486480.0544000007),POINT (4.931699778388806 52.365329401044896),4.931699778388806,52.365329401044896,1,1,2,1
5370,337923,20230066626,2023,Uitsluitend materiele schade,2,personenauto,snorfiets,Onbekend,Unknown,Unknown,50.0,Unknown,Unknown,Unknown,Daglicht,Unknown,Henk Sneevlietweg,amsterdam,POINT (117194.06700000167 484336.186999999),POINT (4.832388753968837 52.345637048195094),4.832388753968837,52.34563704819509,1,1,2,1
5371,338118,20230003956,2023,Uitsluitend materiele schade,2,bestelauto,fiets,Flank,"Kruispunt, 4 takken",Binnen,30.0,Niet brandend,Overig asfalt,Droog,Daglicht,Droog,Van Baerlestraat,amsterdam,POINT (120339.6409999989 485706.6499999985),POINT (4.878408168096689 52.35816121806268),4.878408168096689,52.35816121806268,1,1,2,1
5372,338180,20230004030,2023,Letsel,1,fiets,unknown,Eenzijdig,Bocht,Binnen,Unknown,Brandend,Overig asfalt,Droog,Duisternis,Droog,Leidseplein,amsterdam,POINT (120479.73999999836 486238.4310000017),POINT (4.880410088080158 52.36294931400216),4.880410088080158,52.36294931400216,1,1,1,1
5373,338207,20230004080,2023,Uitsluitend materiele schade,2,snorfiets,personenauto,Flank,Rechte weg,Binnen,50.0,Brandend,Beton,Droog,Duisternis,Droog,Elzenhagensingel,amsterdam,POINT (123915.62900000066 490671.7410000004),POINT (4.930440761036788 52.40299803141196),4.930440761036788,52.40299803141196,1,1,2,1
5374,338727,20210064798,2021,Letsel,2,personenauto,e-bike,Flank,Rechte weg,Binnen,50.0,Niet brandend,Klinkers,Droog,Daglicht,Droog,Baarsjesweg,amsterdam,POINT (119335.94900000095 486909.4519999996),POINT (4.863547501043265 52.368906888352456),4.863547501043265,52.368906888352456,1,1,1,1
5375,338869,20220141917,2022,Uitsluitend materiele schade,2,fiets,bestelauto,Kop/staart,Rechte weg,Binnen,50.0,Niet brandend,Klinkers,Droog,Daglicht,Droog,Platanenweg,amsterdam,POINT (122850.8350000009 485276.15199999884),POINT (4.915311090867549 52.35444487757215),4.915311090867549,52.35444487757215,1,1,2,1
5376,338885,20220176202,2022,Letsel,3,bromfiets,bestelauto,Onbekend,Rechte weg,Binnen,50.0,Niet brandend,Overig asfalt,Droog,Daglicht,Droog,Stadhouderskade,amsterdam,POINT (120556.88199999928 486111.79399999976),POINT (4.881555543033918 52.361816032247795),4.881555543033918,52.3618160322478,1,1,1,1
5377,338960,20220177875,2022,Letsel,2,personenauto,fiets,Flank,Rotonde,Binnen,50.0,Niet brandend,Overig asfalt,Nat,Daglicht,Droog,Nieuwe Purmerweg,amsterdam,POINT (123597.25160000101 490056.00470000133),POINT (4.925820176440674 52.39744611028162),4.925820176440674,52.39744611028162,1,1,1,1
5378,338998,20220178210,2022,Uitsluitend materiele schade,1,bromfiets,unknown,Voetganger,Rechte weg,Binnen,50.0,Niet aanwezig,Overig asfalt,Nat,Duisternis,Regen,De Ruijterkade,amsterdam,POINT (121488.5549999997 488398.7010000013),POINT (4.895004646066382 52.3824267658551),4.895004646066382,52.3824267658551,1,1,2,1
5379,339040,20220178280,2022,Uitsluitend materiele schade,2,personenauto,fiets,Onbekend,"Kruispunt, 4 takken",Binnen,50.0,Niet brandend,Unknown,Droog,Daglicht,Droog,Bloemgracht,amsterdam,POINT (120206.20100000128 487469.3680000007),POINT (4.8762669961352305 52.37399483073155),4.876266996135231,52.37399483073155,1,1,2,1
5380,339086,20220142395,2022,Uitsluitend materiele schade,2,personenauto,bromfiets,Flank,Rechte weg,Binnen,70.0,Niet brandend,Overig asfalt,Droog,Daglicht,Droog,Zuiderzeeweg,amsterdam,POINT (126090.0390000008 487483.368999999),POINT (4.962665822520275 52.37446195125709),4.962665822520275,52.37446195125709,1,1,2,1
5381,339121,20220123753,2022,Uitsluitend materiele schade,2,personenauto,fiets,Flank,"Kruispunt, 4 takken",Binnen,50.0,Niet brandend,Beton,Droog,Daglicht,Droog,Marchanthof,amsterdam,POINT (114753.0476000011 488094.0421000011),POINT (4.7961179324743615 52.37923626786012),4.7961179324743615,52.37923626786012,1,1,2,1
5382,339229,20220141391,2022,Uitsluitend materiele schade,2,personenauto,fiets,Frontaal,Bocht,Binnen,30.0,Niet brandend,Klinkers,Droog,Daglicht,Droog,Binnenhofstraat,amsterdam,POINT (122977.12900000066 490236.4600000009),POINT (4.916692114015818 52.39903207363585),4.916692114015818,52.39903207363585,1,1,2,1
5383,339240,20220155528,2022,Uitsluitend materiele schade,2,snorfiets,scootmobiel,Geparkeerd voertuig,Rechte weg,Binnen,50.0,Niet brandend,Klinkers,Droog,Daglicht,Droog,Singel,amsterdam,POINT (121275.63300000131 487751.0549999997),POINT (4.891942470423343 52.37659315318789),4.891942470423343,52.37659315318789,1,1,2,1
5384,339334,20220124128,2022,Letsel,2,bestelauto,fiets,Flank,Rotonde,Binnen,50.0,Niet brandend,Overig asfalt,Nat,Daglicht,Droog,Vrije Geer,amsterdam,POINT (114876.7613000013 484572.8852000013),POINT (4.798354923763146 52.34760000544428),4.798354923763146,52.34760000544428,1,1,1,1
5385,339335,20220124139,2022,Letsel,2,snorfiets,e-bike,Frontaal,"Kruispunt, 3 takken",Binnen,Unknown,Brandend,ZOAB,Droog,Duisternis,Droog,Jacques Veltmanstraat,amsterdam,POINT (117200.3013000004 485518.8632000014),POINT (4.832347377606448 52.35626649494224),4.832347377606448,52.35626649494224,1,1,1,1
5386,339392,20220124205,2022,Letsel,2,fiets,fiets,Onbekend,Rotonde,Binnen,50.0,Niet brandend,Overig asfalt,Droog,Daglicht,Droog,Cornelis Krusemanstraat,amsterdam,POINT (119138.4886999987 484898.21460000053),POINT (4.860862754435052 52.35081848127323),4.860862754435052,52.35081848127323,1,1,1,1
5387,339406,20220141844,2022,Uitsluitend materiele schade,2,personenauto,fiets,Flank,Rechte weg,Binnen,30.0,Brandend,Klinkers,Droog,Duisternis,Droog,Maasstraat,amsterdam,POINT (121503.21400000155 484120.11199999973),POINT (4.895646142356333 52.34397465176446),4.895646142356333,52.34397465176446,1,1,2,1
5388,339516,20230060037,2023,Letsel,1,bromfiets,unknown,Eenzijdig,Rechte weg,Binnen,30.0,Niet brandend,Klinkers,Nat,Daglicht,Regen,Erich Salomonstraat,amsterdam,POINT (128661.54600000009 485312.12999999896),POINT (5.000597218803594 52.35507749059886),5.000597218803594,52.35507749059886,-1,0,1,0
5389,339588,20230050304,2023,Uitsluitend materiele schade,2,bromfiets,personenauto,Onbekend,"Kruispunt, 4 takken",Binnen,30.0,Brandend,Klinkers,Nat,Schemer,Regen,Emmikhovenstraat,amsterdam,POINT (114584.9813000001 485658.88010000065),POINT (4.793942519629121 52.35733868520342),4.793942519629121,52.35733868520342,1,1,2,1
5390,339613,20230059334,2023,Uitsluitend materiele schade,2,personenauto,fiets,Frontaal,"Kruispunt, 4 takken",Binnen,50.0,Niet brandend,Overig asfalt,Droog,Daglicht,Droog,Schinkelhavenstraat,amsterdam,POINT (118766.8740000017 485347.8289999999),POINT (4.855360347144712 52.35483491467672),4.855360347144712,52.35483491467672,1,1,2,1
5391,339621,20230039334,2023,Uitsluitend materiele schade,2,personenauto,bromfiets,Flank,Rechte weg,Binnen,30.0,Niet brandend,Overig asfalt,Droog,Daglicht,Droog,Jan Pieter Heijestraat,amsterdam,POINT (119408.06899999827 486101.52800000086),POINT (4.864691923542854 52.361650534065205),4.864691923542854,52.361650534065205,1,1,2,1
5392,339725,20230049982,2023,Letsel,2,fiets,fiets,Onbekend,Rechte weg,Binnen,30.0,Unknown,Klinkers,Nat,Daglicht,Regen,Spuistraat,amsterdam,POINT (121070.5859999992 487018.6950000003),POINT (4.889005278468938 52.369998592674236),4.889005278468938,52.36999859267424,1,1,1,1
5393,339792,20220210873,2022,Uitsluitend materiele schade,2,bromfiets,fiets,Frontaal,Rechte weg,Binnen,50.0,Niet brandend,Overig asfalt,Droog,Daglicht,Droog,Pampuslaan,amsterdam,POINT (128924.25699999928 484872.6099999994),POINT (5.00448738072681 52.35113986307763),5.00448738072681,52.35113986307763,-1,0,2,0
5394,339794,20220211549,2022,Uitsluitend materiele schade,2,snorfiets,fiets,Frontaal,Rechte weg,Binnen,50.0,Brandend,Beton,Droog,Duisternis,Droog,Sint Jorissteeg,amsterdam,POINT (121312.69700000063 486757.97199999914),POINT (4.892586289352314 52.367670302138905),4.892586289352314,52.367670302138905,1,1,2,1
5395,339830,20220210939,2022,Uitsluitend materiele schade,2,bromfiets,fiets,Flank,"Kruispunt, 4 takken",Binnen,50.0,Niet brandend,ZOAB,Droog,Daglicht,Droog,Stadhouderskade,amsterdam,POINT (120992.2675999999 485836.81060000136),POINT (4.887974875841722 52.35937179902555),4.887974875841722,52.35937179902555,1,1,2,1
5396,339898,20220211005,2022,Letsel,2,personenauto,e-bike,Flank,"Kruispunt, 4 takken",Binnen,50.0,Unknown,Overig asfalt,Droog,Daglicht,Unknown,Wijttenbachstraat,amsterdam,POINT (123541.40230000019 485893.1953999996),POINT (4.925389378399312 52.36003043726986),4.925389378399312,52.36003043726986,1,1,1,1
5397,339938,20220211733,2022,Uitsluitend materiele schade,2,personenauto,fiets,Flank,"Kruispunt, 3 takken",Binnen,50.0,Brandend,ZOAB,Nat,Duisternis,Regen,Rooseveltlaan,amsterdam,POINT (121555.38690000027 484030.46269999817),POINT (4.896420648585464 52.343172119701975),4.896420648585464,52.343172119701975,1,1,2,1
5398,339939,20220211745,2022,Letsel,1,fiets,unknown,Eenzijdig,Rechte weg,Binnen,50.0,Brandend,ZOAB,Nat,Duisternis,Regen,Marnixstraat,amsterdam,POINT (120316.61699999869 486883.66000000015),POINT (4.877948799779006 52.36873789625751),4.877948799779006,52.36873789625751,1,1,1,1
5399,339975,20220210209,2022,Uitsluitend materiele schade,2,bromfiets,fiets,Frontaal,Rechte weg,Binnen,50.0,Niet brandend,Overig asfalt,Droog,Daglicht,Droog,Westerdokskade,amsterdam,POINT (121303.98800000176 488438.05000000075),POINT (4.892289966032308 52.38276910859094),4.892289966032308,52.38276910859094,1,1,2,1
5400,340003,20220211819,2022,Letsel,1,bromfiets,unknown,Eenzijdig,Rechte weg,Binnen,50.0,Niet brandend,Klinkers,Sneeuw/ijzel,Daglicht,Unknown,Dirk Sonoystraat,amsterdam,POINT (115385.45399999991 487915.6030000001),POINT (4.805426337900813 52.37767860074573),4.805426337900813,52.37767860074573,1,1,1,1
5401,340034,20220210464,2022,Uitsluitend materiele schade,1,snorfiets,unknown,Flank,Rechte weg,Binnen,30.0,Niet brandend,ZOAB,Droog,Daglicht,Droog,Utrechtsestraat,amsterdam,POINT (121657.91600000113 486526.4270000011),POINT (4.89767779417383 52.3656104021041),4.89767779417383,52.3656104021041,1,1,2,1
5402,340069,20220210520,2022,Letsel,2,bromfiets,personenauto,Flank,Rotonde,Binnen,30.0,Brandend,ZOAB,Droog,Duisternis,Droog,Oostoever,amsterdam,POINT (116848.433699999 486574.14460000023),POINT (4.827062876782872 52.365726234250566),4.827062876782872,52.365726234250566,1,1,1,1
5403,340333,20220212190,2022,Uitsluitend materiele schade,2,personenauto,fiets,Flank,"Kruispunt, 4 takken",Binnen,50.0,Brandend,Overig asfalt,Nat,Duisternis,Droog,Stadhouderskade,amsterdam,POINT (121703.57899999991 485634.44299999997),POINT (4.898436505727996 52.35759662924934),4.898436505727996,52.35759662924934,1,1,2,1
5404,340673,20230111232,2023,Uitsluitend materiele schade,2,bestelauto,fiets,Flank,"Kruispunt, 3 takken",Binnen,30.0,Brandend,ZOAB,Droog,Duisternis,Droog,Johan Jongkindstraat,amsterdam,POINT (117551.54520000145 485855.1576000005),POINT (4.837465571062538 52.3593129124571),4.837465571062538,52.3593129124571,1,1,2,1
5405,340674,20230111240,2023,Uitsluitend materiele schade,2,personenauto,fiets,Flank,Rotonde,Binnen,50.0,Niet brandend,Overig asfalt,Nat,Daglicht,Regen,Delflandlaan,amsterdam,POINT (117764 485513),POINT (4.840622123194348 52.35625229606922),4.840622123194348,52.35625229606922,1,1,2,1
5406,340685,20230111303,2023,Uitsluitend materiele schade,2,fiets,personenauto,Flank,"Kruispunt, 4 takken",Binnen,50.0,Brandend,Beton,Droog,Duisternis,Droog,Mauritskade,amsterdam,POINT (123194.3033999987 486216.2890000008),POINT (4.920263542320992 52.36291420335485),4.920263542320992,52.36291420335485,1,1,2,1
5407,340686,20230111334,2023,Uitsluitend materiele schade,2,bromfiets,personenauto,Kop/staart,Rechte weg,Binnen,30.0,Brandend,Klinkers,Droog,Duisternis,Droog,Keizersgracht,amsterdam,POINT (120982.43400000036 486458.7670000009),POINT (4.887767610458204 52.36496090157898),4.887767610458204,52.36496090157898,1,1,2,1
5408,340746,20230020879,2023,Uitsluitend materiele schade,2,personenauto,fiets,Kop/staart,Rechte weg,Binnen,50.0,Niet brandend,Klinkers,Nat,Daglicht,Regen,Kruitberghof,amsterdam,POINT (127051.06100000069 481014.75400000066),POINT (4.977315039201906 52.31637551481491),4.977315039201906,52.31637551481491,0,1,2,1
5409,340755,20230066886,2023,Letsel,1,bromfiets,unknown,Eenzijdig,Rechte weg,Binnen,50.0,Niet brandend,ZOAB,Droog,Daglicht,Droog,Slotermeerlaan,amsterdam,POINT (116436.60700000077 488215.61400000006),POINT (4.82082837070203 52.38044969507641),4.82082837070203,52.38044969507641,1,1,1,1
5410,340756,20230066989,2023,Uitsluitend materiele schade,3,personenauto,fiets,Onbekend,"Kruispunt, 4 takken",Buiten,50.0,Niet brandend,ZOAB,Droog,Daglicht,Droog,Gillis van Ledenberchstr,amsterdam,POINT (119859.57330000028 487600.5192000009),POINT (4.871163347455637 52.37515144812477),4.871163347455637,52.37515144812477,1,1,2,1
5411,340844,20230020988,2023,Uitsluitend materiele schade,2,bromfiets,personenauto,Flank,"Kruispunt, 3 takken",Binnen,50.0,Niet brandend,Overig asfalt,Nat,Daglicht,Regen,Stadhouderskade,amsterdam,POINT (120361.65069999918 486331.76419999823),POINT (4.878666862540349 52.36378069271043),4.878666862540349,52.36378069271043,1,1,2,1
5412,340881,20230068018,2023,Letsel,3,motor,fiets,Onbekend,Rechte weg,Binnen,50.0,Niet brandend,Klinkers,Droog,Daglicht,Droog,C.J.van Houtenlaan,amsterdam,POINT (131116.16600000113 479606.9849999994),POINT (5.037030946275575 52.303914655666716),5.037030946275575,52.30391465566672,-1,0,1,0
5413,340886,20230078229,2023,Uitsluitend materiele schade,2,personenauto,fiets,Flank,"Kruispunt, 3 takken",Binnen,50.0,Niet brandend,Overig asfalt,Droog,Daglicht,Droog,Hobbemakade,amsterdam,POINT (120838.29670000076 484795.5667000003),POINT (4.885820417873746 52.350004258439235),4.885820417873746,52.35000425843924,1,1,2,1
5414,340920,20230024584,2023,Letsel,2,bromfiets,fiets,Flank,"Kruispunt, 4 takken",Binnen,50.0,Niet brandend,Overig asfalt,Droog,Daglicht,Droog,Druivenstraat,amsterdam,POINT (121739.41369999945 491743.249400001),POINT (4.898357610473623 52.41250031810407),4.898357610473623,52.41250031810407,1,1,1,1
5415,340932,20230078967,2023,Uitsluitend materiele schade,2,personenauto,fiets,Flank,Rechte weg,Binnen,50.0,Niet brandend,Overig asfalt,Droog,Daglicht,Droog,Jan van Galenstraat,amsterdam,POINT (119617.42599999905 487681.73600000143),POINT (4.86759897653225 52.37586581429295),4.86759897653225,52.37586581429295,1,1,2,1
5416,340944,20230020570,2023,Uitsluitend materiele schade,2,personenauto,fiets,Onbekend,Rotonde,Binnen,50.0,Brandend,ZOAB,Nat,Duisternis,Droog,Hoofddorpplein,amsterdam,POINT (118414.31500000134 484990.2659999989),POINT (4.850224448945632 52.35159803304186),4.850224448945632,52.35159803304186,1,1,2,1
5417,340959,20230079085,2023,Uitsluitend materiele schade,2,personenauto,fiets,Flank,"Kruispunt, 4 takken",Binnen,50.0,Niet brandend,Overig asfalt,Droog,Daglicht,Droog,Van Woustraat,amsterdam,POINT (122053.47250000015 484839.38379999995),POINT (4.903650376089083 52.350472259344656),4.903650376089083,52.350472259344656,1,1,2,1
5418,340986,20230036486,2023,Letsel,2,fiets,voetganger,Voetganger,Rechte weg,Binnen,30.0,Niet brandend,Overig asfalt,Droog,Daglicht,Droog,Haarlemmerdijk,amsterdam,POINT (120785.18499999866 488589.2109999992),POINT (4.884654864476022 52.384095543167824),4.884654864476022,52.384095543167824,1,1,1,1
5419,341006,20230024701,2023,Uitsluitend materiele schade,2,snorfiets,fiets,Kop/staart,Rechte weg,Binnen,50.0,Brandend,Overig asfalt,Droog,Duisternis,Droog,Herengracht,amsterdam,POINT (120931.4290000014 487407.6079999991),POINT (4.88692263617295 52.37348525002424),4.88692263617295,52.37348525002424,1,1,2,1
5420,341044,20230077878,2023,Uitsluitend materiele schade,2,bromfiets,personenauto,Flank,Rotonde,Binnen,50.0,Niet brandend,Overig asfalt,Droog,Duisternis,Droog,Ookmeerweg,amsterdam,POINT (113663.10460000113 485885.8748999983),POINT (4.780382891674798 52.359310134193564),4.780382891674798,52.35931013419357,1,1,2,1
5421,341131,20230020229,2023,Letsel,2,personenauto,fiets,Flank,Rechte weg,Binnen,50.0,Brandend,Overig asfalt,Nat,Duisternis,Regen,De Clercqstraat,amsterdam,POINT (120050.29800000042 487227.6779999994),POINT (4.874002824001063 52.371812796976386),4.874002824001063,52.37181279697639,1,1,1,1
5422,341214,20230088170,2023,Uitsluitend materiele schade,2,bromfiets,fiets,Frontaal,Rechte weg,Buiten,30.0,Niet brandend,ZOAB,Nat,Daglicht,Droog,Buiksloterweg,amsterdam,POINT (122141.38899999857 488441.8269999996),POINT (4.904588604850377 52.382853813739274),4.904588604850377,52.38285381373928,1,1,2,1
5423,341248,20230087612,2023,Uitsluitend materiele schade,1,bromfiets,unknown,Flank,Rechte weg,Binnen,50.0,Niet brandend,Overig asfalt,Droog,Daglicht,Droog,Hoofddorpweg,amsterdam,POINT (118485.02600000054 484924.81799999997),POINT (4.8512693559788085 52.3510145371062),4.8512693559788085,52.3510145371062,1,1,2,1
5424,341344,20230097692,2023,Uitsluitend materiele schade,2,personenauto,fiets,Flank,"Kruispunt, 4 takken",Binnen,30.0,Brandend,Overig asfalt,Nat,Duisternis,Regen,Burgemeester Röellstraat,amsterdam,POINT (115860.79809999838 487759.8322999999),POINT (4.812425032057044 52.37631275195769),4.812425032057044,52.37631275195769,1,1,2,1
5425,341464,20230087430,2023,Letsel,2,bestelauto,fiets,Eenzijdig,Rotonde,Binnen,50.0,Niet brandend,Overig asfalt,Nat,Daglicht,Regen,Mauritskade,amsterdam,POINT (123191.05939999968 486226.67639999837),POINT (4.920214935994748 52.36300737058467),4.920214935994748,52.36300737058467,1,1,1,1
5426,341549,20210078634,2021,Letsel,1,bromfiets,unknown,Eenzijdig,"Kruispunt, 4 takken",Binnen,50.0,Niet brandend,ZOAB,Droog,Daglicht,Droog,Middenweg,amsterdam,POINT (123997.51550000161 485089.59120000154),POINT (4.932159015183171 52.352834085336674),4.932159015183171,52.352834085336674,1,1,1,1
5427,341594,20210081701,2021,Uitsluitend materiele schade,2,snorfiets,personenauto,Flank,Rotonde,Binnen,50.0,Niet brandend,Overig asfalt,Nat,Daglicht,Unknown,Baden Powellweg,amsterdam,POINT (114250.70630000159 485956.58089999855),POINT (4.788999803315931 52.35998948530024),4.788999803315931,52.35998948530024,1,1,2,1
5428,341621,20210083682,2021,Letsel,2,personenauto,bromfiets,Frontaal,Rechte weg,Binnen,50.0,Niet brandend,Overig asfalt,Nat,Daglicht,Droog,De Lairessestraat,amsterdam,POINT (119995.83900000155 485251.4670000002),POINT (4.8734088919797545 52.354048553887445),4.8734088919797545,52.354048553887445,1,1,1,1
5429,341700,20210077858,2021,Uitsluitend materiele schade,2,fiets,personenauto,Flank,"Kruispunt, 4 takken",Binnen,50.0,Niet brandend,ZOAB,Droog,Daglicht,Droog,Stadionplein,amsterdam,POINT (118938.87200000137 484263.20899999887),POINT (4.85800113246646 52.3450984340605),4.85800113246646,52.3450984340605,1,1,2,1
5430,341871,20210033251,2021,Uitsluitend materiele schade,2,fiets,overig vast object,Vast voorwerp,Rechte weg,Binnen,50.0,Brandend,Overig asfalt,Droog,Duisternis,Droog,Damrak,amsterdam,POINT (121720.44200000167 487832.92599999905),POINT (4.89846641063574 52.37735609140127),4.89846641063574,52.37735609140127,1,1,2,1
5431,341919,20210021726,2021,Letsel,2,bromfiets,snorfiets,Onbekend,Bocht,Binnen,50.0,Niet brandend,Overig asfalt,Droog,Daglicht,Unknown,Meibergdreef,amsterdam,POINT (125895.5 479008.5),POINT (4.960541570948377 52.29828442729184),4.960541570948377,52.29828442729184,0,1,1,1
5432,341931,20210002178,2021,Uitsluitend materiele schade,2,fiets,snorfiets,Kop/staart,Rechte weg,Binnen,50.0,Niet brandend,Overig asfalt,Droog,Schemer,Droog,Socratesstraat,amsterdam,POINT (115947 487562.5),POINT (4.8137138232067445 52.37454542681679),4.8137138232067445,52.37454542681679,1,1,2,1
5433,341944,20210021125,2021,Uitsluitend materiele schade,2,e-bike,personenauto,Flank,"Kruispunt, 4 takken",Binnen,50.0,Niet brandend,Overig asfalt,Droog,Daglicht,Droog,Hendrik Jacobszstraat,amsterdam,POINT (119143.3702000007 484892.7831999995),POINT (4.860934976385988 52.35076998625011),4.860934976385988,52.35076998625011,1,1,2,1
5434,341972,20210016046,2021,Uitsluitend materiele schade,2,bromfiets,bestelauto,Flank,"Kruispunt, 4 takken",Binnen,50.0,Niet brandend,Overig asfalt,Nat,Daglicht,Droog,Waddenweg,amsterdam,POINT (123654.69299999997 489472.6138000004),POINT (4.926718575246499 52.392206293545534),4.926718575246499,52.392206293545534,1,1,2,1
5435,341995,20210000924,2021,Uitsluitend materiele schade,2,personenauto,fiets,Onbekend,Unknown,Unknown,50.0,Unknown,Unknown,Unknown,Duisternis,Unknown,Aalsmeerweg,amsterdam,POINT (118303.11800000072 484701.3440000005),POINT (4.848623953480875 52.34899399480869),4.848623953480875,52.34899399480869,1,1,2,1
5436,342042,20210009032,2021,Uitsluitend materiele schade,2,bromfiets,fiets,Flank,"Kruispunt, 4 takken",Binnen,30.0,Niet brandend,Overig asfalt,Droog,Schemer,Droog,Weteringschans,amsterdam,POINT (120905.13500000164 486036.555399999),POINT (4.88667557724422 52.361161565897014),4.88667557724422,52.36116156589701,1,1,2,1
5437,342095,20210007759,2021,Uitsluitend materiele schade,2,personenauto,bromfiets,Onbekend,Unknown,Unknown,50.0,Unknown,Unknown,Unknown,Duisternis,Unknown,De Savornin Lohmanstraat,amsterdam,POINT (115431.02499999851 487591.7120000012),POINT (4.80613369891197 52.374771020083),4.80613369891197,52.374771020083,1,1,2,1
5438,342132,20210013132,2021,Uitsluitend materiele schade,2,bromfiets,personenauto,Onbekend,Unknown,Unknown,30.0,Unknown,Unknown,Unknown,Daglicht,Unknown,Pieter Calandlaan,amsterdam,POINT (116064.02800000086 485398.4699999988),POINT (4.815682888009712 52.35510513860626),4.815682888009712,52.35510513860626,1,1,2,1
5439,342257,20210054762,2021,Uitsluitend materiele schade,2,bromfiets,fiets,Flank,"Kruispunt, 4 takken",Binnen,Unknown,Niet brandend,Overig asfalt,Droog,Daglicht,Droog,Beukenweg,amsterdam,POINT (122997 485674),POINT (4.917418617593776 52.358029008579194),4.917418617593776,52.3580290085792,1,1,2,1
5440,342307,20210055031,2021,Uitsluitend materiele schade,1,bromfiets,unknown,Eenzijdig,Rechte weg,Binnen,50.0,Niet brandend,Overig asfalt,Nat,Daglicht,Droog,Wolbrantskerkweg,amsterdam,POINT (114889.80600000173 485393.9780000001),POINT (4.79844847449913 52.35498029588141),4.79844847449913,52.35498029588141,1,1,2,1
5441,342338,20210050908,2021,Uitsluitend materiele schade,3,bromfiets,bromfiets,Onbekend,Rechte weg,Binnen,50.0,Niet brandend,Beton,Nat,Daglicht,Unknown,ODEBRUG,amsterdam,POINT (122061.23000000045 487738.6799999997),POINT (4.903480231517711 52.37652962450195),4.903480231517711,52.37652962450195,1,1,2,1
5442,342344,20210056982,2021,Letsel,2,personenauto,fiets,Flank,"Kruispunt, 4 takken",Binnen,50.0,Brandend,ZOAB,Nat,Duisternis,Droog,Klaprozenweg,amsterdam,POINT (121530.23620000109 490758.1966000013),POINT (4.895381608913028 52.4036346999422),4.895381608913028,52.4036346999422,1,1,1,1
5443,342371,20210055876,2021,Uitsluitend materiele schade,1,bromfiets,unknown,Voetganger,Rechte weg,Binnen,50.0,Brandend,Overig asfalt,Nat,Duisternis,Droog,Theemsweg,amsterdam,POINT (115360.35300000012 489212.4219999984),POINT (4.804904686322511 52.389331516134156),4.804904686322511,52.38933151613416,1,1,2,1
5444,342426,20210046797,2021,Uitsluitend materiele schade,2,personenauto,fiets,Flank,Rechte weg,Binnen,50.0,Niet brandend,ZOAB,Droog,Daglicht,Droog,Marathonweg,amsterdam,POINT (119416.99799999967 484449.2109999992),POINT (4.8649977654967875 52.34680125628139),4.864997765496788,52.34680125628139,1,1,2,1