,Unnamed: 0,accident_id,accident_year,outcome,num_parties,party1_type,party2_type,accident_nature,road_situation,built_up_area,speed_limit_kmh,street_lighting,road_surface,road_condition,light_condition,weather_condition,street_name,municipality,shape,geometry,longitude,latitude,cluster,future_hotspot_spatial,outcome_encoded,future_hotspot_pred
5445,342434,20210062135,2021,Uitsluitend materiele schade,2,snorfiets,personenauto,Onbekend,Rechte weg,Binnen,50.0,Brandend,Overig asfalt,Droog,Duisternis,Droog,Orteliusstraat,amsterdam,POINT (118499.55070000142 486406.0683000013),POINT (4.851321788296711 52.36432789916171),4.851321788296711,52.36432789916171,1,1,2,1
5446,342471,20210072165,2021,Uitsluitend materiele schade,2,bromfiets,snorfiets,Flank,"Kruispunt, 4 takken",Binnen,30.0,Niet brandend,Klinkers,Droog,Daglicht,Unknown,Gerrit van der Veenstr,amsterdam,POINT (119831.31399999931 484668.565200001),POINT (4.871054993552794 52.34879933136592),4.871054993552794,52.34879933136592,1,1,2,1
5447,342511,20210064496,2021,Uitsluitend materiele schade,2,snorfiets,personenauto,Flank,"Kruispunt, 4 takken",Binnen,30.0,Brandend,Klinkers,Nat,Duisternis,Regen,Gravestein,amsterdam,POINT (126567.90190000087 481694.2164000012),POINT (4.970172064633702 52.322457397952434),4.970172064633702,52.322457397952434,0,1,2,1
5448,342528,20210045066,2021,Letsel,2,bromfiets,fiets,Flank,"Kruispunt, 4 takken",Binnen,30.0,Niet aanwezig,Klinkers,Droog,Daglicht,Droog,Willem Schoutenstraat,amsterdam,POINT (118401.32110000029 486674.3940999992),POINT (4.849850480065191 52.36673287488766),4.849850480065191,52.36673287488766,1,1,1,1
5449,342532,20210050536,2021,Uitsluitend materiele schade,2,bromfiets,bestelauto,Flank,"Kruispunt, 4 takken",Binnen,50.0,Niet brandend,Klinkers,Droog,Daglicht,Droog,Herengracht,amsterdam,POINT (120909.53880000114 487052.05000000075),POINT (4.886637262237511 52.37028839032029),4.886637262237511,52.37028839032029,1,1,2,1
5450,342534,20210053535,2021,Letsel,1,fiets,unknown,Eenzijdig,"Kruispunt, 4 takken",Binnen,50.0,Niet aanwezig,ZOAB,Droog,Daglicht,Droog,Marnixstraat,amsterdam,POINT (120311.53299999982 486895.756000001),POINT (4.877872906173016 52.368846285318305),4.877872906173016,52.36884628531831,1,1,1,1
5451,342547,20210034476,2021,Letsel,2,fiets,overig wegmeubilair,Vast voorwerp,Rechte weg,Binnen,50.0,Brandend,Overig asfalt,Droog,Duisternis,Droog,Linnaeusstraat,amsterdam,POINT (123698.14699999988 485452.73099999875),POINT (4.927731321566051 52.3560807811918),4.927731321566051,52.3560807811918,1,1,1,1
5452,342609,20210067150,2021,Uitsluitend materiele schade,2,snorfiets,personenauto,Onbekend,"Kruispunt, 3 takken",Binnen,50.0,Brandend,Overig asfalt,Nat,Duisternis,Regen,Cornelis Lelylaan,amsterdam,POINT (116881.5207999982 485729.05409999937),POINT (4.827644433021292 52.35813350576288),4.827644433021292,52.35813350576288,1,1,2,1
5453,343165,20210092048,2021,Letsel,2,bromfiets,unknown,Eenzijdig,"Kruispunt, 3 takken",Binnen,50.0,Brandend,Overig asfalt,Nat,Duisternis,Droog,Socratesstraat,amsterdam,POINT (115939 487564),POINT (4.813596175075449 52.37455833856156),4.813596175075449,52.37455833856156,1,1,1,1
5454,343308,20220080838,2022,Uitsluitend materiele schade,1,snorfiets,unknown,Flank,Rechte weg,Binnen,15.0,Niet aanwezig,ZOAB,Droog,Daglicht,Droog,Johannes Verhulststraat,amsterdam,POINT (120225.62700000033 485433.01999999955),POINT (4.876762852866174 52.35569481769866),4.876762852866174,52.35569481769866,1,1,2,1
5455,343335,20220055328,2022,Uitsluitend materiele schade,2,personenauto,fiets,Onbekend,Rotonde,Binnen,50.0,Niet brandend,Overig asfalt,Droog,Daglicht,Droog,Slotermeerlaan,amsterdam,POINT (116315.97419999912 487736.88390000165),POINT (4.819111852052468 52.37613876824421),4.819111852052468,52.37613876824421,1,1,2,1
5456,343372,20220081038,2022,Uitsluitend materiele schade,2,fiets,snorfiets,Flank,Rechte weg,Binnen,30.0,Brandend,Overig asfalt,Droog,Duisternis,Droog,Postjeskade,amsterdam,POINT (118724.5309999995 486319.6550000012),POINT (4.854634028926733 52.363566184776964),4.854634028926733,52.36356618477696,1,1,2,1
5457,343421,20220054142,2022,Uitsluitend materiele schade,2,snorfiets,personenauto,Flank,"Kruispunt, 4 takken",Binnen,30.0,Niet brandend,Klinkers,Nat,Daglicht,Unknown,ks. Ibisweg,amsterdam,POINT (121235 490788),POINT (4.891040404827153 52.403884459938766),4.891040404827153,52.403884459938766,1,1,2,1
5458,343526,20220055754,2022,Letsel,2,personenauto,e-bike,Flank,"Kruispunt, 4 takken",Binnen,30.0,Niet brandend,Overig asfalt,Droog,Schemer,Droog,FIETSPAD,amsterdam,POINT (124008.23900000006 487194.44200000167),POINT (4.932122432068947 52.37175172357278),4.932122432068947,52.37175172357278,1,1,1,1
5459,343527,20220055757,2022,Letsel,3,bestelauto,fiets,Flank,Rotonde,Binnen,50.0,Niet brandend,Overig asfalt,Droog,Daglicht,Droog,Plesmanlaan,amsterdam,POINT (114849.30319999903 484592.34650000185),POINT (4.797949646739081 52.347772902900175),4.797949646739081,52.347772902900175,1,1,1,1
5460,343528,20220055758,2022,Letsel,2,motor,fiets,Flank,"Kruispunt, 3 takken",Binnen,50.0,Niet brandend,Overig asfalt,Droog,Daglicht,Droog,Donker Curtiusstraat,amsterdam,POINT (119912.66120000184 488070.55959999934),POINT (4.871893837250116 52.379379217741054),4.871893837250116,52.379379217741054,1,1,1,1
5461,343529,20220055767,2022,Uitsluitend materiele schade,2,snorfiets,fiets,Frontaal,"Kruispunt, 3 takken",Binnen,30.0,Brandend,Overig asfalt,Droog,Duisternis,Droog,NESCIOBRUG,amsterdam,POINT (126904.40900000185 485513.8669999987),POINT (4.974788986941335 52.35680354531181),4.974788986941335,52.35680354531181,-1,0,2,0
5462,343577,20220102539,2022,Letsel,2,snorfiets,bestelauto,Flank,"Kruispunt, 3 takken",Binnen,50.0,Niet brandend,Overig asfalt,Droog,Daglicht,Droog,Jan Tooropstraat,amsterdam,POINT (117499.28200000152 485857.118999999),POINT (4.836698168957659 52.35932697477469),4.836698168957659,52.35932697477469,1,1,1,1
5463,343622,20220054848,2022,Uitsluitend materiele schade,2,personenauto,fiets,Flank,"Kruispunt, 4 takken",Binnen,50.0,Brandend,Beton,Droog,Duisternis,Droog,Mauritskade,amsterdam,POINT (122384.98629999906 485898.7857000008),POINT (4.908413109030367 52.360013240181104),4.908413109030367,52.360013240181104,1,1,2,1
5464,343640,20220102712,2022,Letsel,2,personenauto,snorfiets,Kop/staart,Rotonde,Binnen,50.0,Niet brandend,ZOAB,Droog,Daglicht,Droog,Baden Powellweg,amsterdam,POINT (114840.02789999917 484599.5976999998),POINT (4.797812663312513 52.34783739325024),4.797812663312513,52.34783739325024,1,1,1,1
5465,343669,20220103272,2022,Letsel,2,personenauto,fiets,Flank,"Kruispunt, 4 takken",Binnen,Unknown,Brandend,Overig asfalt,Droog,Duisternis,Droog,Jan Evertsenstraat,amsterdam,POINT (118420.67830000073 487039.9585000016),POINT (4.8500948993862725 52.37001958292417),4.8500948993862725,52.37001958292417,1,1,1,1
5466,344395,20210061863,2021,Letsel,7,personenauto,snorfiets,Vast voorwerp,Rechte weg,Binnen,50.0,Niet brandend,Overig asfalt,Droog,Daglicht,Droog,Willemsparkweg,amsterdam,POINT (119945.97399999946 485529.3029999994),POINT (4.872648044659566 52.356542370113665),4.872648044659566,52.35654237011367,1,1,1,1
5467,344672,20220177640,2022,Letsel,2,e-bike,snorfiets,Frontaal,"Kruispunt, 4 takken",Binnen,50.0,Niet brandend,Overig asfalt,Droog,Daglicht,Droog,Nassaukade,amsterdam,POINT (120110.57609999925 487490.4536000006),POINT (4.87486063566982 52.3741782652281),4.87486063566982,52.3741782652281,1,1,1,1
5468,344704,20220176502,2022,Uitsluitend materiele schade,2,personenauto,fiets,Flank,Bocht,Binnen,15.0,Niet brandend,Klinkers,Droog,Daglicht,Droog,Maaseikstraat,amsterdam,POINT (115886.36800000072 484657.13699999824),POINT (4.813161413572538 52.34842998611507),4.813161413572538,52.34842998611507,1,1,2,1
5469,344709,20220123692,2022,Letsel,2,bromfiets,bromfiets,Kop/staart,Rechte weg,Binnen,50.0,Niet aanwezig,Klinkers,Droog,Daglicht,Droog,Ferdinand Bolstraat,amsterdam,POINT (121208.78799999878 484646.5879999995),POINT (4.891272800828604 52.348688245456216),4.891272800828604,52.348688245456216,1,1,1,1
5470,344734,20220177269,2022,Uitsluitend materiele schade,2,personenauto,fiets,Flank,Rechte weg,Binnen,50.0,Niet brandend,Overig asfalt,Droog,Daglicht,Droog,Nobelweg,amsterdam,POINT (123607.88599999994 484692.5029999986),POINT (4.9264773709416065 52.34924318662679),4.926477370941607,52.34924318662679,1,1,2,1
5471,344735,20220177480,2022,Uitsluitend materiele schade,2,personenauto,fiets,Flank,Rechte weg,Binnen,30.0,Niet brandend,Klinkers,Droog,Daglicht,Droog,Kattenburgerstraat,amsterdam,POINT (122933.30700000003 487184.48699999973),POINT (4.916339622083302 52.37160054024129),4.916339622083302,52.37160054024129,1,1,2,1
5472,344831,20220142265,2022,Uitsluitend materiele schade,3,personenauto,fiets,Frontaal,Rechte weg,Binnen,30.0,Niet brandend,Klinkers,Droog,Daglicht,Droog,Amsteldijk,amsterdam,POINT (122217.69299999997 485321.13899999857),POINT (4.906013608054276 52.35481177940637),4.906013608054276,52.35481177940637,1,1,2,1
5473,345105,20220141514,2022,Letsel,2,fiets,bus,Flank,"Kruispunt, 4 takken",Binnen,50.0,Niet brandend,Overig asfalt,Droog,Daglicht,Droog,Valeriusplein,amsterdam,POINT (119391.86340000108 484999.05150000006),POINT (4.864570729487653 52.351741210380396),4.864570729487653,52.3517412103804,1,1,1,1
5474,345132,20220124132,2022,Uitsluitend materiele schade,2,personenauto,fiets,Flank,"Kruispunt, 4 takken",Binnen,50.0,Brandend,Overig asfalt,Nat,Duisternis,Unknown,Jan van Galenstraat,amsterdam,POINT (117631.85619999841 487315.056499999),POINT (4.83848221596196 52.37243884328699),4.83848221596196,52.37243884328699,1,1,2,1
5475,345166,20220124193,2022,Letsel,2,bromfiets,voetganger,Voetganger,Rechte weg,Binnen,30.0,Niet brandend,Overig asfalt,Droog,Daglicht,Droog,De Ruijterkade,amsterdam,POINT (121497.99599999934 488399.33100000024),POINT (4.895143243124019 52.38243300405771),4.895143243124019,52.38243300405771,1,1,1,1
5476,345190,20220124206,2022,Uitsluitend materiele schade,3,personenauto,e-bike,Los voorwerp,Rechte weg,Binnen,50.0,Niet brandend,ZOAB,Droog,Daglicht,Droog,Vlaardingenlaan,amsterdam,POINT (117546.88899999857 484483.1579999998),POINT (4.83754995694466 52.346982075484206),4.83754995694466,52.346982075484206,1,1,2,1
5477,345191,20220124207,2022,Uitsluitend materiele schade,2,motor,e-bike,Flank,"Kruispunt, 4 takken",Binnen,50.0,Niet brandend,Overig asfalt,Droog,Schemer,Droog,Jan Tooropstraat,amsterdam,POINT (117625.27849999815 487316.18569999933),POINT (4.838385506237009 52.37244854401376),4.838385506237009,52.37244854401376,1,1,2,1
5478,345251,20230058410,2023,Uitsluitend materiele schade,2,personenauto,fiets,Flank,"Kruispunt, 4 takken",Binnen,50.0,Niet brandend,Overig asfalt,Droog,Daglicht,Droog,Markengouw,amsterdam,POINT (125443.21649999917 490226.3354999982),POINT (4.952926209496322 52.39907945487415),4.952926209496322,52.39907945487415,1,1,2,1
5479,345264,20230040792,2023,Uitsluitend materiele schade,2,brommobiel,fiets,Frontaal,"Kruispunt, 4 takken",Binnen,30.0,Niet brandend,ZOAB,Droog,Daglicht,Droog,Admiraal De Ruijterweg,amsterdam,POINT (118741.58689999953 488212.1264999993),POINT (4.854680266981408 52.380575422198376),4.854680266981408,52.380575422198376,1,1,2,1
5480,345303,20230059554,2023,Uitsluitend materiele schade,3,personenauto,bromfiets,Los voorwerp,"Kruispunt, 4 takken",Binnen,50.0,Niet brandend,Overig asfalt,Droog,Daglicht,Droog,Radarweg,amsterdam,POINT (117472.49799999967 489371.06799999997),POINT (4.835912592467789 52.39090577907301),4.835912592467789,52.39090577907301,1,1,2,1
5481,345304,20230059565,2023,Uitsluitend materiele schade,2,personenauto,fiets,Flank,Rechte weg,Binnen,50.0,Brandend,Overig asfalt,Droog,Duisternis,Droog,Overtoom,amsterdam,POINT (118981.67399999872 485768.94900000095),POINT (4.8584680436223815 52.35863376198994),4.8584680436223815,52.35863376198994,1,1,2,1
5482,345442,20230049853,2023,Letsel,2,personenauto,fiets,Flank,Rechte weg,Binnen,50.0,Niet brandend,Klinkers,Droog,Daglicht,Droog,Reimerswaalstraat,amsterdam,POINT (114612.7890000008 486220.6739999987),POINT (4.7942832295543125 52.362389681445904),4.7942832295543125,52.362389681445904,1,1,1,1
5483,345452,20230059423,2023,Letsel,2,bestelauto,fiets,Flank,"Kruispunt, 3 takken",Binnen,50.0,Niet brandend,Overig asfalt,Droog,Daglicht,Droog,Amstel,amsterdam,POINT (122130.68560000136 485952.45710000023),POINT (4.904674834293164 52.360480445819),4.904674834293164,52.360480445819,1,1,1,1
5484,345456,20230066432,2023,Uitsluitend materiele schade,2,motor,fiets,Flank,"Kruispunt, 4 takken",Binnen,50.0,Niet brandend,Overig asfalt,Nat,Daglicht,Regen,Burgemeester Fockstraat,amsterdam,POINT (117208.05930000171 488119.29830000177),POINT (4.832168918493951 52.379637733382964),4.832168918493951,52.37963773338296,1,1,2,1
5485,345474,20230059853,2023,Uitsluitend materiele schade,1,fiets,unknown,Voetganger,Rechte weg,Binnen,Unknown,Niet brandend,ZOAB,Droog,Daglicht,Droog,Weesperzijde,amsterdam,POINT (122777 484345),POINT (4.914316524267488 52.34607195936327),4.914316524267488,52.34607195936327,1,1,2,1
5486,345536,20230049460,2023,Uitsluitend materiele schade,1,fiets,unknown,Voetganger,"Kruispunt, 3 takken",Binnen,50.0,Niet brandend,Klinkers,Droog,Daglicht,Droog,Bos en Lommerplantsoen,amsterdam,POINT (118223.10709999874 487683.81010000035),POINT (4.847123549145876 52.37579283487812),4.847123549145876,52.37579283487812,1,1,2,1
5487,345680,20220212363,2022,Letsel,2,bestelauto,fiets,Eenzijdig,Rechte weg,Binnen,30.0,Niet brandend,Overig asfalt,Nat,Daglicht,Regen,Haarlemmerstraat,amsterdam,POINT (121281.66200000048 488159.4840000011),POINT (4.8919900205647755 52.38026418893779),4.891990020564776,52.38026418893779,1,1,1,1
5488,345824,20220211193,2022,Letsel,2,personenauto,fiets,Flank,"Kruispunt, 3 takken",Binnen,50.0,Niet brandend,Overig asfalt,Nat,Daglicht,Droog,Haarlemmerweg,amsterdam,POINT (119009.07360000163 488697.01110000163),POINT (4.858556708729029 52.384950793898206),4.858556708729029,52.384950793898206,1,1,1,1
5489,345862,20220210524,2022,Uitsluitend materiele schade,2,personenauto,fiets,Onbekend,Rechte weg,Binnen,50.0,Brandend,Beton,Droog,Duisternis,Droog,Admiraal De Ruijterweg,amsterdam,POINT (118995.97399999946 487558.07499999925),POINT (4.8584863567344545 52.37471404460115),4.858486356734455,52.37471404460115,1,1,2,1
5490,345864,20220211220,2022,Letsel,2,bromfiets,voetganger,Voetganger,Rechte weg,Binnen,50.0,Brandend,Overig asfalt,Nat,Duisternis,Droog,Wibautstraat,amsterdam,POINT (122708.74199999869 485033.45600000024),POINT (4.913248777192846 52.35225535165478),4.913248777192846,52.35225535165478,1,1,1,1
5491,345904,20220210548,2022,Letsel,2,snorfiets,voetganger,Voetganger,Rechte weg,Binnen,30.0,Brandend,Overig asfalt,Droog,Duisternis,Droog,Eerste Oosterparkstraat,amsterdam,POINT (122668.62900000066 485541.2320000008),POINT (4.912611238950817 52.356816550923185),4.912611238950817,52.35681655092319,1,1,1,1
5492,345906,20220211267,2022,Uitsluitend materiele schade,1,snorfiets,unknown,Voetganger,Rechte weg,Binnen,50.0,Brandend,Overig asfalt,Droog,Duisternis,Droog,Gustav Mahlerlaan,amsterdam,POINT (119890.65100000054 483319.23699999973),POINT (4.872066545330891 52.336676279579734),4.872066545330891,52.33667627957973,1,1,2,1
5493,345960,20220211346,2022,Uitsluitend materiele schade,2,personenauto,fiets,Flank,Rotonde,Binnen,50.0,Brandend,ZOAB,Nat,Duisternis,Regen,Linnaeusstraat,amsterdam,POINT (123408.54300000146 486254.81379999965),POINT (4.923405084420911 52.36327280181953),4.923405084420911,52.36327280181953,1,1,2,1
5494,345961,20220212021,2022,Letsel,2,fiets,personenauto,Flank,Rechte weg,Binnen,30.0,Brandend,ZOAB,Nat,Duisternis,Droog,Sarphatistraat,amsterdam,POINT (123528.70399999991 486658.75400000066),POINT (4.925131324855314 52.366910046813075),4.925131324855314,52.36691004681308,1,1,1,1
5495,345998,20220210694,2022,Letsel,2,e-bike,trein/tram,Flank,"Kruispunt, 4 takken",Binnen,50.0,Niet brandend,Overig asfalt,Droog,Daglicht,Droog,Heemstedestraat,amsterdam,POINT (117483.06089999899 484979.06280000135),POINT (4.836557981615189 52.351434550851764),4.836557981615189,52.35143455085176,1,1,1,1
5496,346058,20220212158,2022,Uitsluitend materiele schade,2,personenauto,fiets,Frontaal,"Kruispunt, 4 takken",Binnen,50.0,Niet brandend,Overig asfalt,Nat,Daglicht,Droog,Meer en Vaart,amsterdam,POINT (115635.71599999815 485547.13800000027),POINT (4.809378821086897 52.356410729440846),4.809378821086897,52.356410729440846,1,1,2,1
5497,346467,20230111424,2023,Uitsluitend materiele schade,2,bromfiets,personenauto,Flank,Rechte weg,Binnen,30.0,Brandend,Overig asfalt,Nat,Schemer,Regen,Plesmanlaan,amsterdam,POINT (116921.14799999818 484977.37000000104),POINT (4.828311198958773 52.35138068292111),4.828311198958773,52.35138068292111,1,1,2,1
5498,346548,20230023128,2023,Uitsluitend materiele schade,2,personenauto,snorfiets,Flank,Rotonde,Binnen,50.0,Niet brandend,Overig asfalt,Droog,Daglicht,Droog,Louis Davidsstraat,amsterdam,POINT (115748.15689999983 484944.3403000012),POINT (4.811099583810822 52.35100129444253),4.811099583810822,52.35100129444253,1,1,2,1
5499,346569,20230074608,2023,Uitsluitend materiele schade,1,fiets,unknown,Frontaal,Unknown,Binnen,30.0,Niet brandend,Overig asfalt,Droog,Daglicht,Droog,Utrechtsestraat,amsterdam,POINT (121765.47500000149 486040.02600000054),POINT (4.89930498661039 52.361245482036736),4.89930498661039,52.361245482036736,1,1,2,1
5500,346623,20230067421,2023,Uitsluitend materiele schade,2,snorfiets,personenauto,Frontaal,Bocht,Binnen,50.0,Niet brandend,Overig asfalt,Droog,Daglicht,Droog,Adriaan Loosjesstraat,amsterdam,POINT (121502.4849999994 492475.16800000146),POINT (4.894802369303709 52.41906380829178),4.894802369303709,52.41906380829178,1,1,2,1
5501,346655,20230067714,2023,Uitsluitend materiele schade,2,personenauto,bromfiets,Geparkeerd voertuig,Rechte weg,Binnen,30.0,Niet brandend,Klinkers,Droog,Daglicht,Droog,Krijn Taconiskade,amsterdam,POINT (128991.46799999848 485084.4919999987),POINT (5.005457446982729 52.35304732443698),5.005457446982729,52.35304732443698,-1,0,2,0
5502,346685,20230078250,2023,Letsel,2,fiets,fiets,Onbekend,Rechte weg,Binnen,30.0,Niet brandend,Overig asfalt,Droog,Daglicht,Droog,Jan van Galenstraat,amsterdam,POINT (117458.12200000137 487363.2289999984),POINT (4.835925796558241 52.37285993028366),4.835925796558241,52.37285993028366,1,1,1,1
5503,346688,20230078409,2023,Uitsluitend materiele schade,2,personenauto,fiets,Flank,"Kruispunt, 3 takken",Binnen,50.0,Niet brandend,Overig asfalt,Droog,Daglicht,Droog,Heemstedestraat,amsterdam,POINT (117488.20839999989 484977.9664000012),POINT (4.836633651755854 52.35142504865842),4.836633651755854,52.35142504865842,1,1,2,1
5504,346694,20230020501,2023,Uitsluitend materiele schade,3,personenauto,fiets,Kop/staart,Rechte weg,Binnen,50.0,Niet brandend,Overig asfalt,Droog,Daglicht,Droog,AMSTERDAM-WESTERPARK,amsterdam,POINT (118084.17749999836 488370.1559000015),POINT (4.845007999317345 52.38195185548634),4.845007999317345,52.38195185548634,1,1,2,1
5505,346763,20230074680,2023,Letsel,2,fiets,fiets,Onbekend,"Kruispunt, 3 takken",Binnen,30.0,Niet brandend,Beton,Droog,Daglicht,Droog,Sarphatistraat,amsterdam,POINT (122592.14860000089 486113.8865999989),POINT (4.9114334408014955 52.36195868356866),4.911433440801496,52.36195868356866,1,1,1,1
5506,346842,20230078940,2023,Letsel,2,fiets,fiets,Flank,"Kruispunt, 4 takken",Binnen,30.0,Niet brandend,ZOAB,Droog,Daglicht,Droog,Nieuwe Vijzelstraat,amsterdam,POINT (121222.85570000112 485853.4239999987),POINT (4.891358090878468 52.35953533500686),4.891358090878468,52.35953533500686,1,1,1,1
5507,346861,20230066636,2023,Uitsluitend materiele schade,2,bromfiets,bromfiets,Flank,Rechte weg,Binnen,30.0,Brandend,Overig asfalt,Droog,Duisternis,Droog,Stoutenburggracht,amsterdam,POINT (127584.23000000045 478595.3720000014),POINT (4.985330763220341 52.29465814466461),4.985330763220341,52.29465814466461,-1,0,2,0
5508,346899,20230023012,2023,Uitsluitend materiele schade,2,bestelauto,bromfiets,Frontaal,"Kruispunt, 3 takken",Binnen,50.0,Niet brandend,Overig asfalt,Droog,Daglicht,Droog,Mosplein,amsterdam,POINT (122687 489440),POINT (4.912506046498445 52.39185706448017),4.912506046498445,52.39185706448017,1,1,2,1
5509,346914,20230077484,2023,Uitsluitend materiele schade,2,fiets,voetganger,Voetganger,Rechte weg,Binnen,30.0,Brandend,Klinkers,Droog,Duisternis,Droog,Sarphatipark,amsterdam,POINT (121589.90799999982 485209.9600000009),POINT (4.896810112628158 52.35377476122413),4.896810112628158,52.35377476122413,1,1,2,1
5510,346918,20230020832,2023,Uitsluitend materiele schade,2,bromfiets,fiets,Flank,Rechte weg,Binnen,50.0,Niet brandend,ZOAB,Droog,Daglicht,Droog,Hoogoorddreef,amsterdam,POINT (124714.71599999815 480254.0769999996),POINT (4.943120320622481 52.309415297896905),4.943120320622481,52.309415297896905,0,1,2,1
5511,347016,20230088242,2023,Uitsluitend materiele schade,2,personenauto,bromfiets,Flank,"Kruispunt, 4 takken",Binnen,50.0,Brandend,Overig asfalt,Nat,Schemer,Droog,Ruyschstraat,amsterdam,POINT (122496.7659999989 485619.4990000017),POINT (4.9100809785506305 52.357509822159905),4.910080978550631,52.35750982215991,1,1,2,1
5512,347273,20210087337,2021,Uitsluitend materiele schade,2,personenauto,fiets,Flank,"Kruispunt, 4 takken",Binnen,30.0,Brandend,Overig asfalt,Nat,Duisternis,Unknown,Rijnstraat,amsterdam,POINT (122169 484365),POINT (4.905392186690118 52.3462157214432),4.905392186690118,52.3462157214432,1,1,2,1
5513,347281,20210080801,2021,Uitsluitend materiele schade,2,personenauto,fiets,Flank,"Kruispunt, 4 takken",Binnen,50.0,Niet brandend,ZOAB,Nat,Daglicht,Regen,Wibautstraat,amsterdam,POINT (122541.01099999994 485490.41800000146),POINT (4.910742896172171 52.35635234335688),4.910742896172171,52.35635234335688,1,1,2,1
5514,347351,20210075836,2021,Letsel,2,fiets,fiets,Onbekend,Rechte weg,Binnen,50.0,Brandend,Klinkers,Droog,Duisternis,Unknown,Plantage Middenlaan,amsterdam,POINT (122378.22399999946 486712.3449999988),POINT (4.908234916525723 52.36732455952661),4.908234916525723,52.36732455952661,1,1,1,1
5515,347398,20230004334,2023,Uitsluitend materiele schade,1,bromfiets,unknown,Eenzijdig,Rechte weg,Binnen,50.0,Niet brandend,Beton,Droog,Daglicht,Droog,Veelaan,amsterdam,POINT (124505 486803.3729999997),POINT (4.93945211280885 52.36826486103989),4.93945211280885,52.36826486103989,1,1,2,1
5516,347435,20210080086,2021,Uitsluitend materiele schade,2,personenauto,fiets,Flank,Rechte weg,Binnen,Unknown,Brandend,Overig asfalt,Nat,Duisternis,Droog,Dr. H. Colijnstraat,amsterdam,POINT (115458.51399999857 488170.4140000008),POINT (4.806469253496464 52.37997389870645),4.806469253496464,52.37997389870645,1,1,2,1
5517,347438,20210084852,2021,Letsel,2,fiets,voetganger,Voetganger,Rechte weg,Binnen,Unknown,Niet brandend,Overig asfalt,Nat,Daglicht,Regen,Brettenpad,amsterdam,POINT (115530.39999999851 488874.4459999986),POINT (4.80744224725822 52.38630632646189),4.80744224725822,52.38630632646189,1,1,1,1
5518,347563,20210005422,2021,Uitsluitend materiele schade,2,fiets,snorfiets,Flank,"Kruispunt, 4 takken",Binnen,30.0,Unknown,Overig asfalt,Droog,Daglicht,Droog,Mauritskade,amsterdam,POINT (123191.05939999968 486226.67639999837),POINT (4.920214935994748 52.36300737058467),4.920214935994748,52.36300737058467,1,1,2,1
5519,347589,20210004109,2021,Uitsluitend materiele schade,2,personenauto,bromfiets,Flank,"Kruispunt, 3 takken",Binnen,Unknown,Niet brandend,Klinkers,Droog,Schemer,Droog,Comeniusstraat,amsterdam,POINT (116781.35350000113 485848.2008000016),POINT (4.826160556788655 52.3591973459771),4.826160556788655,52.3591973459771,1,1,2,1
5520,347637,20210017913,2021,Uitsluitend materiele schade,2,fiets,personenauto,Flank,"Kruispunt, 4 takken",Binnen,50.0,Niet brandend,Klinkers,Nat,Daglicht,Droog,Apollolaan,amsterdam,POINT (120637 484643),POINT (4.882881719199739 52.34862054121291),4.882881719199739,52.34862054121291,1,1,2,1
5521,347806,20210005192,2021,Letsel,2,bestelauto,fiets,Flank,Rechte weg,Binnen,30.0,Niet brandend,Overig asfalt,Droog,Daglicht,Droog,Olof Palmeplein,amsterdam,POINT (124715.69900000095 490001.80000000075),POINT (4.942257348026901 52.39702181960309),4.942257348026901,52.39702181960309,1,1,1,1
5522,347927,20210045960,2021,Uitsluitend materiele schade,2,snorfiets,personenauto,Flank,"Kruispunt, 4 takken",Binnen,50.0,Niet brandend,Beton,Droog,Daglicht,Droog,Hoekenes,amsterdam,POINT (115187.15909999982 485137.0214000009),POINT (4.802843350009351 52.352692599767465),4.802843350009351,52.352692599767465,1,1,2,1
5523,347943,20210065466,2021,Uitsluitend materiele schade,2,personenauto,snorfiets,Onbekend,Rechte weg,Binnen,50.0,Niet brandend,Overig asfalt,Droog,Daglicht,Unknown,Admiraal De Ruijterweg,amsterdam,POINT (119282.54600000009 487130.9470000006),POINT (4.862739878999997 52.37089405133617),4.862739878999997,52.37089405133617,1,1,2,1
5524,347946,20210035975,2021,Uitsluitend materiele schade,2,personenauto,fiets,Onbekend,"Kruispunt, 4 takken",Binnen,30.0,Niet brandend,Klinkers,Droog,Daglicht,Droog,Bijlmerdreef,amsterdam,POINT (126605.2965000011 481622.22879999876),POINT (4.970726606978006 52.32181234417164),4.970726606978006,52.32181234417164,0,1,2,1
5525,347969,20210061512,2021,Letsel,2,snorfiets,fiets,Flank,"Kruispunt, 4 takken",Binnen,50.0,Niet brandend,Klinkers,Nat,Daglicht,Regen,J.J. Viottastraat,amsterdam,POINT (119942.77259999886 485152.47580000013),POINT (4.8726403220557195 52.35315550661939),4.87264032205572,52.35315550661939,1,1,1,1
5526,348015,20210038590,2021,Uitsluitend materiele schade,1,bromfiets,unknown,Voetganger,"Kruispunt, 4 takken",Binnen,50.0,Niet aanwezig,Overig asfalt,Nat,Daglicht,Droog,Tidorestraat,amsterdam,POINT (124558.67460000142 485893.4706999995),POINT (4.940322554800662 52.36009022282657),4.940322554800662,52.36009022282657,1,1,2,1
5527,348087,20210056244,2021,Uitsluitend materiele schade,2,personenauto,bromfiets,Kop/staart,Rechte weg,Binnen,50.0,Niet brandend,Overig asfalt,Droog,Daglicht,Unknown,Nassaukade,amsterdam,POINT (120201.82999999821 486842.8370000012),POINT (4.876267674084931 52.368363747450786),4.876267674084931,52.36836374745079,1,1,2,1