,Unnamed: 0,accident_id,accident_year,outcome,num_parties,party1_type,party2_type,accident_nature,road_situation,built_up_area,speed_limit_kmh,street_lighting,road_surface,road_condition,light_condition,weather_condition,street_name,municipality,shape,geometry,longitude,latitude,cluster,future_hotspot_spatial,outcome_encoded,future_hotspot_pred
5610,353410,20210017322,2021,Uitsluitend materiele schade,2,fiets,personenauto,Onbekend,Unknown,Unknown,50.0,Unknown,Unknown,Unknown,Schemer,Unknown,Van Woustraat,amsterdam,POINT (122072.41600000113 484732.7329999991),POINT (4.9039388350045865 52.349514887406286),4.9039388350045865,52.349514887406286,1,1,2,1
5611,353420,20210006297,2021,Uitsluitend materiele schade,2,snorfiets,bestelauto,Frontaal,"Kruispunt, 3 takken",Binnen,30.0,Niet brandend,Klinkers,Droog,Daglicht,Droog,Baden Powellweg,amsterdam,POINT (114307.00800000131 485780.3033999987),POINT (4.789847604352332 52.35840941959532),4.789847604352332,52.35840941959532,1,1,2,1
5612,353476,20210010282,2021,Uitsluitend materiele schade,2,bromfiets,fiets,Flank,Bocht,Binnen,50.0,Niet brandend,Unknown,Droog,Daglicht,Droog,Stadhouderskade,amsterdam,POINT (120556.88199999928 486111.79399999976),POINT (4.881555543033918 52.361816032247795),4.881555543033918,52.3618160322478,1,1,2,1
5613,353500,20210017499,2021,Letsel,2,personenauto,bromfiets,Flank,Rotonde,Binnen,50.0,Niet brandend,Overig asfalt,Droog,Daglicht,Droog,Baden Powellweg,amsterdam,POINT (114159.28480000049 486266.2573999986),POINT (4.787620185960742 52.36276581529311),4.787620185960742,52.36276581529311,1,1,1,1
5614,353674,20210065665,2021,Uitsluitend materiele schade,1,bromfiets,unknown,Eenzijdig,Rechte weg,Binnen,50.0,Brandend,Overig asfalt,Droog,Duisternis,Droog,Meeuwenlaan,amsterdam,POINT (122512.07490000129 488464.5346000008),POINT (4.910030731202241 52.38307995520147),4.910030731202241,52.38307995520147,1,1,2,1
5615,353705,20210061513,2021,Uitsluitend materiele schade,2,fiets,personenauto,Onbekend,"Kruispunt, 3 takken",Binnen,50.0,Niet brandend,Overig asfalt,Droog,Daglicht,Droog,Azaleastraat,amsterdam,POINT (122806.8136 489893.9294000007),POINT (4.914222600329417 52.395943693602455),4.914222600329417,52.395943693602455,1,1,2,1
5616,353739,20210062870,2021,Uitsluitend materiele schade,1,bromfiets,unknown,Onbekend,"Kruispunt, 4 takken",Binnen,50.0,Brandend,Overig asfalt,Droog,Schemer,Droog,0137 BRUG,amsterdam,POINT (120881 485308),POINT (4.886395178155366 52.35461231387614),4.886395178155366,52.35461231387614,1,1,2,1
5617,353775,20210035484,2021,Uitsluitend materiele schade,2,bestelauto,bromfiets,Flank,"Kruispunt, 3 takken",Binnen,50.0,Niet brandend,ZOAB,Nat,Daglicht,Droog,Den Brielstraat,amsterdam,POINT (119009.5362999998 488714.51410000026),POINT (4.858561629282988 52.385108127704484),4.858561629282988,52.38510812770448,1,1,2,1
5618,353862,20210066135,2021,Uitsluitend materiele schade,2,personenauto,fiets,Onbekend,Rotonde,Binnen,30.0,Brandend,Overig asfalt,Nat,Duisternis,Regen,Jan Tooropstraat,amsterdam,POINT (117541.6548999995 486995.7435999997),POINT (4.837193323345367 52.36956295951539),4.837193323345367,52.36956295951539,1,1,2,1
5619,353950,20210048134,2021,Uitsluitend materiele schade,2,fiets,personenauto,Flank,Rechte weg,Binnen,50.0,Unknown,Overig asfalt,Droog,Daglicht,Droog,Osdorperweg,amsterdam,POINT (113201.24100000039 487424.6429999992),POINT (4.773411840867645 52.37310433250158),4.773411840867645,52.37310433250158,-1,0,2,0
5620,353958,20210068279,2021,Uitsluitend materiele schade,2,personenauto,fiets,Onbekend,"Kruispunt, 3 takken",Binnen,50.0,Brandend,Overig asfalt,Droog,Duisternis,Droog,J.S. Ruppertstraat,amsterdam,POINT (114791.85579999909 485011.11349999905),POINT (4.797056547717964 52.351532252269074),4.797056547717964,52.351532252269074,1,1,2,1
5621,353971,20210049480,2021,Uitsluitend materiele schade,1,fiets,unknown,Onbekend,Unknown,Unknown,50.0,Unknown,Unknown,Unknown,Daglicht,Unknown,Hobbemastraat,amsterdam,POINT (120684.94900000095 485903.05999999866),POINT (4.883456883134254 52.35994809197439),4.883456883134254,52.35994809197439,1,1,2,1
5622,354002,20210065515,2021,Uitsluitend materiele schade,2,fiets,personenauto,Flank,Rechte weg,Buiten,50.0,Niet brandend,ZOAB,Droog,Daglicht,Unknown,AMSTERDAM-SLOTEN 1,amsterdam,POINT (115967.53200000152 483458.0879999995),POINT (4.814491581909261 52.33765960293091),4.814491581909261,52.33765960293091,1,1,2,1
5623,354071,20210067167,2021,Uitsluitend materiele schade,2,fiets,fiets,Flank,Rechte weg,Binnen,50.0,Niet brandend,Klinkers,Droog,Daglicht,Unknown,Ceintuurbaan,amsterdam,POINT (122096.30999999866 485434.5489999987),POINT (4.904220872335501 52.35582377720521),4.904220872335501,52.35582377720521,1,1,2,1
5624,354074,20210068746,2021,Uitsluitend materiele schade,2,personenauto,fiets,Flank,"Kruispunt, 4 takken",Binnen,50.0,Niet brandend,Overig asfalt,Droog,Daglicht,Droog,Javaplein,amsterdam,POINT (124505.48389999941 486304.4781000018),POINT (4.939504464614072 52.36378114397026),4.939504464614072,52.36378114397026,1,1,2,1
5625,354088,20210042116,2021,Uitsluitend materiele schade,2,personenauto,fiets,Flank,Rechte weg,Binnen,50.0,Niet brandend,Klinkers,Nat,Daglicht,Regen,Jacob Tilstraat,amsterdam,POINT (115121.6873999983 487466.31010000035),POINT (4.801606181630078 52.37362163167255),4.801606181630078,52.37362163167255,1,1,2,1
5626,354092,20210051296,2021,Letsel,2,personenauto,snorfiets,Flank,"Kruispunt, 4 takken",Binnen,50.0,Niet brandend,Overig asfalt,Droog,Daglicht,Droog,Kinkerstraat,amsterdam,POINT (119922.47320000082 486717.26850000024),POINT (4.872179177494799 52.367217457266165),4.872179177494799,52.367217457266165,1,1,1,1
5627,354657,20210076683,2021,Uitsluitend materiele schade,2,bromfiets,personenauto,Flank,Rechte weg,Binnen,50.0,Brandend,Overig asfalt,Nat,Duisternis,Regen,Stadhouderskade,amsterdam,POINT (120556.88199999928 486111.79399999976),POINT (4.881555543033918 52.361816032247795),4.881555543033918,52.3618160322478,1,1,2,1
5628,354674,20220081348,2022,Uitsluitend materiele schade,2,motor,fiets,Kop/staart,"Kruispunt, 4 takken",Binnen,50.0,Niet brandend,Overig asfalt,Droog,Daglicht,Droog,Vechtstraat,amsterdam,POINT (122160.47980000079 484673.92969999835),POINT (4.905237007802977 52.34899167158135),4.905237007802977,52.34899167158135,1,1,2,1
5629,354741,20220016693,2022,Uitsluitend materiele schade,1,snorfiets,unknown,Frontaal,Rechte weg,Binnen,50.0,Niet brandend,Klinkers,Droog,Daglicht,Droog,Kinkerstraat,amsterdam,POINT (119240.3740000017 486445.756000001),POINT (4.862193545917004 52.364733313922116),4.862193545917004,52.36473331392212,1,1,2,1
5630,354757,20220055234,2022,Uitsluitend materiele schade,1,fiets,unknown,Onbekend,Rechte weg,Binnen,30.0,Brandend,Klinkers,Droog,Duisternis,Droog,Leidseplein,amsterdam,POINT (120519.15199999884 486271.26099999994),POINT (4.8809853102150775 52.36324684232058),4.8809853102150775,52.36324684232058,1,1,2,1
5631,354833,20220035906,2022,Uitsluitend materiele schade,2,fiets,bromfiets,Frontaal,Bocht,Binnen,50.0,Brandend,Overig asfalt,Droog,Duisternis,Droog,Oostoever,amsterdam,POINT (116861.52400000021 486604.4050000012),POINT (4.827251627201176 52.365999100448974),4.827251627201176,52.365999100448974,1,1,2,1
5632,354866,20220035942,2022,Uitsluitend materiele schade,2,personenauto,bromfiets,Flank,"Kruispunt, 4 takken",Binnen,50.0,Niet brandend,ZOAB,Droog,Daglicht,Droog,Waalstraat,amsterdam,POINT (121857.14169999957 484174.5403999984),POINT (4.900834415132555 52.34448527584073),4.900834415132555,52.34448527584073,1,1,2,1
5633,354902,20220055528,2022,Uitsluitend materiele schade,2,personenauto,fiets,Flank,"Kruispunt, 3 takken",Binnen,30.0,Brandend,Overig asfalt,Droog,Duisternis,Droog,Spuistraat,amsterdam,POINT (121449.07470000163 487838.39770000055),POINT (4.894480751021963 52.37738875225135),4.894480751021963,52.37738875225135,1,1,2,1
5634,354920,20220055196,2022,Uitsluitend materiele schade,2,bestelauto,fiets,Flank,"Kruispunt, 3 takken",Binnen,50.0,Niet brandend,Overig asfalt,Droog,Daglicht,Droog,Vrije Geer,amsterdam,POINT (114904.94999999925 484123.30590000004),POINT (4.7988221596458995 52.34356159200334),4.7988221596459,52.34356159200334,1,1,2,1
5635,354921,20220055606,2022,Uitsluitend materiele schade,3,snorfiets,fiets,Onbekend,Rechte weg,Binnen,30.0,Niet brandend,Overig asfalt,Droog,Daglicht,Droog,Noordzijde,amsterdam,POINT (116400.59600000083 487422.16699999943),POINT (4.820390651540703 52.373316299551135),4.820390651540703,52.373316299551135,1,1,2,1
5636,354991,20220054587,2022,Uitsluitend materiele schade,2,bromfiets,unknown,Flank,"Kruispunt, 4 takken",Binnen,50.0,Niet brandend,Overig asfalt,Droog,Daglicht,Droog,C Groothandelsmarkt,amsterdam,POINT (119603.09299999848 487684.8590000011),POINT (4.867388170808556 52.37589295769669),4.867388170808556,52.37589295769669,1,1,2,1
5637,355020,20220054683,2022,Letsel,2,bromfiets,overig vast object,Vast voorwerp,"Kruispunt, 3 takken",Binnen,50.0,Niet brandend,Klinkers,Droog,Daglicht,Droog,De Boelelaan,amsterdam,POINT (120732.28909999877 483100.89350000024),POINT (4.884437135147512 52.334767060502635),4.884437135147512,52.33476706050264,1,1,1,1
5638,355036,20220102160,2022,Uitsluitend materiele schade,2,personenauto,bromfiets,Flank,Rechte weg,Binnen,50.0,Niet brandend,Overig asfalt,Droog,Daglicht,Droog,Javastraat,amsterdam,POINT (124327.20600000024 486302.7509999983),POINT (4.9368873440978085 52.363755695889736),4.9368873440978085,52.363755695889736,1,1,2,1
5639,355037,20220102524,2022,Uitsluitend materiele schade,2,fiets,e-bike,Flank,"Kruispunt, 4 takken",Binnen,50.0,Niet aanwezig,Overig asfalt,Droog,Daglicht,Droog,Minervaplein,amsterdam,POINT (119915.25800000131 484444.1640000008),POINT (4.872310334831201 52.346787933569175),4.872310334831201,52.346787933569175,1,1,2,1
5640,355038,20220103087,2022,Uitsluitend materiele schade,2,snorfiets,bromfiets,Onbekend,Rechte weg,Binnen,50.0,Niet brandend,Overig asfalt,Droog,Daglicht,Droog,Kinkerstraat,amsterdam,POINT (119884.55999999866 486699.5249999985),POINT (4.871624392532492 52.36705556878384),4.871624392532492,52.36705556878384,1,1,2,1
5641,355081,20220054852,2022,Letsel,2,bromfiets,fiets,Frontaal,Rechte weg,Binnen,30.0,Brandend,Klinkers,Droog,Duisternis,Droog,Eerste Oosterparkstraat,amsterdam,POINT (122668.62900000066 485541.2320000008),POINT (4.912611238950817 52.356816550923185),4.912611238950817,52.35681655092319,1,1,1,1
5642,355538,20230039649,2023,Uitsluitend materiele schade,2,bromfiets,bestelauto,Onbekend,Unknown,Unknown,30.0,Unknown,Unknown,Unknown,Daglicht,Unknown,Spuistraat,amsterdam,POINT (121092.9690000005 487167.01300000027),POINT (4.889318963953866 52.371332952024716),4.889318963953866,52.37133295202472,1,1,2,1
5643,355563,20230003938,2023,Uitsluitend materiele schade,3,personenauto,fiets,Onbekend,"Kruispunt, 4 takken",Binnen,30.0,Niet brandend,Overig asfalt,Droog,Daglicht,Droog,Lodewijk van Deysselstr,amsterdam,POINT (116343.72459999844 487842.0549999997),POINT (4.819507261176482 52.377085916058356),4.819507261176482,52.37708591605836,1,1,2,1
5644,355607,20230004499,2023,Letsel,2,unknown,fiets,Eenzijdig,Rechte weg,Binnen,50.0,Niet brandend,Overig asfalt,Droog,Daglicht,Droog,1e C Huygensstr,amsterdam,POINT (120170.76949999854 486123.3929999992),POINT (4.875886159023424 52.361895929976036),4.875886159023424,52.36189592997604,1,1,1,1
5645,355639,20230111269,2023,Letsel,2,personenauto,fiets,Onbekend,Unknown,Unknown,30.0,Unknown,Unknown,Unknown,Duisternis,Unknown,Stadhouderskade,amsterdam,POINT (120686.50899999961 486094.26300000027),POINT (4.883460274946317 52.3616665884978),4.883460274946317,52.3616665884978,1,1,1,1
5646,355900,20210037624,2021,Letsel,2,vrachtauto,bromfiets,Kop/staart,Rechte weg,Binnen,30.0,Niet brandend,Overig asfalt,Droog,Daglicht,Droog,Stadhouderskade,amsterdam,POINT (120556.88199999928 486111.79399999976),POINT (4.881555543033918 52.361816032247795),4.881555543033918,52.3618160322478,1,1,1,1
5647,355950,20230004215,2023,Letsel,2,personenauto,bromfiets,Flank,Rotonde,Binnen,50.0,Brandend,Overig asfalt,Nat,Duisternis,Droog,Bijlmerdreef,amsterdam,POINT (126471.19849999994 481496.9567999989),POINT (4.968770387360563 52.3206795275601),4.968770387360563,52.3206795275601,0,1,1,1
5648,356182,20220177360,2022,Letsel,1,bromfiets,unknown,Eenzijdig,Rechte weg,Buiten,50.0,Brandend,ZOAB,Droog,Daglicht,Droog,Holterbergweg,amsterdam,POINT (124323.98099999875 480402.1009999998),POINT (4.937377538321796 52.3107240086024),4.937377538321796,52.3107240086024,0,1,1,1
5649,356183,20220177991,2022,Uitsluitend materiele schade,1,bromfiets,unknown,Voetganger,Rechte weg,Binnen,50.0,Niet brandend,Klinkers,Droog,Daglicht,Droog,Wijttenbachstraat,amsterdam,POINT (123481.61499999836 485865.2190000005),POINT (4.924514344843924 52.359775576699334),4.924514344843924,52.35977557669933,1,1,2,1
5650,356208,20220177087,2022,Uitsluitend materiele schade,2,snorfiets,bestelauto,Flank,"Kruispunt, 3 takken",Binnen,50.0,Niet aanwezig,Klinkers,Droog,Daglicht,Droog,Keizersgracht,amsterdam,POINT (120844.86190000176 487619.27320000157),POINT (4.885629972277195 52.37538216678106),4.885629972277195,52.37538216678106,1,1,2,1
5651,356227,20220177460,2022,Uitsluitend materiele schade,2,bromfiets,fiets,Flank,Rechte weg,Binnen,Unknown,Niet brandend,Overig asfalt,Droog,Daglicht,Droog,Holendrechtplein,amsterdam,POINT (126152.36600000039 479126.7529999986),POINT (4.964296933759865 52.2993607492905),4.964296933759865,52.2993607492905,0,1,2,1
5652,356228,20220177463,2022,Uitsluitend materiele schade,1,bromfiets,unknown,Onbekend,Rechte weg,Binnen,50.0,Niet brandend,Unknown,Droog,Daglicht,Droog,Ferdinand Bolstraat,amsterdam,POINT (121219.59200000018 484929.9219999984),POINT (4.891402915318194 52.35123532593569),4.891402915318194,52.35123532593569,1,1,2,1
5653,356339,20220123594,2022,Uitsluitend materiele schade,2,bromfiets,personenauto,Kop/staart,"Kruispunt, 4 takken",Binnen,Unknown,Niet brandend,Overig asfalt,Droog,Daglicht,Droog,Nassaukade,amsterdam,POINT (120123.51319999993 487487.6658000015),POINT (4.87505089622948 52.374154032365695),4.87505089622948,52.374154032365695,1,1,2,1
5654,356340,20220123603,2022,Letsel,2,fiets,fiets,Flank,Rechte weg,Binnen,30.0,Niet brandend,Overig asfalt,Droog,Daglicht,Droog,Weteringschans,amsterdam,POINT (120791.8440000005 486125.0089999996),POINT (4.885003475602133 52.361949481826684),4.885003475602133,52.36194948182669,1,1,1,1
5655,356367,20220142468,2022,Letsel,2,bromfiets,personenauto,Kop/staart,Rechte weg,Binnen,50.0,Niet brandend,Overig asfalt,Droog,Daglicht,Droog,Overtoom,amsterdam,POINT (119821.79600000009 486094.8020000011),POINT (4.870766166693942 52.361616736757576),4.870766166693942,52.361616736757576,1,1,1,1
5656,356488,20220124029,2022,Uitsluitend materiele schade,1,bromfiets,unknown,Eenzijdig,Rechte weg,Binnen,50.0,Niet aanwezig,Klinkers,Nat,Daglicht,Regen,Pretoriusstraat,amsterdam,POINT (123505.4840000011 485412.38699999824),POINT (4.924907129250111 52.35570718506245),4.924907129250111,52.35570718506245,1,1,2,1
5657,356496,20220141361,2022,Uitsluitend materiele schade,2,bestelauto,snorfiets,Onbekend,"Kruispunt, 3 takken",Binnen,Unknown,Niet brandend,Overig asfalt,Droog,Daglicht,Unknown,Pieter Calandlaan,amsterdam,POINT (115100.05970000103 485087.22679999843),POINT (4.801570900505677 52.3522387666107),4.801570900505677,52.3522387666107,1,1,2,1
5658,356531,20220155594,2022,Uitsluitend materiele schade,2,personenauto,e-bike,Flank,"Kruispunt, 4 takken",Binnen,50.0,Niet brandend,Overig asfalt,Droog,Daglicht,Droog,Haarlemmerweg,amsterdam,POINT (118275.66910000145 488707.5166000016),POINT (4.847783504504281 52.38499663336757),4.847783504504281,52.38499663336757,1,1,2,1
5659,356547,20220124106,2022,Letsel,1,fiets,unknown,Eenzijdig,Rechte weg,Buiten,30.0,Niet brandend,Unknown,Droog,Daglicht,Droog,Gooilandseweg,amsterdam,POINT (131017.51399999857 479445.6939999983),POINT (5.035596050698237 52.302460754592865),5.035596050698237,52.30246075459287,-1,0,1,0
5660,356554,20220141516,2022,Uitsluitend materiele schade,2,personenauto,fiets,Onbekend,"Kruispunt, 4 takken",Binnen,50.0,Niet aanwezig,Beton,Droog,Daglicht,Droog,Van Baerlestraat,amsterdam,POINT (120339.6409999989 485706.6499999985),POINT (4.878408168096689 52.35816121806268),4.878408168096689,52.35816121806268,1,1,2,1
5661,356560,20220155607,2022,Uitsluitend materiele schade,1,bromfiets,unknown,Eenzijdig,Rechte weg,Binnen,30.0,Niet brandend,Klinkers,Nat,Daglicht,Unknown,Bijlmerplein,amsterdam,POINT (125439.93600000069 480850.08300000057),POINT (4.953701929931079 52.31481132178428),4.953701929931079,52.31481132178428,0,1,2,1
5662,356594,20220155673,2022,Letsel,1,fiets,unknown,Eenzijdig,Rechte weg,Binnen,30.0,Niet brandend,ZOAB,Droog,Daglicht,Droog,Oostenburgergracht,amsterdam,POINT (123357.20100000128 486847.0150000006),POINT (4.9225956158212805 52.36859215708657),4.9225956158212805,52.36859215708657,1,1,1,1
5663,356638,20220124219,2022,Uitsluitend materiele schade,2,personenauto,fiets,Flank,Rechte weg,Binnen,30.0,Brandend,Klinkers,Droog,Duisternis,Droog,Herengracht,amsterdam,POINT (121084.27699999884 486573.2199999988),POINT (4.889251242644987 52.36599582300692),4.889251242644987,52.36599582300692,1,1,2,1
5664,356688,20230059440,2023,Uitsluitend materiele schade,2,bromfiets,personenauto,Flank,"Kruispunt, 4 takken",Binnen,50.0,Brandend,Overig asfalt,Droog,Duisternis,Droog,Beukenweg,amsterdam,POINT (123079.316300001 485490.1121000014),POINT (4.91864438467426 52.35638113326578),4.91864438467426,52.35638113326578,1,1,2,1
5665,356719,20230059909,2023,Letsel,2,bromfiets,personenauto,Flank,Rechte weg,Binnen,50.0,Niet brandend,Overig asfalt,Droog,Daglicht,Droog,Surinameplein,amsterdam,POINT (118500.40399999917 485668.7820000015),POINT (4.851414335004317 52.3577017689792),4.851414335004317,52.3577017689792,1,1,1,1
5666,356762,20230050736,2023,Uitsluitend materiele schade,2,bromfiets,personenauto,Kop/staart,Rechte weg,Binnen,30.0,Niet brandend,Overig asfalt,Droog,Daglicht,Droog,Pikoletstraat,amsterdam,POINT (125947.72700000182 480982.7580000013),POINT (4.961137118258341 52.316030785894995),4.961137118258341,52.316030785895,0,1,2,1
5667,356825,20230048617,2023,Letsel,2,motor,fiets,Flank,Rechte weg,Binnen,30.0,Niet brandend,Overig asfalt,Droog,Daglicht,Droog,Koninginneweg,amsterdam,POINT (119421.19200000167 485214.0639999993),POINT (4.864978441660085 52.353675491079166),4.864978441660085,52.353675491079166,1,1,1,1
5668,356834,20230059240,2023,Uitsluitend materiele schade,2,personenauto,fiets,Flank,Rechte weg,Binnen,30.0,Niet brandend,Beton,Droog,Daglicht,Droog,Roetersstraat,amsterdam,POINT (122543.72599999979 486278.01900000125),POINT (4.91070674421068 52.36343093642524),4.91070674421068,52.36343093642524,1,1,2,1
5669,356837,20230040403,2023,Letsel,1,fiets,unknown,Eenzijdig,Rechte weg,Binnen,30.0,Niet brandend,Unknown,Droog,Daglicht,Droog,Bilderdijkpark,amsterdam,POINT (119739.03400000185 487181.2879999988),POINT (4.869437267525976 52.371375979587825),4.869437267525976,52.37137597958783,1,1,1,1
5670,356851,20230059301,2023,Letsel,2,bromfiets,overig wegmeubilair,Vast voorwerp,"Kruispunt, 4 takken",Binnen,50.0,Brandend,Overig asfalt,Nat,Duisternis,Droog,Galileïplantsoen,amsterdam,POINT (124342.17080000043 485004.27760000154),POINT (4.937225386057218 52.35208667813264),4.937225386057218,52.35208667813264,1,1,1,1
5671,356884,20230059769,2023,Uitsluitend materiele schade,2,bromfiets,fiets,Kop/staart,Rechte weg,Binnen,50.0,Niet brandend,ZOAB,Droog,Daglicht,Droog,De Ruijterkade,amsterdam,POINT (122488.94399999827 487872.68200000003),POINT (4.909748273644716 52.3777594320788),4.909748273644716,52.3777594320788,1,1,2,1
5672,356940,20230049374,2023,Uitsluitend materiele schade,3,personenauto,bromfiets,Geparkeerd voertuig,Rechte weg,Binnen,30.0,Niet brandend,Klinkers,Droog,Daglicht,Droog,Keizersgracht,amsterdam,POINT (120776.9609999992 487370.6719999984),POINT (4.884658187373517 52.37314369070748),4.884658187373517,52.37314369070748,1,1,2,1
5673,356988,20230039549,2023,Letsel,1,fiets,unknown,Eenzijdig,Bocht,Binnen,Unknown,Niet brandend,ZOAB,Droog,Daglicht,Droog,Weteringschans,amsterdam,POINT (120914.3909999989 486054.6279999986),POINT (4.886809623000567 52.361324564275286),4.886809623000567,52.361324564275286,1,1,1,1
5674,357024,20220212203,2022,Uitsluitend materiele schade,2,personenauto,bromfiets,Frontaal,"Kruispunt, 4 takken",Binnen,50.0,Brandend,Overig asfalt,Droog,Duisternis,Droog,Johan Huizingalaan,amsterdam,POINT (116858 484480),POINT (4.8274407777839246 52.34690631122393),4.8274407777839246,52.34690631122393,1,1,2,1
5675,357052,20220210943,2022,Letsel,2,fiets,fiets,Frontaal,Rechte weg,Binnen,50.0,Brandend,ZOAB,Droog,Duisternis,Droog,Overtoom,amsterdam,POINT (119874.82200000063 486106.3209999986),POINT (4.871543388270828 52.36172365456619),4.871543388270828,52.36172365456619,1,1,1,1
5676,357088,20220211635,2022,Uitsluitend materiele schade,2,personenauto,snorfiets,Onbekend,Unknown,Unknown,50.0,Unknown,Unknown,Unknown,Daglicht,Unknown,Ookmeerweg,amsterdam,POINT (115263.78400000185 486642.58900000155),POINT (4.803790088663315 52.36622899595597),4.803790088663315,52.36622899595597,1,1,2,1
5677,357180,20220210100,2022,Letsel,2,personenauto,fiets,Kop/staart,Rechte weg,Binnen,30.0,Brandend,Overig asfalt,Droog,Duisternis,Droog,Spuistraat,amsterdam,POINT (121185.6799999997 487542.34800000116),POINT (4.890642506475638 52.37471191208126),4.890642506475638,52.37471191208126,1,1,1,1
5678,357279,20220210469,2022,Uitsluitend materiele schade,2,personenauto,fiets,Flank,Rechte weg,Binnen,50.0,Niet brandend,Overig asfalt,Droog,Daglicht,Droog,De Savornin Lohmanstraat,amsterdam,POINT (115025.07600000128 487658.65300000086),POINT (4.80016467090745 52.37534322625748),4.80016467090745,52.37534322625748,1,1,2,1
5679,357461,20220210689,2022,Uitsluitend materiele schade,1,fiets,unknown,Flank,"Kruispunt, 4 takken",Binnen,Unknown,Brandend,Overig asfalt,Droog,Duisternis,Droog,Eef Kamerbeekstraat,amsterdam,POINT (126091.33779999986 487385.7470000014),POINT (4.962693291360915 52.37358465560573),4.962693291360915,52.37358465560573,1,1,2,1
5680,357530,20220210768,2022,Uitsluitend materiele schade,2,snorfiets,bestelauto,Geparkeerd voertuig,Rechte weg,Binnen,50.0,Niet aanwezig,Klinkers,Droog,Daglicht,Droog,Singel,amsterdam,POINT (121042.70699999854 487150.2589999996),POINT (4.888582644221955 52.37117927335662),4.888582644221955,52.37117927335662,1,1,2,1
5681,357531,20220211446,2022,Letsel,2,motor,fiets,Flank,"Kruispunt, 3 takken",Binnen,50.0,Brandend,Overig asfalt,Nat,Duisternis,Droog,Kanaalstraat,amsterdam,POINT (119250.33740000054 486134.7344999984),POINT (4.862372885443526 52.36193872733447),4.862372885443526,52.36193872733447,1,1,1,1
5682,357532,20220212148,2022,Uitsluitend materiele schade,2,personenauto,fiets,Flank,"Kruispunt, 4 takken",Binnen,50.0,Niet brandend,Overig asfalt,Droog,Daglicht,Droog,Amsteldijk,amsterdam,POINT (122599.85909999907 484454.76669999957),POINT (4.911706416836714 52.347048057256586),4.911706416836714,52.347048057256586,1,1,2,1
5683,357989,20230023090,2023,Uitsluitend materiele schade,2,bromfiets,bromfiets,Onbekend,"Kruispunt, 4 takken",Binnen,30.0,Niet brandend,ZOAB,Droog,Daglicht,Droog,Brederodestraat,amsterdam,POINT (119418.75609999895 486074.2413999997),POINT (4.864851697791748 52.361405994125576),4.864851697791748,52.361405994125576,1,1,2,1
5684,358000,20230066907,2023,Letsel,2,bromfiets,voetganger,Voetganger,Rechte weg,Binnen,30.0,Niet brandend,Klinkers,Droog,Daglicht,Droog,Prinsengracht,amsterdam,POINT (120737.03599999845 487623.7179999985),POINT (4.884046134778392 52.37541539580356),4.884046134778392,52.37541539580356,1,1,1,1
5685,358053,20230020944,2023,Letsel,3,personenauto,fiets,Onbekend,Rechte weg,Binnen,50.0,Brandend,Overig asfalt,Droog,Duisternis,Droog,Stadhouderskade,amsterdam,POINT (120686.35399999842 486088.743999999),POINT (4.883458562656379 52.36161697790491),4.883458562656379,52.36161697790491,1,1,1,1
5686,358126,20230067963,2023,Letsel,2,personenauto,bromfiets,Flank,Rotonde,Binnen,50.0,Niet brandend,Overig asfalt,Nat,Daglicht,Regen,Rijnsburgstraat,amsterdam,POINT (118157.56320000067 484475.4565999992),POINT (4.846512545176255 52.346954141390256),4.846512545176255,52.346954141390256,1,1,1,1
5687,358135,20230020493,2023,Uitsluitend materiele schade,2,bromfiets,lichtmast,Vast voorwerp,Rechte weg,Binnen,50.0,Brandend,Overig asfalt,Nat,Duisternis,Droog,Waddenweg,amsterdam,POINT (123526.56399999931 489337.73600000143),POINT (4.924848966076593 52.390986775030136),4.924848966076593,52.390986775030136,1,1,2,1
5688,358198,20230036393,2023,Letsel,3,fiets,personenauto,Flank,"Kruispunt, 4 takken",Binnen,50.0,Niet brandend,Overig asfalt,Droog,Daglicht,Droog,Amstelveenseweg,amsterdam,POINT (118924.43389999866 483804.6385000013),POINT (4.857838405180962 52.3409761738548),4.857838405180962,52.3409761738548,1,1,1,1
5689,358290,20230024071,2023,Letsel,2,personenauto,fiets,Flank,"Kruispunt, 4 takken",Binnen,50.0,Niet brandend,Overig asfalt,Droog,Daglicht,Droog,Buitenveldertselaan,amsterdam,POINT (119688.27459999919 483132.5760000013),POINT (4.869116891992103 52.334985732726835),4.869116891992103,52.33498573272684,1,1,1,1
5690,358393,20230020805,2023,Uitsluitend materiele schade,2,bromfiets,personenauto,Flank,"Kruispunt, 3 takken",Binnen,50.0,Niet brandend,Overig asfalt,Droog,Daglicht,Droog,TORONTOBRUG 0350,amsterdam,POINT (122075.32770000026 485756.7972000018),POINT (4.90388134824263 52.358718671346416),4.90388134824263,52.358718671346416,1,1,2,1
5691,358408,20230078317,2023,Uitsluitend materiele schade,3,snorfiets,fiets,Onbekend,"Kruispunt, 4 takken",Binnen,50.0,Niet brandend,Overig asfalt,Droog,Daglicht,Droog,Olympiaplein,amsterdam,POINT (119542.8658999987 484827.82919999957),POINT (4.866805002904878 52.35021214903571),4.866805002904878,52.35021214903571,1,1,2,1
5692,358425,20230098027,2023,Uitsluitend materiele schade,2,fiets,personenauto,Flank,Rechte weg,Binnen,50.0,Brandend,Klinkers,Droog,Duisternis,Droog,Dammerweg,amsterdam,POINT (133344.3359999992 477516.26900000125),POINT (5.069832920621016 52.285216350102665),5.069832920621016,52.285216350102665,-1,0,2,0